α線	アルファセン
β線	ベータセン
γ線	ガンマセン
〆切	シメキリ
〆切り	シメキリ
〆切日	シメキリビ
〆日	シメビ
〆縄	シメナワ
あいうえお順	アイウエオジュン
あいさつ回り	アイサツマワリ
あいの子	アイノコ
あいの手	アイノテ
あい昧	アイマイ
あい路	アイロ
あえぎ声	アエギゴエ
あえ物	アエモノ
あおり立てる	アオリタテル
あおり運転	アオリウンテン
あお向け	アオムケ
あかね色	アカネイロ
あか抜け	アカヌケ
あか抜ける	アカヌケル
あきらめ顔	アキラメガオ
あきれ返る	アキレカエル
あきれ顔	アキレガオ
あき地	アキチ
あき家	アキヤ
あき缶	アキカン
あくる日	アクルヒ
あく抜き	アクヌキ
あく抜け	アクヌケ
あけ渡す	アケワタス
あげ物	アゲモノ
あこう鯛	アコウダイ
あご骨	アゴボネ
あし毛	アシゲ
あし笛	アシブエ
あずかり知る	アズカリシル
あずき色	アズキイロ
あずま屋	アズマヤ
あぜ道	アゼミチ
あそばせ言葉	アソバセコトバ
あそび女	アソビメ
あたし達	アタシタチ
あたり散らす	アタリチラス
あたり鉢	アタリバチ
あだ名	アダナ
あだ情け	アダナサケ
あだ花	アダバナ
あだ討ち	アダウチ
あっせん料	アッセンリョウ
あっち向いてほい	アッチムイテホイ
あっち向いてホイ	アッチムイテホイ
あっ旋	アッセン
あっ気	アッケ
あつらえ向き	アツラエムキ
あて先	アテサキ
あて名	アテナ
あて外れ	アテハズレ
あて字	アテジ
あで姿	アデスガタ
あと口	アトクチ
あと味	アトアジ
あなた任せ	アナタマカセ
あの世	アノヨ
あばき立てる	アバキタテル
あばずれ女	アバズレオンナ
あばら家	アバラヤ
あばら屋	アバラヤ
あばら筋	アバラキン
あふれ出す	アフレダス
あふれ出る	アフレデル
あふれ返る	アフレカエル
あぶく銭	アブクゼニ
あぶみ骨	アブミコツ
あぶらとり紙	アブラトリガミ
あぶら汗	アブラアセ
あぶら身	アブラミ
あぶり出し	アブリダシ
あぶり出す	アブリダス
あぶれ者	アブレモノ
あほ毛	アホゲ
あま味	アマミ
あみ出す	アミダス
あめ煮	アメニ
あめ玉	アメダマ
あめ細工	アメザイク
あめ色	アメイロ
あやかり者	アヤカリモノ
あやつり人形	アヤツリニンギョウ
あや取り	アヤトリ
あや糸	アヤイト
あや織り	アヤオリ
あら挽き	アラビキ
あら捜し	アラサガシ
あら探し	アラサガシ
あら煮	アラニ
あら熱	アラネツ
あら筋	アラスジ
ありがた涙	アリガタナミダ
ありがた迷惑	アリガタメイワク
あり付く	アリツク
あり余る	アリアマル
あり合せ	アリアワセ
あり合わせ	アリアワセ
あり合わせる	アリアワセル
あり塚	アリヅカ
あり方	アリカタ
あり金	アリガネ
あわせ技	アワセワザ
あわせ持つ	アワセモツ
あわせ酢	アワセズ
あわせ鏡	アワセカガミ
あわて者	アワテモノ
あわび結び	アワビムスビ
あわ立つ	アワダツ
あんころ餅	アンコロモチ
あん分	アンブン
あん摩	アンマ
あん肝	アンキモ
あん馬	アンバ
あ段	アダン
あ然	アゼン
あ行	アギョウ
いい切る	イイキル
いい加減	イイカゲン
いい古す	イイフルス
いい含める	イイフクメル
いい聞かす	イイキカス
いい返す	イイカエス
いかさま師	イカサマシ
いかり肩	イカリガタ
いか墨	イカスミ
いか物	イカモノ
いがぐり頭	イガグリアタマ
いがみ合い	イガミアイ
いきり勃つ	イキリタツ
いきり立つ	イキリタツ
いき値	イキチ
いけ図図しい	イケズウズウシイ
いけ込む	イケコム
いさぎ良い	イサギヨイ
いさり火	イサリビ
いざという時	イザトイウトキ
いじくり回す	イジクリマワス
いじめっ子	イジメッコ
いじり回す	イジリマワス
いず方	イズカタ
いせ込み	イセコミ
いたずらっ子	イタズラッコ
いたずら好き	イタズラズキ
いたずら心	イタズラゴコロ
いたずら書き	イタズラガキ
いただき物	イタダキモノ
いたちの最後っ屁	イタチノサイゴッペ
いたみ悲しむ	イタミカナシム
いため煮	イタメニ
いため物	イタメモノ
いたる所	イタルトコロ
いた電	イタデン
いちご大福	イチゴダイフク
いちご煮	イチゴニ
いちご畑	イチゴバタケ
いち押し	イチオシ
いち早く	イチハヤク
いっかくじゅう座	イッカクジュウザ
いっ血	イッケツ
いつ頃	イツゴロ
いて座	イテザ
いで湯	イデユ
いで立ち	イデタチ
いで立つ	イデタツ
いとこ煮	イトコニ
いとし子	イトシゴ
いなり寿司	イナリズシ
いぬ年	イヌドシ
いの一番	イノイチバン
いびり出す	イビリダス
いぶし出す	イブシダス
いぶし銀	イブシギン
いぶり出す	イブリダス
いぼ痔	イボジ
いもち病	イモチビョウ
いも焼酎	イモジョウチュウ
いも虫	イモムシ
いやしん坊	イヤシンボウ
いや味	イヤミ
いや増す	イヤマス
いや応	イヤオウ
いら立たしい	イラダタシイ
いら立ち	イラダチ
いら立つ	イラダツ
いり卵	イリタマゴ
いり煮	イリニ
いるか座	イルカザ
いろは楓	イロハカエデ
いろは歌	イロハウタ
いろは順	イロハジュン
いろり端	イロリバタ
いわし雲	イワシグモ
いんげん豆	インゲンマメ
いん石	インセキ
い文字	イモジ
い段	イダン
い草	イグサ
うおの目	ウオノメ
うお座	ウオザ
うかがい知る	ウカガイシル
うかび上がる	ウカビアガル
うかび出る	ウカビデル
うがい薬	ウガイグスリ
うき上がる	ウキアガル
うき目	ウキメ
うき身	ウキミ
うぐいす嬢	ウグイスジョウ
うぐいす色	ウグイスイロ
うぐいす菜	ウグイスナ
うぐいす餅	ウグイスモチ
うけ取る	ウケトル
うさぎ座	ウサギザ
うさぎ跳び	ウサギトビ
うしお煮	ウシオニ
うしかい座	ウシカイザ
うしろ側	ウシロガワ
うしろ姿	ウシロスガタ
うしろ手	ウシロデ
うしろ足	ウシロアシ
うじ虫	ウジムシ
うすくち醤油	ウスクチショウユ
うすめ液	ウスメエキ
うすら笑い	ウスラワライ
うす口	ウスクチ
うす明るい	ウスアカルイ
うす暗い	ウスグライ
うす目	ウスメ
うす緑	ウスミドリ
うす闇	ウスヤミ
うずみ火	ウズミビ
うずら卵	ウズラタマゴ
うずら豆	ウズラマメ
うず巻く	ウズマク
うず高い	ウズタカイ
うず高く	ウズタカク
うせ物	ウセモノ
うそ偽り	ウソイツワリ
うそ字	ウソジ
うそ泣き	ウソナキ
うたい出す	ウタイダス
うたい文句	ウタイモンク
うたぐり深い	ウタグリブカイ
うたた寝	ウタタネ
うだつが上がらない	ウダツガアガラナイ
うち合わせ	ウチアワセ
うち捨てる	ウチステル
うち破る	ウチヤブル
うち粉	ウチコ
うち続く	ウチツヅク
うち解ける	ウチトケル
うち連れる	ウチツレル
うち鳴らす	ウチナラス
うっ憤	ウップン
うっ滞	ウッタイ
うっ積	ウッセキ
うっ血	ウッケツ
うつけ者	ウツケモノ
うつし世	ウツシヨ
うつし出す	ウツシダス
うつし身	ウツシミ
うつぶせ寝	ウツブセネ
うつり変わる	ウツリカワル
うつ伏す	ウツブス
うつ伏せ	ウツブセ
うつ伏せる	ウツブセル
うつ伏せ寝	ウツブセネ
うつ向き	ウツムキ
うつ向く	ウツムク
うつ状態	ウツジョウタイ
うつ病	ウツビョウ
うどん粉	ウドンコ
うなぎ上り	ウナギノボリ
うなぎ屋	ウナギヤ
うなぎ昇り	ウナギノボリ
うなぎ登り	ウナギノボリ
うなぎ鍋	ウナギナベ
うなぎ飯	ウナギメシ
うなり声	ウナリゴエ
うな垂れる	ウナダレル
うな重	ウナジュウ
うの花	ウノハナ
うぶ声	ウブゴエ
うぶ毛	ウブゲ
うまれ変わり	ウマレカワリ
うま味	ウマミ
うま煮	ウマニ
うま辛	ウマカラ
うみへび座	ウミヘビザ
うみ出す	ウミダス
うめき声	ウメキゴエ
うもれ木	ウモレギ
うら側	ウラガワ
うら恥ずかしい	ウラハズカシイ
うら悲しい	ウラガナシイ
うら枯れ	ウラガレ
うら枯れる	ウラガレル
うら盆	ウラボン
うら若い	ウラワカイ
うりざね顔	ウリザネガオ
うり二つ	ウリフタツ
うるう年	ウルウドシ
うるさ型	ウルサガタ
うるち米	ウルチマイ
うる覚え	ウルオボエ
うれし泣き	ウレシナキ
うれし涙	ウレシナミダ
うろこ形	ウロコガタ
うろこ雲	ウロコグモ
うろ憶え	ウロオボエ
うろ抜く	ウロヌク
うろ覚え	ウロオボエ
うわさ話	ウワサバナシ
うわの空	ウワノソラ
うわ薬	ウワグスリ
うわ言	ウワゴト
うん蓄	ウンチク
う回	ウカイ
う歯	ウシ
う段	ウダン
う蝕	ウショク
う鍋	ウナベ
えい航	エイコウ
えぐり出す	エグリダス
えぐり取る	エグリトル
えぐ味	エグミ
えさ場	エサバ
えびす講	エビスコウ
えびす顔	エビスガオ
えび反り	エビゾリ
えび色	エビイロ
えび芋	エビイモ
えび茶	エビチャ
えら呼吸	エラコキュウ
えり元	エリモト
えり先	エリサキ
えり好み	エリゴノミ
えり抜き	エリヌキ
えり抜く	エリヌク
えり足	エリアシ
えり首	エリクビ
えんま帳	エンマチョウ
えん体	エンタイ
えん堤	エンテイ
えん罪	エンザイ
えん麦	エンバク
え段	エダン
おい出す	オイダス
おい茂る	オイシゲル
おうし座	オウシザ
おう吐	オウト
おえら方	オエラガタ
おおいぬ座	オオイヌザ
おおい隠す	オオイカクス
おおかみ座	オオカミザ
おおかみ男	オオカミオトコ
おおぐま座	オオグマザ
おお振り	オオブリ
おかげ様	オカゲサマ
おかっぱ頭	オカッパアタマ
おか釣り	オカヅリ
おが屑	オガクズ
おきな草	オキナグサ
おくり名	オクリナ
おくれ毛	オクレゲ
おごり高ぶる	オゴリタカブル
おさげ髪	オサゲガミ
おさな心	オサナゴコロ
おしどり夫婦	オシドリフウフ
おしろい焼け	オシロイヤケ
おしろい花	オシロイバナ
おし寄せる	オシヨセル
おし広げる	オシヒロゲル
おし広める	オシヒロメル
おし流す	オシナガス
おし隠す	オシカクス
おし黙る	オシダマル
おすそ分け	オスソワケ
おせち料理	オセチリョウリ
おたふく風邪	オタフクカゼ
おちょぼ口	オチョボグチ
おっ立てる	オッタテル
おてんば娘	オテンバムスメ
おとぎの国	オトギノクニ
おとぎ噺	オトギバナシ
おとぎ話	オトギバナシ
おとこ女	オトコオンナ
おとし入れる	オトシイレル
おとし穴	オトシアナ
おとめ座	オトメザ
おどけ者	オドケモノ
おどり上がる	オドリアガル
おどり出る	オドリデル
おどり食い	オドリグイ
おない年	オナイドシ
おなり神	オナリガミ
おばけ屋敷	オバケヤシキ
おひつじ座	オヒツジザ
おびき入れる	オビキイレル
おびき出す	オビキダス
おびき寄せる	オビキヨセル
おぶい紐	オブイヒモ
おぼし召し	オボシメシ
おぼろ夜	オボロヨ
おぼろ月夜	オボロヅキヨ
おぼろ雲	オボログモ
おみ足	オミアシ
おめでた婚	オメデタコン
おもい出す	オモイダス
おもい浮かべる	オモイウカベル
おもちゃ屋	オモチャヤ
おもちゃ箱	オモチャバコ
おもて面	オモテメン
おや指	オヤユビ
おり姫	オリヒメ
おり立つ	オリタツ
おれ込む	オレコム
おろし器	オロシキ
おろし立て	オロシタテ
おろし金	オロシガネ
おん出る	オンデル
お一人さま	オヒトリサマ
お一人様	オヒトリサマ
お上	オカミ
お上りさん	オノボリサン
お上手	オジョウズ
お下がり	オサガリ
お下げ	オサゲ
お下げ髪	オサゲガミ
お世話	オセワ
お世辞	オセジ
お中元	オチュウゲン
お丸	オマル
お主	オヌシ
お仕置き	オシオキ
お仕舞い	オシマイ
お任せ	オマカセ
お伴	オトモ
お伽	オトギ
お伽噺	オトギバナシ
お伽話	オトギバナシ
お供	オトモ
お供え	オソナエ
お偉方	オエラガタ
お兄さん	オニイサン
お兄ちゃん	オニイチャン
お八つ	オヤツ
お冠	オカンムリ
お冷	オヒヤ
お冷や	オヒヤ
お出かけ	オデカケ
お出まし	オデマシ
お出掛け	オデカケ
お出来	オデキ
お別れ会	オワカレカイ
お勧め	オススメ
お化け	オバケ
お化け屋敷	オバケヤシキ
お参り	オマイリ
お古	オフル
お召し物	オメシモノ
お喋り	オシャベリ
お墨付	オスミツキ
お墨付き	オスミツキ
お多福	オタフク
お多福豆	オタフクマメ
お多福風邪	オタフクカゼ
お太鼓	オタイコ
お奨め	オススメ
お好み焼き	オコノミヤキ
お姉ちゃん	オネエチャン
お婆ちゃん	オバアチャン
お嬢	オジョウ
お嬢さま	オジョウサマ
お嬢さん	オジョウサン
お嬢様	オジョウサマ
お子さま	オコサマ
お子さん	オコサン
お子様	オコサマ
お宅	オタク
お客さま	オキャクサマ
お客さん	オキャクサン
お客様	オキャクサマ
お客様相談室	オキャクサマソウダンシツ
お家流	オイエリュウ
お家芸	オイエゲイ
お尻	オシリ
お巡り	オマワリ
お巡りさん	オマワリサン
お布施	オフセ
お年玉	オトシダマ
お店者	オタナモノ
お座なり	オザナリ
お座成り	オザナリ
お座敷	オザシキ
お御籤	オミクジ
お復習い	オサライ
お悔み	オクヤミ
お悔やみ	オクヤミ
お成り	オナリ
お手あげ	オテアゲ
お手の物	オテノモノ
お手上げ	オテアゲ
お手伝いさん	オテツダイサン
お手元	オテモト
お手前	オテマエ
お手洗い	オテアライ
お手玉	オテダマ
お手許	オテモト
お払い箱	オハライバコ
お披露目	オヒロメ
お持ち帰り	オモチカエリ
お揃い	オソロイ
お握り	オニギリ
お新香	オシンコ
お日さま	オヒサマ
お日様	オヒサマ
お構い	オカマイ
お欠き	オカキ
お歳暮	オセイボ
お歴々	オレキレキ
お歴歴	オレキレキ
お段	オダン
お母さま	オカアサマ
お母ちゃん	オカアチャン
お母様	オカアサマ
お気に入り	オキニイリ
お汁粉	オシルコ
お河童	オカッパ
お河童頭	オカッパアタマ
お洒落	オシャレ
お浚い	オサライ
お漏らし	オモラシ
お点前	オテマエ
お焦げ	オコゲ
お父さま	オトウサマ
お父ちゃん	オトウチャン
お父様	オトウサマ
お爺さん	オジイサン
お爺ちゃん	オジイチャン
お猪口	オチョコ
お玉	オタマ
お玉じゃくし	オタマジャクシ
お玉杓子	オタマジャクシ
お産	オサン
お疲れさま	オツカレサマ
お疲れ様	オツカレサマ
お百度	オヒャクド
お目見え	オメミエ
お相撲さん	オスモウサン
お知らせ	オシラセ
お礼	オレイ
お祝い	オイワイ
お神籤	オミクジ
お神輿	オミコシ
お神酒	オミキ
お祭	オマツリ
お祭り	オマツリ
お祭りさわぎ	オマツリサワギ
お祭り騒ぎ	オマツリサワギ
お祭騒ぎ	オマツリサワギ
お立ち台	オタチダイ
お笑い	オワライ
お筆先	オフデサキ
お節	オセチ
お節介	オセッカイ
お節料理	オセチリョウリ
お粗末	オソマツ
お終い	オシマイ
お結び	オムスビ
お絞り	オシボリ
お絵描き	オエカキ
お絵書き	オエカキ
お腹	オナカ
お膝下	オヒザモト
お膝元	オヒザモト
お茶	オチャ
お茶漬	オチャヅケ
お茶漬け	オチャヅケ
お萩	オハギ
お蔭	オカゲ
お蔭さま	オカゲサマ
お蔭参り	オカゲマイリ
お蔭様	オカゲサマ
お蔵	オクラ
お蔵入り	オクライリ
お薄	オウス
お薦め	オススメ
お袋	オフクロ
お裾分け	オスソワケ
お襁褓	オムツ
お見舞	オミマイ
お見舞い	オミマイ
お見通し	オミトオシ
お負け	オマケ
お買い上げ	オカイアゲ
お買い得	オカイドク
お買上げ	オカイアゲ
お足	オアシ
お転婆	オテンバ
お転婆娘	オテンバムスメ
お辞儀	オジギ
お迎え	オムカエ
お通し	オトオシ
お造り	オツクリ
お邪魔	オジャマ
お釈迦	オシャカ
お金	オカネ
お釣り	オツリ
お銭	オアシ
お陀仏	オダブツ
お陰	オカゲ
お陰さま	オカゲサマ
お陰様	オカゲサマ
お雛さま	オヒナサマ
お雛様	オヒナサマ
お題目	オダイモク
お願い	オネガイ
お食い初め	オクイゾメ
お香	オコウ
お髪	オグシ
かいま見る	カイマミル
かいわれ大根	カイワレダイコン
かいわれ菜	カイワレナ
かい出す	カイダス
かい巻き	カイマキ
かい掘り	カイボリ
かい摘む	カイツマム
かい潜る	カイクグル
かい離	カイリ
かかあ天下	カカアデンカ
かかえ込む	カカエコム
かかと落とし	カカトオトシ
かかりつけ医	カカリツケイ
かかり湯	カカリユ
かがみ込む	カガミコム
かがり火	カガリビ
かき上げる	カキアゲル
かき乱す	カキミダス
かき交ぜる	カキマゼル
かき出す	カキダス
かき分ける	カキワケル
かき切る	カキキル
かき口説く	カキクドク
かき合せる	カキアワセル
かき合わせる	カキアワセル
かき回す	カキマワス
かき寄せる	カキヨセル
かき揚げ	カキアゲ
かき揚げる	カキアゲル
かき撫でる	カキナデル
かき暮れる	カキクレル
かき曇る	カキクモル
かき氷	カキゴオリ
かき消える	カキキエル
かき消す	カキケス
かき混ぜる	カキマゼル
かき玉	カキタマ
かき立てる	カキタテル
かき菜	カキナ
かき落とす	カキオトス
かき起こす	カキオコス
かき込む	カキコム
かき集める	カキアツメル
かき餅	カキモチ
かき鳴らす	カキナラス
かぎっ子	カギッコ
かぎの手	カギノテ
かぎ出す	カギダス
かぎ分ける	カギワケル
かぎ取る	カギトル
かぎ回る	カギマワル
かぎ爪	カギヅメ
かぎ穴	カギアナ
かぎ裂き	カギザキ
かぎ針	カギバリ
かく乱	カクラン
かけずり回る	カケズリマワル
かけ上がる	カケアガル
かけ出し	カケダシ
かけ合い	カケアイ
かけ合せる	カケアワセル
かけ合わせる	カケアワセル
かけ回る	カケマワル
かけ声	カケゴエ
かけ寄る	カケヨル
かけ布団	カケブトン
かけ引き	カケヒキ
かけ心地	カケゴコチ
かけ戻る	カケモドル
かけ持ち	カケモチ
かけ替える	カケカエル
かけ橋	カケハシ
かけ流し	カケナガシ
かけ渡す	カケワタス
かけ算	カケザン
かけ蕎麦	カケソバ
かけ足	カケアシ
かけ込み	カケコミ
かけ込む	カケコム
かけ違い	カケチガイ
かけ離れる	カケハナレル
かごの鳥	カゴノトリ
かさ上げ	カサアゲ
かさ張る	カサバル
かさ高	カサダカ
かしわ手	カシワデ
かじき座	カジキザ
かじり散らす	カジリチラス
かじ取り	カジトリ
かじ屋	カジヤ
かすみ網	カスミアミ
かすみ草	カスミソウ
かすめ取る	カスメトル
かすり傷	カスリキズ
かすれ声	カスレゴエ
かす取り	カストリ
かす汁	カスジル
かす漬け	カスヅケ
かずら橋	カズラバシ
かせ糸	カセイト
かぜ薬	カゼグスリ
かたくり粉	カタクリコ
かち割り	カチワリ
かち割る	カチワル
かち込み	カチコミ
かっぽう着	カッポウギ
かっ切る	カッキル
かっ払い	カッパライ
かっ捌く	カッサバク
かっ血	カッケツ
かっ込む	カッコム
かっ飛ばす	カットバス
かっ飛ばせ	カットバセ
かつお節	カツオブシ
かつぎ上げる	カツギアゲル
かつぎ出す	カツギダス
かつぎ込む	カツギコム
かつ丼	カツドン
かつ重	カツジュウ
かど番	カドバン
かなぐり捨てる	カナグリステル
かな書き	カナガキ
かな遣い	カナヅカイ
かに座	カニザ
かに玉	カニタマ
かに缶	カニカン
かね尺	カネジャク
かばい手	カバイテ
かばん持ち	カバンモチ
かば焼き	カバヤキ
かば色	カバイロ
かび臭い	カビクサイ
かぶき者	カブキモノ
かぶせ物	カブセモノ
かぶせ茶	カブセチャ
かぶと煮	カブトニ
かぶと虫	カブトムシ
かぶら矢	カブラヤ
かぶり付き	カブリツキ
かぶり物	カブリモノ
かま首	カマクビ
かみのけ座	カミノケザ
かみ付く	カミツク
かみ傷	カミキズ
かみ分ける	カミワケル
かみ切る	カミキル
かみ合わせ	カミアワセ
かみ合わせる	カミアワセル
かみ殺す	カミコロス
かみ砕く	カミクダク
かみ締める	カミシメル
かもし出す	カモシダス
かゆみ止め	カユミドメ
からし油	カラシユ
からし漬け	カラシヅケ
からし色	カラシイロ
からし菜	カラシナ
からす座	カラスザ
からす貝	カラスガイ
からす鳴き	カラスナキ
からす麦	カラスムギ
からっ風	カラッカゼ
からみ餅	カラミモチ
からめ取る	カラメトル
からめ捕る	カラメトル
から揚げ	カラアゲ
から炒り	カライリ
から焼き	カラヤキ
から煎り	カライリ
から騒ぎ	カラサワギ
かり出す	カリダス
かり立てる	カリタテル
かり集める	カリアツメル
かれ草	カレクサ
かわり映え	カワリバエ
かんかん帽	カンカンボウ
かんしゃく玉	カンシャクダマ
かんな屑	カンナクズ
かんむり座	カンムリザ
かん口令	カンコウレイ
かん子	カンシ
かん水	カンスイ
かん腸	カンチョウ
かん養	カンヨウ
かん高い	カンダカイ
か国	カコク
か年	カネン
か弱い	カヨワイ
か所	カショ
か月	カゲツ
か条	カジョウ
か細い	カボソイ
か行	カギョウ
か黒い	カグロイ
がい子	ガイシ
がい骨	ガイコツ
がか座	ガカザ
がき大将	ガキダイショウ
がく然	ガクゼン
がく片	ガクヘン
がけ崩れ	ガケクズレ
がさ入れ	ガサイレ
がた落ち	ガタオチ
がなり立てる	ガナリタテル
がに股	ガニマタ
がぶ飲み	ガブノミ
がま口	ガマグチ
がら明き	ガラアキ
がり勉	ガリベン
がり版	ガリバン
がれ場	ガレバ
がん保険	ガンホケン
がん首	ガンクビ
きき返す	キキカエス
きっ先	キッサキ
きっ抗	キッコウ
きつねの嫁入り	キツネノヨメイリ
きつね拳	キツネケン
きつね火	キツネビ
きつね色	キツネイロ
きな粉	キナコ
きな粉餅	キナコモチ
きな臭い	キナクサイ
きめ細かい	キメコマカイ
きめ細やか	キメコマヤカ
きも吸い	キモスイ
きゅう師	キュウシ
きゅう舎	キュウシャ
きゆう師	キュウシ
きょう正	キョウセイ
きょしちょう座	キョシチョウザ
きり拓く	キリヒラク
きれい事	キレイゴト
き印	キジルシ
き損	キソン
き裂	キレツ
ぎっくり腰	ギックリゴシ
ぎゅう詰め	ギュウヅメ
ぎょう虫	ギョウチュウ
ぎょろ目	ギョロメ
くい打ち	クイウチ
くい止める	クイトメル
くい縛る	クイシバル
くい違い	クイチガイ
くぎ付け	クギヅケ
くぎ抜き	クギヌキ
くぎ隠し	クギカクシ
くくり付ける	ククリツケル
くくり染め	ククリゾメ
くぐり戸	クグリド
くぐり抜ける	クグリヌケル
くけ縫い	クケヌイ
くけ針	クケバリ
くさび形	クサビガタ
くさび石	クサビイシ
くされ縁	クサレエン
くし切り	クシギリ
くし刺し	クシザシ
くし形	クシガタ
くし焼き	クシヤキ
くし目	クシメ
くじゃく座	クジャクザ
くじら座	クジラザ
くじ引き	クジビキ
くじ運	クジウン
くすり指	クスリユビ
くす玉	クスダマ
くずし字	クズシジ
くず入れ	クズイレ
くず屋	クズヤ
くず湯	クズユ
くず物	クズモノ
くず籠	クズカゴ
くず粉	クズコ
くず肉	クズニク
くず鉄	クズテツ
くせっ毛	クセッケ
くせ毛	クセゲ
くせ球	クセダマ
くせ者	クセモノ
くそ力	クソヂカラ
くそ度胸	クソドキョウ
くたびれ儲け	クタビレモウケ
くっ付く	クッツク
くっ付ける	クッツケル
くつわ虫	クツワムシ
くつ下	クツシタ
くつ箱	クツバコ
くつ脱ぎ	クツヌギ
くどき落とす	クドキオトス
くびり殺す	クビリコロス
くぼ地	クボチ
くま取り	クマドリ
くみ上がる	クミアガル
くみ上げる	クミアゲル
くみ出す	クミダス
くみ分け	クミワケ
くみ取り	クミトリ
くみ取る	クミトル
くみ込む	クミコム
くやし涙	クヤシナミダ
くら替え	クラガエ
くり出す	クリダス
くり抜き	クリヌキ
くり抜く	クリヌク
くり毛	クリゲ
くり色	クリイロ
くり貫き	クリヌキ
くり貫く	クリヌク
くり返し	クリカエシ
くり返す	クリカエス
くるみ割り	クルミワリ
くわえ込む	クワエコム
くわ入れ	クワイレ
くん蒸	クンジョウ
くん製	クンセイ
くノ一	クノイチ
ぐい呑	グイノミ
ぐい呑み	グイノミ
ぐい飲み	グイノミ
ぐしょ濡れ	グショヌレ
ぐし縫	グシヌイ
ぐ犯	グハン
けい光	ケイコウ
けい線	ケイセン
けい酸	ケイサン
けが人	ケガニン
けし粒	ケシツブ
けずり落とす	ケズリオトス
けた下	ケタシタ
けた外れ	ケタハズレ
けた違い	ケタチガイ
けもの道	ケモノミチ
けり殺す	ケリコロス
けり込む	ケリコム
けり返す	ケリカエス
けり飛ばす	ケリトバス
けんちん汁	ケンチンジル
けんびきょう座	ケンビキョウザ
けん制	ケンセイ
けん玉	ケンダマ
けん銃	ケンジュウ
けん騒	ケンソウ
け落とす	ケオトス
け飛ばす	ケトバス
げた箱	ゲタバコ
こいぬ座	コイヌザ
こうもり傘	コウモリガサ
こう着	コウチャク
こう配	コウバイ
こう門	コウモン
こう頭	コウトウ
こがね虫	コガネムシ
こき下ろす	コキオロス
こき落とす	コキオトス
こぎつね座	コギツネザ
こぎ出す	コギダス
こぎ寄せる	コギヨセル
こぎ着ける	コギツケル
こぐま座	コグマザ
こけら板	コケライタ
こけら落とし	コケラオトシ
こけら葺き	コケラブキ
こげ茶	コゲチャ
こざと偏	コザトヘン
こし入れ	コシイレ
こし器	コシキ
こし餡	コシアン
こじし座	コジシザ
こじ付ける	コジツケル
こじ入れる	コジイレル
こじ開ける	コジアケル
こすり付ける	コスリツケル
こすり合わせる	コスリアワセル
こすり落とす	コスリオトス
こそげ取る	コソゲトル
こそげ落とす	コソゲオトス
こそ泥	コソドロ
こたつ記事	コタツキジ
こちら側	コチラガワ
こっ恥ずかしい	コッパズカシイ
こっ酷い	コッピドイ
ことの外	コトノホカ
ことば遊び	コトバアソビ
こと切れる	コトキレル
こと始め	コトハジメ
こと座	コトザ
こと細か	コトコマカ
こと足りる	コトタリル
こどもの日	コドモノヒ
こども会	コドモカイ
こども園	コドモエン
こね上げる	コネアゲル
こね回す	コネマワス
こね粉	コネコ
こね返す	コネカエス
こね鉢	コネバチ
この世	コノヨ
この先	コノサキ
こびり付く	コビリツク
こびり着く	コビリツク
こぶし大	コブシダイ
こぼし話	コボシバナシ
こぼれ出す	コボレダス
こぼれ幸い	コボレザイワイ
こぼれ球	コボレダマ
こぼれ落ちる	コボレオチル
こぼれ話	コボレバナシ
こま切れ	コマギレ
こま回し	コママワシ
こま犬	コマイヌ
こま結び	コマムスビ
こま送り	コマオクリ
こみ上げる	コミアゲル
こむら返り	コムラガエリ
こらえ性	コラエショウ
こり固まる	コリカタマル
これ見よがし	コレミヨガシ
ころがり出る	コロガリデル
こん包	コンポウ
こん棒	コンボウ
ごう慢	ゴウマン
ごちゃ混ぜ	ゴチャマゼ
ごっこ遊び	ゴッコアソビ
ごった煮	ゴッタニ
ごった返す	ゴッタガエス
ごと師	ゴトシ
ごね得	ゴネドク
ごま塩	ゴマシオ
ごま油	ゴマアブラ
ごみ入れ	ゴミイレ
ごみ出し	ゴミダシ
ごみ屋敷	ゴミヤシキ
ごみ屑	ゴミクズ
ごみ拾い	ゴミヒロイ
ごみ溜	ゴミタメ
ごみ溜め	ゴミタメ
ごみ箱	ゴミバコ
ごみ袋	ゴミブクロ
ごり押し	ゴリオシ
ごろ寝	ゴロネ
ご一新	ゴイッシン
ご不浄	ゴフジョウ
ご仁	ゴジン
ご免	ゴメン
ご利益	ゴリヤク
ご多分	ゴタブン
ご大層	ゴタイソウ
ご存じ	ゴゾンジ
ご存知	ゴゾンジ
ご当地	ゴトウチ
ご当地グルメ	ゴトウチグルメ
ご時世	ゴジセイ
ご朱印	ゴシュイン
ご来光	ゴライコウ
ご来迎	ゴライゴウ
ご機嫌	ゴキゲン
ご沙汰	ゴサタ
ご法度	ゴハット
ご無沙汰	ゴブサタ
ご用	ゴヨウ
ご真影	ゴシンエイ
ご自身	ゴジシン
ご苦労	ゴクロウ
ご覧	ゴラン
ご託	ゴタク
ご託宣	ゴタクセン
ご詠歌	ゴエイカ
ご足労	ゴソクロウ
ご都合主義	ゴツゴウシュギ
ご面相	ゴメンソウ
ご飯	ゴハン
ご飯粒	ゴハンツブ
ご馳走	ゴチソウ
さいの目	サイノメ
さい先	サイサキ
さい銭	サイセン
さお竹	サオダケ
さかさまつ毛	サカサマツゲ
さか立ち	サカダチ
さがし出す	サガシダス
さがし当てる	サガシアテル
さがし物	サガシモノ
さくら色	サクライロ
さくら貝	サクラガイ
さくら鍋	サクラナベ
さく裂	サクレツ
さけび声	サケビゴエ
さけ缶	サケカン
ささくれ立つ	ササクレダツ
ささげ持つ	ササゲモツ
ささげ物	ササゲモノ
ささやき声	ササヤキゴエ
ささ竹	ササタケ
ささ舟	ササブネ
ささ身	ササミ
ささ鳴き	ササナキ
さざれ波	サザレナミ
さざれ石	サザレイシ
さざ波	サザナミ
さし上げる	サシアゲル
さし入れ	サシイレ
さし入れる	サシイレル
さし出す	サシダス
さし向かい	サシムカイ
さし当たり	サシアタリ
さし招く	サシマネク
さし木	サシキ
さし絵	サシエ
さし越える	サシコエル
さし込む	サシコム
さし迫る	サシセマル
さし障る	サシサワル
さじ加減	サジカゲン
さっ引く	サッピク
さつま揚げ	サツマアゲ
さつま芋	サツマイモ
さて置き	サテオキ
さて置く	サテオク
さで網	サデアミ
さとり世代	サトリセダイ
さば折り	サバオリ
さば節	サバブシ
さびき釣り	サビキヅリ
さび付く	サビツク
さび抜き	サビヌキ
さび止め	サビドメ
さび色	サビイロ
さび落とし	サビオトシ
さめ肌	サメハダ
さや当て	サヤアテ
さらけ出す	サラケダス
さらし台	サラシダイ
さらし粉	サラシコ
さらし者	サラシモノ
さらし首	サラシクビ
さら地	サラチ
さら湯	サラユ
さり気ない	サリゲナイ
さり気無い	サリゲナイ
さんかく座	サンカクザ
さん付け	サンヅケ
さん然	サンゼン
さ中	サナカ
さ行	サギョウ
さ迷う	サマヨウ
ざく切り	ザクギリ
ざら場	ザラバ
ざら紙	ザラガミ
ざる碁	ザルゴ
ざる耳	ザルミミ
ざる蕎麦	ザルソバ
ざれ歌	ザレウタ
ざ瘡	ザソウ
ざ行	ザギョウ
しかめっ面	シカメッツラ
しがみ付く	シガミツク
しきい値	シキイチ
しけ込む	シケコム
しこ名	シコナ
しし座	シシザ
しじみ貝	シジミガイ
したたか者	シタタカモノ
したたり落ちる	シタタリオチル
したり顔	シタリガオ
しだり尾	シダリオ
しだれ柳	シダレヤナギ
しだれ桃	シダレモモ
しだれ桜	シダレザクラ
しだれ梅	シダレウメ
しっかり者	シッカリモノ
しつけ糸	シツケイト
しなの木	シナノキ
しな垂れる	シナダレル
しのび寄る	シノビヨル
しのび逢い	シノビアイ
しの竹	シノダケ
しの笛	シノブエ
しば漬け	シバヅケ
しびれ感	シビレカン
しびれ薬	シビレグスリ
しぼり上げる	シボリアゲル
しぼり出す	シボリダス
しぼり取る	シボリトル
しぼり器	シボリキ
しぼり汁	シボリジル
しぼり立て	シボリタテ
しぼり込む	シボリコム
しまい込む	シマイコム
しま馬	シマウマ
しみ入る	シミイル
しみ出し	シミダシ
しみ出る	シミデル
しみ抜き	シミヌキ
しみ込む	シミコム
しめ出す	シメダス
しめ殺す	シメコロス
しめ縄	シメナワ
しめ飾り	シメカザリ
しめ鯖	シメサバ
しもつけ草	シモツケソウ
しゃがみ込む	シャガミコム
しゃがれ声	シャガレゴエ
しゃくり上げる	シャクリアゲル
しゃく熱	シャクネツ
しゃしゃり出る	シャシャリデル
しゃちほこ立ち	シャチホコダチ
しゃっちょこ立ち	シャッチョコダチ
しゃぶり付く	シャブリツク
しゃれっ気	シャレッケ
しゃれ込む	シャレコム
しょい込む	ショイコム
しょう戒	ショウカイ
しょげ込む	ショゲコム
しょげ返る	ショゲカエル
しょっ引く	ショッピク
しょ糖	ショトウ
しらす干し	シラスボシ
しらみ潰し	シラミツブシ
しり目	シリメ
しり込み	シリゴミ
しり馬	シリウマ
しれ者	シレモノ
しわん坊	シワンボウ
しわ取り	シワトリ
しわ寄せ	シワヨセ
しん酌	シンシャク
し向ける	シムケル
し吹く	シブク
し好	シコウ
し尿	シニョウ
し放題	シホウダイ
し残し	シノコシ
し残す	シノコス
し烈	シレツ
し直す	シナオス
し終える	シオエル
し腐る	シクサル
し遂げる	シトゲル
じか火	ジカビ
じゃが芋	ジャガイモ
じゃじゃ馬	ジャジャウマ
じゃれ付く	ジャレツク
じゃん拳	ジャンケン
じゃ口	ジャグチ
じゅん菜	ジュンサイ
じり安	ジリヤス
じり貧	ジリヒン
じり高	ジリダカ
じん帯	ジンタイ
すい星	スイセイ
すい液	スイエキ
すい臓	スイゾウ
すい臓がん	スイゾウガン
すい臓ガン	スイゾウガン
すい臓癌	スイゾウガン
すう勢	スウセイ
すえ置き	スエオキ
すがり付く	スガリツク
すきっ腹	スキッパラ
すきま風	スキマカゼ
すき入れ	スキイレ
すき焼	スキヤキ
すき焼き	スキヤキ
すき身	スキミ
すき返す	スキカエス
すき間	スキマ
すくい上げる	スクイアゲル
すくい出す	スクイダス
すくい取る	スクイトル
すくい投げ	スクイナゲ
すくい網	スクイアミ
すくみ上がる	スクミアガル
すぐれ物	スグレモノ
すげ替える	スゲカエル
すこぶる付き	スコブルツキ
すご腕	スゴウデ
すし屋	スシヤ
すし店	スシテン
すし種	スシダネ
すし詰め	スシヅメ
すし酢	スシズ
すし飯	スシメシ
すじ肉	スジニク
すすり上げる	ススリアゲル
すすり泣き	ススリナキ
すすり泣く	ススリナク
すすり込む	ススリコム
すす払い	ススハライ
すす掃き	ススハキ
すずり箱	スズリバコ
すそ上げ	スソアゲ
すそ分け	スソワケ
すそ野	スソノ
すだ椎	スダジイ
すっぱ抜き	スッパヌキ
すっぱ抜く	スッパヌク
すっぽ抜ける	スッポヌケル
すっ裸	スッパダカ
すっ転ぶ	スッコロブ
すっ飛ばす	スットバス
すっ飛ぶ	スットブ
すね当て	スネアテ
すね毛	スネゲ
すね肉	スネニク
すべり出し	スベリダシ
すべり台	スベリダイ
すべり止め	スベリドメ
すまし汁	スマシジル
すまし顔	スマシガオ
すみれ色	スミレイロ
すみれ草	スミレグサ
すみ分け	スミワケ
すみ分ける	スミワケル
すみ肉	スミニク
すり下ろす	スリオロス
すり傷	スリキズ
すり切り	スリキリ
すり切れる	スリキレル
すり合せ	スリアワセ
すり合せる	スリアワセル
すり合わせ	スリアワセ
すり合わせる	スリアワセル
すり変わる	スリカワル
すり寄せる	スリヨセル
すり寄る	スリヨル
すり抜ける	スリヌケル
すり替える	スリカエル
すり替わる	スリカワル
すり流し	スリナガシ
すり減らす	スリヘラス
すり減る	スリヘル
すり潰す	スリツブス
すり足	スリアシ
すり身	スリミ
すり込む	スリコム
すり鉢	スリバチ
すり餌	スリエ
すれ違い	スレチガイ
すわり心地	スワリゴコチ
すわり直す	スワリナオス
すわり込む	スワリコム
す早い	スバヤイ
ずい分	ズイブン
ずうずう弁	ズウズウベン
ずだ袋	ズダブクロ
ずば抜ける	ズバヌケル
ずぶ濡れ	ズブヌレ
ずべ公	ズベコウ
ずり上がる	ズリアガル
ずり上げる	ズリアゲル
ずり下がる	ズリサガル
ずり山	ズリヤマ
ずり落ちる	ズリオチル
ずる休み	ズルヤスミ
ずる剥け	ズルムケ
ずる賢い	ズルガシコイ
ずれ込む	ズレコム
ずわい蟹	ズワイガニ
ず抜ける	ズヌケル
せき払い	セキバライ
せき板	セキイタ
せき止める	セキトメル
せき立てる	セキタテル
せき込む	セキコム
せぐり上げる	セグリアゲル
せせら笑い	セセラワライ
せせり蝶	セセリチョウ
せっぱ詰まる	セッパツマル
せっぱ詰る	セッパツマル
せみ時雨	セミシグレ
せめぎ合い	セメギアイ
せりふ回し	セリフマワシ
せり上がる	セリアガル
せり上げる	セリアゲル
せり上る	セリアガル
せり出す	セリダス
せんじ詰める	センジツメル
せんべい布団	センベイブトン
せん光	センコウ
せん別	センベツ
せん孔	センコウ
せん定	センテイ
せん断	センダン
せん方	センカタ
せん滅	センメツ
せん越	センエツ
ぜい弱	ゼイジャク
ぜい肉	ゼイニク
ぜん動	ゼンドウ
ぜん息	ゼンソク
そううつ病	ソウウツビョウ
そぎ切り	ソギギリ
そぎ取る	ソギトル
そぎ落す	ソギオトス
そぎ落とす	ソギオトス
そげ落ちる	ソゲオチル
そそぎ込む	ソソギコム
そそり勃つ	ソソリタツ
そそり立つ	ソソリタツ
そぞろ歩き	ソゾロアルキ
そっくり返る	ソックリカエル
そっち退け	ソッチノケ
そっ首	ソックビ
そば切	ソバキリ
そば切り	ソバキリ
そば屋	ソバヤ
そば店	ソバテン
そば杖	ソバヅエ
そば殻	ソバガラ
そば湯	ソバユ
そば米	ソバゴメ
そば粉	ソバコ
そば飯	ソバメシ
そびえ立つ	ソビエタツ
そぼ降る	ソボフル
そま人	ソマビト
そめ上げる	ソメアゲル
そもそも論	ソモソモロン
そよ風	ソヨカゼ
そら似	ソラニ
そら寝	ソラネ
そら恐ろしい	ソラオソロシイ
そら泣き	ソラナキ
そら耳	ソラミミ
そら色	ソライロ
そら豆	ソラマメ
そら音	ソラネ
そり味	ソリアジ
そり落とす	ソリオトス
そり跡	ソリアト
そり返り	ソリカエリ
そり返る	ソリカエル
それ弾	ソレダマ
そろい踏み	ソロイブミ
そ知らぬ	ソシラヌ
ぞっき本	ゾッキボン
ぞろ目	ゾロメ
たい焼き	タイヤキ
たい肥	タイヒ
たえ忍ぶ	タエシノブ
たか派	タカハ
たか狩り	タカガリ
たき付け	タキツケ
たき付ける	タキツケル
たき口	タキグチ
たき木	タキギ
たき火	タキビ
たき落とし	タキオトシ
たくし上げる	タクシアゲル
たぐり上げる	タグリアゲル
たぐり寄せる	タグリヨセル
たぐり込む	タグリコム
たけり狂う	タケリクルウ
たけり立つ	タケリタツ
たこ上げ	タコアゲ
たこ揚げ	タコアゲ
たこ焼	タコヤキ
たこ焼き	タコヤキ
たこ糸	タコイト
たこ足	タコアシ
たこ部屋	タコベヤ
たし算	タシザン
たすき掛け	タスキガケ
たそがれ時	タソガレドキ
たたき上げ	タタキアゲ
たたき上げる	タタキアゲル
たたき付ける	タタキツケル
たたき伏せる	タタキフセル
たたき出す	タタキダス
たたき切る	タタキキル
たたき割る	タタキワル
たたき台	タタキダイ
たたき壊す	タタキコワス
たたき売り	タタキウリ
たたき売る	タタキウル
たたき殺す	タタキコロス
たたき潰す	タタキツブス
たたき直す	タタキナオス
たたき落す	タタキオトス
たたき落とす	タタキオトス
たたき起こす	タタキオコス
たたき込む	タタキコム
たたみ込む	タタミコム
たたり目	タタリメ
ただし書	タダシガキ
ただし書き	タダシガキ
ただれ目	タダレメ
ただ中	タダナカ
ただ乗り	タダノリ
ただ事	タダゴト
ただ今	タダイマ
ただ働き	タダバタラキ
ただ者	タダモノ
ただ飯	タダメシ
たち上がる	タチアガル
たち働く	タチハタラク
たち切る	タチキル
たち向かう	タチムカウ
たち込める	タチコメル
たて座	タテザ
たて琴	タテゴト
たて穴	タテアナ
たて突く	タテツク
たて笛	タテブエ
たて糸	タテイト
たて続け	タテツヅケ
たとえ話	タトエバナシ
たどり着く	タドリツク
たな卸	タナオロシ
たな卸し	タナオロシ
たな引く	タナビク
たぬき寝入り	タヌキネイリ
たぬき汁	タヌキジル
たばこ屋	タバコヤ
たび重なる	タビカサナル
たまご焼き	タマゴヤキ
たまご色	タマゴイロ
たまり場	タマリバ
たまり水	タマリミズ
たま蜂	タマバチ
たま蠅	タマバエ
ためらい傷	タメライキズ
ため口	タメグチ
ため息	タメイキ
ため書き	タメガキ
ため池	タメイケ
ため込む	タメコム
たも網	タモアミ
たらい回し	タライマワシ
たらし込む	タラシコム
たらの木	タラノキ
たらば蟹	タラバガニ
たら子	タラコ
たれ流し	タレナガシ
たれ流す	タレナガス
たれ目	タレメ
たれ込み	タレコミ
たれ込む	タレコム
たれ込める	タレコメル
たんぱく質	タンパクシツ
たんぽ槍	タンポヤリ
たん瘤	タンコブ
た行	タギョウ
だいだい色	ダイダイイロ
だいっ嫌い	ダイッキライ
だし巻き	ダシマキ
だし巻き玉子	ダシマキタマゴ
だし汁	ダシジル
だだちゃ豆	ダダチャマメ
だだっ子	ダダッコ
だだ漏れ	ダダモレ
だっこ紐	ダッコヒモ
だて巻き	ダテマキ
だふ屋	ダフヤ
だぼ鯊	ダボハゼ
だまし取る	ダマシトル
だまし絵	ダマシエ
だまし討ち	ダマシウチ
だまし込む	ダマシコム
だみ声	ダミゴエ
だめ元	ダメモト
だらし無い	ダラシナイ
だるま落とし	ダルマオトシ
だ円	ダエン
だ捕	ダホ
だ液	ダエキ
ちぎり取る	チギリトル
ちぎり絵	チギリエ
ちぎれ雲	チギレグモ
ちぢれ毛	チヂレゲ
ちびっ子	チビッコ
ちゃぶ台	チャブダイ
ちゃり通	チャリツウ
ちゃんこ鍋	チャンコナベ
ちょい役	チョイヤク
ちょい悪	チョイワル
ちょうちん持ち	チョウチンモチ
ちょう愛	チョウアイ
ちょう結び	チョウムスビ
ちょっと見	チョットミ
ちょび髭	チョビヒゲ
ちょん切る	チョンギル
ちょん掛け	チョンガケ
ちらし寿司	チラシズシ
ちら見	チラミ
ちら見え	チラミエ
ちり取り	チリトリ
ちり鍋	チリナベ
ちんどん屋	チンドンヤ
ちん入	チンニュウ
っ切り	ッキリ
っ子	ッコ
っ放し	ッパナシ
っ気	ッケ
つかえ感	ツカエカン
つかの間	ツカノマ
つかまり立ち	ツカマリダチ
つかみ上げる	ツカミアゲル
つかみ出す	ツカミダス
つかみ取る	ツカミトル
つき出し	ツキダシ
つき出す	ツキダス
つき出る	ツキデル
つき刺す	ツキサス
つき動かす	ツキウゴカス
つき合い	ツキアイ
つき合わせる	ツキアワセル
つき当たり	ツキアタリ
つき手	ツキテ
つき指	ツキユビ
つき放す	ツキハナス
つき物	ツキモノ
つき砕く	ツキクダク
つき落とす	ツキオトス
つき返す	ツキカエス
つき飛ばす	ツキトバス
つぎ合わせる	ツギアワセル
つぎ木	ツギキ
つぎ足す	ツギタス
つぎ込む	ツギコム
つくだ煮	ツクダニ
つくつく法師	ツクツクボウシ
つくり上げる	ツクリアゲル
つくり出す	ツクリダス
つくり声	ツクリゴエ
つくり変える	ツクリカエル
つくり換える	ツクリカエル
つくり替える	ツクリカエル
つくり直す	ツクリナオス
つけまつ毛	ツケマツゲ
つけ上がる	ツケアガル
つけ入る	ツケイル
つけ加える	ツケクワエル
つけ合わせ	ツケアワセ
つけ合わせる	ツケアワセル
つけ回す	ツケマワス
つけ変える	ツケカエル
つけ揚げ	ツケアゲ
つけ替える	ツケカエル
つけ根	ツケネ
つけ毛	ツケゲ
つけ火	ツケビ
つけ焼き	ツケヤキ
つけ爪	ツケヅメ
つけ睫毛	ツケマツゲ
つけ足す	ツケタス
つけ込む	ツケコム
つけ髭	ツケヒゲ
つけ麺	ツケメン
つげ口	ツゲグチ
つじ切り	ツジギリ
つたい歩き	ツタイアルキ
つたい歩く	ツタイアルク
つち音	ツチオト
つっ張る	ツッパル
つっ立つ	ツッタツ
つっ走る	ツッパシル
つっ返す	ツッカエス
つつが無い	ツツガナイ
つつき回す	ツツキマワス
つつしみ深い	ツツシミブカイ
つつみ隠す	ツツミカクス
つづら折り	ツヅラオリ
つづり字	ツヅリジ
つづり方	ツヅリカタ
つづれ織り	ツヅレオリ
つなぎ合わせる	ツナギアワセル
つなぎ売り	ツナギウリ
つなぎ変える	ツナギカエル
つなぎ服	ツナギフク
つなぎ止める	ツナギトメル
つなぎ留める	ツナギトメル
つなぎ目	ツナギメ
つな引き	ツナヒキ
つばき油	ツバキアブラ
つぶし餡	ツブシアン
つぶやき声	ツブヤキゴエ
つぶ貝	ツブガイ
つぼ湯	ツボユ
つぼ焼き	ツボヤキ
つまみ上げる	ツマミアゲル
つまみ出す	ツマミダス
つまみ取る	ツマミトル
つまみ洗い	ツマミアライ
つまみ菜	ツマミナ
つまみ食い	ツマミグイ
つま先	ツマサキ
つま弾く	ツマビク
つみ取り	ツミトリ
つみ取る	ツミトル
つみ重ね	ツミカサネ
つみ重ねる	ツミカサネル
つむぎ唄	ツムギウタ
つむじ曲がり	ツムジマガリ
つむじ風	ツムジカゼ
つめ寄る	ツメヨル
つめ物	ツメモノ
つめ跡	ツメアト
つめ込む	ツメコム
つや出し	ツヤダシ
つや消し	ツヤケシ
つらぬき通す	ツラヌキトオス
つり上がる	ツリアガル
つり上げる	ツリアゲル
つり下がる	ツリサガル
つり下げる	ツリサゲル
つり具	ツリグ
つり出す	ツリダス
つり屋根	ツリヤネ
つり床	ツリドコ
つり手	ツリテ
つり棚	ツリダナ
つり目	ツリメ
つり輪	ツリワ
つり針	ツリバリ
つり鉢	ツリバチ
つり銭	ツリセン
つり革	ツリカワ
つるし上げ	ツルシアゲ
つるし上げる	ツルシアゲル
つるし雲	ツルシグモ
つるっ禿	ツルッパゲ
つるべ打ち	ツルベウチ
つるべ撃ち	ツルベウチ
つるべ落とし	ツルベオトシ
つる座	ツルザ
つる草	ツルクサ
つれ出す	ツレダス
つれ帰る	ツレカエル
つれ添う	ツレソウ
つんぼ桟敷	ツンボサジキ
てい談	テイダン
てき弾	テキダン
てき面	テキメン
てこ入れ	テコイレ
てらし合わせる	テラシアワセル
てるてる坊主	テルテルボウズ
てれ隠し	テレカクシ
てんこ盛り	テンコモリ
てんさい糖	テンサイトウ
てんてこ舞い	テンテコマイ
てんとう虫	テントウムシ
てんびん座	テンビンザ
てんぷら粉	テンプラコ
てん菜	テンサイ
てん菜糖	テンサイトウ
てん補	テンポ
て形	テケイ
でい岩	デイガン
できる限り	デキルカギリ
でき上がり	デキアガリ
でき上がる	デキアガル
でき事	デキゴト
でくの坊	デクノボウ
でっち上げ	デッチアゲ
でっち上げる	デッチアゲル
でんでん虫	デンデンムシ
でん粉	デンプン
でん部	デンブ
とう汰	トウタ
とかげ座	トカゲザ
とがめ立て	トガメダテ
とがり声	トガリゴエ
とが人	トガニン
ときの声	トキノコエ
ときわ木	トキワギ
とき卵	トキタマゴ
とき明かす	トキアカス
とき色	トキイロ
とけい座	トケイザ
とけ込む	トケコム
とげ抜き	トゲヌキ
ところ天	トコロテン
とじ目	トジメ
とじ込み	トジコミ
とじ込む	トジコム
とじ針	トジバリ
とっ外れ	トッパズレ
とっ捕まえる	トッツカマエル
とっ捕まる	トッツカマル
とっ散らかる	トッチラカル
とどの詰まり	トドノツマリ
となり町	トナリマチ
との粉	トノコ
とびうお座	トビウオザ
とび上がる	トビアガル
とび上る	トビアガル
とび下りる	トビオリル
とび入り	トビイリ
とび出し	トビダシ
とび出す	トビダス
とび出る	トビデル
とび口	トビグチ
とび箱	トビバコ
とび職	トビショク
とび色	トビイロ
とび降りる	トビオリル
とぼけ顔	トボケガオ
とまり木	トマリギ
とま屋	トマヤ
とめ金	トメガネ
ともえ投げ	トモエナゲ
とも倒れ	トモダオレ
とも座	トモザ
とらの子	トラノコ
とらの巻	トラノマキ
とら刈り	トラガリ
とら猫	トラネコ
とら豆	トラマメ
とりむね肉	トリムネニク
とり上げる	トリアゲル
とり下げる	トリサゲル
とり乱す	トリミダス
とり交わす	トリカワス
とり入れる	トリイレル
とり出す	トリダス
とり合せる	トリアワセル
とり合わせる	トリアワセル
とり囲む	トリカコム
とり年	トリドシ
とり急ぎ	トリイソギ
とり戻す	トリモドス
とり散らかる	トリチラカル
とり残す	トリノコス
とり殺す	トリコロス
とり潰す	トリツブス
とり皮	トリカワ
とり立て	トリタテ
とり組み	トリクミ
とり結ぶ	トリムスブ
とり肉	トリニク
とり行なう	トリオコナウ
とり計らい	トリハカライ
とり貝	トリガイ
とり込み	トリコミ
とり違える	トリチガエル
とり除く	トリノゾク
とれ高	トレダカ
とろろ汁	トロロジル
とろろ芋	トロロイモ
とろ火	トロビ
とんがり屋根	トンガリヤネ
とんとん拍子	トントンビョウシ
とんぼ帰り	トンボガエリ
とんぼ返り	トンボガエリ
とん平	トンペイ
と博	トバク
と殺	トサツ
と畜	トチク
と金	トキン
どう喝	ドウカツ
どか雪	ドカユキ
どか食い	ドカグイ
どさ回り	ドサマワリ
どしゃ降り	ドシャブリ
どじっ娘	ドジッコ
どじょう汁	ドジョウジル
どす黒い	ドスグロイ
どたん場	ドタンバ
どっち道	ドッチミチ
どどめ色	ドドメイロ
どなり声	ドナリゴエ
どなり散らす	ドナリチラス
どなり立てる	ドナリタテル
どなり込む	ドナリコム
どの道	ドノミチ
どぶ川	ドブガワ
どぶ板	ドブイタ
どぶ漬	ドブヅケ
どぶ漬け	ドブヅケ
どぶ鼠	ドブネズミ
どぼ漬け	ドボヅケ
どやし付ける	ドヤシツケル
どや街	ドヤガイ
どら声	ドラゴエ
どら息子	ドラムスコ
どら焼	ドラヤキ
どら焼き	ドラヤキ
どら猫	ドラネコ
どんぐり眼	ドングリマナコ
どんでん返し	ドンデンガエシ
どんど焼き	ドンドヤキ
どんぶり物	ドンブリモノ
どんぶり鉢	ドンブリバチ
どんぶり飯	ドンブリメシ
どん底	ドンゾコ
どん引き	ドンビキ
どん詰まり	ドンヅマリ
どん詰り	ドンヅマリ
ど忘れ	ドワスレ
ど田舎	ドイナカ
ないしょ話	ナイショバナシ
ない交ぜ	ナイマゼ
ない交ぜる	ナイマゼル
ない混ぜ	ナイマゼ
ながし目	ナガシメ
ながら族	ナガラゾク
なき声	ナキゴエ
なぎ倒す	ナギタオス
なぐり倒す	ナグリタオス
なぐり書き	ナグリガキ
なごり雪	ナゴリユキ
なし崩し	ナシクズシ
なし遂げる	ナシトゲル
なじみ客	ナジミキャク
なじみ深い	ナジミブカイ
なすり付ける	ナスリツケル
なすり合い	ナスリアイ
なす紺	ナスコン
なぜなぜ分析	ナゼナゼブンセキ
なぞり書き	ナゾリガキ
なた豆	ナタマメ
なだれ落ちる	ナダレオチル
なだれ込む	ナダレコム
なで上げる	ナデアゲル
なで下ろす	ナデオロス
なで回す	ナデマワス
なで斬り	ナデギリ
なで肩	ナデガタ
なぶり殺す	ナブリコロス
なぶり者	ナブリモノ
なべ物	ナベモノ
なまけ者	ナマケモノ
なまり節	ナマリブシ
なま易しい	ナマヤサシイ
なま暖か	ナマアタタカ
なま暖かい	ナマアタタカイ
なま温か	ナマアタタカ
なま温かい	ナマアタタカイ
なめし皮	ナメシガワ
なめし革	ナメシガワ
なめ取る	ナメトル
なめ回す	ナメマワス
なよ竹	ナヨタケ
ならず者	ナラズモノ
なり上る	ナリアガル
なり下がる	ナリサガル
なり下る	ナリサガル
なり代わる	ナリカワル
なり年	ナリドシ
なり手	ナリテ
なる早	ナルハヤ
なる程	ナルホド
なれ初め	ナレソメ
なれ合い	ナレアイ
なれ親しむ	ナレシタシム
な行	ナギョウ
にいにい蝉	ニイニイゼミ
におい袋	ニオイブクロ
にきび跡	ニキビアト
にきび面	ニキビヅラ
にぎり寿司	ニギリズシ
にぎり飯	ニギリメシ
にぎり鮨	ニギリズシ
にげ出す	ニゲダス
にこ毛	ニコゲ
にじみ出す	ニジミダス
にじみ出る	ニジミデル
にじり口	ニジリグチ
にじり寄る	ニジリヨル
にたり鯨	ニタリクジラ
にない手	ニナイテ
にらみ付ける	ニラミツケル
にらみ合い	ニラミアイ
にらみ合わせる	ニラミアワセル
にらみ据える	ニラミスエル
にらみ鯛	ニラミダイ
にわか仕込み	ニワカジコミ
にわか作り	ニワカヅクリ
にわか雨	ニワカアメ
ぬい取り	ヌイトリ
ぬい合わせる	ヌイアワセル
ぬかるみ道	ヌカルミミチ
ぬか喜び	ヌカヨロコビ
ぬか床	ヌカドコ
ぬか漬け	ヌカヅケ
ぬか袋	ヌカブクロ
ぬか雨	ヌカアメ
ぬき出す	ヌキダス
ぬき足	ヌキアシ
ぬぐい去る	ヌグイサル
ぬぐい取る	ヌグイトル
ぬけ出す	ヌケダス
ぬすみ聞き	ヌスミギキ
ぬめ革	ヌメカワ
ぬり絵	ヌリエ
ぬり重ねる	ヌリカサネル
ぬるま湯	ヌルマユ
ぬる燗	ヌルカン
ぬれ光る	ヌレヒカル
ぬれ場	ヌレバ
ぬれ手	ヌレテ
ぬれ縁	ヌレエン
ぬれ色	ヌレイロ
ねぎ坊主	ネギボウズ
ねぎ焼き	ネギヤキ
ねこ耳	ネコミミ
ねじり上げる	ネジリアゲル
ねじ上げる	ネジアゲル
ねじ伏せる	ネジフセル
ねじ切り	ネジキリ
ねじ切る	ネジキル
ねじ向ける	ネジムケル
ねじ回し	ネジマワシ
ねじ山	ネジヤマ
ねじ曲がる	ネジマガル
ねじ曲げる	ネジマゲル
ねじ止め	ネジドメ
ねじ花	ネジバナ
ねじ込む	ネジコム
ねじ釘	ネジクギ
ねずみ取り	ネズミトリ
ねずみ捕り	ネズミトリ
ねずみ色	ネズミイロ
ねずみ講	ネズミコウ
ねた切れ	ネタギレ
ねつ造	ネツゾウ
ねばり強い	ネバリヅヨイ
ねぶた祭り	ネブタマツリ
ねめ回す	ネメマワス
ねらい打つ	ネライウツ
ねらい撃ち	ネライウチ
ねらい撃つ	ネライウツ
ねらい目	ネライメ
ねり合わせる	ネリアワセル
ねり歩く	ネリアルク
ねり粉	ネリコ
ねん出	ネンシュツ
のう胞	ノウホウ
のけ反る	ノケゾル
のけ者	ノケモノ
のこぎり草	ノコギリソウ
のし上がる	ノシアガル
のし上げる	ノシアゲル
のし掛かる	ノシカカル
のし板	ノシイタ
のし棒	ノシボウ
のし歩く	ノシアルク
のし紙	ノシガミ
のし袋	ノシブクロ
のし餅	ノシモチ
のぞき穴	ノゾキアナ
のぞき窓	ノゾキマド
のぞき見	ノゾキミ
のぞき見る	ノゾキミル
のぞき込む	ノゾキコム
のたうち回る	ノタウチマワル
のたれ死に	ノタレジニ
のたれ死ぬ	ノタレジヌ
のど仏	ノドボトケ
のど元	ノドモト
のど笛	ノドブエ
のど越し	ノドゴシ
のど飴	ノドアメ
のど首	ノドクビ
ののしり言葉	ノノシリコトバ
のび上がる	ノビアガル
のび縮み	ノビチヂミ
のべ竿	ノベザオ
のぼせ上がる	ノボセアガル
のぼせ上る	ノボセアガル
のぼり坂	ノボリザカ
のぼり詰める	ノボリツメル
のみの市	ノミノイチ
のみ込み	ノミコミ
のみ込む	ノミコム
のめり込む	ノメリコム
のら犬	ノライヌ
のら猫	ノラネコ
のりもの券	ノリモノケン
のり出す	ノリダス
のり巻き	ノリマキ
のり張り	ノリバリ
のり気	ノリキ
のれん代	ノレンダイ
のろけ話	ノロケバナシ
のろ鹿	ノロジカ
のん気	ノンキ
はいずり回る	ハイズリマワル
はい上がる	ハイアガル
はい出す	ハイダス
はい出る	ハイデル
はい回る	ハイマワル
はい帳	ハイチョウ
はい芽	ハイガ
はえ座	ハエザ
はえ縄	ハエナワ
はかり知る	ハカリシル
はがれ落ちる	ハガレオチル
はき捨てる	ハキステル
はき替える	ハキカエル
はき物	ハキモノ
はき違える	ハキチガエル
はぎ取り	ハギトリ
はぎ取る	ハギトル
はぎ合わせる	ハギアワセル
はくちょう座	ハクチョウザ
はく奪	ハクダツ
はく製	ハクセイ
はく離	ハクリ
はぐれ者	ハグレモノ
はけ塗り	ハケヌリ
はげ上がる	ハゲアガル
はげ山	ハゲヤマ
はげ落ちる	ハゲオチル
はげ頭	ハゲアタマ
はさみ切る	ハサミキル
はさみ込む	ハサミコム
はしご段	ハシゴダン
はしご車	ハシゴシャ
はしご酒	ハシゴザケ
はした金	ハシタガネ
はしゃぎ声	ハシャギゴエ
はし箱	ハシバコ
はじき出す	ハジキダス
はじき音	ハジキオン
はじき飛ばす	ハジキトバス
はじけ飛ぶ	ハジケトブ
はす向い	ハスムカイ
はす向かい	ハスムカイ
はせ参じる	ハセサンジル
はたき込み	ハタキコミ
はた目	ハタメ
はだか麦	ハダカムギ
はだ色	ハダイロ
はちの巣	ハチノス
はちぶんぎ座	ハチブンギザ
はち切れる	ハチキレル
はち蜜	ハチミツ
はっ倒す	ハッタオス
はっ水	ハッスイ
はっ酵	ハッコウ
はと座	ハトザ
はと派	ハトハ
はと目	ハトメ
はと胸	ハトムネ
はと麦	ハトムギ
はなし家	ハナシカ
はなれ技	ハナレワザ
はな垂らし	ハナタラシ
はな垂れ	ハナタレ
はな水	ハナミズ
はにかみ屋	ハニカミヤ
はね上がる	ハネアガル
はね上げる	ハネアゲル
はね橋	ハネバシ
はね返す	ハネカエス
はね返り	ハネカエリ
はね返る	ハネカエル
はね退ける	ハネノケル
はね除ける	ハネノケル
はね飛ばす	ハネトバス
はまり役	ハマリヤク
はまり込む	ハマリコム
はみ出し	ハミダシ
はみ出す	ハミダス
はみ出る	ハミデル
はめ撮り	ハメドリ
はめ板	ハメイタ
はめ込み	ハメコミ
はめ込む	ハメコム
はやし方	ハヤシカタ
はやし立てる	ハヤシタテル
はやし言葉	ハヤシコトバ
はやし詞	ハヤシコトバ
はやりっ子	ハヤリッコ
はやり廃り	ハヤリスタリ
はやり歌	ハヤリウタ
はやり目	ハヤリメ
はやり立つ	ハヤリタツ
はやり風邪	ハヤリカゼ
はらい清める	ハライキヨメル
はり付け	ハリツケ
はり倒す	ハリタオス
はり出す	ハリダス
はり合わせる	ハリアワセル
はり紙	ハリガミ
はり込む	ハリコム
はれ物	ハレモノ
はんこ注射	ハンコチュウシャ
はん濫	ハンラン
は種	ハシュ
は虫類	ハチュウルイ
は行	ハギョウ
ばい煙	バイエン
ばい菌	バイキン
ばい貝	バイガイ
ばか力	バカヂカラ
ばか笑い	バカワライ
ばか騒ぎ	バカサワギ
ばく大	バクダイ
ばく然	バクゼン
ばく進	バクシン
ばた足	バタアシ
ばつ一	バツイチ
ばつ印	バツジルシ
ばね仕掛け	バネジカケ
ばね指	バネユビ
ばば抜き	ババヌキ
ばら売り	バラウリ
ばら撒き	バラマキ
ばら撒く	バラマク
ばら積	バラヅミ
ばら肉	バラニク
ばら色	バライロ
ばら蒔き	バラマキ
ばら蒔く	バラマク
ばら銭	バラセン
ひいき目	ヒイキメ
ひかえ目	ヒカエメ
ひが目	ヒガメ
ひき上げる	ヒキアゲル
ひき入れる	ヒキイレル
ひき割り	ヒキワリ
ひき止める	ヒキトメル
ひき殺す	ヒキコロス
ひき算	ヒキザン
ひき続く	ヒキツヅク
ひき肉	ヒキニク
ひき臼	ヒキウス
ひき起こす	ヒキオコス
ひき起す	ヒキオコス
ひき込む	ヒキコム
ひき逃げ	ヒキニゲ
ひけ目	ヒケメ
ひげ剃り	ヒゲソリ
ひげ根	ヒゲネ
ひげ面	ヒゲヅラ
ひこ孫	ヒコマゴ
ひさし髪	ヒサシガミ
ひざ丈	ヒザタケ
ひざ下	ヒザシタ
ひざ元	ヒザモト
ひざ掛け	ヒザカケ
ひざ裏	ヒザウラ
ひざ詰め	ヒザヅメ
ひざ蹴り	ヒザゲリ
ひし形	ヒシガタ
ひし餅	ヒシモチ
ひじ当て	ヒジアテ
ひじ打ち	ヒジウチ
ひじ掛け	ヒジカケ
ひじ枕	ヒジマクラ
ひじ鉄	ヒジテツ
ひずみ計	ヒズミケイ
ひた謝り	ヒタアヤマリ
ひた隠し	ヒタカクシ
ひだ襟	ヒダエリ
ひっそり閑	ヒッソリカン
ひっ捕える	ヒットラエル
ひっ捕まえる	ヒッツカマエル
ひっ捕らえる	ヒットラエル
ひっ算	ヒッサン
ひっ迫	ヒッパク
ひつじ年	ヒツジドシ
ひとっ飛び	ヒトットビ
ひとつ覚え	ヒトツオボエ
ひとりっ子	ヒトリッコ
ひとり勝ち	ヒトリガチ
ひとり占い	ヒトリウラナイ
ひとり占め	ヒトリジメ
ひとり娘	ヒトリムスメ
ひとり子	ヒトリゴ
ひとり寝	ヒトリネ
ひとり息子	ヒトリムスコ
ひとり旅	ヒトリタビ
ひとり暮し	ヒトリグラシ
ひとり暮らし	ヒトリグラシ
ひとり歩き	ヒトリアルキ
ひとり決め	ヒトリギメ
ひとり相撲	ヒトリズモウ
ひとり立ち	ヒトリダチ
ひとり芝居	ヒトリシバイ
ひとり親	ヒトリオヤ
ひとり言	ヒトリゴト
ひとり遊び	ヒトリアソビ
ひと事	ヒトゴト
ひと休み	ヒトヤスミ
ひと口	ヒトクチ
ひと味	ヒトアジ
ひと回り	ヒトマワリ
ひと夏	ヒトナツ
ひと安心	ヒトアンシン
ひと寝入り	ヒトネイリ
ひと思い	ヒトオモイ
ひと息	ヒトイキ
ひと手間	ヒトテマ
ひと抱え	ヒトカカエ
ひと握り	ヒトニギリ
ひと昔	ヒトムカシ
ひと時	ヒトトキ
ひと暴れ	ヒトアバレ
ひと月	ヒトツキ
ひと泡	ヒトアワ
ひと泳ぎ	ヒトオヨギ
ひと目	ヒトメ
ひと眠り	ヒトネムリ
ひと筋	ヒトスジ
ひと結び	ヒトムスビ
ひと続き	ヒトツヅキ
ひと肌	ヒトハダ
ひと言	ヒトコト
ひと足	ヒトアシ
ひと通り	ヒトトオリ
ひと際	ヒトキワ
ひと雨	ヒトアメ
ひなた水	ヒナタミズ
ひな人形	ヒナニンギョウ
ひな型	ヒナガタ
ひな壇	ヒナダン
ひな形	ヒナガタ
ひな歌	ヒナウタ
ひな祭り	ヒナマツリ
ひな菊	ヒナギク
ひな鳥	ヒナドリ
ひねくり回す	ヒネクリマワス
ひねくれ者	ヒネクレモノ
ひねり出す	ヒネリダス
ひねり回す	ヒネリマワス
ひねり殺す	ヒネリコロス
ひねり潰す	ヒネリツブス
ひのき舞台	ヒノキブタイ
ひび割れ	ヒビワレ
ひび割れる	ヒビワレル
ひまし油	ヒマシユ
ひも付き	ヒモツキ
ひょう変	ヒョウヘン
ひょう害	ヒョウガイ
ひょう柄	ヒョウガラ
ひょろ長い	ヒョロナガイ
ひよこ豆	ヒヨコマメ
ひよ鳥	ヒヨドリ
ひり出す	ヒリダス
ひれ伏す	ヒレフス
ひれ酒	ヒレザケ
ひろい読み	ヒロイヨミ
ひん剝く	ヒンムク
ひん剥く	ヒンムク
ひん曲がる	ヒンマガル
ひん曲げる	ヒンマゲル
ひん曲る	ヒンマガル
ひん死	ヒンシ
ひ弱	ヒヨワ
ひ弱い	ヒヨワイ
びしょ濡れ	ビショヌレ
びた一文	ビタイチモン
びっくり箱	ビックリバコ
びら配り	ビラクバリ
びん詰	ビンヅメ
びん詰め	ビンヅメ
ぴか一	ピカイチ
ぴり辛	ピリカラ
ぴん札	ピンサツ
ふうちょう座	フウチョウザ
ふかし芋	フカシイモ
ふき取る	フキトル
ふき掃除	フキソウジ
ふき替え	フキカエ
ふき込む	フキコム
ふくらし粉	フクラシコ
ふくれっ面	フクレッツラ
ふくれ上がる	フクレアガル
ふさぎ込む	フサギコム
ふし穴	フシアナ
ふすま絵	フスマエ
ふたご座	フタゴザ
ふた付き	フタツキ
ふた子	フタゴ
ふた手	フタテ
ふた物	フタモノ
ふっ切れる	フッキレル
ふっ素	フッソ
ふっ飛ばす	フットバス
ふっ飛ぶ	フットブ
ふて寝	フテネ
ふて腐れ	フテクサレ
ふて腐れる	フテクサレル
ふところ手	フトコロデ
ふり上げる	フリアゲル
ふり乱す	フリミダス
ふり仮名	フリガナ
ふり分ける	フリワケル
ふり切る	フリキル
ふり落とす	フリオトス
ふり返る	フリカエル
ふるい分ける	フルイワケル
ふるい立つ	フルイタツ
ふるい落す	フルイオトス
ふるい落とす	フルイオトス
ふるい起こす	フルイオコス
ふるえ声	フルエゴエ
ふるえ音	フルエオン
ふる里	フルサト
ふれ合い	フレアイ
ふれ回る	フレマワル
ふろ場	フロバ
ふんどし担ぎ	フンドシカツギ
ふん尿	フンニョウ
ふん捕まえる	フンヅカマエル
ふん捕まる	フンヅカマル
ふん縛る	フンジバル
ふん詰まり	フンヅマリ
ふ入り	フイリ
ふ化	フカ
ふ卵	フラン
ふ頭	フトウ
ぶち上げる	ブチアゲル
ぶち壊し	ブチコワシ
ぶち壊す	ブチコワス
ぶち当たる	ブチアタル
ぶち抜き	ブチヌキ
ぶち抜く	ブチヌク
ぶち撒ける	ブチマケル
ぶち殺す	ブチコロス
ぶち込む	ブチコム
ぶっきら棒	ブッキラボウ
ぶっこ抜く	ブッコヌク
ぶった切る	ブッタギル
ぶった斬る	ブッタギル
ぶっち切り	ブッチギリ
ぶっ倒す	ブッタオス
ぶっ倒れる	ブッタオレル
ぶっ切る	ブッキル
ぶっ叩く	ブッタタク
ぶっ壊す	ブッコワス
ぶっ掛け	ブッカケ
ぶっ掛ける	ブッカケル
ぶっ放す	ブッパナス
ぶっ殺す	ブッコロス
ぶっ潰す	ブッツブス
ぶっ続け	ブッツヅケ
ぶっ込み	ブッコミ
ぶっ込む	ブッコム
ぶっ通し	ブットオシ
ぶっ違い	ブッチガイ
ぶっ飛ばす	ブットバス
ぶっ飛び	ブットビ
ぶっ飛ぶ	ブットブ
ぶつかり合い	ブツカリアイ
ぶつ切り	ブツギリ
ぶどう糖	ブドウトウ
ぶどう酒	ブドウシュ
ぶぶ漬	ブブヅケ
ぶぶ漬け	ブブヅケ
ぶら下がり	ブラサガリ
ぶら下がる	ブラサガル
ぶら下げる	ブラサゲル
ぶり返す	ブリカエス
ぶん回し	ブンマワシ
ぶん回す	ブンマワス
ぶん投げる	ブンナゲル
ぶん殴る	ブンナグル
ぶ然	ブゼン
へい死	ヘイシ
へき地	ヘキチ
へぎ板	ヘギイタ
へし折る	ヘシオル
へし折れる	ヘシオレル
へし曲げる	ヘシマゲル
へその緒	ヘソノオ
へそ曲がり	ヘソマガリ
へそ曲り	ヘソマガリ
へたり込む	ヘタリコム
へちま水	ヘチマスイ
へな猪口	ヘナチョコ
へばり付く	ヘバリツク
へびつかい座	ヘビツカイザ
へび座	ヘビザ
へんとう腺	ヘントウセン
べか船	ベカブネ
べき乗	ベキジョウ
べた付く	ベタツク
べた塗り	ベタヌリ
べた惚れ	ベタボレ
べた書き	ベタガキ
べた焼き	ベタヤキ
べた組み	ベタグミ
べた足	ベタアシ
べた雪	ベタユキ
べっこう飴	ベッコウアメ
べったら漬	ベッタラヅケ
べったら漬け	ベッタラヅケ
べっ甲	ベッコウ
べら棒	ベラボウ
べん毛	ベンモウ
ぺてん師	ペテンシ
ぺんぺん草	ペンペングサ
ほうおう座	ホウオウザ
ほうき星	ホウキボシ
ほうじ茶	ホウジチャ
ほうり上げる	ホウリアゲル
ほうり出す	ホウリダス
ほうり投げる	ホウリナゲル
ほうり込む	ホウリコム
ほうれい線	ホウレイセン
ほうれん草	ホウレンソウ
ほう助	ホウジョ
ほう素	ホウソ
ほう酸	ホウサン
ほえ声	ホエゴエ
ほえ立てる	ホエタテル
ほえ面	ホエヅラ
ほお紅	ホオベニ
ほか弁	ホカベン
ほくそ笑む	ホクソエム
ほこ先	ホコサキ
ほじくり出す	ホジクリダス
ほじくり返す	ホジクリカエス
ほそ道	ホソミチ
ほぞ穴	ホゾアナ
ほっつき回る	ホッツキマワル
ほっつき歩く	ホッツキアルク
ほっぽり出す	ホッポリダス
ほつれ毛	ホツレゲ
ほつれ髪	ホツレガミ
ほとばしり出る	ホトバシリデル
ほど良く	ホドヨク
ほど近い	ホドチカイ
ほど遠い	ホドトオイ
ほの字	ホノジ
ほほえみ返す	ホホエミカエス
ほほ笑ましい	ホホエマシイ
ほほ笑み	ホホエミ
ほめ立てる	ホメタテル
ほめ言葉	ホメコトバ
ほら穴	ホラアナ
ほり出す	ホリダス
ほれ薬	ホレグスリ
ほれ込む	ホレコム
ほろほろ鳥	ホロホロチョウ
ほろ苦い	ホロニガイ
ほろ酔い	ホロヨイ
ほ乳	ホニュウ
ほ乳類	ホニュウルイ
ほ場	ホジョウ
ほ座	ホザ
ぼうえんきょう座	ボウエンキョウザ
ぼたん雪	ボタンユキ
ぼた山	ボタヤマ
ぼた餅	ボタモチ
ぼっ発	ボッパツ
ぼろ儲け	ボロモウケ
ぼろ切れ	ボロキレ
ぼろ勝ち	ボロガチ
ぼろ家	ボロヤ
ぼろ市	ボロイチ
ぼろ泣き	ボロナキ
ぼろ糞	ボロクソ
ぼろ負け	ボロマケ
ぽい捨て	ポイステ
ぽっくり病	ポックリビョウ
ぽっと出	ポットデ
まい進	マイシン
まかり出る	マカリデル
まかり越す	マカリコス
まかり通る	マカリトオル
まがい物	マガイモノ
まが玉	マガタマ
まき割り	マキワリ
まき散らす	マキチラス
まき絵	マキエ
まき網	マキアミ
まき起こす	マキオコス
まき込む	マキコム
まき餌	マキエ
まくし上げる	マクシアゲル
まくし立てる	マクシタテル
まくら投げ	マクラナゲ
まくり上げる	マクリアゲル
まくれ上がる	マクレアガル
まぐれ当たり	マグレアタリ
まげ物	マゲモノ
まさ目	マサメ
まじめ腐る	マジメクサル
ます目	マスメ
まぜ書き	マゼガキ
まぜ物	マゼモノ
まぜ返す	マゼカエス
また擦れ	マタズレ
また聞き	マタギキ
また貸し	マタガシ
まち針	マチバリ
まっただ中	マッタダナカ
まっ先	マッサキ
まっ昼間	マッピルマ
まっ暗	マックラ
まっ白	マッシロ
まっ裸	マッパダカ
まっ赤	マッカ
まっ青	マッサオ
まっ黒	マックロ
まっ黒い	マックロイ
まつり縫い	マツリヌイ
まつ毛	マツゲ
まとい付く	マトイツク
まとめ上げる	マトメアゲル
まとめ役	マトメヤク
まとめ買い	マトメガイ
まな娘	マナムスメ
まな板	マナイタ
まね事	マネゴト
まま親	ママオヤ
まゆ墨	マユズミ
まゆ毛	マユゲ
まる出し	マルダシ
まる聞こえ	マルギコエ
まる見え	マルミエ
まろび出る	マロビデル
まわし打ち	マワシウチ
まわし者	マワシモノ
まわし飲み	マワシノミ
まわり道	マワリミチ
まんが喫茶	マンガキッサ
まんが家	マンガカ
まん中	マンナカ
まん丸	マンマル
まん前	マンマエ
まん延	マンエン
まん延防止等重点措置	マンエンボウシトウジュウテンソチ
まん毛	マンゲ
まん防	マンボウ
ま上	マウエ
ま行	マギョウ
みかじめ料	ミカジメリョウ
みじん切り	ミジンギリ
みずがめ座	ミズガメザ
みずへび座	ミズヘビザ
みず菜	ミズナ
みそか事	ミソカゴト
みそ汁	ミソシル
みぞれ鍋	ミゾレナベ
みだれ髪	ミダレガミ
みつ豆	ミツマメ
みどりの日	ミドリノヒ
みどり色	ミドリイロ
みなし子	ミナシゴ
みなし残業	ミナシザンギョウ
みなみじゅうじ座	ミナミジュウジザ
みなみのうお座	ミナミノウオザ
みなみのかんむり座	ミナミノカンムリザ
みなみのさんかく座	ミナミノサンカクザ
みな殺し	ミナゴロシ
みの虫	ミノムシ
みみず腫れ	ミミズバレ
みやげもの屋	ミヤゲモノヤ
みやげ品	ミヤゲヒン
みやげ屋	ミヤゲヤ
みやげ店	ミヤゲテン
みやげ物屋	ミヤゲモノヤ
みやげ物店	ミヤゲモノテン
みやげ話	ミヤゲバナシ
みる貝	ミルガイ
みんみん蝉	ミンミンゼミ
み堂	ミドウ
み霊	ミタマ
み魂	ミタマ
むかし話	ムカシバナシ
むかっ腹	ムカッパラ
むき出し	ムキダシ
むき出す	ムキダス
むき玉子	ムキタマゴ
むき直る	ムキナオル
むき身	ムキミ
むく毛	ムクゲ
むく犬	ムクイヌ
むさぼり読む	ムサボリヨム
むさぼり食う	ムサボリクウ
むさ苦しい	ムサクルシイ
むしゃぶり付く	ムシャブリツク
むしり取る	ムシリトル
むし歯	ムシバ
むず痒い	ムズガユイ
むせび泣き	ムセビナキ
むせび泣く	ムセビナク
むせ返る	ムセカエル
むだ口	ムダグチ
むだ吠え	ムダボエ
むだ毛	ムダゲ
むだ話	ムダバナシ
むだ骨	ムダボネ
むち打ち	ムチウチ
むち打つ	ムチウツ
むつ言	ムツゴト
むね肉	ムネニク
むら消え	ムラギエ
めい想	メイソウ
めかし込む	メカシコム
めくり札	メクリフダ
めくれ上がる	メクレアガル
めぐり合い	メグリアイ
めぐり合せ	メグリアワセ
めぐり合わせ	メグリアワセ
めぐり逢い	メグリアイ
めし屋	メシヤ
めじろ押し	メジロオシ
めった打ち	メッタウチ
めり張り	メリハリ
めり込む	メリコム
めん棒	メンボウ
めん羊	メンヨウ
もうけ口	モウケグチ
もうけ物	モウケモノ
もうけ話	モウケバナシ
もう先	モウセン
もえ出る	モエデル
もえ立つ	モエタツ
もがき苦しむ	モガキクルシム
もぎ取る	モギトル
もぎ立て	モギタテ
もく拾い	モクヒロイ
もぐり込む	モグリコム
もたせ掛ける	モタセカケル
もたれ合い	モタレアイ
もたれ掛かる	モタレカカル
もちの木	モチノキ
もち合わせ	モチアワセ
もち寄る	モチヨル
もち米	モチゴメ
もち粉	モチコ
もち肌	モチハダ
もち菓子	モチガシ
もっての外	モッテノホカ
もつれ込む	モツレコム
もつ焼き	モツヤキ
もつ煮	モツニ
もつ鍋	モツナベ
もて余す	モテアマス
もて囃す	モテハヤス
もて映やす	モテハヤス
もて遊ぶ	モテアソブ
もの乞い	モノゴイ
もの分かり	モノワカリ
もの好き	モノズキ
もの寂しい	モノサビシイ
もの思い	モノオモイ
もの恐ろしい	モノオソロシイ
もの悲しい	モノガナシイ
もの憂い	モノウイ
もの書き	モノカキ
もの柔らか	モノヤワラカ
もの淋しい	モノサビシイ
もの狂おしい	モノグルオシイ
もの珍しい	モノメズラシイ
もの知り	モノシリ
もの覚え	モノオボエ
もの静か	モノシズカ
もみじ狩り	モミジガリ
もみ上げ	モミアゲ
もみ出す	モミダス
もみ合い	モミアイ
もみ手	モミデ
もみ殻	モミガラ
もみ洗い	モミアライ
もみ海苔	モミノリ
もみ消し	モミケシ
もみ消す	モミケス
もみ込む	モミコム
もめ事	モメゴト
もも上げ	モモアゲ
もも引き	モモヒキ
もも肉	モモニク
もも色	モモイロ
もやい綱	モヤイヅナ
もやしっ子	モヤシッコ
もらい受ける	モライウケル
もらい子	モライゴ
もらい手	モライテ
もらい泣き	モライナキ
もらい火	モライビ
もらい笑い	モライワライ
もり立てる	モリタテル
もり蕎麦	モリソバ
もれ聞く	モレキク
もろ出し	モロダシ
もろ刃	モロハ
もろ差し	モロザシ
もろ肌	モロハダ
やかまし屋	ヤカマシヤ
やぎ座	ヤギザ
やけっ腹	ヤケッパラ
やけ酒	ヤケザケ
やけ食い	ヤケグイ
やじ馬	ヤジウマ
やせ型	ヤセガタ
やせ形	ヤセガタ
やせ細る	ヤセホソル
やせ衰える	ヤセオトロエル
やせ馬	ヤセウマ
やっちゃ場	ヤッチャバ
やつ当たり	ヤツアタリ
やに下がる	ヤニサガル
やぶ医者	ヤブイシャ
やぶ蛇	ヤブヘビ
やまと絵	ヤマトエ
やまねこ座	ヤマネコザ
やまぶき色	ヤマブキイロ
やみ夜	ヤミヨ
やみ屋	ヤミヤ
やみ米	ヤミゴメ
やみ討ち	ヤミウチ
やもめ暮らし	ヤモメグラシ
やりがい搾取	ヤリガイサクシュ
やり取り	ヤリトリ
やり口	ヤリクチ
やり場	ヤリバ
やり手	ヤリテ
やり投	ヤリナゲ
やり投げ	ヤリナゲ
やり方	ヤリカタ
やり残し	ヤリノコシ
やり残す	ヤリノコス
やり水	ヤリミズ
やり玉	ヤリダマ
やり甲斐	ヤリガイ
やり直し	ヤリナオシ
やり直す	ヤリナオス
やり繰り	ヤリクリ
やり込める	ヤリコメル
やり返す	ヤリカエス
やり逃げ	ヤリニゲ
やり遂げる	ヤリトゲル
やり過ぎ	ヤリスギ
やり過ごす	ヤリスゴス
やり過す	ヤリスゴス
やる気	ヤルキ
や座	ヤザ
や行	ヤギョウ
ゆう活	ユウカツ
ゆすり取る	ユスリトル
ゆずり受ける	ユズリウケル
ゆず湯	ユズユ
ゆで卵	ユデタマゴ
ゆで汁	ユデジル
ゆで海老	ユデエビ
ゆで玉子	ユデタマゴ
ゆで麺	ユデメン
ゆとり世代	ユトリセダイ
ゆりの木	ユリノキ
ゆり動かす	ユリウゴカス
ゆれ動く	ユレウゴク
よう素	ヨウソ
よがり声	ヨガリゴエ
よこ糸	ヨコイト
よじ上る	ヨジノボル
よじ昇る	ヨジノボル
よじ登る	ヨジノボル
よせ集める	ヨセアツメル
よそ事	ヨソゴト
よそ目	ヨソメ
よそ見	ヨソミ
よび戻す	ヨビモドス
よみ解く	ヨミトク
よもぎ餅	ヨモギモチ
よもやま話	ヨモヤマバナシ
より分ける	ヨリワケル
より合わせる	ヨリアワセル
より好み	ヨリゴノミ
より所	ヨリドコロ
より抜き	ヨリヌキ
より糸	ヨリイト
よろい戸	ヨロイド
よろい板	ヨロイイタ
よろず屋	ヨロズヤ
らい病	ライビョウ
らい菌	ライキン
らい落	ライラク
らく印	ラクイン
らしんばん座	ラシンバンザ
らせん状	ラセンジョウ
らん用	ランヨウ
ら抜き	ラヌキ
ら行	ラギョウ
りつ然	リツゼン
りゅうこつ座	リュウコツザ
りゅう座	リュウザ
りょうけん座	リョウケンザ
りょう線	リョウセン
りんご病	リンゴビョウ
りん病	リンビョウ
り患	リカン
り災	リサイ
れん縮	レンシュク
ろう人形	ロウニンギョウ
ろう付け	ロウヅケ
ろう学校	ロウガッコウ
ろう者	ロウシャ
ろくぶんぎ座	ロクブンギザ
ろくろ首	ロクロクビ
ろ座	ロザ
ろ材	ロザイ
ろ液	ロエキ
ろ紙	ロシ
ろ過	ロカ
ろ過器	ロカキ
わい化	ワイカ
わい小	ワイショウ
わい曲	ワイキョク
わかち持つ	ワカチモツ
わかれ道	ワカレミチ
わが社	ワガシャ
わが輩	ワガハイ
わきの下	ワキノシタ
わき上がる	ワキアガル
わき出す	ワキダス
わき出る	ワキデル
わき役	ワキヤク
わき水	ワキミズ
わき目	ワキメ
わき腹	ワキバラ
わき芽	ワキメ
わき見	ワキミ
わき起こる	ワキオコル
わき道	ワキミチ
わくら葉	ワクラバ
わさび大根	ワサビダイコン
わさび漬け	ワサビヅケ
わし座	ワシザ
わし鼻	ワシバナ
わび入る	ワビイル
わび状	ワビジョウ
わび言	ワビゴト
わめき声	ワメキゴエ
わめき散らす	ワメキチラス
わめき立てる	ワメキタテル
わらじ虫	ワラジムシ
わらじ銭	ワラジセン
わらび粉	ワラビコ
わらび餅	ワラビモチ
わらべ唄	ワラベウタ
わらべ歌	ワラベウタ
わら半紙	ワラバンシ
わら塚	ワラヅカ
わら屋根	ワラヤネ
わら布団	ワラブトン
わら灰	ワラバイ
わら紙	ワラガミ
わり算	ワリザン
わり込む	ワリコム
われ鐘	ワレガネ
わん曲	ワンキョク
わ行	ワギョウ
アイルランド人	アイルランドジン
アイロン台	アイロンダイ
アオイ科	アオイカ
アカウント名	アカウントメイ
アカ狩り	アカガリ
アクセス時間	アクセスジカン
アクセス権	アクセスケン
アクセス禁止	アクセスキンシ
アク禁	アクキン
アケビ科	アケビカ
アジア救済連盟	アジアキュウサイレンメイ
アジサイ科	アジサイカ
アジャイル開発	アジャイルカイハツ
アセチル基	アセチルキ
アドレス帳	アドレスチョウ
アナログ計算機	アナログケイサンキ
アハ体験	アハタイケン
アフリカ人	アフリカジン
アブク銭	アブクゼニ
アホ毛	アホゲ
アメリカ人	アメリカジン
アメリカ英語	アメリカエイゴ
アメ細工	アメザイク
アメ車	アメシャ
アヤメ科	アヤメカ
アラビア数字	アラビアスウジ
アラブ人	アラブジン
アラ探し	アラサガシ
アラ煮	アラニ
アリ塚	アリヅカ
アルカリ性	アルカリセイ
アルコール中毒	アルコールチュウドク
アルコール飲料	アルコールインリョウ
アルゼンチン人	アルゼンチンジン
アルバイト先	アルバイトサキ
アルファベット順	アルファベットジュン
アルファ線	アルファセン
アルミ箔	アルミハク
アルミ缶	アルミカン
アルミ製	アルミセイ
アルメニア人	アルメニアジン
アル中	アルチュウ
アレルギー性	アレルギーセイ
アンドロメダ座	アンドロメダザ
アンモニア水	アンモニアスイ
アーク灯	アークトウ
アー写	アーシャ
ア段	アダン
ア然	アゼン
ア行	アギョウ
イオン化	イオンカ
イカ墨	イカスミ
イカ焼き	イカヤキ
イギリス人	イギリスジン
イギリス英語	イギリスエイゴ
イグサ科	イグサカ
イケ面	イケメン
イスラム教	イスラムキョウ
イスラム暦	イスラムレキ
イタイイタイ病	イタイイタイビョウ
イタチの最後っ屁	イタチノサイゴッペ
イタリア人	イタリアジン
イタリア料理	イタリアリョウリ
イタリア語	イタリアゴ
イタリア車	イタリアシャ
イタ車	イタシャ
イタ電	イタデン
イタ飯	イタメシ
イヌ科	イヌカ
イネ科	イネカ
イメージ図	イメージズ
イメージ検索	イメージケンサク
イモ畑	イモバタケ
イモ虫	イモムシ
イラブー汁	イラブージル
イラン人	イランジン
イングランド人	イングランドジン
インゲン豆	インゲンマメ
インターネット広告	インターネットコウコク
インターネット放送	インターネットホウソウ
インターネット選挙	インターネットセンキョ
インディアン座	インディアンザ
インドネシア人	インドネシアジン
インド人	インドジン
イ族	イゾク
イ段	イダン
イ草	イグサ
イ長調	イチョウチョウ
イ音便	イオンビン
ウイルス対策ソフト	ウイルスタイサクソフト
ウイルス性	ウイルスセイ
ウキ釣り	ウキヅリ
ウグイス嬢	ウグイスジョウ
ウグイス色	ウグイスイロ
ウケ狙い	ウケネライ
ウジ虫	ウジムシ
ウソ泣き	ウソナキ
ウツ病	ウツビョウ
ウナギ上り	ウナギノボリ
ウナギ昇り	ウナギノボリ
ウナギ登り	ウナギノボリ
ウニ丼	ウニドン
ウラ側	ウラガワ
ウラ技	ウラワザ
ウリ科	ウリカ
ウルシ科	ウルシカ
ウルドゥー語	ウルドゥーゴ
ウロ覚え	ウロオボエ
ウ冠	ウカンムリ
ウ段	ウダン
ウ音便	ウオンビン
エキス剤	エキスザイ
エグ味	エグミ
エゴノキ科	エゴノキカ
エサ箱	エサバコ
エジプト人	エジプトジン
エジプト文明	エジプトブンメイ
エックス線	エックスセン
エテ公	エテコウ
エトルリア人	エトルリアジン
エネルギー源	エネルギーゲン
エボラ出血熱	エボラシュッケツネツ
エラ呼吸	エラコキュウ
エラ蓋	エラブタ
エリダヌス座	エリダヌスザ
エンゲル係数	エンゲルケイスウ
エン麦	エンバク
エ段	エダン
オオバコ科	オオバコカ
オス犬	オスイヌ
オス猫	オスネコ
オゾン層	オゾンソウ
オトギリソウ科	オトギリソウカ
オフショア開発	オフショアカイハツ
オフ会	オフカイ
オブジェクト指向	オブジェクトシコウ
オミクロン株	オミクロンカブ
オメガ航法	オメガコウホウ
オモチャ箱	オモチャバコ
オヤジ狩り	オヤジガリ
オランダ人	オランダジン
オリオン座	オリオンザ
オリーブ油	オリーブユ
オリーブ色	オリーブイロ
オレオレ詐欺	オレオレサギ
オンライン授業	オンラインジュギョウ
オーストラリア人	オーストラリアジン
オートマチック車	オートマチックシャ
オートマ車	オートマシャ
オープン価格	オープンカカク
オープン化	オープンカ
オープン戦	オープンセン
オール電化	オールデンカ
オ段	オダン
カイワレ大根	カイワレダイコン
カエデ科	カエデカ
カキノキ科	カキノキカ
カキ氷	カキゴオリ
カギ括弧	カギカッコ
カギ爪	カギヅメ
カギ穴	カギアナ
カシオペヤ座	カシオペヤザ
カスタマイズ性	カスタマイズセイ
カタン糸	カタンイト
カチ割る	カチワル
カツオ節	カツオブシ
カツラ科	カツラカ
カツ丼	カツドン
カツ重	カツジュウ
カテ違い	カテチガイ
カド番	カドバン
カナダ人	カナダジン
カニ歩き	カニアルキ
カニ缶	カニカン
カネミ油症	カネミユショウ
カネ使い	カネヅカイ
カネ払い	カネバライ
カバノキ科	カバノキカ
カバン持ち	カバンモチ
カビ臭い	カビクサイ
カブト虫	カブトムシ
カプセル化	カプセルカ
カメレオン座	カメレオンザ
カラス麦	カラスムギ
カラダ作り	カラダヅクリ
カラ売り	カラウリ
カラ焼き	カラヤキ
カリスマ的	カリスマテキ
カルメ焼き	カルメヤキ
カレー粉	カレーコ
カンフル剤	カンフルザイ
カ国	カコク
カ変	カヘン
カ年	カネン
カ所	カショ
カ月	カゲツ
カ氏	カシ
カ行	カギョウ
ガガイモ科	ガガイモカ
ガキ大将	ガキダイショウ
ガク片	ガクヘン
ガサ入れ	ガサイレ
ガス代	ガスダイ
ガス体	ガスタイ
ガス抜き	ガスヌキ
ガス栓	ガスセン
ガス灯	ガストウ
ガス管	ガスカン
ガス糸	ガスイト
ガソリン代	ガソリンダイ
ガタ落ち	ガタオチ
ガトリング砲	ガトリングホウ
ガトリング銃	ガトリングジュウ
ガニ股	ガニマタ
ガブ呑み	ガブノミ
ガブ飲み	ガブノミ
ガラスの天井	ガラスノテンジョウ
ガラスの崖	ガラスノガケ
ガラス瓶	ガラスビン
ガラス綿	ガラスメン
ガラス繊維	ガラスセンイ
ガラパゴス化	ガラパゴスカ
ガラパゴス携帯	ガラパゴスケイタイ
ガリ勉	ガリベン
ガリ版	ガリバン
ガンマ線	ガンマセン
ガン保険	ガンホケン
ガン化	ガンカ
ガ行	ガギョウ
キク科	キクカ
キジ猫	キジネコ
キツネの嫁入り	キツネノヨメイリ
キツネ狩り	キツネガリ
キツネ色	キツネイロ
キナ臭い	キナクサイ
キノコ雲	キノコグモ
キメ台詞	キメゼリフ
キメ顔	キメガオ
キャバ嬢	キャバジョウ
キャビネ判	キャビネバン
キャベツ巻き	キャベツマキ
キャンセル料	キャンセルリョウ
キャンセル料金	キャンセルリョウキン
キャンプ場	キャンプジョウ
キリスト教	キリストキョウ
キンポウゲ科	キンポウゲカ
キー局	キーキョク
キ印	キジルシ
ギックリ腰	ギックリゴシ
ギフト券	ギフトケン
ギョロ目	ギョロメ
ギリシャ人	ギリシャジン
ギ酸	ギサン
クォータ制	クォータセイ
クオータ制	クオータセイ
クジラ漁	クジラリョウ
クズ鉄	クズテツ
クセっ毛	クセッケ
クセッ毛	クセッケ
クセ毛	クセゲ
クラッシュ症候群	クラッシュショウコウグン
クラフト紙	クラフトシ
クリスマス休暇	クリスマスキュウカ
クリーニング屋	クリーニングヤ
クリーニング店	クリーニングテン
クルミ科	クルミカ
クレアチン燐酸	クレアチンリンサン
クレジットカード払い	クレジットカードバライ
クレジットカード決済	クレジットカードケッサイ
クレー射撃	クレーシャゲキ
クロアチア人	クロアチアジン
クロウメモドキ科	クロウメモドキカ
クロス集計	クロスシュウケイ
クロック数	クロックスウ
クワ科	クワカ
クーポン券	クーポンケン
グリーン券	グリーンケン
グリーン車	グリーンシャ
グローバル化	グローバルカ
ケイ石	ケイセキ
ケイ素	ケイソ
ケイ酸	ケイサン
ケガ人	ケガニン
ケシ科	ケシカ
ケシ粒	ケシツブ
ケタ外れ	ケタハズレ
ケタ違い	ケタチガイ
ケツ持ち	ケツモチ
ケフェウス座	ケフェウスザ
ケルト人	ケルトジン
ケンタウルス座	ケンタウルスザ
ケント紙	ケントシ
ケ国	カコク
ケ年	カネン
ケ所	カショ
ケ月	カゲツ
ゲタ箱	ゲタバコ
ゲテ物	ゲテモノ
ゲバ棒	ゲバボウ
ゲラ刷り	ゲラズリ
ゲーム化	ゲームカ
コウモリ傘	コウモリガサ
ココ椰子	ココヤシ
コスト削減	コストサクゲン
コソ泥	コソドロ
コック長	コックチョウ
コップ座	コップザ
コピー機	コピーキ
コピー用紙	コピーヨウシ
コマ割り	コマワリ
コマ回し	コママワシ
コマ落とし	コマオトシ
コマ送り	コマオクリ
コミュ障	コミュショウ
コミ出し	コミダシ
コメント欄	コメントラン
コリア人	コリアジン
コルク抜き	コルクヌキ
コルク栓	コルクセン
コロナ禍	コロナカ
コロンビア人	コロンビアジン
コンパス座	コンパスザ
コンビニ決済	コンビニケッサイ
コンピューター化	コンピューターカ
コンピューター援用設計	コンピューターエンヨウセッケイ
コール天	コールテン
ゴシック体	ゴシックタイ
ゴト師	ゴトシ
ゴネ得	ゴネドク
ゴマ塩	ゴマシオ
ゴマ油	ゴマアブラ
ゴミ出し	ゴミダシ
ゴミ屋敷	ゴミヤシキ
ゴミ屑	ゴミクズ
ゴミ拾い	ゴミヒロイ
ゴミ溜め	ゴミタメ
ゴミ箱	ゴミバコ
ゴミ袋	ゴミブクロ
ゴム印	ゴムイン
ゴム長	ゴムナガ
ゴム靴	ゴムグツ
ゴリ押し	ゴリオシ
ゴルフ場	ゴルフジョウ
ゴルフ場利用税	ゴルフジョウリヨウゼイ
サイの目	サイノメ
サイバー攻撃	サイバーコウゲキ
サイバー空間	サイバークウカン
サイン会	サインカイ
サッカー部	サッカーブ
サトイモ科	サトイモカ
サナダ虫	サナダムシ
サバ節	サバブシ
サビキ釣り	サビキヅリ
サビ抜き	サビヌキ
サビ残	サビザン
サビ落とし	サビオトシ
サラ金	サラキン
サル年	サルドシ
サル痘	サルトウ
サル顔	サルガオ
サンゴ礁	サンゴショウ
サンプリング周波数	サンプリングシュウハスウ
サービス付き高齢者向け住宅	サービスツキコウレイシャムケジュウタク
サービス料	サービスリョウ
サービス業	サービスギョウ
サービス残業	サービスザンギョウ
サービス終了	サービスシュウリョウ
サ変	サヘン
サ店	サテン
サ終	サシュウ
サ行	サギョウ
サ高住	サコウジュウ
ザラ場	ザラバ
ザラ紙	ザラガミ
ザ行	ザギョウ
シェリー酒	シェリーシュ
シジミ貝	シジミガイ
システム工学	システムコウガク
システム手帳	システムテチョウ
システム監査	システムカンサ
シソ科	シソカ
シミ取り	シミトリ
シミ抜き	シミヌキ
シャブ中	シャブチュウ
シャボン玉	シャボンダマ
シャワー室	シャワーシツ
シュウ酸	シュウサン
ショ糖	ショトウ
シリアル番号	シリアルバンゴウ
シリア人	シリアジン
シロップ剤	シロップザイ
シワ取り	シワトリ
シワ寄せ	シワヨセ
シーク教	シークキョウ
ジアゾ化	ジアゾカ
ジェット機	ジェットキ
ジェット気流	ジェットキリュウ
ジニ係数	ジニケイスウ
ジャガ芋	ジャガイモ
ジャケ写	ジャケシャ
ジャンボ機	ジャンボキ
ジリ貧	ジリヒン
ジンギスカン鍋	ジンギスカンナベ
ジンチョウゲ科	ジンチョウゲカ
スイカズラ科	スイカズラカ
スイカ割り	スイカワリ
スイス人	スイスジン
スウェーデン人	スウェーデンジン
スキマ時間	スキマジカン
スキー場	スキージョウ
スクリプト言語	スクリプトゲンゴ
スク水	スクミズ
スケート場	スケートジョウ
スケ番	スケバン
スゴ技	スゴワザ
スゴ腕	スゴウデ
スタイリング剤	スタイリングザイ
スタート地点	スタートチテン
スチール缶	スチールカン
ステイ先	ステイサキ
ストップ安	ストップヤス
ストップ高	ストップダカ
ストレス耐性	ストレスタイセイ
ストレス解消	ストレスカイショウ
ストレッチ体操	ストレッチタイソウ
スト権	ストケン
スト破り	ストヤブリ
スナック菓子	スナックガシ
スナック豌豆	スナックエンドウ
スナップ写真	スナップシャシン
スナップ豌豆	スナップエンドウ
スネ毛	スネゲ
スネ肉	スネニク
スパイ衛星	スパイエイセイ
スパルタ式	スパルタシキ
スピード感	スピードカン
スプレー缶	スプレーカン
スペイン人	スペインジン
スペイン語	スペインゴ
スポット広告	スポットコウコク
スポーツの日	スポーツノヒ
スポーツ大会	スポーツタイカイ
スポーツ庁	スポーツチョウ
スポーツ施設	スポーツシセツ
スポーツ紙	スポーツシ
スポ根	スポコン
スマホ首	スマホクビ
スミレ科	スミレカ
スラブ人	スラブジン
スラヴ人	スラヴジン
スレ違い	スレチガイ
スワップ取引	スワップトリヒキ
ズバ抜ける	ズバヌケル
ズブ濡れ	ズブヌレ
ズベ公	ズベコウ
ズボン下	ズボンシタ
ズリ山	ズリヤマ
ズル休み	ズルヤスミ
ズワイ蟹	ズワイガニ
セグメント化	セグメントカ
セスナ機	セスナキ
セミ時雨	セミシグレ
セリ科	セリカ
セルビア人	セルビアジン
セル画	セルガ
センリョウ科	センリョウカ
セーラー服	セーラーフク
セ氏	セシ
セ氏温度	セシオンド
ゼイ肉	ゼイニク
ソフト帽	ソフトボウ
ソロ活	ソロカツ
ソーシャル就活	ソーシャルシュウカツ
ソーダ水	ソーダスイ
ソー活	ソーカツ
ゾロ目	ゾロメ
タイ焼き	タイヤキ
タイ記録	タイキロク
タオル地	タオルジ
タカ派	タカハ
タクシー代	タクシーダイ
タコ壷	タコツボ
タコ壺	タコツボ
タコ焼	タコヤキ
タコ焼き	タコヤキ
タコ糸	タコイト
タコ足	タコアシ
タコ部屋	タコベヤ
タダ乗り	タダノリ
タダ働き	タダバタラキ
タダ飯	タダメシ
タデ科	タデカ
タヌキ顔	タヌキガオ
タバコ屋	タバコヤ
タブロイド判	タブロイドバン
タメ口	タメグチ
タレ乳	タレチチ
タレ目	タレメ
タレ込み	タレコミ
タレ込む	タレコム
タンス貯金	タンスチョキン
タンタン麺	タンタンメン
タンパク質	タンパクシツ
ターミナル駅	ターミナルエキ
ダイヤモンド婚式	ダイヤモンドコンシキ
ダウン症	ダウンショウ
ダウ平均	ダウヘイキン
ダウ平均株価	ダウヘイキンカブカ
ダフ屋	ダフヤ
ダミ声	ダミゴエ
ダムダム弾	ダムダムダン
ダム湖	ダムコ
ダメ元	ダメモト
ダ行	ダギョウ
チェコ人	チェコジン
チェック表	チェックヒョウ
チェーン店	チェーンテン
チケット代	チケットダイ
チャブ台	チャブダイ
チャリ通	チャリツウ
チャーター便	チャータービン
チョビ髭	チョビヒゲ
チョン掛け	チョンガケ
チラ見	チラミ
チラ見え	チラミエ
チンゲン菜	チンゲンサイ
ツケ打ち	ツケウチ
ツツジ科	ツツジカ
ツヅラフジ科	ツヅラフジカ
ツナ缶	ツナカン
ツバキ油	ツバキアブラ
ツバキ科	ツバキカ
ツブ貝	ツブガイ
ツメ跡	ツメアト
ツリ目	ツリメ
テキ屋	テキヤ
テコ入れ	テコイレ
テスト結果	テストケッカ
テラ銭	テラセン
テレビ会議	テレビカイギ
テレビ塔	テレビトウ
テレビ局	テレビキョク
テレ屋	テレヤ
テーブルさん座	テーブルサンザ
テーブル山座	テーブルサンザ
ディジタル署名	ディジタルショメイ
ディーゼル機関	ディーゼルキカン
デオキシリボ核酸	デオキシリボカクサン
デカ目	デカメ
デジタル庁	デジタルチョウ
デジタル監	デジタルカン
デジタル署名	デジタルショメイ
デフォルト値	デフォルトチ
デルタ株	デルタカブ
デング熱	デングネツ
デンマーク人	デンマークジン
データ分析	データブンセキ
データ化	データカ
トウダイグサ科	トウダイグサカ
トキ色	トキイロ
トチノキ科	トチノキカ
トビ口	トビグチ
トラック競技	トラックキョウギ
トラ年	トラドシ
トラ猫	トラネコ
トラ箱	トラバコ
トルコ人	トルコジン
トルコ帽	トルコボウ
トルコ玉	トルコダマ
トルコ石	トルコイシ
トルコ風呂	トルコブロ
トロロ芋	トロロイモ
トロール船	トロールセン
トロ箱	トロバコ
トントン拍子	トントンビョウシ
トンボ帰り	トンボガエリ
トンボ玉	トンボダマ
トンボ返り	トンボガエリ
ト書	トガキ
ト書き	トガキ
ト短調	トタンチョウ
ト長調	トチョウチョウ
ドイツ人	ドイツジン
ドイツ語	ドイツゴ
ドカ雪	ドカユキ
ドカ食い	ドカグイ
ドサ回り	ドサマワリ
ドサ廻り	ドサマワリ
ドシャ降り	ドシャブリ
ドス黒い	ドスグロイ
ドドメ色	ドドメイロ
ドブ川	ドブガワ
ドブ板	ドブイタ
ドヤ街	ドヤガイ
ドラム缶	ドラムカン
ドラ息子	ドラムスコ
ドリンク剤	ドリンクザイ
ドル建て	ドルダテ
ドル高	ドルダカ
ドロ沼	ドロヌマ
ドン引き	ドンビキ
ド忘れ	ドワスレ
ド級	ドキュウ
ド肝	ドギモ
ナイショ話	ナイショバナシ
ナシ狩り	ナシガリ
ナス科	ナスカ
ナノ秒	ナノビョウ
ナマズ髭	ナマズヒゲ
ナ変	ナヘン
ナ行	ナギョウ
ニカド電池	ニカドデンチ
ニキビ痕	ニキビアト
ニキビ跡	ニキビアト
ニシキギ科	ニシキギカ
ニッケルカドミウム電池	ニッケルカドミウムデンチ
ニッチ産業	ニッチサンギョウ
ニッパ椰子	ニッパヤシ
ニトロ化	ニトロカ
ニュージーランド人	ニュージーランドジン
ニレ科	ニレカ
ニ短調	ニタンチョウ
ニ長調	ニチョウチョウ
ヌメ革	ヌメカワ
ネカフェ難民	ネカフェナンミン
ネギ坊主	ネギボウズ
ネコ耳	ネコミミ
ネジ回し	ネジマワシ
ネジ山	ネジヤマ
ネジ止め	ネジドメ
ネジ釘	ネジクギ
ネズミ取り	ネズミトリ
ネズミ捕り	ネズミトリ
ネズミ科	ネズミカ
ネズミ色	ネズミイロ
ネズミ講	ネズミコウ
ネタ切れ	ネタギレ
ネタ帳	ネタチョウ
ネットカフェ難民	ネットカフェナンミン
ネットワーク機器	ネットワークキキ
ネット広告	ネットコウコク
ネット選挙	ネットセンキョ
ネット銀行	ネットギンコウ
ネッ友	ネットモ
ノド飴	ノドアメ
ノボタン科	ノボタンカ
ノミ取り	ノミトリ
ノミ屋	ノミヤ
ノラ猫	ノラネコ
ノリ気	ノリキ
ノルウェー人	ノルウェージン
ノロケ話	ノロケバナシ
ノー残業デー	ノーザンギョウデー
ノ木偏	ノギヘン
ハイブリッド車	ハイブリッドシャ
ハエ叩き	ハエタタキ
ハゲ山	ハゲヤマ
ハチの巣	ハチノス
ハチ合わせ	ハチアワセ
ハッカ油	ハッカユ
ハトロン紙	ハトロンシ
ハト派	ハトハ
ハト胸	ハトムネ
ハマり役	ハマリヤク
ハロー効果	ハローコウカ
ハンコ注射	ハンコチュウシャ
ハンセン病	ハンセンビョウ
ハ短調	ハタンチョウ
ハ行	ハギョウ
ハ長調	ハチョウチョウ
バイト代	バイトダイ
バイト先	バイトサキ
バイト敬語	バイトケイゴ
バイ菌	バイキン
バイ貝	バイガイ
バカ力	バカヂカラ
バカ笑い	バカワライ
バカ面	バカヅラ
バカ騒ぎ	バカサワギ
バスケットボール部	バスケットボールブ
バス代	バスダイ
バス停	バステイ
バス賃	バスチン
バズーカ砲	バズーカホウ
バセドー病	バセドービョウ
バタ足	バタアシ
バッチ処理	バッチショリ
ババ抜き	ババヌキ
バブル経済	バブルケイザイ
バラ売り	バラウリ
バラ科	バラカ
バラ窓	バラマド
バラ肉	バラニク
バラ色	バライロ
バラ銭	バラセン
バンド幅	バンドハバ
バ行	バギョウ
パイナップル科	パイナップルカ
パイプ役	パイプヤク
パキスタン人	パキスタンジン
パケ代	パケダイ
パステル画	パステルガ
パソ通	パソツウ
パチンコ玉	パチンコダマ
パチ屋	パチヤ
パップ剤	パップザイ
パナマ帽	パナマボウ
パパ休暇	パパキュウカ
パレート図	パレートズ
パン屋	パンヤ
パン生地	パンキジ
パン種	パンダネ
パン粉	パンコ
パーキンソンの法則	パーキンソンノホウソク
パーティー会場	パーティーカイジョウ
パーティー券	パーティーケン
パー券	パーケン
ヒット曲	ヒットキョク
ヒビ割れる	ヒビワレル
ヒマシ油	ヒマシユ
ヒマ人	ヒマジン
ヒユ科	ヒユカ
ヒョウ柄	ヒョウガラ
ヒラメ筋	ヒラメキン
ヒ素	ヒソ
ヒ酸	ヒサン
ビア樽	ビアダル
ビタミン剤	ビタミンザイ
ビタ一文	ビタイチモン
ビデオ会議	ビデオカイギ
ビニール傘	ビニールガサ
ビヤ樽	ビヤダル
ビラ配り	ビラクバリ
ビン詰め	ビンヅメ
ビープ音	ビープオン
ビール券	ビールケン
ビール瓶	ビールビン
ビー玉	ビーダマ
ピアノ三重奏	ピアノサンジュウソウ
ピラミッド型	ピラミッドガタ
ピリ辛	ピリカラ
ピンク色	ピンクイロ
ピン札	ピンサツ
ファックス番号	ファックスバンゴウ
ファミ通	ファミツウ
フィジー語	フィジーゴ
フィラリア病	フィラリアビョウ
フィリピン人	フィリピンジン
フィンランド人	フィンランドジン
フェルミ粒子	フェルミリュウシ
フッ化	フッカ
フッ素	フッソ
フッ酸	フッサン
フテ寝	フテネ
フライス盤	フライスバン
フランス人	フランスジン
フランス料理	フランスリョウリ
フランス語	フランスゴ
フリゲート艦	フリゲートカン
ブサ男	ブサオ
ブタ箱	ブタバコ
ブタ鼻	ブタバナ
ブチ抜く	ブチヌク
ブチ殺す	ブチコロス
ブチ込む	ブチコム
ブドウ糖	ブドウトウ
ブドウ酒	ブドウシュ
ブナ科	ブナカ
ブラウン管	ブラウンカン
ブラジル人	ブラジルジン
ブラック企業	ブラックキギョウ
ブラック会社	ブラックガイシャ
ブランド化	ブランドカ
ブランド米	ブランドマイ
ブロック化	ブロックカ
ブン屋	ブンヤ
ブン殴る	ブンナグル
ブ男	ブオトコ
プライバシー保護	プライバシーホゴ
プラス思考	プラスシコウ
プラ板	プラバン
プリント回路板	プリントカイロバン
プリント基板	プリントキバン
プレ金	プレキン
プロジェクト管理	プロジェクトカンリ
プール熱	プールネツ
ヘシ折る	ヘシオル
ヘチマ水	ヘチマスイ
ヘビー級	ヘビーキュウ
ヘビ柄	ヘビガラ
ヘルクレス座	ヘルクレスザ
ヘ短調	ヘタンチョウ
ヘ長調	ヘチョウチョウ
ベタ惚れ	ベタボレ
ベタ組み	ベタグミ
ベトナム人	ベトナムジン
ベトナム語	ベトナムゴ
ベニバナ油	ベニバナユ
ベニヤ板	ベニヤイタ
ベビー服	ベビーフク
ベンケイソウ科	ベンケイソウカ
ベンチャー企業	ベンチャーキギョウ
ベン図	ベンズ
ベータ線	ベータセン
ペガスス座	ペガススザ
ペテン師	ペテンシ
ペトリ皿	ペトリザラ
ペルシア人	ペルシアジン
ペルセウス座	ペルセウスザ
ペンキ屋	ペンキヤ
ペンペン草	ペンペングサ
ペン先	ペンサキ
ペースト状	ペーストジョウ
ホウケイ酸	ホウケイサン
ホウレン草	ホウレンソウ
ホウ砂	ホウシャ
ホウ素	ホウソ
ホウ酸	ホウサン
ホカ弁	ホカベン
ホコ天	ホコテン
ホゾ穴	ホゾアナ
ホテル代	ホテルダイ
ホラ吹き	ホラフキ
ホルモン剤	ホルモンザイ
ホロホロ鳥	ホロホロチョウ
ホワイト企業	ホワイトキギョウ
ホーソン実験	ホーソンジッケン
ホ短調	ホタンチョウ
ホ長調	ホチョウチョウ
ボケ味	ボケアジ
ボタン穴	ボタンアナ
ボタン雪	ボタンユキ
ボタ山	ボタヤマ
ボックス席	ボックスセキ
ボランティア活動	ボランティアカツドウ
ボルドー液	ボルドーエキ
ボロ儲け	ボロモウケ
ボロ切れ	ボロキレ
ボロ勝ち	ボロガチ
ボロ市	ボロイチ
ボロ泣き	ボロナキ
ボロ負け	ボロマケ
ボーダー柄	ボーダーガラ
ボール盤	ボールバン
ボール紙	ボールガミ
ポイ捨て	ポイステ
ポジティブ心理学	ポジティブシンリガク
ポチ袋	ポチブクロ
ポッと出	ポットデ
ポピュラー音楽	ポピュラーオンガク
ポリ塩化ビフェニル	ポリエンカビフェニル
ポリ袋	ポリブクロ
ポルトガル人	ポルトガルジン
ポルトガル語	ポルトガルゴ
ポル語	ポルゴ
ポンチ絵	ポンチエ
ポンプ座	ポンプザ
ポン柑	ポンカン
ポン酢	ポンズ
ポーランド人	ポーランドジン
マイクロ波	マイクロハ
マイナス思考	マイナスシコウ
マイナス面	マイナスメン
マジ切れ	マジギレ
マス目	マスメ
マツ科	マツカ
マテ貝	マテガイ
マニュアル化	マニュアルカ
ママ友	ママトモ
マメ科	マメカ
マルクス主義	マルクスシュギ
マルサス主義	マルサスシュギ
マル優	マルユウ
マル暴	マルボウ
マル秘	マルヒ
マル財	マルザイ
マンガ喫茶	マンガキッサ
マンガ家	マンガカ
マンネリ化	マンネリカ
マン毛	マンゲ
マージャン店	マージャンテン
マ行	マギョウ
ミサ曲	ミサキョク
ミドル級	ミドルキュウ
ミミズ腫れ	ミミズバレ
ミャンマー人	ミャンマージン
ミレニアル世代	ミレニアルセダイ
ミンミン蝉	ミンミンゼミ
ムカっ腹	ムカッパラ
ムカッ腹	ムカッパラ
ムク犬	ムクイヌ
ムダ使い	ムダヅカイ
ムダ毛	ムダゲ
ムダ足	ムダアシ
ムダ飯	ムダメシ
ムーアの法則	ムーアノホウソク
ムード音楽	ムードオンガク
メキシコ人	メキシコジン
メシ屋	メシヤ
メス犬	メスイヌ
メス猫	メスネコ
メス豚	メスブタ
メタボリック症候群	メタボリックショウコウグン
メタ認知	メタニンチ
メチル化	メチルカ
メモ帳	メモチョウ
メモ書き	メモガキ
メモ用紙	メモヨウシ
メリケン粉	メリケンコ
メル友	メルトモ
メンデルの法則	メンデルノホウソク
メートル毎秒	メートルマイビョウ
メートル法	メートルホウ
メール便	メールビン
モク拾い	モクヒロイ
モグラ叩き	モグラタタキ
モグラ塚	モグラヅカ
モザイク病	モザイクビョウ
モスキート音	モスキートオン
モツ煮	モツニ
モツ鍋	モツナベ
モテ度	モテド
モデル化	モデルカ
モノライン保険会社	モノラインホケンガイシャ
モバイル端末	モバイルタンマツ
モンゴル人	モンゴルジン
ヤク中	ヤクチュウ
ヤケ酒	ヤケザケ
ヤジ馬	ヤジウマ
ヤソ教	ヤソキョウ
ヤニ下がる	ヤニサガル
ヤブ医者	ヤブイシャ
ヤマ勘	ヤマカン
ヤマ場	ヤマバ
ヤミ市	ヤミイチ
ヤミ献金	ヤミケンキン
ヤミ米	ヤミゴメ
ヤミ金	ヤミキン
ヤミ金融	ヤミキンユウ
ヤメ検	ヤメケン
ヤリ玉	ヤリダマ
ヤル気	ヤルキ
ヤ行	ヤギョウ
ユダヤ人	ユダヤジン
ユリ根	ユリネ
ユリ科	ユリカ
ユーザー名	ユーザーメイ
ユーザ名	ユーザメイ
ユーロ圏	ユーロケン
ヨウ化	ヨウカ
ヨウ素	ヨウソ
ヨガリ声	ヨガリゴエ
ヨシ原	ヨシワラ
ライセンス契約	ライセンスケイヤク
ライセンス料	ライセンスリョウ
ラクダ色	ラクダイロ
ラグビー部	ラグビーブ
ラジオ局	ラジオキョク
ラスパイレス指数	ラスパイレスシスウ
ラッシュ時	ラッシュジ
ラテン語	ラテンゴ
ラム酒	ラムシュ
ランダム化	ランダムカ
ランチメイト症候群	ランチメイトショウコウグン
ラー油	ラーユ
ラ変	ラヘン
ラ米	ラベイ
ラ行	ラギョウ
ラ音	ラオン
リアス式海岸	リアスシキカイガン
リア充	リアジュウ
リア友	リアトモ
リカレント教育	リカレントキョウイク
リターン値	リターンチ
リチウムイオン電池	リチウムイオンデンチ
リトマス試験紙	リトマスシケンシ
リフレッシュ休暇	リフレッシュキュウカ
リボ核酸	リボカクサン
リリーフ投手	リリーフトウシュ
リンゲル液	リンゲルエキ
リンパ液	リンパエキ
リンパ管	リンパカン
リンパ節	リンパセツ
リンパ腫	リンパシュ
リンパ腺	リンパセン
リン酸	リンサン
リーグ戦	リーグセン
ルゴール液	ルゴールエキ
ルワンダ語	ルワンダゴ
レコード針	レコードバリ
レジ係	レジガカリ
レジ袋	レジブクロ
レチクル座	レチクルザ
レッカー車	レッカーシャ
レバ韮	レバニラ
レフ板	レフバン
レモン水	レモンスイ
レントゲン写真	レントゲンシャシン
レントゲン線	レントゲンセン
レーザー光線	レーザーコウセン
レ点	レテン
ロイド眼鏡	ロイドメガネ
ロケ先	ロケサキ
ロコモティブ症候群	ロコモティブショウコウグン
ロシア人	ロシアジン
ロシア語	ロシアゴ
ロッカー室	ロッカーシツ
ロハ台	ロハダイ
ロビー活動	ロビーカツドウ
ローカル線	ローカルセン
ローマン体	ローマンタイ
ローマ人	ローマジン
ローマ字	ローマジ
ワイル病	ワイルビョウ
ワイ談	ワイダン
ワゴン車	ワゴンシャ
ワットマン紙	ワットマンシ
ワニ口	ワニグチ
ワニ皮	ワニガワ
ワル乗り	ワルノリ
ワ冠	ワカンムリ
ワ行	ワギョウ
ヵ国	カコク
ヵ年	カネン
ヵ所	カショ
ヵ月	カゲツ
ヶ国	カコク
ヶ年	カネン
ヶ所	カショ
ヶ月	カゲツ
一、二	イチニ
一々	イチイチ
一きわ	ヒトキワ
一くくり	ヒトククリ
一くさり	ヒトクサリ
一しきり	ヒトシキリ
一しょ	イッショ
一すじ	ヒトスジ
一たまり	ヒトタマリ
一っ飛び	ヒトットビ
一つ	ヒトツ
一つかみ	ヒトツカミ
一つ覚え	ヒトツオボエ
一とおり	ヒトトオリ
一の膳	イチノゼン
一の酉	イチノトリ
一ぱい	イッパイ
一まず	ヒトマズ
一まとまり	ヒトマトマリ
一まとめ	ヒトマトメ
一わたり	ヒトワタリ
一丁	イッチョウ
一下	イッカ
一両	イチリョウ
一両日	イチリョウジツ
一丸	イチガン
一事	イチジ
一人っ子	ヒトリッコ
一人ぼっち	ヒトリボッチ
一人よがり	ヒトリヨガリ
一人住まい	ヒトリズマイ
一人勝ち	ヒトリガチ
一人占め	ヒトリジメ
一人娘	ヒトリムスメ
一人寝	ヒトリネ
一人息子	ヒトリムスコ
一人旅	ヒトリタビ
一人暮し	ヒトリグラシ
一人暮らし	ヒトリグラシ
一人歩き	ヒトリアルキ
一人相撲	ヒトリズモウ
一人舞	ヒトリマイ
一人芝居	ヒトリシバイ
一人親	ヒトリオヤ
一人親家庭	ヒトリオヤカテイ
一人言	ヒトリゴト
一人遊び	ヒトリアソビ
一人静	ヒトリシズカ
一介	イッカイ
一仕事	ヒトシゴト
一代	イチダイ
一任	イチニン
一休み	ヒトヤスミ
一位	イチイ
一佐	イッサ
一体	イッタイ
一体化	イッタイカ
一体型	イッタイガタ
一体的	イッタイテキ
一倍	イチバイ
一儲け	ヒトモウケ
一元	イチゲン
一元化	イチゲンカ
一元的	イチゲンテキ
一元管理	イチゲンカンリ
一元論	イチゲンロン
一先ず	ヒトマズ
一党	イットウ
一入	ヒトシオ
一具	イチグ
一円	イチエン
一再	イッサイ
一刀両断	イットウリョウダン
一刀彫り	イットウボリ
一刀流	イットウリュウ
一切	イッサイ
一切れ	ヒトキレ
一切合切	イッサイガッサイ
一別	イチベツ
一利	イチリ
一利一害	イチリイチガイ
一刻	イッコク
一刻千金	イッコクセンキン
一劃	イッカク
一助	イチジョ
一匹狼	イッピキオオカミ
一区切り	ヒトクギリ
一千	イッセン
一升瓶	イッショウビン
一半	イッパン
一卵性	イチランセイ
一口	ヒトクチ
一口話	ヒトクチバナシ
一句	イック
一同	イチドウ
一名	イチメイ
一命	イチメイ
一員	イチイン
一問	イチモン
一問一答	イチモンイットウ
一喜一憂	イッキイチユウ
一喝	イッカツ
一回り	ヒトマワリ
一因	イチイン
一団	イチダン
一堂	イチドウ
一報	イッポウ
一場	イチジョウ
一塁	イチルイ
一塁手	イチルイシュ
一塩	ヒトシオ
一士	イッシ
一変	イッペン
一夕	イッセキ
一夜漬	イチヤヅケ
一夜漬け	イチヤヅケ
一大	イチダイ
一大事	イチダイジ
一天	イッテン
一夫一婦制	イップイップセイ
一夫多妻	イップタサイ
一如	イチニョ
一妻多夫	イッサイタフ
一字	イチジ
一字千金	イチジセンキン
一存	イチゾン
一宇	イチウ
一安心	ヒトアンシン
一定期間	イッテイキカン
一定量	イッテイリョウ
一室	イッシツ
一寝入り	ヒトネイリ
一寸見	チョットミ
一対	イッツイ
一封	イップウ
一将	イッショウ
一尉	イチイ
一層	イッソウ
一巡	イチジュン
一巡り	ヒトメグリ
一己	イッコ
一席	イッセキ
一帯	イッタイ
一幕	ヒトマク
一年草	イチネンソウ
一座	イチザ
一廓	イッカク
一式	イッシキ
一張	イッチョウ
一張羅	イッチョウラ
一役	ヒトヤク
一律	イチリツ
一律課税	イチリツカゼイ
一得	イットク
一徹	イッテツ
一心	イッシン
一応	イチオウ
一念	イチネン
一息	ヒトイキ
一意	イチイ
一意的	イチイテキ
一戦	イッセン
一戸	イッコ
一戸建	イッコダテ
一戸建て	イッコダテ
一所懸命	イッショケンメイ
一手間	ヒトテマ
一打ち	ヒトウチ
一抱え	ヒトカカエ
一抹	イチマツ
一括	イッカツ
一括り	ヒトククリ
一括処理	イッカツショリ
一括払い	イッカツバライ
一括適用	イッカツテキヨウ
一挙	イッキョ
一挙一動	イッキョイチドウ
一掃	イッソウ
一推し	イチオシ
一掬	イッキク
一掴み	ヒトツカミ
一揃い	ヒトソロイ
一揆	イッキ
一揖	イチユウ
一握	イチアク
一握り	ヒトニギリ
一摘み	ヒトツマミ
一撃	イチゲキ
一撮み	ヒトツマミ
一擲	イッテキ
一擲千金	イッテキセンキン
一攫	イッカク
一攫千金	イッカクセンキン
一斉	イッセイ
一斑	イッパン
一斗	イット
一斗缶	イットカン
一新	イッシン
一方的	イッポウテキ
一族	イチゾク
一旗	ヒトハタ
一旦	イッタン
一旬	イチジュン
一昔	ヒトムカシ
一昨	イッサク
一昼夜	イッチュウヤ
一時停止	イチジテイシ
一時帰休	イチジキキュウ
一時所得	イチジショトク
一時期	イチジキ
一時的	イチジテキ
一時金	イチジキン
一暴れ	ヒトアバレ
一曹	イッソウ
一服	イップク
一望	イチボウ
一朝	イッチョウ
一朝一夕	イッチョウイッセキ
一期一会	イチゴイチエ
一本	イッポン
一本化	イッポンカ
一本杉	イッポンスギ
一本橋	イッポンバシ
一本気	イッポンギ
一本締め	イッポンジメ
一札	イッサツ
一杯	イッパイ
一枚岩	イチマイイワ
一案	イチアン
一棟貸し	イットウガシ
一様	イチヨウ
一欠片	ヒトカケラ
一次会	イチジカイ
一次選考	イチジセンコウ
一次面接	イチジメンセツ
一歩	イッポ
一死	イッシ
一毛	イチモウ
一毛作	イチモウサク
一毫	イチゴウ
一気	イッキ
一気呵成	イッキカセイ
一水	イッスイ
一汗	ヒトアセ
一決	イッケツ
一泡	ヒトアワ
一泳ぎ	ヒトオヨギ
一派	イッパ
一流	イチリュウ
一渡り	ヒトワタリ
一溜まり	ヒトタマリ
一溜り	ヒトタマリ
一点	イッテン
一点張り	イッテンバリ
一獲	イッカク
一理	イチリ
一環	イッカン
一瓢	イッピョウ
一生懸命	イッショウケンメイ
一生涯	イッショウガイ
一画	イッカク
一番乗り	イチバンノリ
一番星	イチバンボシ
一番目	イチバンメ
一番風呂	イチバンブロ
一癖	ヒトクセ
一発	イッパツ
一発芸	イッパツゲイ
一白	イッパク
一皮	ヒトカワ
一目散	イチモクサン
一直線	イッチョクセン
一眠り	ヒトネムリ
一眸	イチボウ
一睡	イッスイ
一瞥	イチベツ
一瞬	イッシュン
一矢	イッシ
一知半解	イッチハンカイ
一石二鳥	イッセキニチョウ
一礼	イチレイ
一神教	イッシンキョウ
一種	イッシュ
一笑	イッショウ
一等	イットウ
一等兵	イットウヘイ
一等国	イットウコク
一等地	イットウチ
一等星	イットウセイ
一等親	イットウシン
一等車	イットウシャ
一筋	ヒトスジ
一筋縄	ヒトスジナワ
一策	イッサク
一籌	イッチュウ
一粒種	ヒトツブダネ
一糸	イッシ
一系	イッケイ
一級	イッキュウ
一級河川	イッキュウカセン
一結び	ヒトムスビ
一統	イットウ
一続き	ヒトツヅキ
一網打尽	イチモウダジン
一緒	イッショ
一緒くた	イッショクタ
一線	イッセン
一縷	イチル
一繋がり	ヒトツナガリ
一纏め	ヒトマトメ
一群	イチグン
一群れ	ヒトムレ
一義	イチギ
一義的	イチギテキ
一翼	イチヨク
一考	イッコウ
一聴	イッチョウ
一脈	イチミャク
一臂	イッピ
一致	イッチ
一興	イッキョウ
一般	イッパン
一般ユーザー	イッパンユーザー
一般人	イッパンジン
一般化	イッパンカ
一般客	イッパンキャク
一般廃棄物	イッパンハイキブツ
一般性	イッパンセイ
一般用医薬品	イッパンヨウイヤクヒン
一般的	イッパンテキ
一般社員	イッパンシャイン
一般社団法人	イッパンシャダンホウジン
一般管理費	イッパンカンリヒ
一般紙	イッパンシ
一般職	イッパンショク
一般財団法人	イッパンザイダンホウジン
一般車	イッパンシャ
一般道	イッパンドウ
一花	ヒトハナ
一芸	イチゲイ
一苦労	ヒトクロウ
一荒れ	ヒトアレ
一葦	イチイ
一蓮托生	イチレンタクショウ
一衣帯水	イチイタイスイ
一見さん	イチゲンサン
一視同仁	イッシドウジン
一覧	イチラン
一覧表	イチランヒョウ
一親等	イッシントウ
一角獣	イッカクジュウ
一角獣座	イッカクジュウザ
一触即発	イッショクソクハツ
一計	イッケイ
一説	イッセツ
一読	イチドク
一諾	イチダク
一諾千金	イチダクセンキン
一議	イチギ
一貫	イッカン
一貫性	イッカンセイ
一貫校	イッカンコウ
一走り	ヒトハシリ
一路	イチロ
一蹴	イッシュウ
一躍	イチヤク
一身	イッシン
一身上	イッシンジョウ
一軍	イチグン
一軒	イッケン
一軒家	イッケンヤ
一軒屋	イッケンヤ
一転	イッテン
一輪車	イチリンシャ
一辺倒	イッペントウ
一通り	ヒトトオリ
一連	イチレン
一遇	イチグウ
一遍	イッペン
一過	イッカ
一過性	イッカセイ
一道	イチドウ
一部	イチブ
一部分	イチブブン
一郭	イッカク
一酸化	イッサンカ
一酸化炭素	イッサンカタンソ
一酸化炭素中毒	イッサンカタンソチュウドク
一酸化窒素	イッサンカチッソ
一酸化鉛	イッサンカナマリ
一里	イチリ
一里塚	イチリヅカ
一重	ヒトエ
一重瞼	ヒトエマブタ
一門	イチモン
一閃	イッセン
一院制	イチインセイ
一陣	イチジン
一隊	イッタイ
一際	ヒトキワ
一難	イチナン
一雨	ヒトアメ
一雫	ヒトシズク
一面	イチメン
一面的	イチメンテキ
一面識	イチメンシキ
一頃	ヒトコロ
一頻り	ヒトシキリ
一類	イチルイ
一顧	イッコ
一風	イップウ
一飲み	ヒトノミ
一騎	イッキ
一騎当千	イッキトウセン
一騎打ち	イッキウチ
一騎討	イッキウチ
一騎討ち	イッキウチ
一驚	イッキョウ
一髪	イッパツ
丁と	チョウト
丁付け	チョウヅケ
丁半	チョウハン
丁子	チョウジ
丁字帯	テイジタイ
丁字路	テイジロ
丁寧	テイネイ
丁年	テイネン
丁幾	チンキ
丁度	チョウド
丁数	チョウスウ
丁目	チョウメ
丁石	チョウイシ
丁稚	デッチ
丁重	テイチョウ
丁銀	チョウギン
丁髷	チョンマゲ
七つ	ナナツ
七つの海	ナナツノウミ
七つ屋	ナナツヤ
七三	シチサン
七並べ	シチナラベ
七五三縄	シメナワ
七光	ナナヒカリ
七光り	ナナヒカリ
七十路	ナナソジ
七半	ナナハン
七厘	シチリン
七味	シチミ
七変化	シチヘンゲ
七夕祭	タナバタマツリ
七夕祭り	タナバタマツリ
七夕馬	タナバタウマ
七夜	シチヤ
七宝焼	シッポウヤキ
七島	シチトウ
七曜	シチヨウ
七曜星	シチヨウセイ
七曲がり	ナナマガリ
七福神	シチフクジン
七種	ナナクサ
七竈	ナナカマド
七節	ナナフシ
七草	ナナクサ
七草粥	ナナクサガユ
七赤	シチセキ
七輪	シチリン
七重	ナナエ
七面鳥	シチメンチョウ
万々歳	バンバンザイ
万万歳	バンバンザイ
万丈	バンジョウ
万両	マンリョウ
万乗	バンジョウ
万事	バンジ
万作	マンサク
万全	バンゼン
万別	バンベツ
万力	マンリキ
万化	バンカ
万博	バンパク
万古	バンコ
万善	マンゼン
万国	バンコク
万国博	バンコクハク
万夫	バンプ
万屋	ヨロズヤ
万年床	マンネンドコ
万年雪	マンネンユキ
万引	マンビキ
万引き	マンビキ
万感	バンカン
万斛	バンコク
万有	バンユウ
万有引力	バンユウインリョク
万札	マンサツ
万朶	バンダ
万来	バンライ
万機	バンキ
万歩計	マンポケイ
万死	バンシ
万民	バンミン
万灯	マンドウ
万灯会	マンドウエ
万病	マンビョウ
万端	バンタン
万策	バンサク
万緑	バンリョク
万能葱	バンノウネギ
万能薬	バンノウヤク
万般	バンパン
万葉集	マンヨウシュウ
万言	マンゲン
万謝	バンシャ
万象	バンショウ
万邦	バンポウ
万里	バンリ
万金	マンキン
万障	バンショウ
万難	バンナン
万雷	バンライ
万頃	バンケイ
万馬券	マンバケン
万骨	バンコツ
丈余	ジョウヨ
丈六	ジョウロク
丈比べ	タケクラベ
丈長	タケナガ
三々	サンサン
三々九度	サンサンクド
三が日	サンガニチ
三すくみ	サンスクミ
三つどもえ	ミツドモエ
三つ巴	ミツドモエ
三つ星	ミツボシ
三つ紋	ミツモン
三つ編み	ミツアミ
三つ葉	ミツバ
三つ角	ミツカド
三の丸	サンノマル
三セク	サンセク
三ッ星	ミツボシ
三ヶ日	サンガニチ
三三九度	サンサンクド
三下	サンシタ
三下り半	ミクダリハン
三乗根	サンジョウコン
三佐	サンサ
三光	サンコウ
三冠王	サンカンオウ
三冠馬	サンカンバ
三助	サンスケ
三十路	ミソジ
三千	サンゼン
三原色	サンゲンショク
三叉路	サンサロ
三后	サンコウ
三和土	タタキ
三唱	サンショウ
三嘆	サンタン
三塁	サンルイ
三塁手	サンルイシュ
三塁打	サンルイダ
三士	サンシ
三大疾病	サンダイシッペイ
三大都市	サンダイトシ
三女	サンジョ
三宮	サングウ
三家	サンケ
三密	サンミツ
三寒四温	サンカンシオン
三寸	サンズン
三尉	サンイ
三度豆	サンドマメ
三徳	サントク
三思	サンシ
三愛	サンアイ
三態	サンタイ
三才	サンサイ
三振	サンシン
三文	サンモン
三文判	サンモンバン
三日	ミッカ
三更	サンコウ
三曹	サンソウ
三杯酢	サンバイズ
三枚目	サンマイメ
三椏	ミツマタ
三権	サンケン
三次会	サンジカイ
三歎	サンタン
三段跳	サンダントビ
三段跳び	サンダントビ
三毛	ミケ
三毬杖	サギチョウ
三水	サンズイ
三災	サンサイ
三男	サンナン
三界	サンガイ
三盆	サンボン
三盗	サントウ
三碧	サンペキ
三竦み	サンスクミ
三等	サントウ
三等親	サントウシン
三箇日	サンガニチ
三絃	サンゲン
三羽ガラス	サンバガラス
三羽烏	サンバガラス
三者	サンシャ
三者三様	サンシャサンヨウ
三者凡退	サンシャボンタイ
三者面談	サンシャメンダン
三脚	サンキャク
三舎	サンシャ
三色	サンショク
三葉	ミツバ
三蔵	サンゾウ
三親等	サンシントウ
三角州	サンカクス
三角巾	サンカクキン
三角座	サンカクザ
三角柱	サンカクチュウ
三角洲	サンカクス
三角筋	サンカクキン
三角錐	サンカクスイ
三角骨	サンカクコツ
三軍	サングン
三輪車	サンリンシャ
三連休	サンレンキュウ
三連勝	サンレンショウ
三遊間	サンユウカン
三遷	サンセン
三郎	サブロウ
三都	サント
三酸	サンサン
三重奏	サンジュウソウ
三重苦	サンジュウク
三面	サンメン
三面六臂	サンメンロッピ
三韓	サンカン
三頭筋	サントウキン
三高	サンコウ
上々	ジョウジョウ
上あご	ウワアゴ
上がったり	アガッタリ
上がり	アガリ
上がりこむ	アガリコム
上がり下がり	アガリサガリ
上がり場	アガリバ
上がり段	アガリダン
上がり湯	アガリユ
上がり物	アガリモノ
上がり目	アガリメ
上がり花	アガリバナ
上がり込む	アガリコム
上がり高	アガリダカ
上がる	アガル
上くちびる	ウワクチビル
上げ	アゲ
上げまん	アゲマン
上げる	アゲル
上げ下げ	アゲサゲ
上げ下ろし	アゲオロシ
上げ板	アゲイタ
上げ潮	アゲシオ
上げ相場	アゲソウバ
上げ膳	アゲゼン
上げ舵	アゲカジ
上げ蓋	アゲブタ
上げ足	アゲアシ
上さん	カミサン
上す	ノボス
上すべり	ウワスベリ
上ずる	ウワズル
上せる	ノボセル
上っ張り	ウワッパリ
上っ皮	ウワッカワ
上っ調子	ウワッチョウシ
上っ面	ウワッツラ
上の句	カミノク
上の空	ウワノソラ
上ばき	ウワバキ
上べ	ウワベ
上まぶた	ウワマブタ
上りつめる	ノボリツメル
上り坂	ノボリザカ
上り線	ノボリセン
上り詰める	ノボリツメル
上り道	ノボリミチ
上上	ジョウジョウ
上下動	ジョウゲドウ
上下巻	ジョウゲカン
上下水道	ジョウゲスイドウ
上乗	ジョウジョウ
上乗せ	ウワノセ
上乗り	ウワノリ
上京	ジョウキョウ
上人	ショウニン
上位	ジョウイ
上位者	ジョウイシャ
上位陣	ジョウイジン
上体	ジョウタイ
上作	ジョウサク
上使	ジョウシ
上値	ウワネ
上出来	ジョウデキ
上分別	ジョウフンベツ
上刻	ジョウコク
上前	ウワマエ
上包み	ウワヅツミ
上半期	カミハンキ
上古	ジョウコ
上右	ウエミギ
上司	ジョウシ
上告	ジョウコク
上告審	ジョウコクシン
上咽頭がん	ジョウイントウガン
上咽頭ガン	ジョウイントウガン
上咽頭癌	ジョウイントウガン
上図	ジョウズ
上場	ジョウジョウ
上場企業	ジョウジョウキギョウ
上場会社	ジョウジョウガイシャ
上場株	ジョウジョウカブ
上塗	ウワヌリ
上塗り	ウワヌリ
上士	ジョウシ
上天	ジョウテン
上奏	ジョウソウ
上女中	カミジョチュウ
上官	ジョウカン
上宮	ジョウグウ
上宿	ジョウヤド
上屋敷	カミヤシキ
上層	ジョウソウ
上履	ウワバキ
上履き	ウワバキ
上左	ウエヒダリ
上巻	ジョウカン
上市	ジョウシ
上布	ジョウフ
上席	ジョウセキ
上帯	ウワオビ
上弦	ジョウゲン
上張り	ウワバリ
上役	ウワヤク
上得意	ジョウトクイ
上忍	ジョウニン
上意	ジョウイ
上手い	ウマイ
上手く	ウマク
上手物	ジョウテモノ
上手者	ジョウズモノ
上掲	ジョウケイ
上擦る	ウワズル
上文	ジョウブン
上新粉	ジョウシンコ
上旬	ジョウジュン
上昇	ジョウショウ
上昇率	ジョウショウリツ
上映	ジョウエイ
上智	ジョウチ
上書き	ウワガキ
上書き保存	ウワガキホゾン
上期	カミキ
上板	アゲイタ
上梓	ジョウシ
上棟	ジョウトウ
上棟式	ジョウトウシキ
上機嫌	ジョウキゲン
上欄	ジョウラン
上歯	ウワバ
上段	ジョウダン
上気道	ジョウキドウ
上気道炎	ジョウキドウエン
上水	ジョウスイ
上水道	ジョウスイドウ
上流	ジョウリュウ
上流社会	ジョウリュウシャカイ
上滑り	ウワスベリ
上演	ジョウエン
上潮	アゲシオ
上澄	ウワズミ
上澄み	ウワズミ
上火	ウワビ
上焦	ジョウショウ
上燗	ジョウカン
上田	ジョウデン
上申	ジョウシン
上申書	ジョウシンショ
上界	ジョウカイ
上略	ジョウリャク
上番	ジョウバン
上疏	ジョウソ
上白糖	ジョウハクトウ
上皇	ジョウコウ
上皇后	ジョウコウゴウ
上着	ウワギ
上瞼	ウワマブタ
上知	ジョウチ
上程	ジョウテイ
上積み	ウワヅミ
上空	ジョウクウ
上端	ジョウタン
上等	ジョウトウ
上策	ジョウサク
上筵	ウワムシロ
上納	ジョウノウ
上納金	ジョウノウキン
上紙	ウワガミ
上級	ジョウキュウ
上級生	ジョウキュウセイ
上級管理職	ジョウキュウカンリショク
上級者	ジョウキュウシャ
上級財	ジョウキュウザイ
上絵	ウワエ
上編	ジョウヘン
上聞	ジョウブン
上肢	ジョウシ
上背	ウワゼイ
上腕	ジョウワン
上腕三頭筋	ジョウワンサントウキン
上腕二頭筋	ジョウワンニトウキン
上腕骨	ジョウワンコツ
上腿	ジョウタイ
上膊	ジョウハク
上臈	ジョウロウ
上荷	ウワニ
上蔟	ジョウゾク
上薬	ウワグスリ
上表	ジョウヒョウ
上製	ジョウセイ
上覧	ジョウラン
上計	ジョウケイ
上記	ジョウキ
上訴	ジョウソ
上調子	ウワチョウシ
上貼り	ウワバリ
上質	ジョウシツ
上質紙	ジョウシツシ
上述	ジョウジュツ
上達	ジョウタツ
上部	ジョウブ
上長	ジョウチョウ
上限	ジョウゲン
上限価格	ジョウゲンカカク
上限値	ジョウゲンチ
上院	ジョウイン
上陸	ジョウリク
上陸用舟艇	ジョウリクヨウシュウテイ
上階	ジョウカイ
上靴	ウワグツ
上顎骨	ジョウガクコツ
上首	ジョウシュ
上首尾	ジョウシュビ
上﨟	ジョウロウ
下あご	シタアゴ
下がり	サガリ
下がり目	サガリメ
下がり花	サガリバナ
下がる	サガル
下げ	サゲ
下げまん	サゲマン
下げる	サゲル
下げ幅	サゲハバ
下げ振り	サゲフリ
下げ札	サゲフダ
下げ止まり	サゲドマリ
下げ渋る	サゲシブル
下げ渡す	サゲワタス
下げ潮	サゲシオ
下げ緒	サゲオ
下げ膳	サゲゼン
下げ舵	サゲカジ
下げ足	サゲアシ
下げ髪	サゲガミ
下ごしらえ	シタゴシラエ
下さい	クダサイ
下さる	クダサル
下し薬	クダシグスリ
下し金	オロシガネ
下っぱ	シタッパ
下っ端	シタッパ
下っ腹	シタッパラ
下ねた	シモネタ
下の句	シモノク
下ばき	シタバキ
下ぶくれ	シモブクレ
下ぶれ	シタブレ
下まぶた	シタマブタ
下もえ	シタモエ
下ゆで	シタユデ
下りる	オリル
下り坂	クダリザカ
下り場	オリバ
下り立つ	オリタツ
下り線	クダリセン
下り腹	クダリバラ
下り道	クダリミチ
下ろし	オロシ
下ろしあえ	オロシアエ
下ろしたて	オロシタテ
下ろし和え	オロシアエ
下ろし立て	オロシタテ
下ろし金	オロシガネ
下ろす	オロス
下ネタ	シモネタ
下世話	ゲセワ
下乗	ゲジョウ
下人	ゲニン
下仕事	シタシゴト
下付	カフ
下付き	シタツキ
下代	ゲダイ
下令	カレイ
下位	カイ
下位文化	カイブンカ
下位者	カイシャ
下値	シタネ
下側	シタガワ
下働き	シタバタラキ
下僕	ゲボク
下僚	カリョウ
下僧	ゲソウ
下元	カゲン
下克上	ゲコクジョウ
下刈り	シタガリ
下剋上	ゲコクジョウ
下前	シタマエ
下剤	ゲザイ
下劣	ゲレツ
下卑	ゲビ
下卑る	ゲビル
下取り	シタドリ
下右	シタミギ
下司	ゲス
下名	カメイ
下吏	カリ
下向	ゲコウ
下向き	シタムキ
下向く	シタムク
下味	シタアジ
下命	カメイ
下咽頭がん	カイントウガン
下咽頭ガン	カイントウガン
下咽頭癌	カイントウガン
下問	カモン
下回り	シタマワリ
下回る	シタマワル
下国	ゲコク
下地	シタジ
下垂	カスイ
下垂体	カスイタイ
下城	ゲジョウ
下塗り	シタヌリ
下士	カシ
下士官	カシカン
下天	ゲテン
下女中	シモジョチュウ
下婢	カヒ
下宿	ゲシュク
下宿人	ゲシュクニン
下宿先	ゲシュクサキ
下宿屋	ゲシュクヤ
下屋敷	シモヤシキ
下属音	カゾクオン
下層	カソウ
下履	シタバキ
下履き	シタバキ
下左	シタヒダリ
下巻	ゲカン
下帯	シタオビ
下廻り	シタマワリ
下廻る	シタマワル
下弦	カゲン
下張り	シタバリ
下役	シタヤク
下心	シタゴコロ
下忍	ゲニン
下情	カジョウ
下意	カイ
下愚	カグ
下戸	ゲコ
下手くそ	ヘタクソ
下手っぴ	ヘタッピ
下手人	ゲシュニン
下手物	ゲテモノ
下手糞	ヘタクソ
下押し	シタオシ
下押す	シタオス
下拵え	シタゴシラエ
下振れ	シタブレ
下掛かる	シモガカル
下掛る	シモガカル
下支え	シタザサエ
下放	カホウ
下敷	シタジキ
下敷き	シタジキ
下文	クダシブミ
下方	カホウ
下旬	ゲジュン
下書き	シタガキ
下期	シモキ
下校	ゲコウ
下検分	シタケンブン
下欄	カラン
下歯	シタバ
下水道	ゲスイドウ
下洗い	シタアライ
下流	カリュウ
下湯	シモユ
下準備	シタジュンビ
下火	シタビ
下焦	カショウ
下煮	シタニ
下熱	ゲネツ
下獄	ゲゴク
下生え	シタバエ
下田	ゲデン
下町	シタマチ
下町風	シタマチフウ
下番	カバン
下疳	ゲカン
下痢	ゲリ
下痢止め	ゲリドメ
下相談	シタソウダン
下着	シタギ
下瞼	シタマブタ
下種	ゲス
下種張る	ゲスバル
下稽古	シタゲイコ
下積み	シタヅミ
下穴	シタアナ
下穿	シタバキ
下穿き	シタバキ
下立つ	オリタツ
下策	ゲサク
下紐	シタヒモ
下級	カキュウ
下級審	カキュウシン
下級生	カキュウセイ
下級財	カキュウザイ
下絵	シタエ
下緒	サゲオ
下線	カセン
下縫い	シタヌイ
下職	シタショク
下肢	カシ
下肥	シモゴエ
下脹れ	シモブクレ
下腹部	カフクブ
下腿	カタイ
下腿骨	カタイコツ
下膊	カハク
下膨れ	シモブクレ
下船	ゲセン
下茹で	シタユデ
下萌え	シタモエ
下落	ゲラク
下薬	ゲヤク
下血	ゲケツ
下衆	ゲス
下表	カヒョウ
下襲	シタガサネ
下見	シタミ
下見板	シタミイタ
下記	カキ
下訳	シタヤク
下読み	シタヨミ
下調べ	シタシラベ
下請	シタウケ
下請け	シタウケ
下請負	シタウケオイ
下貼り	シタバリ
下賎	ゲセン
下賜	カシ
下賤	ゲセン
下足札	ゲソクフダ
下車	ゲシャ
下道	シタミチ
下郎	ゲロウ
下野草	シモツケソウ
下阪	ゲハン
下降	カコウ
下降線	カコウセン
下限	カゲン
下限価格	カゲンカカク
下院	カイン
下階	カカイ
下露	シタツユ
下面	カメン
下顎骨	カガクコツ
下風	カフウ
下馬	ゲバ
下馬評	ゲバヒョウ
下駄	ゲタ
下駄履き	ゲタバキ
下駄箱	ゲタバコ
不まじめ	フマジメ
不一致	フイッチ
不世出	フセイシュツ
不予	フヨ
不人情	フニンジョウ
不人気	フニンキ
不仁	フジン
不介入	フカイニュウ
不仕付け	ブシツケ
不仕合せ	フシアワセ
不仕合わせ	フシアワセ
不仲	フナカ
不休	フキュウ
不体裁	フテイサイ
不作	フサク
不作法	ブサホウ
不作為	フサクイ
不例	フレイ
不信	フシン
不信任	フシンニン
不信心	フシンジン
不信感	フシンカン
不倒	フトウ
不倒翁	フトウオウ
不倫	フリン
不偏	フヘン
不健全	フケンゼン
不健康	フケンコウ
不備	フビ
不充分	フジュウブン
不党	フトウ
不入り	フイリ
不全	フゼン
不公平	フコウヘイ
不公正	フコウセイ
不具	フグ
不具合	フグアイ
不凍	フトウ
不凍液	フトウエキ
不凍港	フトウコウ
不出	フシュツ
不出来	フデキ
不利	フリ
不利益	フリエキ
不労	フロウ
不労所得	フロウショトク
不勉強	フベンキョウ
不動	フドウ
不動尊	フドウソン
不動心	フドウシン
不動明王	フドウミョウオウ
不動産	フドウサン
不動産会社	フドウサンガイシャ
不動産屋	フドウサンヤ
不動産所得	フドウサンショトク
不動産業	フドウサンギョウ
不十分	フジュウブン
不協和音	フキョウワオン
不参	フサン
不参加	フサンカ
不可	フカ
不可侵	フカシン
不可侵権	フカシンケン
不可分	フカブン
不可思議	フカシギ
不可抗力	フカコウリョク
不可欠	フカケツ
不可知	フカチ
不可知論	フカチロン
不可能	フカノウ
不可視	フカシ
不可解	フカカイ
不可触民	フカショクミン
不可逆	フカギャク
不可逆的	フカギャクテキ
不可避	フカヒ
不合格	フゴウカク
不合格者	フゴウカクシャ
不合理	フゴウリ
不吉	フキツ
不同	フドウ
不同意	フドウイ
不同意性交罪	フドウイセイコウザイ
不名誉	フメイヨ
不向き	フムキ
不和	フワ
不品行	フヒンコウ
不問	フモン
不善	フゼン
不嗜	ブタシナミ
不図	フト
不在	フザイ
不在届	フザイトドケ
不在票	フザイヒョウ
不在者	フザイシャ
不在証明	フザイショウメイ
不均一	フキンイツ
不均等	フキントウ
不均衡	フキンコウ
不均質	フキンシツ
不埒	フラチ
不埓	フラチ
不堪	フカン
不壊	フエ
不変	フヘン
不夜城	フヤジョウ
不如意	フニョイ
不妊	フニン
不妊症	フニンショウ
不始末	フシマツ
不存在	フソンザイ
不学	フガク
不安	フアン
不安定	フアンテイ
不安感	フアンカン
不安材料	フアンザイリョウ
不安視	フアンシ
不完全	フカンゼン
不定休	フテイキュウ
不定冠詞	フテイカンシ
不定型詩	フテイケイシ
不定愁訴	フテイシュウソ
不定期	フテイキ
不定期刑	フテイキケイ
不定称	フテイショウ
不実	フジツ
不宣	フセン
不寛容	フカンヨウ
不審	フシン
不審死	フシンシ
不審物	フシンブツ
不審者	フシンシャ
不導体	フドウタイ
不尽	フジン
不屈	フクツ
不届き	フトドキ
不履行	フリコウ
不帰	フキ
不干渉	フカンショウ
不平	フヘイ
不平等	フビョウドウ
不幸	フコウ
不幸せ	フシアワセ
不当	フトウ
不当労働行為	フトウロウドウコウイ
不当廉売	フトウレンバイ
不得意	フトクイ
不得手	フエテ
不得要領	フトクヨウリョウ
不徳	フトク
不徳義	フトクギ
不徹底	フテッテイ
不心得	フココロエ
不必要	フヒツヨウ
不忠	フチュウ
不快	フカイ
不快感	フカイカン
不快指数	フカイシスウ
不思議	フシギ
不急	フキュウ
不恰好	ブカッコウ
不悉	フシツ
不惑	フワク
不愉快	フユカイ
不愍	フビン
不意	フイ
不意打ち	フイウチ
不意討ち	フイウチ
不感症	フカンショウ
不慣	フナレ
不慣れ	フナレ
不慮	フリョ
不憫	フビン
不成	フナリ
不成立	フセイリツ
不成績	フセイセキ
不戦	フセン
不戦勝	フセンショウ
不戦敗	フセンパイ
不所存	フショゾン
不手際	フテギワ
不才	フサイ
不払い	フバライ
不承不承	フショウブショウ
不承知	フショウチ
不承認	フショウニン
不抜	フバツ
不拡大	フカクダイ
不振	フシン
不採用	フサイヨウ
不換紙幣	フカンシヘイ
不摂生	フセッセイ
不撓	フトウ
不支持	フシジ
不敏	フビン
不敗	フハイ
不敬	フケイ
不敬罪	フケイザイ
不整	フセイ
不整合	フセイゴウ
不整脈	フセイミャク
不敵	フテキ
不文	フブン
不文律	フブンリツ
不文法	フブンホウ
不斉	フセイ
不料簡	フリョウケン
不断	フダン
不断草	フダンソウ
不日	フジツ
不明	フメイ
不明朗	フメイロウ
不明点	フメイテン
不明瞭	フメイリョウ
不明確	フメイカク
不易	フエキ
不時	フジ
不時着	フジチャク
不景気	フケイキ
不智	フチ
不服	フフク
不服従	フフクジュウ
不本意	フホンイ
不朽	フキュウ
不束	フツツカ
不束者	フツツカモノ
不条理	フジョウリ
不格好	ブカッコウ
不案内	フアンナイ
不様	ブザマ
不機嫌	フキゲン
不正	フセイ
不正直	フショウジキ
不正確	フセイカク
不正競争防止法	フセイキョウソウボウシホウ
不正規	フセイキ
不正解	フセイカイ
不死	フシ
不死身	フジミ
不死鳥	フシチョウ
不毛	フモウ
不気味	ブキミ
不沈	フチン
不況	フキョウ
不法	フホウ
不法残留	フホウザンリュウ
不法滞在	フホウタイザイ
不注意	フチュウイ
不活化	フカツカ
不活性	フカッセイ
不活性化	フカッセイカ
不浄	フジョウ
不消化	フショウカ
不渡り	フワタリ
不測	フソク
不満	フマン
不満足	フマンゾク
不溶	フヨウ
不溶性	フヨウセイ
不滅	フメツ
不漁	フリョウ
不為	フタメ
不燃	フネン
不燃ごみ	フネンゴミ
不燃ゴミ	フネンゴミ
不燃化	フネンカ
不燃性	フネンセイ
不特定	フトクテイ
不犯	フボン
不猟	フリョウ
不用	フヨウ
不用品	フヨウヒン
不用意	フヨウイ
不甲斐ない	フガイナイ
不発	フハツ
不発弾	フハツダン
不登校	フトウコウ
不登校児	フトウコウジ
不相応	フソウオウ
不真面目	フマジメ
不眠	フミン
不眠症	フミンショウ
不着	フチャク
不確か	フタシカ
不磨	フマ
不祝儀	ブシュウギ
不祥	フショウ
不祥事	フショウジ
不穏	フオン
不穏当	フオントウ
不等	フトウ
不等号	フトウゴウ
不等式	フトウシキ
不精	ブショウ
不精ひげ	ブショウヒゲ
不精髭	ブショウヒゲ
不納	フノウ
不純	フジュン
不純物	フジュンブツ
不経済	フケイザイ
不統一	フトウイツ
不縁	フエン
不織布	フショクフ
不羈	フキ
不美人	フビジン
不義	フギ
不義理	フギリ
不老	フロウ
不老不死	フロウフシ
不耐	フタイ
不肖	フショウ
不育	フイク
不育症	フイクショウ
不能	フノウ
不臣	フシン
不自然	フシゼン
不自由	フジユウ
不興	フキョウ
不良	フリョウ
不良債権	フリョウサイケン
不良品	フリョウヒン
不良少年	フリョウショウネン
不落	フラク
不行き届き	フユキトドキ
不行儀	フギョウギ
不行届き	フユキトドキ
不行跡	フギョウセキ
不衛生	フエイセイ
不要	フヨウ
不要不急	フヨウフキュウ
不要物	フヨウブツ
不要論	フヨウロン
不見識	フケンシキ
不見転	ミズテン
不規則	フキソク
不覚	フカク
不親切	フシンセツ
不言	フゲン
不許可	フキョカ
不評	フヒョウ
不評判	フヒョウバン
不詳	フショウ
不語	フゴ
不誠実	フセイジツ
不調和	フチョウワ
不調法	ブチョウホウ
不謹慎	フキンシン
不識	フシキ
不貞寝	フテネ
不貞腐れ	フテクサレ
不貞腐れる	フテクサレル
不買	フバイ
不賛成	フサンセイ
不起	フキ
不起訴	フキソ
不足分	フソクブン
不身持ち	フミモチ
不躾	ブシツケ
不軌	フキ
不退	フタイ
不退転	フタイテン
不透明	フトウメイ
不通	フツウ
不逞	フテイ
不連続	フレンゾク
不連続線	フレンゾクセン
不遇	フグウ
不運	フウン
不道徳	フドウトク
不遜	フソン
不遡及	フソキュウ
不適	フテキ
不適任	フテキニン
不適切	フテキセツ
不適合	フテキゴウ
不適当	フテキトウ
不適用	フテキヨウ
不都合	フツゴウ
不釣り合い	フツリアイ
不釣合い	フツリアイ
不銹鋼	フシュウコウ
不随	フズイ
不随意筋	フズイイキン
不離	フリ
不順	フジュン
不顕性感染	フケンセイカンセン
不風流	ブフウリュウ
不食	フショク
不養生	フヨウジョウ
不首尾	フシュビ
不馴れ	フナレ
不鮮明	フセンメイ
与え	アタエ
与える	アタエル
与かる	アズカル
与する	クミスル
与り知る	アズカリシル
与る	アズカル
与件	ヨケン
与信	ヨシン
与党	ヨトウ
与力	ヨリキ
与国	ヨコク
与圧	ヨアツ
与太	ヨタ
与太る	ヨタル
与太話	ヨタバナシ
与太郎	ヨタロウ
与奪	ヨダツ
与格	ヨカク
与野党	ヨヤトウ
丑三つ	ウシミツ
丑三つ時	ウシミツドキ
丑寅	ウシトラ
丑年	ウシドシ
丑満時	ウシミツドキ
且つ	カツ
丕基	ヒキ
丕業	ヒギョウ
丕顕	ヒケン
世の中	ヨノナカ
世の常	ヨノツネ
世まい言	ヨマイゴト
世上	セジョウ
世代	セダイ
世俗化	セゾクカ
世変	セイヘン
世子	セイシ
世尊	セソン
世局	セイキョク
世帯主	セタイヌシ
世帯員	セタイイン
世帯数	セタイスウ
世情	セジョウ
世慣れる	ヨナレル
世才	セサイ
世捨て人	ヨステビト
世捨人	ヨステビト
世智	セチ
世柄	ヨガラ
世渡り	ヨワタリ
世界	セカイ
世界一	セカイイチ
世界中	セカイジュウ
世界主義	セカイシュギ
世界像	セカイゾウ
世界初	セカイハツ
世界史	セカイシ
世界国家	セカイコッカ
世界地図	セカイチズ
世界新	セカイシン
世界時	セカイジ
世界暦	セカイレキ
世界的	セカイテキ
世界観	セカイカン
世直し	ヨナオシ
世相	セソウ
世知	セチ
世系	セイケイ
世紀	セイキ
世紀末	セイキマツ
世継	ヨツギ
世継ぎ	ヨツギ
世襲	セシュウ
世襲制	セシュウセイ
世評	セヒョウ
世話人	セワニン
世話好き	セワズキ
世話役	セワヤク
世話焼き	セワヤキ
世話物	セワモノ
世諺	セイゲン
世辞	セジ
世迷い事	ヨマイゴト
世迷い言	ヨマイゴト
世過ぎ	ヨスギ
世間	セケン
世間体	セケンテイ
世間話	セケンバナシ
世離れる	ヨバナレル
世馴れる	ヨナレル
丘上	キュウジョウ
丘疹	キュウシン
丘陵	キュウリョウ
丙種	ヘイシュ
両々	リョウリョウ
両にらみ	リョウニラミ
両わき	リョウワキ
両ガカリ	リョウガカリ
両三	リョウサン
両両	リョウリョウ
両人	リョウニン
両便	リョウベン
両個	リャンコ
両像	リョウゾウ
両党	リョウトウ
両全	リョウゼン
両刀	リョウトウ
両分	リョウブン
両切り	リョウギリ
両前	リョウマエ
両名	リョウメイ
両君	リョウクン
両国間	リョウコクカン
両天秤	リョウテンビン
両家	リョウケ
両差し	モロザシ
両市	リョウシ
両度	リョウド
両建て	リョウダテ
両得	リョウトク
両思い	リョウオモイ
両性	リョウセイ
両性愛	リョウセイアイ
両性愛者	リョウセイアイシャ
両成敗	リョウセイバイ
両掛かり	リョウガカリ
両断	リョウダン
両方	リョウホウ
両方向	リョウホウコウ
両日	リョウジツ
両替	リョウガエ
両替商	リョウガエショウ
両替屋	リョウガエヤ
両替機	リョウガエキ
両校	リョウコウ
両棲	リョウセイ
両棲類	リョウセイルイ
両極	リョウキョク
両極端	リョウキョクタン
両様	リョウヨウ
両次	リョウジ
両氏	リョウシ
両派	リョウハ
両為	リョウダメ
両生	リョウセイ
両生類	リョウセイルイ
両用	リョウヨウ
両町	リョウチョウ
両目	リョウメ
両県	リョウケン
両眼視	リョウガンシ
両睨み	リョウニラミ
両社	リョウシャ
両種	リョウシュ
両立	リョウリツ
両義	リョウギ
両翼	リョウヨク
両者	リョウシャ
両肘	リョウヒジ
両胸	リョウムネ
両脇	リョウワキ
両脚規	リョウキャクキ
両膝	リョウヒザ
両舌	リョウゼツ
両舷	リョウゲン
両蓋	リョウブタ
両虎	リョウコ
両袖	リョウソデ
両語	リョウゴ
両論	リョウロン
両軍	リョウグン
両輪	リョウリン
両辺	リョウヘン
両部	リョウブ
両開き	リョウビラキ
両院	リョウイン
両院制	リョウインセイ
両隣	リョウドナリ
両隣り	リョウドナリ
両雄	リョウユウ
両面印刷	リョウメンインサツ
両頭	リョウトウ
並々	ナミナミ
並はずれる	ナミハズレル
並び	ナラビ
並びかえる	ナラビカエル
並びない	ナラビナイ
並びに	ナラビニ
並び替える	ナラビカエル
並び無い	ナラビナイ
並び立つ	ナラビタツ
並び順	ナラビジュン
並ぶ	ナラブ
並べて	ナベテ
並べる	ナラベル
並べ方	ナラベカタ
並べ替え	ナラベカエ
並べ替える	ナラベカエル
並べ直す	ナラベナオス
並べ立てる	ナラベタテル
並み	ナミ
並みいる	ナミイル
並み並み	ナミナミ
並み外れ	ナミハズレ
並み外れる	ナミハズレル
並み居る	ナミイル
並み足	ナミアシ
並並	ナミナミ
並列	ヘイレツ
並列化	ヘイレツカ
並品	ナミヒン
並外れ	ナミハズレ
並外れる	ナミハズレル
並大抵	ナミタイテイ
並居る	ナミイル
並巾	ナミハバ
並幅	ナミハバ
並揚羽	ナミアゲハ
並木	ナミキ
並木道	ナミキミチ
並盛り	ナミモリ
並称	ヘイショウ
並立	ヘイリツ
並置	ヘイチ
並行	ヘイコウ
並行世界	ヘイコウセカイ
並製	ナミセイ
並走	ヘイソウ
並足	ナミアシ
並進	ヘイシン
中々	ナカナカ
中ごろ	ナカゴロ
中だるみ	ナカダルミ
中つ国	ナカツクニ
中とろ	チュウトロ
中ぶくれ	ナカブクレ
中ぶらりん	チュウブラリン
中ほど	ナカホド
中り	アタリ
中る	アタル
中ソ	チュウソ
中トロ	チュウトロ
中ロ	チュウロ
中一	チュウイチ
中三	チュウサン
中世	チュウセイ
中中	ナカナカ
中二	チュウニ
中二階	チュウニカイ
中京圏	チュウキョウケン
中仕切	ナカジキリ
中仕切り	ナカジキリ
中休み	ナカヤスミ
中低	ナカビク
中佐	チュウサ
中値	ナカネ
中側	ナカガワ
中備	ナカゾナエ
中傷	チュウショウ
中元	チュウゲン
中入	ナカイリ
中入り	ナカイリ
中分	チュウブン
中判	チュウバン
中刳り	ナカグリ
中刻	チュウコク
中前	チュウゼン
中力粉	チュウリキコ
中労委	チュウロウイ
中医	チュウイ
中医学	チュウイガク
中卒	チュウソツ
中印	チュウイン
中原	チュウゲン
中受	チュウジュ
中口	ナカグチ
中古品	チュウコヒン
中古車	チュウコシャ
中吊り	ナカヅリ
中味	ナカミ
中和	チュウワ
中咽頭がん	チュウイントウガン
中咽頭ガン	チュウイントウガン
中咽頭癌	チュウイントウガン
中哲	チュウテツ
中啓	チュウケイ
中団	チュウダン
中国人	チュウゴクジン
中国化	チュウゴクカ
中国医学	チュウゴクイガク
中国史	チュウゴクシ
中国学	チュウゴクガク
中国系	チュウゴクケイ
中国製	チュウゴクセイ
中国語	チュウゴクゴ
中国酒	チュウゴクシュ
中坊	チュウボウ
中型	チュウガタ
中型犬	チュウガタケン
中垣	ナカガキ
中執	チュウシツ
中堂	チュウドウ
中堅	チュウケン
中堅手	チュウケンシュ
中塗	ナカヌリ
中塗り	ナカヌリ
中売り	ナカウリ
中外	チュウガイ
中天	チュウテン
中央	チュウオウ
中央値	チュウオウチ
中央処理装置	チュウオウショリソウチ
中央分離帯	チュウオウブンリタイ
中央労働委員会	チュウオウロウドウイインカイ
中央口	チュウオウグチ
中央線	チュウオウセン
中央部	チュウオウブ
中央集権	チュウオウシュウケン
中奥	ナカオク
中子	ナカゴ
中学	チュウガク
中学受験	チュウガクジュケン
中学年	チュウガクネン
中学校	チュウガッコウ
中学生	チュウガクセイ
中将	チュウジョウ
中尉	チュウイ
中小	チュウショウ
中小企業	チュウショウキギョウ
中層	チュウソウ
中島	ナカジマ
中州	ナカス
中巻	チュウカン
中幅	チュウハバ
中幕	ナカマク
中年	チュウネン
中年男	チュウネンオトコ
中座	チュウザ
中庭	ナカニワ
中庸	チュウヨウ
中形	チュウガタ
中心人物	チュウシンジンブツ
中心力	チュウシンリョク
中心地	チュウシンチ
中心窩	チュウシンカ
中心線	チュウシンセン
中心街	チュウシンガイ
中忍	チュウニン
中性	チュウセイ
中性子	チュウセイシ
中性子星	チュウセイシセイ
中性洗剤	チュウセイセンザイ
中性的	チュウセイテキ
中性紙	チュウセイシ
中性脂肪	チュウセイシボウ
中扉	ナカトビラ
中手骨	チュウシュコツ
中折れ	ナカオレ
中抜き	ナカヌキ
中抜け	ナカヌケ
中括弧	チュウカッコ
中支	チュウシ
中教審	チュウキョウシン
中数	チュウスウ
中敷	ナカジキ
中敷き	ナカジキ
中文	チュウブン
中断	チュウダン
中新世	チュウシンセイ
中旬	チュウジュン
中景	チュウケイ
中有	チュウウ
中朝	チュウチョウ
中期	チュウキ
中期経営計画	チュウキケイエイケイカク
中枢	チュウスウ
中栓	ナカセン
中核	チュウカク
中棹	チュウザオ
中次	ナカツギ
中次ぎ	ナカツギ
中止	チュウシ
中止犯	チュウシハン
中正	チュウセイ
中段	チュウダン
中毒	チュウドク
中気	チュウキ
中波	チュウハ
中洲	ナカス
中潮	ナカシオ
中火	チュウビ
中焦	チュウショウ
中瓶	チュウビン
中生代	チュウセイダイ
中産	チュウサン
中略	チュウリャク
中皮	チュウヒ
中皮腫	チュウヒシュ
中皿	チュウザラ
中盤	チュウバン
中着	ナカギ
中砥	ナカト
中称	チュウショウ
中程	ナカホド
中稲	ナカテ
中立国	チュウリツコク
中立地帯	チュウリツチタイ
中立的	チュウリツテキ
中等	チュウトウ
中等教育学校	チュウトウキョウイクガッコウ
中等症	チュウトウショウ
中等部	チュウトウブ
中篇	チュウヘン
中級	チュウキュウ
中級者	チュウキュウシャ
中絶	チュウゼツ
中継ぎ	ナカツギ
中継局	チュウケイキョク
中継車	チュウケイシャ
中綿	ナカワタ
中線	チュウセン
中編	チュウヘン
中老	チュウロウ
中耕	チュウコウ
中耳	チュウジ
中耳炎	チュウジエン
中肉	チュウニク
中肋	チュウロク
中背	チュウゼイ
中脳	チュウノウ
中腰	チュウゴシ
中膨れ	ナカブクレ
中臈	チュウロウ
中興	チュウコウ
中華そば	チュウカソバ
中華まん	チュウカマン
中華めん	チュウカメン
中華街	チュウカガイ
中華鍋	チュウカナベ
中華麺	チュウカメン
中落ち	ナカオチ
中葉	チュウヨウ
中蓋	ナカブタ
中薬	チュウヤク
中衛	チュウエイ
中表	ナカオモテ
中西部	チュウセイブ
中規模	チュウキボ
中計	チュウケイ
中距離	チュウキョリ
中軍	チュウグン
中軸	チュウジク
中農	チュウノウ
中退	チュウタイ
中途	チュウト
中途入社	チュウトニュウシャ
中途半端	チュウトハンパ
中途採用	チュウトサイヨウ
中速	チュウソク
中道右派	チュウドウウハ
中道左派	チュウドウサハ
中部	チュウブ
中量	チュウリョウ
中銀	チュウギン
中長期	チュウチョウキ
中門	チュウモン
中間コード	チュウカンコード
中間体	チュウカンタイ
中間圏	チュウカンケン
中間子	チュウカンシ
中間層	チュウカンソウ
中間期	チュウカンキ
中間派	チュウカンハ
中間管理職	チュウカンカンリショク
中間色	チュウカンショク
中間言語	チュウカンゲンゴ
中間財	チュウカンザイ
中陰	チュウイン
中隊	チュウタイ
中隊長	チュウタイチョウ
中震	チュウシン
中露	チュウロ
中韓	チュウカン
中音	チュウオン
中頃	ナカゴロ
中飛	チュウヒ
中骨	ナカボネ
中高一貫校	チュウコウイッカンコウ
中高層	チュウコウソウ
中高年	チュウコウネン
中高生	チュウコウセイ
中高齢	チュウコウレイ
中黒	ナカグロ
中﨟	チュウロウ
串かつ	クシカツ
串カツ	クシカツ
串刺	クシザシ
串刺し	クシザシ
串団子	クシダンゴ
串揚げ	クシアゲ
串柿	クシガキ
串焼	クシヤキ
串焼き	クシヤキ
丸々	マルマル
丸かじり	マルカジリ
丸かぶり	マルカブリ
丸ぎこえ	マルギコエ
丸く	マルク
丸ごと	マルゴト
丸だし	マルダシ
丸っきし	マルッキシ
丸っきり	マルッキリ
丸っこい	マルッコイ
丸っ切り	マルッキリ
丸つぶれ	マルツブレ
丸で	マルデ
丸のこ	マルノコ
丸のみ	マルノミ
丸ぽちゃ	マルポチャ
丸まげ	マルマゲ
丸まっちい	マルマッチイ
丸まる	マルマル
丸み	マルミ
丸め	マルメ
丸めこむ	マルメコム
丸める	マルメル
丸め込む	マルメコム
丸もうけ	マルモウケ
丸わかり	マルワカリ
丸ノコ	マルノコ
丸一日	マルイチニチ
丸丸	マルマル
丸優	マルユウ
丸儲け	マルモウケ
丸八	マルハチ
丸写し	マルウツシ
丸出し	マルダシ
丸分かり	マルワカリ
丸切り	マルキリ
丸刈	マルガリ
丸刈り	マルガリ
丸剤	ガンザイ
丸取り	マルドリ
丸呑み	マルノミ
丸坊主	マルボウズ
丸型	マルガタ
丸太	マルタ
丸太舟	マルタブネ
丸屋根	マルヤネ
丸帯	マルオビ
丸干し	マルボシ
丸底	マルゾコ
丸形	マルガタ
丸彫り	マルボリ
丸投げ	マルナゲ
丸抱え	マルガカエ
丸損	マルゾン
丸数字	マルスウジ
丸暴	マルボウ
丸木	マルキ
丸木橋	マルキバシ
丸材	マルザイ
丸柱	マルバシラ
丸査	マルサ
丸棒	マルボウ
丸洗い	マルアライ
丸漬	マルヅケ
丸漬け	マルヅケ
丸潰れ	マルツブレ
丸焼き	マルヤキ
丸焼け	マルヤケ
丸煮	マルニ
丸瓦	マルガワラ
丸皿	マルザラ
丸盆	マルボン
丸眼鏡	マルメガネ
丸石	マルイシ
丸秘	マルヒ
丸穴	マルアナ
丸窓	マルマド
丸竹	マルタケ
丸聞こえ	マルギコエ
丸腰	マルゴシ
丸薬	ガンヤク
丸裸	マルハダカ
丸襟	マルエリ
丸見え	マルミエ
丸覚え	マルオボエ
丸鋸	マルノコ
丸顔	マルガオ
丸飲み	マルノミ
丸首	マルクビ
丹前	タンゼン
丹塗	ニヌリ
丹塗り	ニヌリ
丹心	タンシン
丹念	タンネン
丹桂	タンケイ
丹毒	タンドク
丹田	タンデン
丹砂	タンシャ
丹精	タンセイ
丹色	ニイロ
丹花	タンカ
丹誠	タンセイ
丹頂	タンチョウ
主たる	シュタル
主だつ	オモダツ
主な	オモナ
主に	オモニ
主る	ツカサドル
主事	シュジ
主人公	シュジンコウ
主任	シュニン
主任研究員	シュニンケンキュウイン
主任者	シュニンシャ
主伐	シュバツ
主位	シュイ
主体性	シュタイセイ
主体的	シュタイテキ
主催	シュサイ
主催者	シュサイシャ
主刑	シュケイ
主剤	シュザイ
主力	シュリョク
主力艦	シュリョクカン
主動	シュドウ
主務	シュム
主取り	シュウドリ
主君	シュクン
主唱	シュショウ
主唱者	シュショウシャ
主因	シュイン
主夫	シュフ
主婦	シュフ
主宰	シュサイ
主宰者	シュサイシャ
主審	シュシン
主将	シュショウ
主導	シュドウ
主導権	シュドウケン
主導者	シュドウシャ
主局	シュキョク
主屋	オモヤ
主峰	シュホウ
主席	シュセキ
主幹	シュカン
主張	シュチョウ
主役	シュヤク
主恩	シュオン
主情	シュジョウ
主意	シュイ
主成分	シュセイブン
主我	シュガ
主戦	シュセン
主戦場	シュセンジョウ
主教	シュキョウ
主文	シュブン
主旋律	シュセンリツ
主日	シュジツ
主旨	シュシ
主星	シュセイ
主材	シュザイ
主柱	シュチュウ
主査	シュサ
主格	シュカク
主桁	シュゲタ
主業	シュギョウ
主権	シュケン
主権者	シュケンシャ
主機	シュキ
主權	シュケン
主殺し	シュウゴロシ
主治医	シュジイ
主流	シュリュウ
主流派	シュリュウハ
主演	シュエン
主演作	シュエンサク
主潮	シュチョウ
主点	シュテン
主犯	シュハン
主犯格	シュハンカク
主産地	シュサンチ
主用	シュヨウ
主眼	シュガン
主知	シュチ
主砲	シュホウ
主祭	シュサイ
主税局	シュゼイキョク
主立つ	オモダツ
主筆	シュヒツ
主管	シュカン
主節	シュセツ
主義	シュギ
主義者	シュギシャ
主翼	シュヨク
主脈	シュミャク
主菜	シュサイ
主著	シュチョ
主薬	シュヤク
主要	シュヨウ
主要動	シュヨウドウ
主要国	シュヨウコク
主要都市	シュヨウトシ
主観	シュカン
主観性	シュカンセイ
主観的	シュカンテキ
主計局	シュケイキョク
主記憶	シュキオク
主記憶装置	シュキオクソウチ
主訴	シュソ
主語	シュゴ
主調	シュチョウ
主調音	シュチョウオン
主謀	シュボウ
主賓	シュヒン
主軸	シュジク
主辞	シュジ
主述	シュジュツ
主遣い	オモヅカイ
主部	シュブ
主都	シュト
主鎖	シュサ
主音	シュオン
主領	シュリョウ
主題	シュダイ
主題歌	シュダイカ
主食	シュショク
丼勘定	ドンブリカンジョウ
丼鉢	ドンブリバチ
丼飯	ドンブリメシ
乃父	ダイフ
乃至	ナイシ
乄切日	シメキリビ
久々	ヒサビサ
久しい	ヒサシイ
久しく	ヒサシク
久しぶり	ヒサシブリ
久し振り	ヒサシブリ
久久	ヒサビサ
久寿	キュウジュ
久慈目	クジメ
久方	ヒサカタ
久方ぶり	ヒサカタブリ
久方振り	ヒサカタブリ
久濶	キュウカツ
久闊	キュウカツ
久離	キュウリ
之れ	コレ
乍ら	ナガラ
乍ら族	ナガラゾク
乖離	カイリ
乖離率	カイリリツ
乗じる	ジョウジル
乗ずる	ジョウズル
乗せる	ノセル
乗っかる	ノッカル
乗っける	ノッケル
乗っとり	ノットリ
乗っとる	ノットル
乗っ取り	ノットリ
乗っ取る	ノットル
乗っ掛かる	ノッカカル
乗り	ノリ
乗りあわせる	ノリアワセル
乗りかえ	ノリカエ
乗りかえる	ノリカエル
乗りかかる	ノリカカル
乗りきる	ノリキル
乗りこえる	ノリコエル
乗りこむ	ノリコム
乗りだす	ノリダス
乗りつぐ	ノリツグ
乗りつける	ノリツケル
乗りつぶす	ノリツブス
乗りまわす	ノリマワス
乗りもの	ノリモノ
乗り上げる	ノリアゲル
乗り乗り	ノリノリ
乗り付け	ノリツケ
乗り付ける	ノリツケル
乗り入る	ノリイル
乗り入れ	ノリイレ
乗り入れる	ノリイレル
乗り出す	ノリダス
乗り切る	ノリキル
乗り取る	ノリトル
乗り合い	ノリアイ
乗り合せる	ノリアワセル
乗り合わす	ノリアワス
乗り合わせる	ノリアワセル
乗り回す	ノリマワス
乗り場	ノリバ
乗り心地	ノリゴコチ
乗り慣らす	ノリナラス
乗り手	ノリテ
乗り捨てる	ノリステル
乗り掛かる	ノリカカル
乗り掛ける	ノリカケル
乗り換え	ノリカエ
乗り換える	ノリカエル
乗り替え	ノリカエ
乗り替える	ノリカエル
乗り気	ノリキ
乗り潰す	ノリツブス
乗り物	ノリモノ
乗り物券	ノリモノケン
乗り移す	ノリウツス
乗り移る	ノリウツル
乗り組む	ノリクム
乗り継ぎ	ノリツギ
乗り継ぎ便	ノリツギビン
乗り継ぐ	ノリツグ
乗り越える	ノリコエル
乗り越し	ノリコシ
乗り越す	ノリコス
乗り込み	ノリコミ
乗り込む	ノリコム
乗り逃げ	ノリニゲ
乗り進める	ノリススメル
乗り過ごす	ノリスゴス
乗り降り	ノリオリ
乗り馴らす	ノリナラス
乗る	ノル
乗上げる	ノリアゲル
乗付ける	ノリツケル
乗入れ	ノリイレ
乗入れる	ノリイレル
乗出す	ノリダス
乗務	ジョウム
乗務員	ジョウムイン
乗合	ノリアイ
乗員	ジョウイン
乗回す	ノリマワス
乗場	ノリバ
乗心地	ノリゴコチ
乗手	ノリテ
乗換	ノリカエ
乗換え	ノリカエ
乗換える	ノリカエル
乗換駅	ノリカエエキ
乗数	ジョウスウ
乗替え	ノリカエ
乗機	ジョウキ
乗気	ノリキ
乗法	ジョウホウ
乗物	ノリモノ
乗用	ジョウヨウ
乗用車	ジョウヨウシャ
乗移る	ノリウツル
乗算	ジョウザン
乗算器	ジョウザンキ
乗組	ノリクミ
乗組員	ノリクミイン
乗継	ノリツギ
乗継ぐ	ノリツグ
乗継便	ノリツギビン
乗船	ジョウセン
乗船券	ジョウセンケン
乗艦	ジョウカン
乗越える	ノリコエル
乗越し	ノリコシ
乗越す	ノリコス
乗車	ジョウシャ
乗車券	ジョウシャケン
乗車賃	ジョウシャチン
乗車駅	ジョウシャエキ
乗込み	ノリコミ
乗込む	ノリコム
乗逃げ	ノリニゲ
乗降	ジョウコウ
乗除	ジョウジョ
乗馬	ジョウバ
乗馬服	ジョウバフク
乘る	ノル
乙仲	オツナカ
乙女	オトメ
乙女チック	オトメチック
乙女子	オトメゴ
乙女座	オトメザ
乙女心	オトメゴコロ
乙女百合	オトメユリ
乙姫	オトヒメ
乙欄	オツラン
乙矢	オトヤ
乙種	オツシュ
九々	クク
九九	クク
九仞	キュウジン
九六	クンロク
九分九厘	クブクリン
九十九折	ツヅラオリ
九十九髪	ツクモガミ
九十路	ココノソジ
九地	キュウチ
九天	キュウテン
九字	クジ
九官鳥	キュウカンチョウ
九州弁	キュウシュウベン
九拝	キュウハイ
九星	キュウセイ
九曜	クヨウ
九曜星	クヨウセイ
九死	キュウシ
九泉	キュウセン
九紫	キュウシ
九絵	クエ
九谷焼	クタニヤキ
九輪	クリン
九輪草	クリンソウ
乞い	コイ
乞い受ける	コイウケル
乞う	コウ
乱ぐい	ラングイ
乱す	ミダス
乱り	ミダリ
乱れ	ミダレ
乱れる	ミダレル
乱れ打ち	ミダレウチ
乱れ箱	ミダレバコ
乱れ飛ぶ	ミダレトブ
乱れ髪	ミダレガミ
乱丁	ランチョウ
乱世	ランセイ
乱交	ランコウ
乱伐	ランバツ
乱作	ランサク
乱倫	ランリン
乱入	ランニュウ
乱切り	ランギリ
乱反射	ランハンシャ
乱取り	ランドリ
乱売	ランバイ
乱婚	ランコン
乱射	ランシャ
乱層雲	ランソウウン
乱心	ランシン
乱戦	ランセン
乱打	ランダ
乱掘	ランクツ
乱撃	ランゲキ
乱数	ランスウ
乱数表	ランスウヒョウ
乱文	ランブン
乱暴	ランボウ
乱暴者	ランボウモノ
乱杙	ラングイ
乱杭	ラングイ
乱気流	ランキリュウ
乱波	ラッパ
乱流	ランリュウ
乱獲	ランカク
乱用	ランヨウ
乱発	ランパツ
乱破	ラッパ
乱立	ランリツ
乱筆	ランピツ
乱脈	ランミャク
乱臣	ランシン
乱菊	ランギク
乱視	ランシ
乱訴	ランソ
乱読	ランドク
乱調	ランチョウ
乱費	ランピ
乱軍	ラングン
乱造	ランゾウ
乱酒	ランシュ
乱酔	ランスイ
乱開発	ランカイハツ
乱闘	ラントウ
乱雑	ランザツ
乱雲	ランウン
乱高下	ランコウゲ
乱髪	ランパツ
乱麻	ランマ
乳がん	ニュウガン
乳しぼり	チチシボリ
乳び	ニュウビ
乳ガン	ニュウガン
乳児	ニュウジ
乳児院	ニュウジイン
乳剤	ニュウザイ
乳化	ニュウカ
乳化剤	ニュウカザイ
乳呑み児	チノミゴ
乳幼児	ニュウヨウジ
乳搾り	チチシボリ
乳暈	ニュウウン
乳棒	ニュウボウ
乳業	ニュウギョウ
乳歯	ニュウシ
乳母車	ウバグルマ
乳液	ニュウエキ
乳清	ニュウセイ
乳漿	ニュウショウ
乳濁	ニュウダク
乳濁液	ニュウダクエキ
乳状	ニュウジョウ
乳癌	ニュウガン
乳白	ニュウハク
乳白色	ニュウハクショク
乳管	ニュウカン
乳糖	ニュウトウ
乳糜	ニュウビ
乳繰る	チチクル
乳脂肪	ニュウシボウ
乳腺	ニュウセン
乳腺炎	ニュウセンエン
乳腺症	ニュウセンショウ
乳臭い	チチクサイ
乳茸	チチタケ
乳菓	ニュウカ
乳製品	ニュウセイヒン
乳質	ニュウシツ
乳輪	ニュウリン
乳酪	ニュウラク
乳酸	ニュウサン
乳酸菌	ニュウサンキン
乳酸菌飲料	ニュウサンキンインリョウ
乳酸飲料	ニュウサンインリョウ
乳量	ニュウリョウ
乳頭	ニュウトウ
乳飲み児	チノミゴ
乳飲み子	チノミゴ
乳香	ニュウコウ
乾かす	カワカス
乾き	カワキ
乾き物	カワキモノ
乾く	カワク
乾し	ホシ
乾しのり	ホシノリ
乾し柿	ホシガキ
乾し殺す	ホシコロス
乾し海苔	ホシノリ
乾し物	ホシモノ
乾し肉	ホシニク
乾し芋	ホシイモ
乾し飯	ホシイイ
乾し鰯	ホシカ
乾びる	カラビル
乾めん	カンメン
乾る	ヒル
乾上がる	ヒアガル
乾上る	ヒアガル
乾分	コブン
乾固	カンコ
乾坤	ケンコン
乾坤一擲	ケンコンイッテキ
乾季	カンキ
乾布	カンプ
乾式	カンシキ
乾性	カンセイ
乾性油	カンセイユ
乾拭き	カラブキ
乾期	カンキ
乾杯	カンパイ
乾板	カンパン
乾柿	ホシガキ
乾海苔	ホシノリ
乾涸びる	ヒカラビル
乾湿	カンシツ
乾湿計	カンシツケイ
乾溜	カンリュウ
乾漆	カンシツ
乾漆像	カンシツゾウ
乾煎り	カライリ
乾燥	カンソウ
乾燥剤	カンソウザイ
乾燥器	カンソウキ
乾燥室	カンソウシツ
乾燥機	カンソウキ
乾燥肌	カンソウハダ
乾物屋	カンブツヤ
乾球	カンキュウ
乾瓢	カンピョウ
乾田	カンデン
乾留	カンリュウ
乾癬	カンセン
乾盃	カンパイ
乾菓子	ヒガシ
乾葉	ヒバ
乾薑	カンキョウ
乾酪	カンラク
乾酪素	カンラクソ
乾電池	カンデンチ
乾鮭	カラザケ
乾鰯	ホシカ
乾麺	カンメン
亀の子	カメノコ
亀の甲	カメノコウ
亀節	カメブシ
亀虫	カメムシ
亀裂	キレツ
亀鑑	キカン
亀頭冠	キトウカン
亂暴	ランボウ
了える	オエル
了する	リョウスル
了る	オワル
了察	リョウサツ
了承	リョウショウ
了知	リョウチ
了簡	リョウケン
了見	リョウケン
了解	リョウカイ
予々	カネガネ
予て	カネテ
予め	アラカジメ
予予	カネガネ
予価	ヨカ
予備	ヨビ
予備校	ヨビコウ
予備試験	ヨビシケン
予備調査	ヨビチョウサ
予備費	ヨビヒ
予備軍	ヨビグン
予備選	ヨビセン
予備選挙	ヨビセンキョ
予兆	ヨチョウ
予冷	ヨレイ
予告	ヨコク
予告編	ヨコクヘン
予報	ヨホウ
予報円	ヨホウエン
予定	ヨテイ
予定日	ヨテイビ
予定稿	ヨテイコウ
予定者	ヨテイシャ
予定表	ヨテイヒョウ
予実	ヨジツ
予実管理	ヨジツカンリ
予察	ヨサツ
予審	ヨシン
予後	ヨゴ
予想	ヨソウ
予想外	ヨソウガイ
予想屋	ヨソウヤ
予感	ヨカン
予断	ヨダン
予期	ヨキ
予洗	ヨセン
予洗い	ヨアライ
予測	ヨソク
予熱	ヨネツ
予知	ヨチ
予知夢	ヨチム
予研	ヨケン
予示	ヨジ
予科	ヨカ
予稿	ヨコウ
予算	ヨサン
予算委	ヨサンイ
予算案	ヨサンアン
予約	ヨヤク
予約制	ヨヤクセイ
予約席	ヨヤクセキ
予約日	ヨヤクビ
予約金	ヨヤクキン
予納	ヨノウ
予習	ヨシュウ
予行	ヨコウ
予行演習	ヨコウエンシュウ
予表	ヨヒョウ
予見	ヨケン
予覚	ヨカク
予言者	ヨゲンシャ
予診	ヨシン
予輩	ヨハイ
予選	ヨセン
予選会	ヨセンカイ
予鈴	ヨレイ
予防	ヨボウ
予防接種	ヨボウセッシュ
予防法	ヨボウホウ
予防策	ヨボウサク
予防線	ヨボウセン
予震	ヨシン
予餞会	ヨセンカイ
争いごと	アラソイゴト
争い事	アラソイゴト
争で	イカデ
争乱	ソウラン
争友	ソウユウ
争奪	ソウダツ
争奪戦	ソウダツセン
争点	ソウテン
争覇	ソウハ
争訟	ソウショウ
争論	ソウロン
争議	ソウギ
争議権	ソウギケン
争議行為	ソウギコウイ
争闘	ソウトウ
事々しい	コトゴトシイ
事える	ツカエル
事がら	コトガラ
事事しい	コトゴトシイ
事件	ジケン
事件性	ジケンセイ
事件簿	ジケンボ
事体	ジタイ
事例	ジレイ
事例研究法	ジレイケンキュウホウ
事例集	ジレイシュウ
事切れる	コトキレル
事前	ジゼン
事務	ジム
事務処理	ジムショリ
事務員	ジムイン
事務器	ジムキ
事務官	ジムカン
事務室	ジムシツ
事務家	ジムカ
事務局	ジムキョク
事務所	ジムショ
事務担当者	ジムタントウシャ
事務方	ジムカタ
事務服	ジムフク
事務次官	ジムジカン
事務用品	ジムヨウヒン
事務的	ジムテキ
事務職	ジムショク
事務職員	ジムショクイン
事務長	ジムチョウ
事変	ジヘン
事大	ジダイ
事始	コトハジメ
事始め	コトハジメ
事実	ジジツ
事実上	ジジツジョウ
事実婚	ジジツコン
事実確認	ジジツカクニン
事実関係	ジジツカンケイ
事寄せる	コトヨセル
事後	ジゴ
事後処理	ジゴショリ
事後報告	ジゴホウコク
事後承諾	ジゴショウダク
事情	ジジョウ
事情通	ジジョウツウ
事態	ジタイ
事故る	ジコル
事故死	ジコシ
事故米	ジコマイ
事故車	ジコシャ
事新しい	コトアタラシイ
事新しく	コトアタラシク
事柄	コトガラ
事案	ジアン
事業	ジギョウ
事業体	ジギョウタイ
事業化	ジギョウカ
事業団	ジギョウダン
事業場	ジギョウジョウ
事業家	ジギョウカ
事業年度	ジギョウネンド
事業所	ジギョウショ
事業本部	ジギョウホンブ
事業税	ジギョウゼイ
事業継続計画	ジギョウケイゾクケイカク
事業者	ジギョウシャ
事業部	ジギョウブ
事業部長	ジギョウブチョウ
事欠く	コトカク
事物	ジブツ
事犯	ジハン
事理	ジリ
事由	ジユウ
事相	ジソウ
事細か	コトコマカ
事績	ジセキ
事象	ジショウ
事足りる	コトタリル
事足る	コトタル
事跡	ジセキ
事蹟	ジセキ
事項	ジコウ
二つながら	フタツナガラ
二の丸	ニノマル
二の句	ニノク
二の次	ニノツギ
二の矢	ニノヤ
二の腕	ニノウデ
二の膳	ニノゼン
二の舞	ニノマイ
二の足	ニノアシ
二また	フタマタ
二ケ所	ニカショ
二三	ニサン
二乗根	ニジョウコン
二人乗り	フタリノリ
二人暮らし	フタリグラシ
二人目	フタリメ
二人連れ	フタリヅレ
二人静	フタリシズカ
二伸	ニシン
二位	ニイ
二佐	ニサ
二元	ニゲン
二元性	ニゲンセイ
二元的	ニゲンテキ
二刀	ニトウ
二刀流	ニトウリュウ
二卵性	ニランセイ
二合半	コナカラ
二塁	ニルイ
二塁手	ニルイシュ
二塁打	ニルイダ
二士	ニシ
二季	ニキ
二尉	ニイ
二度寝	ニドネ
二度手間	ニドデマ
二度見	ニドミ
二形	フタナリ
二律背反	ニリツハイハン
二従兄弟	フタイトコ
二手	フタテ
二方	フタカタ
二曹	ニソウ
二期	ニキ
二期作	ニキサク
二枚目	ニマイメ
二枚腰	ニマイゴシ
二枚舌	ニマイジタ
二枚貝	ニマイガイ
二業	ニギョウ
二極	ニキョク
二極化	ニキョクカ
二次会	ニジカイ
二次元	ニジゲン
二次感染	ニジカンセン
二次林	ニジリン
二次電池	ニジデンチ
二流	ニリュウ
二男	ジナン
二番目	ニバンメ
二盗	ニトウ
二等	ニトウ
二等兵	ニトウヘイ
二等親	ニトウシン
二等車	ニトウシャ
二級	ニキュウ
二者	ニシャ
二股	フタマタ
二胡	ニコ
二藍	フタアイ
二親等	ニシントウ
二豎	ニジュ
二輪	ニリン
二輪車	ニリンシャ
二通り	フタトオリ
二進も三進も	ニッチモサッチモ
二進法	ニシンホウ
二郎	ジロウ
二部	ニブ
二部作	ニブサク
二酸化	ニサンカ
二酸化マンガン	ニサンカマンガン
二酸化塩素	ニサンカエンソ
二酸化炭素	ニサンカタンソ
二酸化炭素吸収源	ニサンカタンソキュウシュウゲン
二酸化炭素排出権	ニサンカタンソハイシュツケン
二酸化硫黄	ニサンカイオウ
二酸化窒素	ニサンカチッソ
二酸化鉛	ニサンカナマリ
二重丸	ニジュウマル
二重写し	ニジュウウツシ
二重唱	ニジュウショウ
二重奏	ニジュウソウ
二重瞼	フタエマブタ
二院	ニイン
二院制	ニインセイ
二頭筋	ニトウキン
二黒	ジコク
云々	ウンヌン
云い古す	イイフルス
云える	イエル
云為	ウンイ
互い	タガイ
互い違い	タガイチガイ
互先	タガイセン
互助	ゴジョ
互助会	ゴジョカイ
互市	ゴシ
互恵	ゴケイ
互恵主義	ゴケイシュギ
互恵的	ゴケイテキ
互換	ゴカン
互換性	ゴカンセイ
互換機	ゴカンキ
互生	ゴセイ
互角	ゴカク
互譲	ゴジョウ
互選	ゴセン
互酬	ゴシュウ
互酬性	ゴシュウセイ
五人	ゴニン
五位	ゴイ
五体	ゴタイ
五倍子の木	フシノキ
五倫	ゴリン
五十肩	ゴジュウカタ
五十路	イソジ
五十雀	ゴジュウカラ
五十音	ゴジュウオン
五十音順	ゴジュウオンジュン
五右衛門風呂	ゴエモンブロ
五味	ゴミ
五味子	ゴミシ
五大	ゴダイ
五女	ゴジョ
五官	ゴカン
五常	ゴジョウ
五彩	ゴサイ
五徳	ゴトク
五感	ゴカン
五戒	ゴカイ
五指	ゴシ
五更	ゴコウ
五月晴	サツキバレ
五月晴れ	サツキバレ
五月病	ゴガツビョウ
五月蝿い	ウルサイ
五月蠅い	ウルサイ
五月闇	サツキヤミ
五果	ゴカ
五男	ゴナン
五目	ゴモク
五目ごはん	ゴモクゴハン
五目ご飯	ゴモクゴハン
五目御飯	ゴモクゴハン
五目飯	ゴモクメシ
五穀	ゴコク
五節句	ゴセック
五経	ゴキョウ
五線	ゴセン
五線紙	ゴセンシ
五線譜	ゴセンフ
五臓	ゴゾウ
五臓六腑	ゴゾウロップ
五芒星	ゴボウセイ
五菜	ゴサイ
五葉	ゴヨウ
五葉松	ゴヨウマツ
五蘊	ゴウン
五行	ゴギョウ
五衰	ゴスイ
五角錐	ゴカクスイ
五言	ゴゴン
五輪	ゴリン
五輪塔	ゴリントウ
五輪旗	ゴリンキ
五辺形	ゴヘンケイ
五逆	ゴギャク
五重の塔	ゴジュウノトウ
五重塔	ゴジュウノトウ
五重奏	ゴジュウソウ
五陰	ゴオン
五陰盛苦	ゴオンジョウク
五障	ゴショウ
五風十雨	ゴフウジュウウ
五黄	ゴオウ
井堰	イセキ
井守	イモリ
井戸	イド
井戸替え	イドガエ
井戸水	イドミズ
井戸端	イドバタ
井戸車	イドグルマ
井桁	イゲタ
井楼	セイロウ
井水	セイスイ
井泉	セイセン
井然	セイゼン
井目	セイモク
井筒	イヅツ
井蛙	セイア
亘る	ワタル
亙る	ワタル
些々	ササ
些か	イササカ
些とも	チットモ
些事	サジ
些些	ササ
些少	サショウ
些末	サマツ
些細	ササイ
亜ぐ	ツグ
亜低木	アテイボク
亜寒帯	アカンタイ
亜属	アゾク
亜急性	アキュウセイ
亜流	アリュウ
亜炭	アタン
亜熱帯	アネッタイ
亜目	アモク
亜砒酸	アヒサン
亜硝酸	アショウサン
亜硫酸	アリュウサン
亜科	アカ
亜種	アシュ
亜聖	アセイ
亜鈴	アレイ
亜鉛	アエン
亜鉛版	アエンバン
亜鉛華	アエンカ
亜門	アモン
亜音速	アオンソク
亜高木	アコウボク
亜麻	アマ
亜麻仁	アマニ
亜麻仁油	アマニユ
亡い	ナイ
亡がら	ナキガラ
亡き	ナキ
亡くす	ナクス
亡くなす	ナクナス
亡くなる	ナクナル
亡す	ホロボス
亡びる	ホロビル
亡ぶ	ホロブ
亡ぼす	ホロボス
亡兄	ボウケイ
亡児	ボウジ
亡八	ボウハチ
亡友	ボウユウ
亡君	ボウクン
亡命	ボウメイ
亡命者	ボウメイシャ
亡国	ボウコク
亡夫	ボウフ
亡失	ボウシツ
亡妹	ボウマイ
亡妻	ボウサイ
亡姉	ボウシ
亡弟	ボウテイ
亡母	ボウボ
亡父	ボウフ
亡羊	ボウヨウ
亡者	モウジャ
亡親	ボウシン
亡霊	ボウレイ
亡骸	ナキガラ
亡魂	ボウコン
亢進	コウシン
交々	コモゴモ
交ざる	マザル
交じり	マジリ
交じり気	マジリケ
交じる	マジル
交ず	マズ
交ぜる	マゼル
交ぜ合わせる	マゼアワセル
交ぜ書き	マゼガキ
交ぜ織り	マゼオリ
交わしあう	カワシアウ
交わす	カワス
交わり	マジワリ
交わる	マジワル
交互	コウゴ
交交	コモゴモ
交付	コウフ
交付金	コウフキン
交代制	コウタイセイ
交代勤務	コウタイキンム
交信	コウシン
交叉	コウサ
交友	コウユウ
交合	コウゴウ
交喙	イスカ
交尾	コウビ
交尾む	ツルム
交尾期	コウビキ
交差	コウサ
交差位	コウサイ
交差点	コウサテン
交情	コウジョウ
交感	コウカン
交戦	コウセン
交戦国	コウセンコク
交戦権	コウセンケン
交戦者	コウセンシャ
交接	コウセツ
交換	コウカン
交換台	コウカンダイ
交換子	コウカンシ
交換局	コウカンキョク
交換所	コウカンジョ
交換手	コウカンシュ
交換機	コウカンキ
交換船	コウカンセン
交易	コウエキ
交易会	コウエキカイ
交替制	コウタイセイ
交替勤務	コウタイキンム
交歓	コウカン
交歓会	コウカンカイ
交流	コウリュウ
交流会	コウリュウカイ
交流戦	コウリュウセン
交流発電機	コウリュウハツデンキ
交流試合	コウリュウジアイ
交渉	コウショウ
交渉人	コウショウニン
交渉力	コウショウリョク
交渉術	コウショウジュツ
交点	コウテン
交番	コウバン
交直	コウチョク
交絡	コウラク
交織り	マゼオリ
交角	コウカク
交詢	コウジュン
交誼	コウギ
交迭	コウテツ
交通	コウツウ
交通アクセス	コウツウアクセス
交通事故	コウツウジコ
交通局	コウツウキョク
交通手段	コウツウシュダン
交通機関	コウツウキカン
交通法	コウツウホウ
交通網	コウツウモウ
交通課	コウツウカ
交通費	コウツウヒ
交通路	コウツウロ
交通遺児	コウツウイジ
交通量	コウツウリョウ
交遊	コウユウ
交配	コウハイ
交錯	コウサク
交際	コウサイ
交際中	コウサイチュウ
交際家	コウサイカ
交際費	コウサイヒ
交雑	コウザツ
交霊	コウレイ
交霊会	コウレイカイ
交響	コウキョウ
交響曲	コウキョウキョク
交響楽	コウキョウガク
交響詩	コウキョウシ
交驩	コウカン
亥の子	イノコ
亥年	イドシ
亥月	ガイゲツ
享ける	ウケル
享受	キョウジュ
享年	キョウネン
享有	キョウユウ
享楽	キョウラク
享楽主義	キョウラクシュギ
享楽的	キョウラクテキ
京おんな	キョウオンナ
京ことば	キョウコトバ
京女	キョウオンナ
京師	ケイシ
京方	キョウガタ
京染	キョウゾメ
京染め	キョウゾメ
京津	ケイシン
京滋	ケイジ
京紫	キョウムラサキ
京舞	キョウマイ
京菜	キョウナ
京華	ケイカ
京言葉	キョウコトバ
京詞	キョウコトバ
京間	キョウマ
京雀	キョウスズメ
京風	キョウフウ
亭々	テイテイ
亭主	テイシュ
亭亭	テイテイ
人あたり	ヒトアタリ
人いきれ	ヒトイキレ
人おじ	ヒトオジ
人かげ	ヒトカゲ
人がましい	ヒトガマシイ
人け	ヒトケ
人ごと	ヒトゴト
人ごみ	ヒトゴミ
人さし指	ヒトサシユビ
人さらい	ヒトサライ
人だかり	ヒトダカリ
人だま	ヒトダマ
人づくり	ヒトヅクリ
人づて	ヒトヅテ
人でなし	ヒトデナシ
人で無し	ヒトデナシ
人となり	ヒトトナリ
人なれ	ヒトナレ
人びと	ヒトビト
人まえ	ヒトマエ
人まかせ	ヒトマカセ
人まね	ヒトマネ
人一倍	ヒトイチバイ
人世	ジンセイ
人並	ヒトナミ
人並み	ヒトナミ
人事不省	ジンジフセイ
人事制度	ジンジセイド
人事異動	ジンジイドウ
人事管理	ジンジカンリ
人事考課	ジンジコウカ
人事記録	ジンジキロク
人事評価	ジンジヒョウカ
人事課	ジンジカ
人事部	ジンジブ
人付	ヒトヅキ
人件費	ジンケンヒ
人任せ	ヒトマカセ
人伝	ヒトヅテ
人伝て	ヒトヅテ
人使い	ヒトヅカイ
人倫	ジンリン
人偏	ニンベン
人傑	ジンケツ
人出	ヒトデ
人切り	ヒトキリ
人別	ニンベツ
人別帳	ニンベツチョウ
人力車	ジンリキシャ
人助け	ヒトダスケ
人参	ニンジン
人取り	ヒトトリ
人受け	ヒトウケ
人口	ジンコウ
人口密度	ジンコウミツド
人台	ジンダイ
人名	ジンメイ
人君	ジンクン
人命	ジンメイ
人品	ジンピン
人員	ジンイン
人員削減	ジンインサクゲン
人員整理	ジンインセイリ
人喰い	ヒトクイ
人型	ヒトガタ
人垣	ヒトガキ
人士	ジンシ
人声	ヒトゴエ
人売り	ヒトウリ
人夫	ニンプ
人好き	ヒトズキ
人妻	ヒトヅマ
人嫌い	ヒトギライ
人定	ジンテイ
人家	ジンカ
人寄せ	ヒトヨセ
人寿	ジンジュ
人山	ヒトヤマ
人工	ジンコウ
人工呼吸器	ジンコウコキュウキ
人工妊娠中絶	ジンコウニンシンチュウゼツ
人工授精	ジンコウジュセイ
人工林	ジンコウリン
人工池	ジンコウイケ
人工流産	ジンコウリュウザン
人工湖	ジンコウコ
人工物	ジンコウブツ
人工甘味料	ジンコウカンミリョウ
人工的	ジンコウテキ
人工知能	ジンコウチノウ
人工芝	ジンコウシバ
人工衛星	ジンコウエイセイ
人工語	ジンコウゴ
人工雪	ジンコウユキ
人差し	ヒトサシ
人差し指	ヒトサシユビ
人差指	ヒトサシユビ
人当たり	ヒトアタリ
人当り	ヒトアタリ
人形劇	ニンギョウゲキ
人待ち	ヒトマチ
人待ち顔	ヒトマチガオ
人後	ジンゴ
人心地	ヒトゴコチ
人怖じ	ヒトオジ
人性	ジンセイ
人恋しい	ヒトコイシイ
人情	ニンジョウ
人情劇	ニンジョウゲキ
人情味	ニンジョウミ
人情本	ニンジョウボン
人慣れ	ヒトナレ
人我	ジンガ
人手	ヒトデ
人才	ジンサイ
人払い	ヒトバライ
人指し指	ヒトサシユビ
人探し	ヒトサガシ
人擦れ	ヒトズレ
人攫い	ヒトサライ
人数分	ニンズウブン
人文主義	ジンブンシュギ
人文字	ヒトモジ
人文学	ジンブンガク
人文学部	ジンブンガクブ
人斬り	ヒトキリ
人智	ジンチ
人智学	ジンチガク
人月	ニンゲツ
人望	ジンボウ
人本主義	ジンポンシュギ
人材	ジンザイ
人材不足	ジンザイブソク
人材派遣	ジンザイハケン
人材育成	ジンザイイクセイ
人柄	ヒトガラ
人格	ジンカク
人格化	ジンカクカ
人格権	ジンカクケン
人格的	ジンカクテキ
人格者	ジンカクシャ
人権	ジンケン
人欲	ジンヨク
人死に	ヒトジニ
人殺し	ヒトゴロシ
人民主義	ジンミンシュギ
人民元	ジンミンゲン
人民戦線	ジンミンセンセン
人民服	ジンミンフク
人気店	ニンキテン
人気株	ニンキカブ
人気者	ニンキモノ
人気順	ニンキジュン
人波	ヒトナミ
人泣かせ	ヒトナカセ
人流	ジンリュウ
人海	ジンカイ
人混み	ヒトゴミ
人減らし	ヒトベラシ
人災	ジンサイ
人為	ジンイ
人為淘汰	ジンイトウタ
人為的	ジンイテキ
人煙	ジンエン
人熱	ヒトイキレ
人爵	ジンシャク
人物	ジンブツ
人物像	ジンブツゾウ
人物画	ジンブツガ
人狼	ジンロウ
人獣	ジンジュウ
人生	ジンセイ
人生観	ジンセイカン
人生設計	ジンセイセッケイ
人畜	ジンチク
人的	ジンテキ
人的資源	ジンテキシゲン
人相	ニンソウ
人相学	ニンソウガク
人相書	ニンソウガキ
人相書き	ニンソウガキ
人真似	ヒトマネ
人眼	ヒトメ
人知	ジンチ
人祖	ジンソ
人称	ニンショウ
人種	ジンシュ
人種学	ジンシュガク
人種的	ジンシュテキ
人種隔離政策	ジンシュカクリセイサク
人穴	ヒトアナ
人笑え	ヒトワラエ
人糞	ジンプン
人絹	ジンケン
人聞き	ヒトギキ
人肉	ジンニク
人肌	ヒトハダ
人脈	ジンミャク
人膚	ヒトハダ
人臣	ジンシン
人虎	ジンコ
人虱	ヒトジラミ
人血	ジンケツ
人見知り	ヒトミシリ
人誑し	ヒトタラシ
人語	ジンゴ
人財	ジンザイ
人買い	ヒトカイ
人質	ヒトジチ
人身御供	ヒトミゴクウ
人込み	ヒトゴミ
人通り	ヒトドオリ
人造	ジンゾウ
人造湖	ジンゾウコ
人造米	ジンゾウマイ
人道的	ジンドウテキ
人違い	ヒトチガイ
人違え	ヒトチガエ
人酔い	ヒトヨイ
人里	ヒトザト
人間ドック	ニンゲンドック
人間並み	ニンゲンナミ
人間像	ニンゲンゾウ
人間力	ニンゲンリョク
人間味	ニンゲンミ
人間学	ニンゲンガク
人間工学	ニンゲンコウガク
人間性	ニンゲンセイ
人間業	ニンゲンワザ
人間界	ニンゲンカイ
人間的	ニンゲンテキ
人間道	ニンゲンドウ
人間関係	ニンゲンカンケイ
人集め	ヒトアツメ
人集り	ヒトダカリ
人離れ	ヒトバナレ
人非人	ニンピニン
人面魚	ジンメンギョ
人音	ヒトオト
人頼み	ヒトダノミ
人類	ジンルイ
人類史	ジンルイシ
人類学	ジンルイガク
人類愛	ジンルイアイ
人食い	ヒトクイ
人馬	ジンバ
人馬宮	ジンバキュウ
人馴れ	ヒトナレ
人馴れる	ヒトナレル
人騒がせ	ヒトサワガセ
人骨	ジンコツ
人魂	ヒトダマ
人魚	ニンギョ
人鳥	ジンチョウ
人鳥類	ジンチョウルイ
什器	ジュウキ
什宝	ジュウホウ
什物	ジュウモツ
什麼	インモ
仁人	ジンジン
仁君	ジンクン
仁徳	ジントク
仁心	ジンシン
仁恕	ジンジョ
仁恵	ジンケイ
仁愛	ジンアイ
仁慈	ジンジ
仁政	ジンセイ
仁王立ち	ニオウダチ
仁王門	ニオウモン
仁義	ジンギ
仁者	ジンシャ
仁術	ジンジュツ
仁輪加	ニワカ
仁道	ジンドウ
仄々	ホノボノ
仄か	ホノカ
仄めかし	ホノメカシ
仄めかす	ホノメカス
仄めく	ホノメク
仄仄	ホノボノ
仄声	ソクセイ
仄聞	ソクブン
仆す	タオス
仆れる	タオレル
仇名	アダナ
仇情	アダナサケ
仇敵	キュウテキ
仇花	アダバナ
仇討	アダウチ
仇讎	キュウシュウ
今ごろ	イマゴロ
今さっき	イマサッキ
今さら	イマサラ
今しがた	イマシガタ
今し方	イマシガタ
今どき	イマドキ
今ひとつ	イマヒトツ
今まで	イママデ
今めかしい	イマメカシイ
今カノ	イマカノ
今一	イマイチ
今一つ	イマヒトツ
今上	キンジョウ
今世紀	コンセイキ
今人	コンジン
今今	イマイマ
今作	コンサク
今冬	コントウ
今古	キンコ
今号	コンゴウ
今回	コンカイ
今夏	コンカ
今夜	コンヤ
今季	コンキ
今宵	コヨイ
今年度	コンネンド
今度	コンド
今後	コンゴ
今方	イマガタ
今日び	キョウビ
今日中	キョウジュウ
今日日	キョウビ
今日明日	キョウアス
今日様	コンニチサマ
今日的	コンニチテキ
今春	コンシュン
今時分	イマジブン
今晩	コンバン
今暁	コンギョウ
今更	イマサラ
今月	コンゲツ
今月末	コンゲツマツ
今朝がた	ケサガタ
今朝方	ケサガタ
今期	コンキ
今様	イマヨウ
今次	コンジ
今生	コンジョウ
今秋	コンシュウ
今般	コンパン
今茲	コンジ
今迄	イママデ
今週	コンシュウ
今週末	コンシュウマツ
今際	イマワ
今頃	イマゴロ
今風	イマフウ
介す	カイス
介する	カイスル
介入	カイニュウ
介助	カイジョ
介助犬	カイジョケン
介在	カイザイ
介意	カイイ
介抱	カイホウ
介殻	カイカク
介添	カイゾエ
介添え	カイゾエ
介詞	カイシ
介護	カイゴ
介護サービス	カイゴサービス
介護保険	カイゴホケン
介護保険法	カイゴホケンホウ
介護士	カイゴシ
介護施設	カイゴシセツ
介護福祉士	カイゴフクシシ
介護老人福祉施設	カイゴロウジンフクシシセツ
介護者	カイゴシャ
介護離職	カイゴリショク
介錯	カイシャク
仏の座	ホトケノザ
仏事	ブツジ
仏人	フツジン
仏伊	フツイ
仏像	ブツゾウ
仏僧	ブッソウ
仏具店	ブツグテン
仏典	ブッテン
仏前	ブツゼン
仏力	ブツリキ
仏参	ブッサン
仏和	フツワ
仏器	ブッキ
仏土	ブツド
仏堂	ブツドウ
仏塔	ブットウ
仏壇	ブツダン
仏子	ブッシ
仏寺	ブツジ
仏工	ブッコウ
仏師	ブッシ
仏座	ブツザ
仏弟子	ブツデシ
仏徒	ブット
仏徳	ブットク
仏恩	ブツオン
仏所	ブッショ
仏教	ブッキョウ
仏教学	ブッキョウガク
仏教徒	ブッキョウト
仏敵	ブッテキ
仏文	フツブン
仏文科	フツブンカ
仏智	ブッチ
仏暦	ブツレキ
仏書	ブッショ
仏果	ブッカ
仏殿	ブツデン
仏法僧	ブッポウソウ
仏滅	ブツメツ
仏独	フツドク
仏画	ブツガ
仏界	ブッカイ
仏眼	ブツゲン
仏祖	ブッソ
仏紙	フツシ
仏経	ブッキョウ
仏縁	ブツエン
仏者	ブッシャ
仏艦	フツカン
仏英	フツエイ
仏葬	ブッソウ
仏訳	フツヤク
仏説	ブッセツ
仏跡	ブッセキ
仏身	ブッシン
仏道	ブツドウ
仏門	ブツモン
仏間	ブツマ
仏閣	ブッカク
仏頂	ブッチョウ
仏頂尊	ブッチョウソン
仏頂面	ブッチョウヅラ
仏領	フツリョウ
仏頭	ブットウ
仏顔	ホトケガオ
仏飯	ブッパン
仔ネコ	コネコ
仔山羊	コヤギ
仔犬	コイヌ
仔猫	コネコ
仔細	シサイ
仔羊	コヒツジ
仔豚	コブタ
仔象	コゾウ
仔馬	コウマ
仔魚	シギョ
仔鳩	コバト
仔鹿	コジカ
仕あげ	シアゲ
仕える	ツカエル
仕かける	シカケル
仕上	シアゲ
仕上がり	シアガリ
仕上がる	シアガル
仕上げ	シアゲ
仕上げる	シアゲル
仕上り	シアガリ
仕上る	シアガル
仕事	シゴト
仕事がら	シゴトガラ
仕事中	シゴトチュウ
仕事中毒	シゴトチュウドク
仕事人	シゴトニン
仕事先	シゴトサキ
仕事場	シゴトバ
仕事師	シゴトシ
仕事帰り	シゴトガエリ
仕事探し	シゴトサガシ
仕事日	シゴトビ
仕事机	シゴトヅクエ
仕事柄	シゴトガラ
仕事歌	シゴトウタ
仕事率	シゴトリツ
仕事着	シゴトギ
仕事部屋	シゴトベヤ
仕事量	シゴトリョウ
仕付	シツケ
仕付け	シツケ
仕付ける	シツケル
仕付け糸	シツケイト
仕儀	シギ
仕入	シイレ
仕入れる	シイレル
仕入れ価格	シイレカカク
仕入れ値	シイレネ
仕入れ先	シイレサキ
仕入先	シイレサキ
仕出かす	シデカス
仕出し	シダシ
仕出し屋	シダシヤ
仕出す	シダス
仕出屋	シダシヤ
仕分	シワケ
仕分け	シワケ
仕分ける	シワケル
仕切り書	シキリショ
仕切り板	シキリイタ
仕切り直し	シキリナオシ
仕切り直す	シキリナオス
仕切り線	シキリセン
仕切る	シキル
仕切書	シキリショ
仕向	シムケ
仕向け	シムケ
仕向ける	シムケル
仕官	シカン
仕手	シテ
仕手株	シテカブ
仕打ち	シウチ
仕掛かり	シカカリ
仕掛かり品	シカカリヒン
仕掛かる	シカカル
仕掛ける	シカケル
仕掛け人	シカケニン
仕掛け品	シカケヒン
仕掛け物	シカケモノ
仕掛り品	シカカリヒン
仕掛人	シカケニン
仕掛物	シカケモノ
仕放題	シホウダイ
仕方	シカタ
仕方ない	シカタナイ
仕方なく	シカタナク
仕方咄	シカタバナシ
仕方無い	シカタナイ
仕方無く	シカタナク
仕方話	シカタバナシ
仕替える	シカエル
仕服	シフク
仕末	シマツ
仕来たり	シキタリ
仕来り	シキタリ
仕様	シヨウ
仕様書	シヨウショ
仕留める	シトメル
仕着せ	シキセ
仕種	シグサ
仕立てる	シタテル
仕立て上がり	シタテアガリ
仕立て上げる	シタテアゲル
仕立て下ろし	シタテオロシ
仕立て屋	シタテヤ
仕立て物	シタテモノ
仕立て直し	シタテナオシ
仕立て直す	シタテナオス
仕立屋	シタテヤ
仕立物	シタテモノ
仕納め	シオサメ
仕組	シクミ
仕組み	シクミ
仕組む	シクム
仕組債	シクミサイ
仕置	シオキ
仕置き	シオキ
仕置場	シオキバ
仕舞い込む	シマイコム
仕草	シグサ
仕覆	シフク
仕訳	シワケ
仕訳帳	シワケチョウ
仕込みづえ	シコミヅエ
仕込み杖	シコミヅエ
仕込む	シコム
仕込杖	シコミヅエ
仕返し	シカエシ
仕返す	シカエス
仕送り	シオクリ
仕遂げる	シトゲル
他事	タジ
他人行儀	タニンギョウギ
他党	タトウ
他出	タシュツ
他力	タリキ
他力本願	タリキホンガン
他励	タレイ
他動	タドウ
他動的	タドウテキ
他動詞	タドウシ
他国	タコク
他国民	タコクミン
他姓	タセイ
他宗	タシュウ
他害	タガイ
他局	タキョク
他山	タザン
他州	タシュウ
他市	タシ
他年	タネン
他店	タテン
他府県	タフケン
他律	タリツ
他意	タイ
他方	タホウ
他日	タジツ
他書	タショ
他村	タソン
他校	タコウ
他殺	タサツ
他派	タハ
他流	タリュウ
他物	タブツ
他生	タショウ
他用	タヨウ
他界	タカイ
他県	タケン
他社	タシャ
他称	タショウ
他種	タシュ
他端	タタン
他筆	タヒツ
他紙	タシ
他者	タシャ
他者性	タシャセイ
他聞	タブン
他薦	タセン
他見	タケン
他覚症状	タカクショウジョウ
他誌	タシ
他責	タセキ
他車	タシャ
他郷	タキョウ
他面	タメン
他領	タリョウ
付きあう	ツキアウ
付ききり	ツキキリ
付きっきり	ツキッキリ
付きっ切り	ツキッキリ
付きまとう	ツキマトウ
付きもの	ツキモノ
付き人	ツキビト
付き切り	ツキキリ
付き添い	ツキソイ
付き添う	ツキソウ
付き物	ツキモノ
付き纏う	ツキマトウ
付き馬	ツキウマ
付けかえる	ツケカエル
付けくわえる	ツケクワエル
付けたり	ツケタリ
付けねらう	ツケネラウ
付けひげ	ツケヒゲ
付けぼくろ	ツケボクロ
付けまげ	ツケマゲ
付けまつげ	ツケマツゲ
付けまつ毛	ツケマツゲ
付けダレ	ツケダレ
付け上がる	ツケアガル
付け下げ	ツケサゲ
付け人	ツケビト
付け値	ツケネ
付け入る	ツケイル
付け出し	ツケダシ
付け出す	ツケダス
付け加え	ツケクワエ
付け加える	ツケクワエル
付け台	ツケダイ
付け合せ	ツケアワセ
付け合わせ	ツケアワセ
付け合わせる	ツケアワセル
付け回す	ツケマワス
付け届け	ツケトドケ
付け廻す	ツケマワス
付け所	ツケドコロ
付け打ち	ツケウチ
付け掛け	ツケカケ
付け揚げ	ツケアゲ
付け文	ツケブミ
付け方	ツケカタ
付け替え	ツケカエ
付け替える	ツケカエル
付け札	ツケフダ
付け根	ツケネ
付け毛	ツケゲ
付け火	ツケビ
付け焼き	ツケヤキ
付け爪	ツケヅメ
付け目	ツケメ
付け直す	ツケナオス
付け睫	ツケマツゲ
付け睫毛	ツケマツゲ
付け紐	ツケヒモ
付け落ち	ツケオチ
付け落とし	ツケオトシ
付け落とす	ツケオトス
付け薬	ツケグスリ
付け足し	ツケタシ
付け足す	ツケタス
付け足り	ツケタリ
付け込み	ツケコミ
付け込む	ツケコム
付け馬	ツケウマ
付け髭	ツケヒゲ
付け髷	ツケマゲ
付け麺	ツケメン
付け黒子	ツケボクロ
付け鼻	ツケバナ
付す	フス
付する	フスル
付せん	フセン
付下げ	ツケサゲ
付与	フヨ
付会	フカイ
付保	フホ
付利	フリ
付則	フソク
付加	フカ
付加え	ツケクワエ
付加える	ツケクワエル
付加価値	フカカチ
付加価値通信網	フカカチツウシンモウ
付加刑	フカケイ
付和	フワ
付図	フズ
付属	フゾク
付属品	フゾクヒン
付属肢	フゾクシ
付属語	フゾクゴ
付帯	フタイ
付庸	フヨウ
付替	ツケカエ
付替え	ツケカエ
付札	ツケフダ
付根	ツケネ
付注	フチュウ
付添	ツキソイ
付添い	ツキソイ
付添う	ツキソウ
付点	フテン
付番	フバン
付着	フチャク
付票	フヒョウ
付箋	フセン
付置	フチ
付表	フヒョウ
付言	フゲン
付託	フタク
付記	フキ
付設	フセツ
付論	フロン
付議	フギ
付載	フサイ
付近	フキン
付録	フロク
付随	フズイ
仙丹	センタン
仙人	センニン
仙人草	センニンソウ
仙境	センキョウ
仙客	センカク
仙宮	センキュウ
仙椎	センツイ
仙界	センカイ
仙窟	センクツ
仙翁	センノウ
仙花紙	センカシ
仙薬	センヤク
仙術	センジュツ
仙郷	センキョウ
仙骨	センコツ
代える	カエル
代かき	シロカキ
代り代り	カワリガワリ
代り映え	カワリバエ
代り番	カワリバン
代る	カワル
代る代る	カワルガワル
代わりばえ	カワリバエ
代わり代わり	カワリガワリ
代わり映え	カワリバエ
代わり番	カワリバン
代わる	カワル
代わる代わる	カワルガワル
代人	ダイニン
代任	ダイニン
代休	ダイキュウ
代位	ダイイ
代作	ダイサク
代価	ダイカ
代償	ダイショウ
代入	ダイニュウ
代八車	ダイハチグルマ
代務	ダイム
代印	ダイイン
代参	ダイサン
代名詞	ダイメイシ
代品	ダイヒン
代員	ダイイン
代地	ダイチ
代執行	ダイシッコウ
代官	ダイカン
代将	ダイショウ
代弁	ダイベン
代弁者	ダイベンシャ
代役	ダイヤク
代打	ダイダ
代掻き	シロカキ
代数	ダイスウ
代数学	ダイスウガク
代数式	ダイスウシキ
代数系	ダイスウケイ
代数関数	ダイスウカンスウ
代書	ダイショ
代書人	ダイショニン
代書屋	ダイショヤ
代替え	ダイガエ
代替り	ダイガワリ
代替わり	ダイガワリ
代替手段	ダイタイシュダン
代替案	ダイタイアン
代替機	ダイタイキ
代替物	ダイタイブツ
代替肉	ダイタイニク
代案	ダイアン
代決	ダイケツ
代演	ダイエン
代理	ダイリ
代理人	ダイリニン
代理商	ダイリショウ
代理店	ダイリテン
代理業	ダイリギョウ
代理業者	ダイリギョウシャ
代理権	ダイリケン
代用	ダイヨウ
代用品	ダイヨウヒン
代用食	ダイヨウショク
代用魚	ダイヨウギョ
代目	ダイメ
代筆	ダイヒツ
代納	ダイノウ
代置	ダイチ
代署	ダイショ
代行	ダイコウ
代行業	ダイコウギョウ
代行者	ダイコウシャ
代表	ダイヒョウ
代表代行	ダイヒョウダイコウ
代表作	ダイヒョウサク
代表取締役	ダイヒョウトリシマリヤク
代表取締役社長	ダイヒョウトリシマリヤクシャチョウ
代表団	ダイヒョウダン
代表格	ダイヒョウカク
代表権	ダイヒョウケン
代表的	ダイヒョウテキ
代表者	ダイヒョウシャ
代表選	ダイヒョウセン
代言	ダイゲン
代言人	ダイゲンニン
代診	ダイシン
代読	ダイドク
代講	ダイコウ
代謝	タイシャ
代謝症候群	タイシャショウコウグン
代議	ダイギ
代議制	ダイギセイ
代議員	ダイギイン
代議士	ダイギシ
代赭	タイシャ
代走	ダイソウ
代車	ダイシャ
代辨	ダイベン
代辯	ダイベン
代返	ダイヘン
代金	ダイキン
代願	ダイガン
令する	レイスル
令兄	レイケイ
令制	リョウセイ
令制国	リョウセイコク
令名	レイメイ
令嗣	レイシ
令夫人	レイフジン
令妹	レイマイ
令姉	レイシ
令婿	レイセイ
令嬢	レイジョウ
令孫	レイソン
令室	レイシツ
令弟	レイテイ
令息	レイソク
令書	レイショ
令状	レイジョウ
令色	レイショク
令達	レイタツ
令閨	レイケイ
以ての外	モッテノホカ
以上	イジョウ
以下略	イカリャク
以内	イナイ
以前	イゼン
以北	イホク
以南	イナン
以呂波	イロハ
以外	イガイ
以往	イオウ
以後	イゴ
以心伝心	イシンデンシン
以来	イライ
以東	イトウ
以深	イシン
以西	イセイ
以遠	イエン
以遠権	イエンケン
以降	イコウ
仮す	カス
仮とじ	カリトジ
仮の世	カリノヨ
仮り	カリ
仮住い	カリズマイ
仮住まい	カリズマイ
仮住所	カリジュウショ
仮作	カサク
仮免	カリメン
仮免状	カリメンジョウ
仮免許	カリメンキョ
仮処分	カリショブン
仮出所	カリシュッショ
仮出獄	カリシュツゴク
仮分数	カブンスウ
仮初	カリソメ
仮勘定	カリカンジョウ
仮名交じり	カナマジリ
仮名序	カナジョ
仮名書き	カナガキ
仮名遣	カナヅカイ
仮名遣い	カナヅカイ
仮囲い	カリガコイ
仮執行	カリシッコウ
仮声	カセイ
仮契約	カリケイヤク
仮宅	カリタク
仮定	カテイ
仮定形	カテイケイ
仮定法	カテイホウ
仮宮	カリミヤ
仮寓	カグウ
仮屋	カリヤ
仮性	カセイ
仮性包茎	カセイホウケイ
仮想	カソウ
仮想サーバ	カソウサーバ
仮想サーバー	カソウサーバー
仮想化	カソウカ
仮想現実	カソウゲンジツ
仮想的	カソウテキ
仮想空間	カソウクウカン
仮想通貨	カソウツウカ
仮払い	カリバライ
仮払い金	カリバライキン
仮払金	カリバライキン
仮政府	カリセイフ
仮数	カスウ
仮条約	カリジョウヤク
仮枠	カリワク
仮株券	カリカブケン
仮根	カコン
仮植	カショク
仮植え	カリウエ
仮構	カコウ
仮橋	カリバシ
仮止め	カリドメ
仮歯	カシ
仮死	カシ
仮殿	カリドノ
仮泊	カハク
仮渡し	カリワタシ
仮留め	カリドメ
仮病	ケビョウ
仮痘	カトウ
仮登記	カリトウキ
仮眠	カミン
仮睡	カスイ
仮称	カショウ
仮綴	カリトジ
仮綴じ	カリトジ
仮締め	カリジメ
仮縫い	カリヌイ
仮葺き	カリブキ
仮装	カソウ
仮装舞踏会	カソウブトウカイ
仮親	カリオヤ
仮言	カゲン
仮言的	カゲンテキ
仮託	カタク
仮設	カセツ
仮訳	カヤク
仮説	カセツ
仮調印	カリチョウイン
仮議長	カリギチョウ
仮象	カショウ
仮貼り	カリバリ
仮足	カソク
仮釈放	カリシャクホウ
仮面	カメン
仮面舞踏会	カメンブトウカイ
仮題	カダイ
仮養子	カリヨウシ
仮骨	カコツ
仮髪	カハツ
仰々しい	ギョウギョウシイ
仰ぎ見る	アオギミル
仰く	アオノク
仰ぐ	アオグ
仰け反る	ノケゾル
仰しゃる	オッシャル
仰せ	オオセ
仰せつかる	オオセツカル
仰せつける	オオセツケル
仰せ付かる	オオセツカル
仰せ付ける	オオセツケル
仰せ言	オオセゴト
仰のける	アオノケル
仰むけ	アオムケ
仰る	オッシャル
仰仰しい	ギョウギョウシイ
仰反る	ノケゾル
仰向き	アオムキ
仰向く	アオムク
仰向け	アオムケ
仰向ける	アオムケル
仰天	ギョウテン
仰山	ギョウサン
仰望	ギョウボウ
仰臥	ギョウガ
仰視	ギョウシ
仰角	ギョウカク
仲々	ナカナカ
仲たがい	ナカタガイ
仲むつまじい	ナカムツマジイ
仲よく	ナカヨク
仲よし	ナカヨシ
仲人口	ナコウドグチ
仲介	チュウカイ
仲介役	チュウカイヤク
仲介手数料	チュウカイテスウリョウ
仲介者	チュウカイシャ
仲仕	ナカシ
仲仲	ナカナカ
仲働き	ナカバタラキ
仲兄	チュウケイ
仲冬	チュウトウ
仲卸	ナカオロシ
仲夏	チュウカ
仲好し	ナカヨシ
仲居	ナカイ
仲店	ナカミセ
仲春	チュウシュン
仲直り	ナカナオリ
仲睦まじい	ナカムツマジイ
仲立	ナカダチ
仲立ち	ナカダチ
仲立人	ナカダチニン
仲良く	ナカヨク
仲良し	ナカヨシ
仲裁	チュウサイ
仲裁人	チュウサイニン
仲見世	ナカミセ
仲買	ナカガイ
仲買い	ナカガイ
仲買人	ナカガイニン
仲違い	ナカタガイ
仲間うち	ナカマウチ
仲間入り	ナカマイリ
仲間内	ナカマウチ
仲間割れ	ナカマワレ
仲間達	ナカマタチ
件名	ケンメイ
件数	ケンスウ
任じる	ニンジル
任す	マカス
任ずる	ニンズル
任せ	マカセ
任せる	マカセル
任免	ニンメン
任務	ニンム
任命	ニンメイ
任命式	ニンメイシキ
任命権	ニンメイケン
任国	ニンゴク
任地	ニンチ
任官	ニンカン
任意	ニンイ
任所	ニンショ
任期	ニンキ
任期中	ニンキチュウ
任用	ニンヨウ
任脈	ニンミャク
企て	クワダテ
企てる	クワダテル
企み	タクラミ
企む	タクラム
企劃	キカク
企及	キキュウ
企図	キト
企望	キボウ
企業	キギョウ
企業の社会的責任	キギョウノシャカイテキセキニン
企業体	キギョウタイ
企業内	キギョウナイ
企業化	キギョウカ
企業合併	キギョウガッペイ
企業合同	キギョウゴウドウ
企業家	キギョウカ
企業年金	キギョウネンキン
企業年金制度	キギョウネンキンセイド
企業情報	キギョウジョウホウ
企業理念	キギョウリネン
企業秘密	キギョウヒミツ
企業統治	キギョウトウチ
企業者	キギョウシャ
企業間	キギョウカン
企画	キカク
企画力	キカクリョク
企画展	キカクテン
企画書	キカクショ
企画課	キカクカ
企画部	キカクブ
伉儷	コウレイ
伉配	コウハイ
伊万里焼	イマリヤキ
伊予柑	イヨカン
伊吹	イブキ
伊呂波	イロハ
伊呂波楓	イロハカエデ
伊呂波歌	イロハウタ
伊和	イワ
伊富魚	イトウ
伊達	ダテ
伊達姿	ダテスガタ
伊達巻	ダテマキ
伊達男	ダテオトコ
伊達締め	ダテジメ
伍す	ゴス
伍する	ゴスル
伍長	ゴチョウ
伎倆	ギリョウ
伎楽	ギガク
伎癢	ギヨウ
伎芸	ギゲイ
伏し拝む	フシオガム
伏し目	フシメ
伏する	フクスル
伏せ勢	フセゼイ
伏せ字	フセジ
伏せ屋	フセヤ
伏せ縫い	フセヌイ
伏兵	フクヘイ
伏在	フクザイ
伏字	フセジ
伏射	フクシャ
伏屋	フセヤ
伏流	フクリュウ
伏流水	フクリュウスイ
伏目	フシメ
伏線	フクセン
伏臥	フクガ
伏鉢	フクバチ
伏魔殿	フクマデン
伐つ	ウツ
伐倒	バットウ
伐採	バッサイ
伐期	バッキ
伐木	バツボク
休けい	キュウケイ
休す	キュウス
休する	キュウスル
休まる	ヤスマル
休み	ヤスミ
休み中	ヤスミチュウ
休み休み	ヤスミヤスミ
休み場	ヤスミバ
休み明け	ヤスミアケ
休み時間	ヤスミジカン
休む	ヤスム
休め	ヤスメ
休める	ヤスメル
休らい	ヤスライ
休らう	ヤスラウ
休会	キュウカイ
休出	キュウシュツ
休刊	キュウカン
休刊日	キュウカンビ
休前日	キュウゼンジツ
休園	キュウエン
休園日	キュウエンビ
休場	キュウジョウ
休学	キュウガク
休廃止	キュウハイシ
休廷	キュウテイ
休心	キュウシン
休息	キュウソク
休息時間	キュウソクジカン
休憩	キュウケイ
休憩室	キュウケイシツ
休憩時間	キュウケイジカン
休戚	キュウセキ
休戦	キュウセン
休日	キュウジツ
休日出勤	キュウジツシュッキン
休日手当	キュウジツテアテ
休暇	キュウカ
休暇村	キュウカムラ
休校	キュウコウ
休業	キュウギョウ
休業手当	キュウギョウテアテ
休止	キュウシ
休止符	キュウシフ
休漁	キュウリョウ
休演	キュウエン
休火山	キュウカザン
休猟	キュウリョウ
休眠	キュウミン
休眠芽	キュウミンガ
休神	キュウシン
休祥	キュウショウ
休符	キュウフ
休筆	キュウヒツ
休耕	キュウコウ
休耕地	キュウコウチ
休職	キュウショク
休肝日	キュウカンビ
休航	キュウコウ
休薬	キュウヤク
休診	キュウシン
休診日	キュウシンビ
休講	キュウコウ
休載	キュウサイ
休部	キュウブ
休錘	キュウスイ
休閑	キュウカン
休閑地	キュウカンチ
休電	キュウデン
休養	キュウヨウ
休養室	キュウヨウシツ
休館	キュウカン
休館日	キュウカンビ
会する	カイスル
会わす	アワス
会わせる	アワセル
会主	カイシュ
会則	カイソク
会務	カイム
会厭	エエン
会合	カイゴウ
会同	カイドウ
会員	カイイン
会員制	カイインセイ
会員権	カイインケン
会商	カイショウ
会堂	カイドウ
会報	カイホウ
会場	カイジョウ
会席	カイセキ
会席膳	カイセキゼン
会式	エシキ
会得	エトク
会心	カイシン
会意	カイイ
会戦	カイセン
会所	カイショ
会敵	カイテキ
会期	カイキ
会派	カイハ
会社名	カイシャメイ
会社員	カイシャイン
会社情報	カイシャジョウホウ
会社更生法	カイシャコウセイホウ
会社案内	カイシャアンナイ
会社概要	カイシャガイヨウ
会社法	カイシャホウ
会社説明会	カイシャセツメイカイ
会者定離	エシャジョウリ
会葬	カイソウ
会衆	カイシュウ
会見	カイケン
会規	カイキ
会計	カイケイ
会計処理	カイケイショリ
会計士	カイケイシ
会計学	カイケイガク
会計年度	カイケイネンド
会計法	カイケイホウ
会計監査	カイケイカンサ
会計課	カイケイカ
会話	カイワ
会話文	カイワブン
会誌	カイシ
会読	カイドク
会談	カイダン
会議	カイギ
会議場	カイギジョウ
会議室	カイギシツ
会議所	カイギショ
会議録	カイギロク
会費	カイヒ
会釈	エシャク
会長	カイチョウ
会陰	エイン
会頭	カイトウ
会食	カイショク
会館	カイカン
伝い歩き	ツタイアルキ
伝い歩く	ツタイアルク
伝え	ツタエ
伝えあう	ツタエアウ
伝える	ツタエル
伝え聞く	ツタエキク
伝わる	ツタワル
伝世	デンセイ
伝令	デンレイ
伝写	デンシャ
伝助	デンスケ
伝動	デンドウ
伝単	デンタン
伝受	デンジュ
伝声	デンセイ
伝声管	デンセイカン
伝奇	デンキ
伝存	デンソン
伝家	デンカ
伝導	デンドウ
伝導率	デンドウリツ
伝承	デンショウ
伝授	デンジュ
伝搬	デンパン
伝書	デンショ
伝来	デンライ
伝染	デンセン
伝染性	デンセンセイ
伝染病	デンセンビョウ
伝熱	デンネツ
伝票	デンピョウ
伝統	デントウ
伝統的	デントウテキ
伝統色	デントウショク
伝統食	デントウショク
伝線	デンセン
伝習	デンシュウ
伝聞	デンブン
伝言板	デンゴンバン
伝記	デンキ
伝誦	デンショウ
伝説	デンセツ
伝送	デンソウ
伝送路	デンソウロ
伝送速度	デンソウソクド
伝道	デンドウ
伝道師	デンドウシ
伝道者	デンドウシャ
伝達	デンタツ
伝馬	テンマ
伯仲	ハクチュウ
伯叔	ハクシュク
伯爵	ハクシャク
伯父貴	オジキ
估券	コケン
伴い	トモナイ
伴なう	トモナウ
伴僧	バンソウ
伴天連	バテレン
伴奏	バンソウ
伴星	バンセイ
伴走	バンソウ
伴食	バンショク
伶人	レイジン
伶人草	レイジンソウ
伸し上げる	ノシアゲル
伸し台	ノシダイ
伸し掛かる	ノシカカル
伸し掛る	ノシカカル
伸し板	ノシイタ
伸し棒	ノシボウ
伸し歩く	ノシアルク
伸し餅	ノシモチ
伸ばす	ノバス
伸び	ノビ
伸びあがる	ノビアガル
伸びざかり	ノビザカリ
伸びちぢみ	ノビチヂミ
伸びのび	ノビノビ
伸びやか	ノビヤカ
伸びる	ノビル
伸び上がる	ノビアガル
伸び上る	ノビアガル
伸び伸び	ノビノビ
伸び広がる	ノビヒロガル
伸び悩む	ノビナヤム
伸び率	ノビリツ
伸び盛り	ノビザカリ
伸び縮み	ノビチヂミ
伸べる	ノベル
伸子	シンシ
伸展	シンテン
伸度	シンド
伸張	シンチョウ
伸暢	シンチョウ
伸筋	シンキン
伸縮	シンシュク
伸縮性	シンシュクセイ
伸長	シンチョウ
伺い	ウカガイ
伺い書	ウカガイショ
伺い知る	ウカガイシル
伺候	シコウ
似あう	ニアウ
似かよう	ニカヨウ
似げない	ニゲナイ
似せる	ニセル
似せ絵	ニセエ
似つかわしい	ニツカワシイ
似つく	ニツク
似る	ニル
似付かわしい	ニツカワシイ
似付く	ニツク
似合い	ニアイ
似合しい	ニアワシイ
似合わしい	ニアワシイ
似姿	ニスガタ
似寄り	ニヨリ
似寄る	ニヨル
似気無い	ニゲナイ
似絵	ニセエ
似而非	エセ
似通う	ニカヨウ
似非	エセ
似非者	エセモノ
似顔	ニガオ
似顔絵	ニガオエ
伽藍	ガラン
伽藍堂	ガランドウ
佃煮	ツクダニ
但し	タダシ
但し書	タダシガキ
但し書き	タダシガキ
但書	タダシガキ
但書き	タダシガキ
佇い	タタズマイ
佇まい	タタズマイ
佇み	タタズミ
佇む	タタズム
佇立	チョリツ
位冠	イカン
位取り	クライドリ
位地	イチ
位官	イカン
位数	イスウ
位格	イカク
位牌	イハイ
位牌堂	イハイドウ
位牌所	イハイジョ
位田	イデン
位相	イソウ
位相幾何学	イソウキカガク
位置	イチ
位置づけ	イチヅケ
位置エネルギー	イチエネルギー
位記	イキ
位負け	クライマケ
位階	イカイ
低まる	ヒクマル
低み	ヒクミ
低め	ヒクメ
低める	ヒクメル
低コスト	テイコスト
低タール	テイタール
低レベル	テイレベル
低下	テイカ
低位	テイイ
低位株	テイイカブ
低体温症	テイタイオンショウ
低体重	テイタイジュウ
低価	テイカ
低価格	テイカカク
低俗	テイゾク
低処	テイショ
低利	テイリ
低劣	テイレツ
低吟	テイギン
低周波	テイシュウハ
低品質	テイヒンシツ
低唱	テイショウ
低回	テイカイ
低圧	テイアツ
低地	テイチ
低塩	テイエン
低声	テイセイ
低姿勢	テイシセイ
低学年	テイガクネン
低学歴	テイガクレキ
低層	テイソウ
低山	テイザン
低年齢	テイネンレイ
低床	テイショウ
低廉	テイレン
低徊	テイカイ
低所	テイショ
低所得	テイショトク
低所得者	テイショトクシャ
低木	テイボク
低次	テイジ
低次元	テイジゲン
低気圧	テイキアツ
低減	テイゲン
低温	テイオン
低湿	テイシツ
低炭素	テイタンソ
低燃費	テイネンピ
低率	テイリツ
低用量	テイヨウリョウ
低用量ピル	テイヨウリョウピル
低目	ヒクメ
低空	テイクウ
低空飛行	テイクウヒコウ
低糖	テイトウ
低糖質	テイトウシツ
低級	テイキュウ
低翼	テイヨク
低能	テイノウ
低脂肪	テイシボウ
低脳	テイノウ
低臭	テイシュウ
低落	テイラク
低血圧	テイケツアツ
低血糖	テイケットウ
低調	テイチョウ
低賃金	テイチンギン
低迷	テイメイ
低速	テイソク
低電力	テイデンリョク
低音	テイオン
低頭	テイトウ
低額	テイガク
住する	ジュウスル
住まう	スマウ
住みか	スミカ
住みこむ	スミコム
住みつく	スミツク
住み処	スミカ
住み分け	スミワケ
住み分ける	スミワケル
住み家	スミカ
住み手	スミテ
住み替え	スミカエ
住み替える	スミカエル
住み着く	スミツク
住み荒らす	スミアラス
住み込み	スミコミ
住み込む	スミコム
住む	スム
住人	ジュウニン
住僧	ジュウソウ
住宅	ジュウタク
住宅ローン	ジュウタクローン
住宅ローン減税	ジュウタクローンゲンゼイ
住宅地	ジュウタクチ
住宅手当	ジュウタクテアテ
住宅街	ジュウタクガイ
住宅費	ジュウタクヒ
住宅難	ジュウタクナン
住居地	ジュウキョチ
住居手当	ジュウキョテアテ
住居費	ジュウキョヒ
住戸	ジュウコ
住所	ジュウショ
住所地	ジュウショチ
住所変更	ジュウショヘンコウ
住所録	ジュウショロク
住持	ジュウジ
住替え	スミカエ
住替える	スミカエル
住民	ジュウミン
住民基本台帳	ジュウミンキホンダイチョウ
住民投票	ジュウミントウヒョウ
住民登録	ジュウミントウロク
住民票	ジュウミンヒョウ
住民税	ジュウミンゼイ
住環境	ジュウカンキョウ
住着く	スミツク
住空間	ジュウクウカン
住職	ジュウショク
住設	ジュウセツ
佐官	サカン
佐幕	サバク
佑助	ユウジョ
体あたり	タイアタリ
体さばき	タイサバキ
体する	タイスル
体たらく	テイタラク
体つき	カラダツキ
体づくり	カラダヅクリ
体付き	カラダツキ
体位	タイイ
体作り	カラダヅクリ
体側	タイソク
体内	タイナイ
体刑	タイケイ
体制	タイセイ
体力	タイリョク
体力的	タイリョクテキ
体動	タイドウ
体勢	タイセイ
体協	タイキョウ
体型	タイケイ
体壁	タイヘキ
体外	タイガイ
体幹	タイカン
体当たり	タイアタリ
体当り	タイアタリ
体形	タイケイ
体得	タイトク
体感	タイカン
体感温度	タイカンオンド
体技	タイギ
体捌き	タイサバキ
体操	タイソウ
体操服	タイソウフク
体操着	タイソウギ
体格	タイカク
体様	タイヨウ
体毛	タイモウ
体液	タイエキ
体温	タイオン
体温計	タイオンケイ
体熱	タイネツ
体現	タイゲン
体積	タイセキ
体節	タイセツ
体節制	タイセツセイ
体系	タイケイ
体系化	タイケイカ
体系学	タイケイガク
体系的	タイケイテキ
体細胞	タイサイボウ
体罰	タイバツ
体育の日	タイイクノヒ
体育学部	タイイクガクブ
体育祭	タイイクサイ
体脂肪	タイシボウ
体臭	タイシュウ
体色	タイショク
体菜	タイサイ
体落し	タイオトシ
体落とし	タイオトシ
体術	タイジュツ
体表	タイヒョウ
体言	タイゲン
体言止め	タイゲンドメ
体認	タイニン
体調	タイチョウ
体調不良	タイチョウフリョウ
体貌	タイボウ
体質	タイシツ
体躯	タイク
体軀	タイク
体軸	タイジク
体重	タイジュウ
体重計	タイジュウケイ
体量	タイリョウ
体長	タイチョウ
体面	タイメン
体験	タイケン
体験版	タイケンバン
体験者	タイケンシャ
体験談	タイケンダン
体高	タイコウ
何々	ナニナニ
何う	ドウ
何がし	ナニガシ
何がな	ナニガナ
何くれ	ナニクレ
何ごと	ナニゴト
何しろ	ナニシロ
何たる	ナンタル
何とぞ	ナニトゾ
何のその	ナンノソノ
何ぶん	ナニブン
何ぼ	ナンボ
何もの	ナニモノ
何やつ	ナニヤツ
何ゆえ	ナニユエ
何チャン	ナンチャン
何万	ナンマン
何事	ナニゴト
何何	ナニナニ
何個	ナンコ
何億	ナンオク
何兆	ナンチョウ
何処何処	ドコドコ
何処其処	ドコソコ
何千	ナンゼン
何回	ナンカイ
何度	ナンド
何才	ナンサイ
何日	ナンニチ
何時ごろ	イツゴロ
何時も	イツモ
何時間	ナンジカン
何時頃	イツゴロ
何月	ナンガツ
何歳	ナンサイ
何物	ナニモノ
何糞	ナニクソ
何者	ナニモノ
佗しい	ワビシイ
佗びしい	ワビシイ
余す	アマス
余っ程	ヨッポド
余り物	アマリモノ
余り者	アマリモノ
余る	アマル
余事	ヨジ
余儀	ヨギ
余光	ヨコウ
余党	ヨトウ
余分	ヨブン
余剰	ヨジョウ
余割	ヨカツ
余力	ヨリョク
余効	ヨコウ
余勢	ヨセイ
余命	ヨメイ
余喘	ヨゼン
余地	ヨチ
余寒	ヨカン
余席	ヨセキ
余弊	ヨヘイ
余弦	ヨゲン
余得	ヨトク
余徳	ヨトク
余念	ヨネン
余情	ヨジョウ
余慶	ヨケイ
余憤	ヨフン
余所	ヨソ
余所事	ヨソゴト
余所余所しい	ヨソヨソシイ
余所目	ヨソメ
余所聞き	ヨソギキ
余所見	ヨソミ
余技	ヨギ
余接	ヨセツ
余日	ヨジツ
余暇	ヨカ
余栄	ヨエイ
余業	ヨギョウ
余殃	ヨオウ
余沢	ヨタク
余滴	ヨテキ
余炎	ヨエン
余熱	ヨネツ
余燼	ヨジン
余生	ヨセイ
余病	ヨビョウ
余白	ヨハク
余禄	ヨロク
余程	ヨホド
余罪	ヨザイ
余習	ヨシュウ
余聞	ヨブン
余臭	ヨシュウ
余興	ヨキョウ
余色	ヨショク
余薫	ヨクン
余蘊	ヨウン
余裕	ヨユウ
余角	ヨカク
余計	ヨケイ
余計者	ヨケイモノ
余話	ヨワ
余説	ヨセツ
余談	ヨダン
余論	ヨロン
余財	ヨザイ
余輩	ヨハイ
余録	ヨロク
余震	ヨシン
余韻	ヨイン
余響	ヨキョウ
余類	ヨルイ
余風	ヨフウ
余香	ヨコウ
佚する	イッスル
佚書	イッショ
佛教	ブッキョウ
作りあげる	ツクリアゲル
作りおき	ツクリオキ
作りかえる	ツクリカエル
作りこむ	ツクリコム
作りごと	ツクリゴト
作りだす	ツクリダス
作りつけ	ツクリツケ
作りなおす	ツクリナオス
作り上げる	ツクリアゲル
作り事	ツクリゴト
作り付け	ツクリツケ
作り付ける	ツクリツケル
作り出す	ツクリダス
作り声	ツクリゴエ
作り変える	ツクリカエル
作り字	ツクリジ
作り手	ツクリテ
作り方	ツクリカタ
作り替える	ツクリカエル
作り泣き	ツクリナキ
作り目	ツクリメ
作り直す	ツクリナオス
作り眉	ツクリマユ
作り立てる	ツクリタテル
作り笑い	ツクリワライ
作り絵	ツクリエ
作り置き	ツクリオキ
作り話	ツクリバナシ
作り込み	ツクリコミ
作り込む	ツクリコム
作り飾る	ツクリカザル
作中	サクチュウ
作例	サクレイ
作出	サクシュツ
作刀	サクトウ
作劇	サクゲキ
作動	サドウ
作務	サム
作品	サクヒン
作品名	サクヒンメイ
作品集	サクヒンシュウ
作問	サクモン
作図	サクズ
作土	サクド
作家	サッカ
作庭	サクテイ
作意	サクイ
作成	サクセイ
作成者	サクセイシャ
作戦	サクセン
作曲	サッキョク
作曲家	サッキョクカ
作曲者	サッキョクシャ
作柄	サクガラ
作業	サギョウ
作業中	サギョウチュウ
作業員	サギョウイン
作業場	サギョウバ
作業所	サギョウショ
作業時間	サギョウジカン
作業服	サギョウフク
作業環境	サギョウカンキョウ
作業療法	サギョウリョウホウ
作業療法士	サギョウリョウホウシ
作業着	サギョウギ
作業者	サギョウシャ
作業費	サギョウヒ
作業量	サギョウリョウ
作歌	サッカ
作為	サクイ
作為犯	サクイハン
作為的	サクイテキ
作用	サヨウ
作用因	サヨウイン
作用点	サヨウテン
作用素	サヨウソ
作男	サクオトコ
作画	サクガ
作者	サクシャ
作興	サッコウ
作製	サクセイ
作詞	サクシ
作詞家	サクシカ
作詩	サクシ
作話	サクワ
作譜	サクフ
作陶	サクトウ
作風	サクフウ
作麼生	ソモサン
作麽生	ソモサン
佝僂	クル
佝僂病	クルビョウ
佞人	ネイジン
佞奸	ネイカン
佞姦	ネイカン
佞臣	ネイシン
佩く	ハク
佩びる	オビル
佩剣	ハイケン
佩楯	ハイダテ
佩用	ハイヨウ
佯狂	ヨウキョウ
佳人	カジン
佳什	カジュウ
佳作	カサク
佳句	カク
佳味	カミ
佳品	カヒン
佳境	カキョウ
佳日	カジツ
佳景	カケイ
佳節	カセツ
佳編	カヘン
佳肴	カコウ
佳良	カリョウ
佳話	カワ
佳辰	カシン
佳酒	カシュ
佳麗	カレイ
併せもつ	アワセモツ
併せる	アワセル
併せ持つ	アワセモツ
併せ用いる	アワセモチイル
併催	ヘイサイ
併合	ヘイゴウ
併合罪	ヘイゴウザイ
併吞	ヘイドン
併呑	ヘイドン
併売	ヘイバイ
併有	ヘイユウ
併殺	ヘイサツ
併用	ヘイヨウ
併発	ヘイハツ
併科	ヘイカ
併称	ヘイショウ
併立	ヘイリツ
併結	ヘイケツ
併置	ヘイチ
併行	ヘイコウ
併記	ヘイキ
併設	ヘイセツ
併読	ヘイドク
併走	ヘイソウ
併載	ヘイサイ
併進	ヘイシン
併録	ヘイロク
併願	ヘイガン
佶屈	キックツ
使いきる	ツカイキル
使いこなす	ツカイコナス
使いこみ	ツカイコミ
使いこむ	ツカイコム
使いっぱしり	ツカイッパシリ
使いっ走り	ツカイッパシリ
使いで	ツカイデ
使いまわし	ツカイマワシ
使いまわす	ツカイマワス
使いみち	ツカイミチ
使いわけ	ツカイワケ
使いわける	ツカイワケル
使い倒す	ツカイタオス
使い先	ツカイサキ
使い出	ツカイデ
使い分け	ツカイワケ
使い分ける	ツカイワケル
使い切り	ツカイキリ
使い切る	ツカイキル
使い古し	ツカイフルシ
使い古す	ツカイフルス
使い回し	ツカイマワシ
使い回す	ツカイマワス
使い尽くす	ツカイツクス
使い廻し	ツカイマワシ
使い心地	ツカイゴコチ
使い慣らす	ツカイナラス
使い手	ツカイテ
使い捨てる	ツカイステル
使い料	ツカイリョウ
使い方	ツカイカタ
使い果たす	ツカイハタス
使い歩き	ツカイアルキ
使い残し	ツカイノコシ
使い残す	ツカイノコス
使い熟す	ツカイコナス
使い番	ツカイバン
使い立て	ツカイダテ
使い込み	ツカイコミ
使い込む	ツカイコム
使い途	ツカイミチ
使い道	ツカイミチ
使い魔	ツカイマ
使える	ツカエル
使わす	ツカワス
使丁	シテイ
使令	シレイ
使君子	シクンシ
使命	シメイ
使命感	シメイカン
使役	シエキ
使役犬	シエキケン
使徒	シト
使用	シヨウ
使用人	シヨウニン
使用域	シヨウイキ
使用感	シヨウカン
使用料	シヨウリョウ
使用権	シヨウケン
使用率	シヨウリツ
使用目的	シヨウモクテキ
使用者	シヨウシャ
使用許諾契約	シヨウキョダクケイヤク
使用量	シヨウリョウ
使節	シセツ
使者	シシャ
使臣	シシン
使途	シト
侃侃諤諤	カンカンガクガク
例え	タトエ
例えば	タトエバ
例える	タトエル
例え話	タトエバナシ
例会	レイカイ
例刻	レイコク
例句	レイク
例外	レイガイ
例外的	レイガイテキ
例年	レイネン
例式	レイシキ
例数	レイスウ
例文	レイブン
例日	レイジツ
例月	レイゲツ
例示	レイジ
例祭	レイサイ
例規	レイキ
例解	レイカイ
例言	レイゲン
例証	レイショウ
例話	レイワ
例題	レイダイ
侍する	ジスル
侍る	ハベル
侍僧	ジソウ
侍医	ジイ
侍史	ジシ
侍女	ジジョ
侍従職	ジジュウショク
侍従長	ジジュウチョウ
侍曹	ジソウ
侍気質	サムライカタギ
侍祭	ジサイ
侍立	ジリツ
侍者	ジシャ
侍臣	ジシン
侍蟻	サムライアリ
侍衛	ジエイ
侍読	ジドク
侍講	ジコウ
侏儒	シュジュ
侘しい	ワビシイ
侘び	ワビ
侘びしい	ワビシイ
侘びる	ワビル
侘び寂び	ワビサビ
侘住い	ワビズマイ
供え	ソナエ
供える	ソナエル
供え物	ソナエモノ
供え餅	ソナエモチ
供す	キョウス
供する	キョウスル
供与	キョウヨ
供人	トモビト
供僧	グソウ
供出	キョウシュツ
供回り	トモマワリ
供奉	グブ
供宴	キョウエン
供廻り	トモマワリ
供待ち	トモマチ
供応	キョウオウ
供揃い	トモゾロイ
供犠	クギ
供用	キョウヨウ
供給	キョウキュウ
供給源	キョウキュウゲン
供給者	キョウキュウシャ
供血	キョウケツ
供覧	キョウラン
供託	キョウタク
供託法	キョウタクホウ
供託金	キョウタクキン
供試	キョウシ
供述	キョウジュツ
供述書	キョウジュツショ
供養	クヨウ
供養塔	クヨウトウ
依る	ヨル
依代	ヨリシロ
依命	イメイ
依嘱	イショク
依報	エホウ
依存度	イゾンド
依存性	イゾンセイ
依怙	エコ
依托	イタク
依拠	イキョ
依然	イゼン
依託	イタク
依頼	イライ
依頼人	イライニン
依頼心	イライシン
依頼料	イライリョウ
依頼書	イライショ
依頼者	イライシャ
依願	イガン
侠勇	キョウユウ
侠客	キョウカク
侠骨	キョウコツ
価値	カチ
価値観	カチカン
価値論	カチロン
価数	カスウ
価格	カカク
価格差	カカクサ
価格帯	カカクタイ
価格競争	カカクキョウソウ
価標	カヒョウ
価額	カガク
侮り	アナドリ
侮る	アナドル
侮日	ブニチ
侮蔑	ブベツ
侮蔑的	ブベツテキ
侮言	ブゲン
侮辱	ブジョク
侮辱罪	ブジョクザイ
侯爵	コウシャク
侵す	オカス
侵入	シンニュウ
侵入種	シンニュウシュ
侵入者	シンニュウシャ
侵冦	シンコウ
侵出	シンシュツ
侵奪	シンダツ
侵害	シンガイ
侵寇	シンコウ
侵掠	シンリャク
侵攻	シンコウ
侵犯	シンパン
侵略	シンリャク
侵略者	シンリャクシャ
侵蝕	シンショク
侵襲	シンシュウ
侵食	シンショク
侶伴	リョハン
便々	ベンベン
便じる	ベンジル
便ずる	ベンズル
便せん	ビンセン
便る	タヨル
便乗	ビンジョウ
便乱坊	ベラボウ
便侫	ベンネイ
便便	ベンベン
便利	ベンリ
便利屋	ベンリヤ
便名	ビンメイ
便器	ベンキ
便坐	ベンザ
便宜上	ベンギジョウ
便宜的	ベンギテキ
便座	ベンザ
便意	ベンイ
便服	ベンプク
便法	ベンポウ
便益	ベンエキ
便秘	ベンピ
便箋	ビンセン
便船	ビンセン
便衣	ベンイ
便衣隊	ベンイタイ
便追	ビンズイ
便通	ベンツウ
係りあう	カカリアウ
係り受け	カカリウケ
係り結び	カカリムスビ
係わり	カカワリ
係わり合い	カカワリアイ
係わる	カカワル
係争	ケイソウ
係員	カカリイン
係官	カカリカン
係属	ケイゾク
係数	ケイスウ
係留	ケイリュウ
係累	ケイルイ
係船	ケイセン
係長	カカリチョウ
促す	ウナガス
促成	ソクセイ
促迫	ソクハク
促進	ソクシン
促進剤	ソクシンザイ
促音	ソクオン
促音便	ソクオンビン
俄か	ニワカ
俄仕込み	ニワカジコミ
俄然	ガゼン
俄雨	ニワカアメ
俊傑	シュンケツ
俊才	シュンサイ
俊敏	シュンビン
俊秀	シュンシュウ
俊英	シュンエイ
俊豪	シュンゴウ
俊足	シュンソク
俎上	ソジョウ
俎板	マナイタ
俎豆	ソトウ
俗世間	ゾクセケン
俗了	ゾクリョウ
俗事	ゾクジ
俗人	ゾクジン
俗伝	ゾクデン
俗体	ゾクタイ
俗信	ゾクシン
俗僧	ゾクソウ
俗儒	ゾクジュ
俗務	ゾクム
俗受け	ゾクウケ
俗吏	ゾクリ
俗塵	ゾクジン
俗字	ゾクジ
俗念	ゾクネン
俗悪	ゾクアク
俗才	ゾクサイ
俗文	ゾクブン
俗曲	ゾッキョク
俗書	ゾクショ
俗楽	ゾクガク
俗歌	ゾッカ
俗流	ゾクリュウ
俗物	ゾクブツ
俗用	ゾクヨウ
俗画	ゾクガ
俗界	ゾッカイ
俗眼	ゾクガン
俗称	ゾクショウ
俗筆	ゾクヒツ
俗箏	ゾクソウ
俗縁	ゾクエン
俗習	ゾクシュウ
俗耳	ゾクジ
俗臭	ゾクシュウ
俗衆	ゾクシュウ
俗解	ゾッカイ
俗言	ゾクゲン
俗話	ゾクワ
俗語	ゾクゴ
俗説	ゾクセツ
俗談	ゾクダン
俗論	ゾクロン
俗諦	ゾクタイ
俗諺	ゾクゲン
俗謡	ゾクヨウ
俗輩	ゾクハイ
俗間	ゾッカン
俗離れ	ゾクバナレ
俘囚	フシュウ
俚俗	リゾク
俚耳	リジ
俚言	リゲン
俚語	リゴ
俚諺	リゲン
俚謡	リヨウ
保佐人	ホサニン
保修	ホシュウ
保健	ホケン
保健医	ホケンイ
保健士	ホケンシ
保健婦	ホケンフ
保健学	ホケンガク
保健室	ホケンシツ
保健師	ホケンシ
保全	ホゼン
保冷	ホレイ
保冷剤	ホレイザイ
保合い	モチアイ
保姆	ホボ
保存	ホゾン
保存先	ホゾンサキ
保存料	ホゾンリョウ
保存食	ホゾンショク
保守	ホシュ
保守主義	ホシュシュギ
保守性	ホシュセイ
保守派	ホシュハ
保守的	ホシュテキ
保守系	ホシュケイ
保安員	ホアンイン
保安官	ホアンカン
保安庁	ホアンチョウ
保安林	ホアンリン
保定	ホテイ
保持	ホジ
保有	ホユウ
保有株	ホユウカブ
保母	ホボ
保水	ホスイ
保活	ホカツ
保温	ホオン
保温性	ホオンセイ
保湿	ホシツ
保湿剤	ホシツザイ
保湿液	ホシツエキ
保父	ホフ
保留	ホリュウ
保秘	ホヒ
保税	ホゼイ
保管	ホカン
保管場所	ホカンバショ
保管庫	ホカンコ
保線	ホセン
保線区	ホセンク
保育	ホイク
保育器	ホイクキ
保育園	ホイクエン
保育士	ホイクシ
保育室	ホイクシツ
保育料	ホイクリョウ
保育者	ホイクシャ
保菌	ホキン
保菌者	ホキンシャ
保衛	ホエイ
保証	ホショウ
保証人	ホショウニン
保証会社	ホショウガイシャ
保証料	ホショウリョウ
保証書	ホショウショ
保証期間	ホショウキカン
保証金	ホショウキン
保護	ホゴ
保護区	ホゴク
保護司	ホゴシ
保護国	ホゴコク
保護室	ホゴシツ
保護林	ホゴリン
保護犬	ホゴケン
保護者	ホゴシャ
保護者会	ホゴシャカイ
保護色	ホゴショク
保護領	ホゴリョウ
保護鳥	ホゴチョウ
保身	ホシン
保釈	ホシャク
保険	ホケン
保険会社	ホケンガイシャ
保険制度	ホケンセイド
保険医	ホケンイ
保険契約	ホケンケイヤク
保険契約者	ホケンケイヤクシャ
保険料	ホケンリョウ
保険料率	ホケンリョウリツ
保険業	ホケンギョウ
保険者	ホケンシャ
保険者番号	ホケンシャバンゴウ
保険診療	ホケンシンリョウ
保険証	ホケンショウ
保険証券	ホケンショウケン
保険証書	ホケンショウショ
保険金	ホケンキン
保険金受取人	ホケンキンウケトリニン
保障	ホショウ
保障給	ホショウキュウ
保革	ホカク
保養	ホヨウ
保養地	ホヨウチ
俟つ	マツ
俠客	キョウカク
俠気	オトコギ
信じこむ	シンジコム
信じる	シンジル
信じ込ます	シンジコマス
信じ込む	シンジコム
信ずる	シンズル
信ぴょう性	シンピョウセイ
信仰	シンコウ
信仰心	シンコウシン
信任	シンニン
信任状	シンニンジョウ
信伏	シンプク
信受	シンジュ
信号	シンゴウ
信号器	シンゴウキ
信号場	シンゴウジョウ
信号旗	シンゴウキ
信号機	シンゴウキ
信号灯	シンゴウトウ
信奉	シンポウ
信女	シンニョ
信実	シンジツ
信徒	シント
信心	シンジン
信念	シンネン
信愛	シンアイ
信憑	シンピョウ
信憑性	シンピョウセイ
信教	シンキョウ
信書	シンショ
信書便	シンショビン
信服	シンプク
信望	シンボウ
信条	シンジョウ
信玄袋	シンゲンブクロ
信用	シンヨウ
信用協同組合	シンヨウキョウドウクミアイ
信用度	シンヨウド
信用状	シンヨウジョウ
信用組合	シンヨウクミアイ
信用調査	シンヨウチョウサ
信用金庫	シンヨウキンコ
信用銘柄	シンヨウメイガラ
信管	シンカン
信義	シンギ
信義則	シンギソク
信者	シンジャ
信託	シンタク
信託会社	シンタクガイシャ
信託業	シンタクギョウ
信託法	シンタクホウ
信託銀行	シンタクギンコウ
信証	シンショウ
信認	シンニン
信販	シンパン
信販会社	シンパンガイシャ
信賞	シンショウ
信金	シンキン
信頼	シンライ
信頼係数	シンライケイスウ
信頼度	シンライド
信頼性	シンライセイ
信頼感	シンライカン
信頼関係	シンライカンケイ
俥夫	シャフ
修まる	オサマル
修める	オサメル
修了	シュウリョウ
修了式	シュウリョウシキ
修了証	シュウリョウショウ
修了証書	シュウリョウショウショ
修交	シュウコウ
修史	シュウシ
修士	シュウシ
修士号	シュウシゴウ
修士課程	シュウシカテイ
修士論文	シュウシロンブン
修好	シュウコウ
修学	シュウガク
修学旅行	シュウガクリョコウ
修得	シュウトク
修復歴	シュウフクレキ
修惑	シュワク
修成	シュウセイ
修整	シュウセイ
修斗	シュウト
修景	シュウケイ
修正	シュウセイ
修正案	シュウセイアン
修正液	シュウセイエキ
修正者	シュウセイシャ
修正論	シュウセイロン
修煉	シュウレン
修理代	シュウリダイ
修理工	シュウリコウ
修理工場	シュウリコウジョウ
修理費	シュウリヒ
修築	シュウチク
修練	シュウレン
修繕	シュウゼン
修繕費	シュウゼンヒ
修羅界	シュラカイ
修習	シュウシュウ
修行僧	シュギョウソウ
修補	シュウホ
修訂	シュウテイ
修論	シュウロン
修身	シュウシン
修辞	シュウジ
修辞学	シュウジガク
修辞法	シュウジホウ
修道	シュウドウ
修道会	シュウドウカイ
修道士	シュウドウシ
修道女	シュウドウジョ
修道尼	シュウドウニ
修道院	シュウドウイン
修錬	シュウレン
修飾	シュウショク
修飾語	シュウショクゴ
修養	シュウヨウ
修験	シュゲン
修験道	シュゲンドウ
俯き	ウツムキ
俯く	ウツムク
俯け	ウツムケ
俯ける	ウツムケル
俯せ	ウツブセ
俯せる	ウツブセル
俯仰	フギョウ
俯向く	ウツムク
俯向け	ウツムケ
俯瞰	フカン
俯瞰図	フカンズ
俯瞰的	フカンテキ
俯角	フカク
俱楽部	クラブ
俳人	ハイジン
俳優	ハイユウ
俳友	ハイユウ
俳句	ハイク
俳号	ハイゴウ
俳味	ハイミ
俳壇	ハイダン
俳文	ハイブン
俳画	ハイガ
俳聖	ハイセイ
俳誌	ハイシ
俳諧	ハイカイ
俳諧師	ハイカイシ
俳風	ハイフウ
俸禄	ホウロク
俸給	ホウキュウ
俺俺詐欺	オレオレサギ
倉入れ	クライレ
倉出し	クラダシ
倉卒	ソウソツ
倉庫	ソウコ
倉庫業	ソウコギョウ
倉庫番	ソウコバン
倉廩	ソウリン
倉敷	クラシキ
倉敷料	クラシキリョウ
倉渡し	クラワタシ
倉皇	ソウコウ
倉荷	クラニ
個々	ココ
個々人	ココジン
個人	コジン
個人データ	コジンデータ
個人事業者	コジンジギョウシャ
個人名	コジンメイ
個人向け	コジンムケ
個人型確定拠出年金	コジンガタカクテイキョシュツネンキン
個人宅	コジンタク
個人差	コジンサ
個人年金	コジンネンキン
個人情報	コジンジョウホウ
個人情報保護法	コジンジョウホウホゴホウ
個人戦	コジンセン
個人技	コジンギ
個人用	コジンヨウ
個人番号	コジンバンゴウ
個人的	コジンテキ
個体	コタイ
個体値	コタイチ
個体差	コタイサ
個体群	コタイグン
個個	ココ
個個人	ココジン
個別	コベツ
個別的	コベツテキ
個包装	コホウソウ
個口	コグチ
個室	コシツ
個展	コテン
個性	コセイ
個性派	コセイハ
個性的	コセイテキ
個所	カショ
個数	コスウ
個月	カゲツ
個条	カジョウ
個条書き	カジョウガキ
個物	コブツ
個装	コソウ
個食	コショク
倍々	バイバイ
倍する	バイスル
倍倍	バイバイ
倍加	バイカ
倍増	バイゾウ
倍増し	バイマシ
倍大	バイダイ
倍数	バイスウ
倍数体	バイスウタイ
倍数性	バイスウセイ
倍旧	バイキュウ
倍満	バイマン
倍率	バイリツ
倍精度	バイセイド
倍角	バイカク
倍返し	バイガエシ
倍速	バイソク
倍音	バイオン
倍額	バイガク
倒かす	コカス
倒ける	コケル
倒れこむ	タオレコム
倒れふす	タオレフス
倒れ伏す	タオレフス
倒れ掛かる	タオレカカル
倒れ臥す	タオレフス
倒れ込む	タオレコム
倒伏	トウフク
倒叙	トウジョ
倒壊	トウカイ
倒幕	トウバク
倒影	トウエイ
倒懸	トウケン
倒木	トウボク
倒潰	トウカイ
倒産	トウサン
倒立	トウリツ
倒置	トウチ
倒語	トウゴ
倒錯	トウサク
倒閣	トウカク
候文	ソウロウブン
候補	コウホ
候補生	コウホセイ
候補者	コウホシャ
候鳥	コウチョウ
倚る	ヨル
倚藉	イシャ
借りる	カリル
借り上げる	カリアゲル
借り主	カリヌシ
借り倒す	カリタオス
借り入れ	カリイレ
借り入れる	カリイレル
借り出す	カリダス
借り切り	カリキリ
借り切る	カリキル
借り受ける	カリウケル
借り地	カリチ
借り手	カリテ
借り換え	カリカエ
借り換える	カリカエル
借り方	カリカタ
借り物	カリモノ
借り着	カリギ
借り貸し	カリカシ
借り賃	カリチン
借り越し	カリコシ
借り越す	カリコス
借り逃げ	カリニゲ
借り集める	カリアツメル
借る	カル
借主	カリヌシ
借入れ	カリイレ
借入れる	カリイレル
借入金	カリイレキン
借地	シャクチ
借地料	シャクチリョウ
借地権	シャクチケン
借手	カリテ
借換	カリカエ
借料	シャクリョウ
借方	カリカタ
借景	シャッケイ
借款	シャッカン
借物	カリモノ
借用	シャクヨウ
借用語	シャクヨウゴ
借覧	シャクラン
借財	シャクザイ
借越	カリコシ
借越し	カリコシ
借金	シャッキン
借金取り	シャッキントリ
借金返済	シャッキンヘンサイ
借銭	シャクセン
借間	シャクマ
値うち	ネウチ
値がさ	ネガサ
値ごろ	ネゴロ
値ザヤ	ネザヤ
値上がり	ネアガリ
値上げ	ネアゲ
値上り	ネアガリ
値下がり	ネサガリ
値下げ	ネサゲ
値付け	ネヅケ
値切る	ネギル
値動き	ネウゴキ
値千金	アタイセンキン
値域	チイキ
値崩れ	ネクズレ
値嵩	ネガサ
値嵩株	ネガサカブ
値幅	ネハバ
値引	ネビキ
値引き	ネビキ
値打	ネウチ
値打ち	ネウチ
値札	ネフダ
値段	ネダン
値洗い	ネアライ
値踏み	ネブミ
値遇	チグウ
値鞘	ネザヤ
値頃	ネゴロ
倥偬	コウソウ
倦きる	アキル
倦み疲れる	ウミツカレル
倦厭	ケンエン
倦怠	ケンタイ
倦怠感	ケンタイカン
倦怠期	ケンタイキ
倦憊	ケンパイ
倨傲	キョゴウ
倫理	リンリ
倫理学	リンリガク
倫理的	リンリテキ
倫理観	リンリカン
倭人	ワジン
倭名	ワミョウ
倭国	ワコク
倭寇	ワコウ
倭王	ワオウ
倭絵	ヤマトエ
倭訓	ワクン
倭語	ワゴ
倶楽部	クラブ
倶発	グハツ
倹しい	ツマシイ
倹約	ケンヤク
倹約家	ケンヤクカ
倹素	ケンソ
偃月	エンゲツ
偃月刀	エンゲツトウ
偃武	エンブ
偃臥	エンガ
偉い	エライ
偉く	エラク
偉人	イジン
偉力	イリョク
偉功	イコウ
偉効	イコウ
偉勲	イクン
偉大	イダイ
偉容	イヨウ
偉徳	イトク
偉才	イサイ
偉材	イザイ
偉業	イギョウ
偉観	イカン
偉蹟	イセキ
偏する	ヘンスル
偏に	ヒトエニ
偏り	カタヨリ
偏る	カタヨル
偏人	ヘンジン
偏倚	ヘンイ
偏光	ヘンコウ
偏光子	ヘンコウシ
偏向	ヘンコウ
偏固	ヘンコ
偏在	ヘンザイ
偏執病	ヘンシュウビョウ
偏奇	ヘンキ
偏屈	ヘンクツ
偏差	ヘンサ
偏差値	ヘンサチ
偏平	ヘンペイ
偏平足	ヘンペイソク
偏微分	ヘンビブン
偏心	ヘンシン
偏愛	ヘンアイ
偏旁	ヘンボウ
偏波	ヘンパ
偏流	ヘンリュウ
偏物	ヘンブツ
偏狭	ヘンキョウ
偏移	ヘンイ
偏窟	ヘンクツ
偏西風	ヘンセイフウ
偏見	ヘンケン
偏角	ヘンカク
偏諱	ヘンキ
偏頗	ヘンパ
偏食	ヘンショク
偕楽	カイラク
偕老	カイロウ
做す	ナス
停会	テイカイ
停刊	テイカン
停学	テイガク
停年	テイネン
停戦	テイセン
停止線	テイシセン
停泊	テイハク
停泊地	テイハクチ
停波	テイハ
停滞	テイタイ
停留	テイリュウ
停留場	テイリュウジョウ
停職	テイショク
停船	テイセン
停車	テイシャ
停車駅	テイシャエキ
停電	テイデン
停頓	テイトン
健か	シタタカ
健やか	スコヤカ
健保	ケンポ
健児	ケンジ
健全	ケンゼン
健兵	ケンペイ
健勝	ケンショウ
健啖	ケンタン
健啖家	ケンタンカ
健在	ケンザイ
健常	ケンジョウ
健常者	ケンジョウシャ
健康	ケンコウ
健康体	ケンコウタイ
健康保険	ケンコウホケン
健康保険制度	ケンコウホケンセイド
健康保険法	ケンコウホケンホウ
健康保険証	ケンコウホケンショウ
健康法	ケンコウホウ
健康状態	ケンコウジョウタイ
健康的	ケンコウテキ
健康管理	ケンコウカンリ
健康美	ケンコウビ
健康補助食品	ケンコウホジョショクヒン
健康診断	ケンコウシンダン
健康診査	ケンコウシンサ
健康食品	ケンコウショクヒン
健忘	ケンボウ
健忘症	ケンボウショウ
健気	ケナゲ
健祥	ケンショウ
健筆	ケンピツ
健胃	ケンイ
健胃剤	ケンイザイ
健胃薬	ケンイヤク
健脚	ケンキャク
健脚家	ケンキャクカ
健診	ケンシン
健闘	ケントウ
偲ふ	シノフ
偲ぶ	シノブ
側む	ソバム
側める	ソバメル
側ら	カタワラ
側仕え	ソバヅカエ
側圧	ソクアツ
側壁	ソクヘキ
側女	ソバメ
側妻	ソバメ
側室	ソクシツ
側廊	ソクロウ
側役	ソバヤク
側方	ソクホウ
側杖	ソバヅエ
側根	ソッコン
側溝	ソッコウ
側目	ソバメ
側筆	ソクヒツ
側索	ソクサク
側線	ソクセン
側聞	ソクブン
側背	ソクハイ
側臥	ソクガ
側芽	ソクガ
側車	ソクシャ
側転	ソクテン
側辺	ソクヘン
側近	ソッキン
側部	ソクブ
側鎖	ソクサ
側面	ソクメン
側面図	ソクメンズ
側頭葉	ソクトウヨウ
偵察	テイサツ
偵察機	テイサツキ
偵知	テイチ
偶々	タマタマ
偶に	タマニ
偶人	グウジン
偶作	グウサク
偶偶	タマタマ
偶像	グウゾウ
偶力	グウリョク
偶吟	グウギン
偶因	グウイン
偶奇性	グウキセイ
偶感	グウカン
偶成	グウセイ
偶数	グウスウ
偶有	グウユウ
偶有性	グウユウセイ
偶然	グウゼン
偶然論	グウゼンロン
偶発	グウハツ
偶詠	グウエイ
偶語	グウゴ
偶蹄類	グウテイルイ
偸む	ヌスム
偸安	トウアン
偽り	イツワリ
偽る	イツワル
偽アカ	ニセアカ
偽アカウント	ニセアカウント
偽作	ギサク
偽兵	ギヘイ
偽典	ギテン
偽史	ギシ
偽名	ギメイ
偽善	ギゼン
偽善者	ギゼンシャ
偽悪	ギアク
偽情報	ニセジョウホウ
偽書	ギショ
偽称	ギショウ
偽筆	ギヒツ
偽経	ギキョウ
偽者	ニセモノ
偽膜	ギマク
偽装	ギソウ
偽装請負	ギソウウケオイ
偽言	ギゲン
偽計	ギケイ
偽証	ギショウ
偽証罪	ギショウザイ
偽誓	ギセイ
偽足	ギソク
偽造	ギゾウ
偽金	ニセガネ
偽陰性	ギインセイ
偽陽性	ギヨウセイ
偽電	ギデン
偽首	ニセクビ
傀儡女	クグツメ
傀儡子	クグツシ
傅育	フイク
傍ら	カタワラ
傍人	ボウジン
傍受	ボウジュ
傍役	ワキヤク
傍杖	ソバヅエ
傍注	ボウチュウ
傍流	ボウリュウ
傍点	ボウテン
傍白	ボウハク
傍目八目	オカメハチモク
傍系	ボウケイ
傍線	ボウセン
傍聴	ボウチョウ
傍聴席	ボウチョウセキ
傍聴者	ボウチョウシャ
傍若無人	ボウジャクブジン
傍観	ボウカン
傍観者	ボウカンシャ
傍訓	ボウクン
傍証	ボウショウ
傍論	ボウロン
傍輩	ホウバイ
傍道	ワキミチ
傍題	ボウダイ
傑れる	スグレル
傑人	ケツジン
傑作	ケッサク
傑出	ケッシュツ
傑士	ケッシ
傑物	ケツブツ
傘下	サンカ
傘寿	サンジュ
傘屋	カサヤ
傘立て	カサタテ
傘紙	カサガミ
傘袋	カサブクロ
傘骨	カサボネ
備えつける	ソナエツケル
備える	ソナエル
備え付け	ソナエツケ
備え付ける	ソナエツケル
備に	ツブサニ
備わる	ソナワル
備付	ソナエツケ
備品	ビヒン
備忘	ビボウ
備忘録	ビボウロク
備砲	ビホウ
備考	ビコウ
備考欄	ビコウラン
備荒	ビコウ
備蓄	ビチク
備蓄米	ビチクマイ
備長	ビンチョウ
催し	モヨオシ
催す	モヨオス
催事	サイジ
催促状	サイソクジョウ
催告	サイコク
催奇性	サイキセイ
催涙	サイルイ
催涙弾	サイルイダン
催淫	サイイン
催淫剤	サイインザイ
催眠	サイミン
催眠剤	サイミンザイ
催眠療法	サイミンリョウホウ
催眠薬	サイミンヤク
催眠術	サイミンジュツ
催行	サイコウ
催馬楽	サイバラ
傭い	ヤトイ
傭う	ヤトウ
傭人	ヨウニン
傭兵	ヨウヘイ
傭船	ヨウセン
傭船契約	ヨウセンケイヤク
傲り	オゴリ
傲る	オゴル
傲岸	ゴウガン
傲慢	ゴウマン
傲然	ゴウゼン
傴僂	セムシ
債主	サイシュ
債券	サイケン
債務	サイム
債務国	サイムコク
債務者	サイムシャ
債権	サイケン
債権国	サイケンコク
債権者	サイケンシャ
債鬼	サイキ
傷あと	キズアト
傷つく	キズツク
傷つける	キズツケル
傷ましい	イタマシイ
傷み	イタミ
傷む	イタム
傷める	イタメル
傷付く	キズツク
傷付ける	キズツケル
傷兵	ショウヘイ
傷口	キズグチ
傷咎め	キズトガメ
傷害	ショウガイ
傷害保険	ショウガイホケン
傷害特約	ショウガイトクヤク
傷害罪	ショウガイザイ
傷寒	ショウカン
傷心	ショウシン
傷悴	ショウスイ
傷手	イタデ
傷病	ショウビョウ
傷病兵	ショウビョウヘイ
傷病手当	ショウビョウテアテ
傷痍	ショウイ
傷者	ショウシャ
傷薬	キズグスリ
傷跡	キズアト
傾れ	ナダレ
傾れる	ナダレル
傾れ込む	ナダレコム
傾倒	ケイトウ
傾動	ケイドウ
傾向	ケイコウ
傾国	ケイコク
傾城	ケイセイ
傾度	ケイド
傾性	ケイセイ
傾斜	ケイシャ
傾斜地	ケイシャチ
傾斜計	ケイシャケイ
傾注	ケイチュウ
傾瀉	ケイシャ
傾眠	ケイミン
傾聴	ケイチョウ
傾角	ケイカク
僅々	キンキン
僅僅	キンキン
僅少	キンショウ
僅差	キンサ
働かす	ハタラカス
働きあり	ハタラキアリ
働きかけ	ハタラキカケ
働きかける	ハタラキカケル
働きがい	ハタラキガイ
働きざかり	ハタラキザカリ
働きづめ	ハタラキヅメ
働きアリ	ハタラキアリ
働きバチ	ハタラキバチ
働き口	ハタラキグチ
働き手	ハタラキテ
働き掛け	ハタラキカケ
働き掛ける	ハタラキカケル
働き方	ハタラキカタ
働き方改革	ハタラキカタカイカク
働き甲斐	ハタラキガイ
働き盛り	ハタラキザカリ
働き者	ハタラキモノ
働き蜂	ハタラキバチ
働き蟻	ハタラキアリ
働き詰め	ハタラキヅメ
働く	ハタラク
像主	ゾウシュ
像容	ゾウヨウ
像法	ゾウボウ
像面	ゾウメン
僕たち	ボクタチ
僕婢	ボクヒ
僕達	ボクタチ
僚友	リョウユウ
僚機	リョウキ
僚船	リョウセン
僚艦	リョウカン
僥倖	ギョウコウ
僥幸	ギョウコウ
僧位	ソウイ
僧体	ソウタイ
僧侶	ソウリョ
僧俗	ソウゾク
僧兵	ソウヘイ
僧坊	ソウボウ
僧堂	ソウドウ
僧寺	ソウジ
僧尼	ソウニ
僧帽弁	ソウボウベン
僧帽筋	ソウボウキン
僧庵	ソウアン
僧形	ソウギョウ
僧徒	ソウト
僧房	ソウボウ
僧服	ソウフク
僧林	ソウリン
僧正	ソウジョウ
僧籍	ソウセキ
僧綱	ソウゴウ
僧職	ソウショク
僧都	ソウズ
僧門	ソウモン
僧院	ソウイン
僧階	ソウカイ
僭する	センスル
僭主	センシュ
僭称	センショウ
僭越	センエツ
僮僕	ドウボク
僻する	ヘキスル
僻み	ヒガミ
僻む	ヒガム
僻事	ヒガゴト
僻在	ヘキザイ
僻地	ヘキチ
僻村	ヘキソン
僻目	ヒガメ
僻見	ヘキケン
僻説	ヘキセツ
僻論	ヘキロン
僻遠	ヘキエン
僻邑	ヘキユウ
僻陬	ヘキスウ
儀じょう	ギジョウ
儀仗	ギジョウ
儀仗兵	ギジョウヘイ
儀典	ギテン
儀典長	ギテンチョウ
儀容	ギヨウ
儀式	ギシキ
儀式的	ギシキテキ
儀礼	ギレイ
儀礼的	ギレイテキ
儀表	ギヒョウ
儁才	シュンサイ
億ション	オクション
億万	オクマン
億兆	オクチョウ
儒仏	ジュブツ
儒学者	ジュガクシャ
儒官	ジュカン
儒家	ジュカ
儒教	ジュキョウ
儒教的	ジュキョウテキ
儒生	ジュセイ
儒者	ジュシャ
儒艮	ジュゴン
儒道	ジュドウ
儚い	ハカナイ
儚む	ハカナム
償い	ツグナイ
償却	ショウキャク
償還	ショウカン
償還期間	ショウカンキカン
償金	ショウキン
優々	ユウユウ
優しい	ヤサシイ
優に	ユウニ
優る	マサル
優れもの	スグレモノ
優れる	スグレル
優れ物	スグレモノ
優位	ユウイ
優位性	ユウイセイ
優先	ユウセン
優先席	ユウセンセキ
優先度	ユウセンド
優先株	ユウセンカブ
優先権	ユウセンケン
優先的	ユウセンテキ
優先順位	ユウセンジュンイ
優劣	ユウレツ
優勝	ユウショウ
優勝旗	ユウショウキ
優勝杯	ユウショウハイ
優勝者	ユウショウシャ
優勢	ユウセイ
優占	ユウセン
優占種	ユウセンシュ
優品	ユウヒン
優姿	ヤサスガタ
優婆塞	ウバソク
優婆夷	ウバイ
優婉	ユウエン
優形	ヤサガタ
優待	ユウタイ
優性	ユウセイ
優柔	ユウジュウ
優渥	ユウアク
優生	ユウセイ
優生学	ユウセイガク
優秀	ユウシュウ
優秀賞	ユウシュウショウ
優等	ユウトウ
優等生	ユウトウセイ
優美	ユウビ
優良	ユウリョウ
優良株	ユウリョウカブ
優艶	ユウエン
優諚	ユウジョウ
優賞	ユウショウ
優越	ユウエツ
優越感	ユウエツカン
優遇	ユウグウ
優遇措置	ユウグウソチ
優雅	ユウガ
優駿	ユウシュン
優麗	ユウレイ
儲かる	モウカル
儲け	モウケ
儲けもの	モウケモノ
儲ける	モウケル
儲け口	モウケグチ
儲け物	モウケモノ
儲け話	モウケバナシ
儲蓄	チョチク
儼乎	ゲンコ
儼存	ゲンソン
儼然	ゲンゼン
允可	インカ
允許	インキョ
元々	モトモト
元どおり	モトドオリ
元ねた	モトネタ
元より	モトヨリ
元カノ	モトカノ
元カレ	モトカレ
元サヤ	モトサヤ
元ネタ	モトネタ
元ヤン	モトヤン
元ヤンキー	モトヤンキー
元代	ゲンダイ
元価	ゲンカ
元値	モトネ
元元	モトモト
元兇	ゲンキョウ
元入金	モトイレキン
元凶	ゲンキョウ
元勲	ゲンクン
元号	ゲンゴウ
元型	ゲンケイ
元売	モトウリ
元売り	モトウリ
元大統領	モトダイトウリョウ
元夫	モトオット
元妻	モトツマ
元始	ゲンシ
元姓	ゲンセイ
元宵	ゲンショウ
元宵節	ゲンショウセツ
元寇	ゲンコウ
元帥	ゲンスイ
元帳	モトチョウ
元年	ガンネン
元彼	モトカレ
元彼女	モトカノジョ
元手	モトデ
元払い	モトバライ
元方	モトカタ
元旦	ガンタン
元曲	ゲンキョク
元来	ガンライ
元栓	モトセン
元標	ゲンピョウ
元正	ガンショウ
元気	ゲンキ
元気印	ゲンキジルシ
元氣	ゲンキ
元社長	モトシャチョウ
元祖	ガンソ
元素	ゲンソ
元総理	モトソウリ
元締	モトジメ
元締め	モトジメ
元老	ゲンロウ
元肥	モトゴエ
元請	モトウケ
元請け	モトウケ
元込め	モトゴメ
元通り	モトドオリ
元鞘	モトサヤ
元首	ゲンシュ
元首相	モトシュショウ
元高	モトダカ
兄の君	セノキミ
兄事	ケイジ
兄分	アニブン
兄姫	エヒメ
兄嫁	アニヨメ
兄子	セコ
兄弟げんか	キョウダイゲンカ
兄弟分	キョウダイブン
兄弟喧嘩	キョウダイゲンカ
兄弟子	アニデシ
兄者	アニジャ
兄貴	アニキ
充たす	ミタス
充ちる	ミチル
充てがう	アテガウ
充てる	アテル
充分	ジュウブン
充員	ジュウイン
充塞	ジュウソク
充塡	ジュウテン
充填	ジュウテン
充填剤	ジュウテンザイ
充実	ジュウジツ
充実感	ジュウジツカン
充当	ジュウトウ
充満	ジュウマン
充溢	ジュウイツ
充用	ジュウヨウ
充血	ジュウケツ
充足	ジュウソク
充足感	ジュウソクカン
充電	ジュウデン
充電器	ジュウデンキ
充電式	ジュウデンシキ
充電機	ジュウデンキ
充電池	ジュウデンチ
兆し	キザシ
兆す	キザス
兆候	チョウコウ
兇刃	キョウジン
兇器	キョウキ
兇変	キョウヘン
兇弾	キョウダン
兇徒	キョウト
兇悍	キョウカン
兇悪	キョウアク
兇手	キョウシュ
兇暴	キョウボウ
兇漢	キョウカン
兇状	キョウジョウ
兇猛	キョウモウ
兇行	キョウコウ
兇賊	キョウゾク
先々	サキザキ
先がける	サキガケル
先き	サキ
先ごろ	サキゴロ
先ず	マズ
先だって	センダッテ
先だつ	サキダツ
先っちょ	サキッチョ
先っぽ	サキッポ
先どり	サキドリ
先の日	サキノヒ
先べん	センベン
先ほど	サキホド
先まわり	サキマワリ
先んじる	サキンジル
先んずる	サキンズル
先主	センシュ
先人	センジン
先付	サキヅケ
先付け	サキヅケ
先代	センダイ
先任	センニン
先住	センジュウ
先住民	センジュウミン
先体	センタイ
先例	センレイ
先便	センビン
先借り	サキガリ
先先	サキザキ
先先代	センセンダイ
先先月	センセンゲツ
先入	センニュウ
先入れ	サキイレ
先入観	センニュウカン
先兵	センペイ
先出	センシュツ
先出し	サキダシ
先制	センセイ
先制点	センセイテン
先務	センム
先占	センセン
先取り	サキドリ
先取点	センシュテン
先口	センクチ
先史	センシ
先君	センクン
先哲	センテツ
先回	センカイ
先回り	サキマワリ
先夜	センヤ
先天	センテン
先天性	センテンセイ
先天性免疫不全症候群	センテンセイメンエキフゼンショウコウグン
先天病	センテンビョウ
先天的	センテンテキ
先太	サキブト
先太り	サキブトリ
先夫	センプ
先妣	センピ
先妻	センサイ
先婦	センプ
先学	センガク
先安	サキヤス
先安観	サキヤスカン
先客	センキャク
先導	センドウ
先導者	センドウシャ
先帝	センテイ
先師	センシ
先年	センネン
先度	センド
先延ばし	サキノバシ
先払い	サキバライ
先攻	センコウ
先日	センジツ
先日付	サキヒヅケ
先晩	センバン
先月	センゲツ
先棒	サキボウ
先決	センケツ
先渡し	サキワタシ
先潜り	サキクグリ
先物	サキモノ
先物取引	サキモノトリヒキ
先番	センバン
先発	センパツ
先発メンバー	センパツメンバー
先発医薬品	センパツイヤクヒン
先発品	センパツヒン
先発薬	センパツヤク
先登	セントウ
先着	センチャク
先着順	センチャクジュン
先知	センチ
先祖	センゾ
先祖返り	センゾガエリ
先秦	センシン
先程	サキホド
先立ち	サキダチ
先立つ	サキダツ
先立てる	サキダテル
先端	センタン
先端巨大症	センタンキョダイショウ
先端技術	センタンギジュツ
先約	センヤク
先細	サキボソ
先細り	サキボソリ
先細る	サキボソル
先考	センコウ
先聖	センセイ
先般	センパン
先行	センコウ
先見性	センケンセイ
先覚	センカク
先触れ	サキブレ
先読み	サキヨミ
先議	センギ
先議権	センギケン
先買	サキガイ
先買い	サキガイ
先貸し	サキガシ
先賢	センケン
先走り	サキバシリ
先走る	サキバシル
先蹤	センショウ
先輩	センパイ
先込め	サキゴメ
先述	センジュツ
先送り	サキオクリ
先途	センド
先週	センシュウ
先進	センシン
先進国	センシンコク
先進的	センシンテキ
先達て	センダッテ
先遣	センケン
先遣隊	センケンタイ
先鋒	センポウ
先鋭	センエイ
先鋭化	センエイカ
先陣	センジン
先非	センピ
先鞭	センベン
先頃	サキゴロ
先頭	セントウ
先駆	センク
先駆け	サキガケ
先駆ける	サキガケル
先駆者	センクシャ
先駈け	サキガケ
先駈ける	サキガケル
先験的	センケンテキ
先高	サキダカ
光らす	ヒカラス
光り物	ヒカリモノ
光り輝く	ヒカリカガヤク
光る	ヒカル
光体	コウタイ
光力	コウリョク
光化学	コウカガク
光合成	コウゴウセイ
光周性	コウシュウセイ
光圧	コウアツ
光塔	コウトウ
光子	コウシ
光学式	コウガクシキ
光学式マウス	コウガクシキマウス
光学式文字読み取り装置	コウガクシキモジヨミトリソウチ
光学系	コウガクケイ
光学軸	コウガクジク
光年	コウネン
光度	コウド
光度計	コウドケイ
光弾	コウダン
光彩	コウサイ
光復	コウフク
光復節	コウフクセツ
光景	コウケイ
光束	コウソク
光来	コウライ
光栄	コウエイ
光沢	コウタク
光沢剤	コウタクザイ
光沢紙	コウタクシ
光波	コウハ
光源	コウゲン
光炎	コウエン
光点	コウテン
光焔	コウエン
光熱	コウネツ
光熱水費	コウネツスイヒ
光熱費	コウネツヒ
光球	コウキュウ
光線	コウセン
光線銃	コウセンジュウ
光耀	コウヨウ
光背	コウハイ
光背効果	コウハイコウカ
光脱毛	ヒカリダツモウ
光臨	コウリン
光芒	コウボウ
光蘚	ヒカリゴケ
光行差	コウコウサ
光覚	コウカク
光触媒	ヒカリショクバイ
光跡	コウセキ
光軸	コウジク
光輝	コウキ
光輝く	ヒカリカガヤク
光輪	コウリン
光速	コウソク
光速度	コウソクド
光量	コウリョウ
光量子	コウリョウシ
光陰	コウイン
光電	コウデン
光電子	コウデンシ
光電池	コウデンチ
光電管	コウデンカン
光頭	コウトウ
克く	ヨク
克つ	カツ
克己	コッキ
克己心	コッキシン
克復	コクフク
克明	コクメイ
克服	コクフク
克雪	コクセツ
克鯨	コククジラ
兌換	ダカン
兌換券	ダカンケン
免じる	メンジル
免ずる	メンズル
免停	メンテイ
免囚	メンシュウ
免官	メンカン
免役	メンエキ
免状	メンジョウ
免疫	メンエキ
免疫グロブリン	メンエキグロブリン
免疫体	メンエキタイ
免疫力	メンエキリョク
免疫学	メンエキガク
免疫性	メンエキセイ
免疫系	メンエキケイ
免租	メンソ
免税	メンゼイ
免税店	メンゼイテン
免税点	メンゼイテン
免罪	メンザイ
免罪符	メンザイフ
免職	メンショク
免許	メンキョ
免許停止	メンキョテイシ
免許制	メンキョセイ
免許料	メンキョリョウ
免許状	メンキョジョウ
免許証	メンキョショウ
免訴	メンソ
免責	メンセキ
免除	メンジョ
免震	メンシン
兎に角	トニカク
兎の毛	ウノケ
兎も角	トモカク
兎小屋	ウサギゴヤ
兎座	ウサギザ
兎狩り	ウサギガリ
兎網	ウサギアミ
兎角	トカク
兎跳び	ウサギトビ
兎馬	ウサギウマ
児ポ法	ジポホウ
児女	ジジョ
児孫	ジソン
児戯	ジギ
児相	ジソウ
児童	ジドウ
児童劇	ジドウゲキ
児童手当	ジドウテアテ
児童書	ジドウショ
児童福祉法	ジドウフクシホウ
児童館	ジドウカン
党争	トウソウ
党人	トウジン
党代表	トウダイヒョウ
党内	トウナイ
党利	トウリ
党則	トウソク
党務	トウム
党勢	トウセイ
党友	トウユウ
党史	トウシ
党名	トウメイ
党員	トウイン
党大会	トウタイカイ
党是	トウゼ
党歴	トウレキ
党派	トウハ
党派心	トウハシン
党略	トウリャク
党籍	トウセキ
党紀	トウキ
党総裁	トウソウサイ
党規	トウキ
党議	トウギ
党費	トウヒ
党閥	トウバツ
党首	トウシュ
兜巾	トキン
兜煮	カブトニ
兜率	トソツ
兜蝦	カブトエビ
兜蟹	カブトガニ
入りびたる	イリビタル
入りまじる	イリマジル
入り乱れる	イリミダレル
入り交じる	イリマジル
入り会い	イリアイ
入り婿	イリムコ
入り日	イリヒ
入り替わる	イリカワル
入り母屋	イリモヤ
入り江	イリエ
入り浜	イリハマ
入り海	イリウミ
入り浸り	イリビタリ
入り浸る	イリビタル
入り混じる	イリマジル
入り用	イリヨウ
入り目	イリメ
入り組む	イリクム
入り船	イリフネ
入れあげる	イレアゲル
入れかえる	イレカエル
入れかわる	イレカワル
入れぼくろ	イレボクロ
入れもの	イレモノ
入れ代える	イレカエル
入れ代り	イレカワリ
入れ代る	イレカワル
入れ代わり	イレカワリ
入れ代わる	イレカワル
入れ合わせる	イレアワセル
入れ墨	イレズミ
入れ子	イレコ
入れ掛け	イレカケ
入れ揚げる	イレアゲル
入れ換え	イレカエ
入れ換える	イレカエル
入れ換わる	イレカワル
入れ替え	イレカエ
入れ替える	イレカエル
入れ替り	イレカワリ
入れ替る	イレカワル
入れ替わり	イレカワリ
入れ替わる	イレカワル
入れ札	イレフダ
入れ歯	イレバ
入れ毛	イレゲ
入れ物	イレモノ
入れ目	イレメ
入れ直す	イレナオス
入れ知恵	イレヂエ
入れ籠	イレコ
入れ綿	イレワタ
入れ込む	イレコム
入れ違い	イレチガイ
入れ違える	イレチガエル
入れ食い	イレグイ
入れ髪	イレガミ
入京	ニュウキョウ
入会地	イリアイチ
入信	ニュウシン
入党	ニュウトウ
入内雀	ニュウナイスズメ
入出力	ニュウシュツリョク
入出力制御装置	ニュウシュツリョクセイギョソウチ
入出金	ニュウシュッキン
入刀	ニュウトウ
入力	ニュウリョク
入力キー	ニュウリョクキー
入力方法	ニュウリョクホウホウ
入力欄	ニュウリョクラン
入力法	ニュウリョクホウ
入力漏れ	ニュウリョクモレ
入力画面	ニュウリョクガメン
入力誤り	ニュウリョクアヤマリ
入合	イリアイ
入営	ニュウエイ
入団	ニュウダン
入国審査	ニュウコクシンサ
入国査証	ニュウコクサショウ
入国管理	ニュウコクカンリ
入国管理局	ニュウコクカンリキョク
入国管理法	ニュウコクカンリホウ
入国者	ニュウコクシャ
入園	ニュウエン
入園式	ニュウエンシキ
入園料	ニュウエンリョウ
入坑	ニュウコウ
入城	ニュウジョウ
入域	ニュウイキ
入場	ニュウジョウ
入場券	ニュウジョウケン
入場料	ニュウジョウリョウ
入場税	ニュウジョウゼイ
入場者	ニュウジョウシャ
入塾	ニュウジュク
入境	ニュウキョウ
入夫	ニュウフ
入婿	イリムコ
入学	ニュウガク
入学式	ニュウガクシキ
入学者	ニュウガクシャ
入学試験	ニュウガクシケン
入学金	ニュウガクキン
入宋	ニッソウ
入定	ニュウジョウ
入寂	ニュウジャク
入寇	ニュウコウ
入寮	ニュウリョウ
入寺	ニュウジ
入射	ニュウシャ
入居	ニュウキョ
入居者	ニュウキョシャ
入山	ニュウザン
入島	ニュウトウ
入市	ニュウシ
入幕	ニュウマク
入庁	ニュウチョウ
入店	ニュウテン
入府	ニュウフ
入庫	ニュウコ
入廷	ニュウテイ
入念	ニュウネン
入所	ニュウショ
入所者	ニュウショシャ
入手	ニュウシュ
入手先	ニュウシュサキ
入換	イレカエ
入換え	イレカエ
入換える	イレカエル
入日	イリヒ
入替	イレカエ
入替え	イレカエ
入替える	イレカエル
入替戦	イレカエセン
入朝	ニュウチョウ
入札	ニュウサツ
入村	ニュウソン
入校	ニュウコウ
入棺	ニュウカン
入植	ニュウショク
入植地	ニュウショクチ
入植者	ニュウショクシャ
入構	ニュウコウ
入歯	イレバ
入段	ニュウダン
入母屋	イリモヤ
入江	イリエ
入浜	イリハマ
入浴	ニュウヨク
入浴剤	ニュウヨクザイ
入海	イリウミ
入浸る	イリビタル
入渠	ニュウキョ
入港	ニュウコウ
入港料	ニュウコウリョウ
入湯	ニュウトウ
入湯税	ニュウトウゼイ
入滅	ニュウメツ
入漁料	ニュウギョリョウ
入牢	ニュウロウ
入物	イレモノ
入獄	ニュウゴク
入玉	ニュウギョク
入相	イリアイ
入眠	ニュウミン
入知恵	イレヂエ
入社	ニュウシャ
入社式	ニュウシャシキ
入神	ニュウシン
入稿	ニュウコウ
入管	ニュウカン
入管法	ニュウカンホウ
入籍	ニュウセキ
入線	ニュウセン
入聟	イリムコ
入職率	ニュウショクリツ
入舎	ニュウシャ
入荷	ニュウカ
入試	ニュウシ
入貢	ニュウコウ
入費	ニュウヒ
入賞	ニュウショウ
入質	ニュウシチ
入超	ニュウチョウ
入車	ニュウシャ
入退院	ニュウタイイン
入道	ニュウドウ
入道雲	ニュウドウグモ
入選	ニュウセン
入部	ニュウブ
入金	ニュウキン
入鋏	ニュウキョウ
入門	ニュウモン
入門書	ニュウモンショ
入閣	ニュウカク
入院	ニュウイン
入院中	ニュウインチュウ
入隊	ニュウタイ
入電	ニュウデン
入館	ニュウカン
入館料	ニュウカンリョウ
全う	マットウ
全く	マッタク
全て	スベテ
全一	ゼンイツ
全乳	ゼンニュウ
全人	ゼンジン
全人代	ゼンジンダイ
全休	ゼンキュウ
全会	ゼンカイ
全住民	ゼンジュウミン
全体	ゼンタイ
全体像	ゼンタイゾウ
全体的	ゼンタイテキ
全体論	ゼンタイロン
全備	ゼンビ
全党	ゼントウ
全入	ゼンニュウ
全判	ゼンバン
全割	ゼンカツ
全力	ゼンリョク
全労	ゼンロウ
全労協	ゼンロウキョウ
全勝	ゼンショウ
全単射	ゼンタンシャ
全卵	ゼンラン
全反射	ゼンハンシャ
全史	ゼンシ
全否定	ゼンヒテイ
全周	ゼンシュウ
全品	ゼンピン
全問	ゼンモン
全図	ゼンズ
全国	ゼンコク
全国区	ゼンコクク
全国大会	ゼンコクタイカイ
全国的	ゼンコクテキ
全国紙	ゼンコクシ
全土	ゼンド
全地	ゼンチ
全域	ゼンイキ
全壊	ゼンカイ
全天	ゼンテン
全天候	ゼンテンコウ
全天候型	ゼンテンコウガタ
全学	ゼンガク
全室	ゼンシツ
全容	ゼンヨウ
全寮	ゼンリョウ
全寮制	ゼンリョウセイ
全射	ゼンシャ
全局	ゼンキョク
全山	ゼンザン
全島	ゼントウ
全州	ゼンシュウ
全巻	ゼンカン
全市	ゼンシ
全席	ゼンセキ
全店	ゼンテン
全廃	ゼンパイ
全形	ゼンケイ
全微分	ゼンビブン
全心	ゼンシン
全快	ゼンカイ
全性愛	ゼンセイアイ
全戸	ゼンコ
全損	ゼンソン
全摘	ゼンテキ
全摘出	ゼンテキシュツ
全敗	ゼンパイ
全数	ゼンスウ
全文	ゼンブン
全日制	ゼンニチセイ
全景	ゼンケイ
全智	ゼンチ
全曲	ゼンキョク
全書	ゼンショ
全期	ゼンキ
全村	ゼンソン
全校	ゼンコウ
全権	ゼンケン
全機	ゼンキ
全欧	ゼンオウ
全段	ゼンダン
全波	ゼンパ
全滅	ゼンメツ
全潰	ゼンカイ
全焼	ゼンショウ
全甲	ゼンコウ
全画面	ゼンガメン
全癒	ゼンユ
全的	ゼンテキ
全盛	ゼンセイ
全盛期	ゼンセイキ
全盲	ゼンモウ
全県	ゼンケン
全知	ゼンチ
全知全能	ゼンチゼンノウ
全社	ゼンシャ
全社員	ゼンシャイン
全科	ゼンカ
全称	ゼンショウ
全種	ゼンシュ
全米	ゼンベイ
全粒	ゼンリュウ
全粒粉	ゼンリュウフン
全納	ゼンノウ
全紙	ゼンシ
全級	ゼンキュウ
全総	ゼンソウ
全線	ゼンセン
全編	ゼンペン
全能	ゼンノウ
全能性	ゼンノウセイ
全自動	ゼンジドウ
全般	ゼンパン
全般的	ゼンパンテキ
全船	ゼンセン
全艦	ゼンカン
全英	ゼンエイ
全裸	ゼンラ
全角	ゼンカク
全訳	ゼンヤク
全話	ゼンワ
全豹	ゼンピョウ
全貌	ゼンボウ
全責任	ゼンセキニン
全身	ゼンシン
全身全霊	ゼンシンゼンレイ
全車	ゼンシャ
全軍	ゼングン
全通	ゼンツウ
全速	ゼンソク
全速力	ゼンソクリョク
全道	ゼンドウ
全部	ゼンブ
全都	ゼント
全量	ゼンリョウ
全銀	ゼンギン
全長	ゼンチョウ
全開	ゼンカイ
全隊	ゼンタイ
全集	ゼンシュウ
全霊	ゼンレイ
全面	ゼンメン
全面安	ゼンメンヤス
全面広告	ゼンメンコウコク
全面的	ゼンメンテキ
全音	ゼンオン
全音階	ゼンオンカイ
全額	ゼンガク
全館	ゼンカン
全高	ゼンコウ
八つあたり	ヤツアタリ
八つ当たり	ヤツアタリ
八つ当り	ヤツアタリ
八つ手	ヤツデ
八つ裂き	ヤツザキ
八つ頭	ヤツガシラ
八丁	ハッチョウ
八分儀	ハチブンギ
八分儀座	ハチブンギザ
八十路	ヤソジ
八口	ヤツクチ
八咫烏	ヤタガラス
八宝菜	ハッポウサイ
八尺瓊	ヤサカニ
八島	ヤシマ
八州	ハッシュウ
八幡	ハチマン
八幡宮	ハチマングウ
八手	ヤツデ
八方	ハッポウ
八方美人	ハッポウビジン
八景	ハッケイ
八朔	ハッサク
八白	ハッパク
八百屋	ヤオヤ
八百長	ヤオチョウ
八目	ヤツメ
八目鰻	ヤツメウナギ
八紘	ハッコウ
八股	ハッコ
八股文	ハッコブン
八腕類	ハチワンルイ
八苦	ハック
八荒	ハッコウ
八虐	ハチギャク
八角墳	ハッカクフン
八進法	ハッシンホウ
八道	ハチドウ
八重	ヤエ
八重垣	ヤエガキ
八重桜	ヤエザクラ
八重歯	ヤエバ
八重葎	ヤエムグラ
八釜しい	ヤカマシイ
八雲	ヤクモ
公主	コウシュ
公人	コウジン
公企業	コウキギョウ
公休	コウキュウ
公休日	コウキュウビ
公会	コウカイ
公会堂	コウカイドウ
公会議	コウカイギ
公使	コウシ
公使館	コウシカン
公倍数	コウバイスウ
公債	コウサイ
公傷	コウショウ
公僕	コウボク
公儀	コウギ
公党	コウトウ
公公然	コウコウゼン
公共	コウキョウ
公共トイレ	コウキョウトイレ
公共交通機関	コウキョウコウツウキカン
公共債	コウキョウサイ
公共団体	コウキョウダンタイ
公共圏	コウキョウケン
公共心	コウキョウシン
公共性	コウキョウセイ
公共機関	コウキョウキカン
公共財	コウキョウザイ
公刊	コウカン
公判	コウハン
公判廷	コウハンテイ
公助	コウジョ
公労協	コウロウキョウ
公労委	コウロウイ
公労法	コウロウホウ
公務	コウム
公務員	コウムイン
公務災害	コウムサイガイ
公募	コウボ
公募債	コウボサイ
公印	コウイン
公取委	コウトリイ
公吏	コウリ
公告	コウコク
公営	コウエイ
公営企業	コウエイキギョウ
公器	コウキ
公団	コウダン
公図	コウズ
公国	コウコク
公園	コウエン
公地	コウチ
公報	コウホウ
公売	コウバイ
公女	コウジョ
公妃	コウヒ
公妨	コウボウ
公娼	コウショウ
公子	コウシ
公安	コウアン
公安委員会	コウアンイインカイ
公安職	コウアンショク
公安調査庁	コウアンチョウサチョウ
公安部	コウアンブ
公定	コウテイ
公定歩合	コウテイブアイ
公害	コウガイ
公害対策基本法	コウガイタイサクキホンホウ
公害病	コウガイビョウ
公害罪	コウガイザイ
公差	コウサ
公布	コウフ
公平性	コウヘイセイ
公序	コウジョ
公序良俗	コウジョリョウゾク
公庫	コウコ
公式	コウシキ
公式戦	コウシキセン
公式的	コウシキテキ
公徳	コウトク
公憤	コウフン
公教育	コウキョウイク
公敵	コウテキ
公文所	クモンジョ
公文書	コウブンショ
公方	クボウ
公明	コウメイ
公明正大	コウメイセイダイ
公有	コウユウ
公有地	コウユウチ
公案	コウアン
公権	コウケン
公権力	コウケンリョク
公正	コウセイ
公武	コウブ
公比	コウヒ
公民権	コウミンケン
公民館	コウミンカン
公法	コウホウ
公法人	コウホウジン
公海	コウカイ
公準	コウジュン
公演	コウエン
公然	コウゼン
公爵	コウシャク
公理	コウリ
公理系	コウリケイ
公用	コウヨウ
公用文	コウヨウブン
公用物	コウヨウブツ
公用語	コウヨウゴ
公用車	コウヨウシャ
公的	コウテキ
公的年金	コウテキネンキン
公的機関	コウテキキカン
公益	コウエキ
公益通報者保護法	コウエキツウホウシャホゴホウ
公知	コウチ
公社	コウシャ
公社債	コウシャサイ
公私	コウシ
公租	コウソ
公租公課	コウソコウカ
公称	コウショウ
公空	コウクウ
公立	コウリツ
公立中学校	コウリツチュウガッコウ
公立大	コウリツダイ
公立大学	コウリツダイガク
公立校	コウリツコウ
公立高校	コウリツコウコウ
公算	コウサン
公簿	コウボ
公約	コウヤク
公約数	コウヤクスウ
公署	コウショ
公聴	コウチョウ
公聴会	コウチョウカイ
公職	コウショク
公職選挙法	コウショクセンキョホウ
公舎	コウシャ
公苑	コウエン
公衆	コウシュウ
公衆トイレ	コウシュウトイレ
公衆便所	コウシュウベンジョ
公衆浴場	コウシュウヨクジョウ
公衆衛生	コウシュウエイセイ
公衙	コウガ
公表	コウヒョウ
公言	コウゲン
公設	コウセツ
公設市場	コウセツイチバ
公許	コウキョ
公訴	コウソ
公訴権	コウソケン
公証	コウショウ
公証人	コウショウニン
公認	コウニン
公認会計士	コウニンカイケイシ
公課	コウカ
公論	コウロン
公議	コウギ
公議所	コウギショ
公費	コウヒ
公路	コウロ
公転	コウテン
公辺	コウヘン
公述	コウジュツ
公述人	コウジュツニン
公道	コウドウ
公選	コウセン
公選法	コウセンホウ
公邸	コウテイ
公金	コウキン
公開	コウカイ
公開中	コウカイチュウ
公開株	コウカイカブ
公開状	コウカイジョウ
公開鍵	コウカイカギ
公開鍵暗号	コウカイカギアンゴウ
公電	コウデン
公領	コウリョウ
公館	コウカン
公魚	ワカサギ
六入	ロクニュウ
六分儀	ロクブンギ
六分儀座	ロクブンギザ
六十路	ムソジ
六合	リクゴウ
六味	ロクミ
六方	ロッポウ
六欲天	ロクヨクテン
六法	ロッポウ
六甲おろし	ロッコウオロシ
六甲颪	ロッコウオロシ
六白	ロッパク
六腑	ロップ
六輝	ロッキ
六道銭	ロクドウセン
共々	トモドモ
共作	キョウサク
共修	キョウシュウ
共倒れ	トモダオレ
共催	キョウサイ
共働き	トモバタラキ
共共	トモドモ
共分散	キョウブンサン
共切れ	トモギレ
共創	キョウソウ
共助	キョウジョ
共同	キョウドウ
共同企業体	キョウドウキギョウタイ
共同住宅	キョウドウジュウタク
共同体	キョウドウタイ
共同使用駅	キョウドウシヨウエキ
共同制作	キョウドウセイサク
共同溝	キョウドウコウ
共同研究	キョウドウケンキュウ
共同親権	キョウドウシンケン
共和	キョウワ
共和主義	キョウワシュギ
共和制	キョウワセイ
共和国	キョウワコク
共和政	キョウワセイ
共学	キョウガク
共寝	トモネ
共役	キョウヤク
共感	キョウカン
共感性	キョウカンセイ
共感覚	キョウカンカク
共振	キョウシン
共振器	キョウシンキ
共時	キョウジ
共時性	キョウジセイ
共時的	キョウジテキ
共晶	キョウショウ
共有	キョウユウ
共有地	キョウユウチ
共栄	キョウエイ
共栓	トモセン
共棲	キョウセイ
共沈	キョウチン
共沸	キョウフツ
共済	キョウサイ
共済事業	キョウサイジギョウ
共済組合	キョウサイクミアイ
共演	キョウエン
共演者	キョウエンシャ
共犯	キョウハン
共犯者	キョウハンシャ
共生	キョウセイ
共産	キョウサン
共産主義	キョウサンシュギ
共産化	キョウサンカ
共産圏	キョウサンケン
共用	キョウヨウ
共白髪	トモシラガ
共益	キョウエキ
共益費	キョウエキヒ
共稼ぎ	トモカセギ
共立	キョウリツ
共紙	トモガミ
共編	キョウヘン
共聴	キョウチョウ
共色	トモイロ
共著	キョウチョ
共裏	トモウラ
共襟	トモエリ
共訳	キョウヤク
共謀	キョウボウ
共謀罪	キョウボウザイ
共謀者	キョウボウシャ
共販	キョウハン
共起	キョウキ
共軛	キョウヤク
共通	キョウツウ
共通性	キョウツウセイ
共通点	キョウツウテン
共通語	キョウツウゴ
共通項	キョウツウコウ
共連れ	トモヅレ
共進化	キョウシンカ
共重合	キョウジュウゴウ
共闘	キョウトウ
共食	キョウショク
共食い	トモグイ
共鳴	キョウメイ
共鳴り	トモナリ
共鳴器	キョウメイキ
共鳴者	キョウメイシャ
兵乱	ヘイラン
兵事	ヘイジ
兵備	ヘイビ
兵児	ヘコ
兵児帯	ヘコオビ
兵六玉	ヒョウロクダマ
兵刃	ヘイジン
兵制	ヘイセイ
兵力	ヘイリョク
兵務	ヘイム
兵匪	ヘイヒ
兵卒	ヘイソツ
兵員	ヘイイン
兵営	ヘイエイ
兵器	ヘイキ
兵器庫	ヘイキコ
兵団	ヘイダン
兵士	ヘイシ
兵変	ヘイヘン
兵学校	ヘイガッコウ
兵学者	ヘイガクシャ
兵家	ヘイカ
兵役	ヘイエキ
兵戈	ヘイカ
兵数	ヘイスウ
兵書	ヘイショ
兵曹	ヘイソウ
兵曹長	ヘイソウチョウ
兵棋	ヘイギ
兵権	ヘイケン
兵火	ヘイカ
兵燹	ヘイセン
兵略	ヘイリャク
兵禍	ヘイカ
兵科	ヘイカ
兵種	ヘイシュ
兵站	ヘイタン
兵籍	ヘイセキ
兵粮	ヒョウロウ
兵糧	ヒョウロウ
兵舎	ヘイシャ
兵船	ヘイセン
兵術	ヘイジュツ
兵装	ヘイソウ
兵車	ヘイシャ
兵農	ヘイノウ
兵長	ヘイチョウ
兵隊	ヘイタイ
兵難	ヘイナン
兵額	ヘイガク
兵食	ヘイショク
兵馬	ヘイバ
其の	ソノ
其れ	ソレ
其処彼処	ソコカシコ
其処此処	ソコココ
其処許	ソコモト
其処退け	ソコノケ
其式	ソレシキ
具える	ソナエル
具す	グス
具する	グスル
具に	ツブサニ
具わる	ソナワル
具体	グタイ
具体例	グタイレイ
具体化	グタイカ
具体性	グタイセイ
具体案	グタイアン
具体的	グタイテキ
具体策	グタイサク
具備	グビ
具有	グユウ
具材	グザイ
具格	グカク
具案	グアン
具現	グゲン
具現化	グゲンカ
具申	グシン
具眼	グガン
具象	グショウ
具象化	グショウカ
具足	グソク
具陳	グチン
典侍	テンジ
典型	テンケイ
典型例	テンケイレイ
典型的	テンケイテキ
典憲	テンケン
典拠	テンキョ
典故	テンコ
典獄	テンゴク
典礼	テンレイ
典範	テンパン
典薬	テンヤク
典雅	テンガ
典麗	テンレイ
兼ねる	カネル
兼ね仕える	カネツカエル
兼ね備える	カネソナエル
兼ね合い	カネアイ
兼任	ケンニン
兼併	ケンペイ
兼修	ケンシュウ
兼備	ケンビ
兼務	ケンム
兼勤	ケンキン
兼合い	カネアイ
兼営	ケンエイ
兼学	ケンガク
兼官	ケンカン
兼帯	ケンタイ
兼担	ケンタン
兼摂	ケンセツ
兼有	ケンユウ
兼業	ケンギョウ
兼用	ケンヨウ
兼職	ケンショク
兼行	ケンコウ
兼補	ケンポ
兼題	ケンダイ
冀望	キボウ
冀求	キキュウ
内々定	ナイナイテイ
内かぶと	ウチカブト
内のり	ウチノリ
内の人	ウチノヒト
内ぶた	ウチブタ
内また	ウチマタ
内もも	ウチモモ
内ゲバ	ウチゲバ
内乱	ナイラン
内乱罪	ナイランザイ
内争	ナイソウ
内事	ナイジ
内供	ナイグ
内借	ナイシャク
内借り	ウチガリ
内偵	ナイテイ
内債	ナイサイ
内兜	ウチカブト
内典	ナイテン
内内定	ナイナイテイ
内冑	ウチカブト
内出血	ナイシュッケツ
内分	ナイブン
内切	ナイセツ
内剛	ナイゴウ
内助	ナイジョ
内務	ナイム
内勤	ナイキン
内包	ナイホウ
内反足	ナイハンソク
内合	ナイゴウ
内向	ナイコウ
内向き	ウチムキ
内向性	ナイコウセイ
内向的	ナイコウテキ
内含	ナイガン
内周	ナイシュウ
内命	ナイメイ
内回り	ウチマワリ
内因	ナイイン
内因性	ナイインセイ
内国	ナイコク
内国債	ナイコクサイ
内国産	ナイコクサン
内圧	ナイアツ
内在	ナイザイ
内地	ナイチ
内城	ナイジョウ
内堀	ウチボリ
内報	ナイホウ
内壁	ナイヘキ
内声	ナイセイ
内外野	ナイガイヤ
内奏	ナイソウ
内奥	ナイオウ
内妻	ナイサイ
内婚	ナイコン
内孔	ナイコウ
内官	ナイカン
内定	ナイテイ
内定式	ナイテイシキ
内定者	ナイテイシャ
内実	ナイジツ
内室	ナイシツ
内宴	ナイエン
内容	ナイヨウ
内容物	ナイヨウブツ
内容量	ナイヨウリョウ
内密	ナイミツ
内局	ナイキョク
内属	ナイゾク
内層	ナイソウ
内巻き	ウチマキ
内帑	ナイド
内帑金	ナイドキン
内帯	ナイタイ
内廷	ナイテイ
内弁慶	ウチベンケイ
内弟子	ウチデシ
内径	ナイケイ
内心	ナイシン
内応	ナイオウ
内患	ナイカン
内情	ナイジョウ
内惑星	ナイワクセイ
内意	ナイイ
内憂	ナイユウ
内憂外患	ナイユウガイカン
内懐	ウチブトコロ
内戦	ナイセン
内所	ナイショ
内払い	ウチバライ
内接	ナイセツ
内接円	ナイセツエン
内攻	ナイコウ
内政	ナイセイ
内数	ウチスウ
内方	ナイホウ
内旋	ナイセン
内服	ナイフク
内服薬	ナイフクヤク
内柔外剛	ナイジュウガイゴウ
内核	ナイカク
内検	ナイケン
内毒素	ナイドクソ
内気	ウチキ
内水	ナイスイ
内沙汰	ウチザタ
内法	ウチノリ
内洋	ナイヨウ
内済	ナイサイ
内渡し	ウチワタシ
内港	ナイコウ
内湯	ウチユ
内湾	ナイワン
内濠	ウチボリ
内火艇	ナイカテイ
内炎	ナイエン
内燃	ナイネン
内状	ナイジョウ
内生	ナイセイ
内生性	ナイセイセイ
内用	ナイヨウ
内用薬	ナイヨウヤク
内申	ナイシン
内申書	ナイシンショ
内界	ナイカイ
内発	ナイハツ
内発的	ナイハツテキ
内的	ナイテキ
内皮	ナイヒ
内相	ナイショウ
内省	ナイセイ
内祝	ウチイワイ
内祝い	ウチイワイ
内祝言	ナイシュウゲン
内福	ナイフク
内科	ナイカ
内科医	ナイカイ
内科学	ナイカガク
内税	ウチゼイ
内積	ナイセキ
内約	ナイヤク
内紛	ナイフン
内緒	ナイショ
内緒事	ナイショゴト
内緒話	ナイショバナシ
内線	ナイセン
内線番号	ナイセンバンゴウ
内縁	ナイエン
内縁の妻	ナイエンノツマ
内縁関係	ナイエンカンケイ
内耳	ナイジ
内耳炎	ナイジエン
内聞	ナイブン
内職	ナイショク
内胚葉	ナイハイヨウ
内腿	ウチモモ
内膜	ナイマク
内臓	ナイゾウ
内航	ナイコウ
内航船	ナイコウセン
内苑	ナイエン
内蓋	ウチブタ
内装	ナイソウ
内装材	ナイソウザイ
内裏	ダイリ
内裏びな	ダイリビナ
内裏様	ダイリサマ
内裏雛	ダイリビナ
内製	ナイセイ
内製化	ナイセイカ
内見	ナイケン
内規	ナイキ
内視鏡	ナイシキョウ
内覧	ナイラン
内覧会	ナイランカイ
内親王	ナイシンノウ
内観	ナイカン
内角	ナイカク
内訌	ナイコウ
内訳	ウチワケ
内診	ナイシン
内談	ナイダン
内諾	ナイダク
内謁	ナイエツ
内議	ナイギ
内貸し	ウチガシ
内貿	ナイボウ
内踝	ウチクルブシ
内転	ナイテン
内転筋	ナイテンキン
内輪もめ	ウチワモメ
内輪揉め	ウチワモメ
内通	ナイツウ
内通者	ナイツウシャ
内達	ナイタツ
内部	ナイブ
内部構造	ナイブコウゾウ
内部生	ナイブセイ
内部的	ナイブテキ
内部監査	ナイブカンサ
内部統制	ナイブトウセイ
内野	ナイヤ
内野席	ナイヤセキ
内野手	ナイヤシュ
内金	ウチキン
内釜	ウチガマ
内鍵	ウチカギ
内開き	ウチビラキ
内閣	ナイカク
内閣官房	ナイカクカンボウ
内閣法制局	ナイカクホウセイキョク
内閣総理大臣	ナイカクソウリダイジン
内閲	ナイエツ
内陣	ナイジン
内陸	ナイリク
内陸国	ナイリクコク
内陸湖	ナイリクコ
内陸部	ナイリクブ
内隠し	ウチカクシ
内需	ナイジュ
内面化	ナイメンカ
内面的	ナイメンテキ
内風呂	ウチブロ
内骨格	ナイコッカク
内鰐	ウチワニ
円か	マドカ
円く	マルク
円すい	エンスイ
円み	マルミ
円やか	マロヤカ
円ら	ツブラ
円タク	エンタク
円丘	エンキュウ
円価	エンカ
円借款	エンシャッカン
円偏光	エンヘンコウ
円光	エンコウ
円内	エンナイ
円卓	エンタク
円口類	エンコウルイ
円周	エンシュウ
円周率	エンシュウリツ
円周角	エンシュウカク
円唇	エンシン
円坐	エンザ
円安	エンヤス
円屋根	マルヤネ
円建て	エンダテ
円弧	エンコ
円心	エンシン
円文	エンモン
円月	エンゲツ
円本	エンポン
円材	エンザイ
円板	エンバン
円板クラッチ	エンバンクラッチ
円満	エンマン
円満退職	エンマンタイショク
円滑化	エンカツカ
円熟	エンジュク
円熟味	エンジュクミ
円環	エンカン
円環面	エンカンメン
円盤	エンバン
円盤投	エンバンナゲ
円盤投げ	エンバンナゲ
円相場	エンソウバ
円石	エンセキ
円窓	マルマド
円筒	エントウ
円背	エンパイ
円舞	エンブ
円舞曲	エンブキョク
円蓋	エンガイ
円貨	エンカ
円軌道	エンキドウ
円転	エンテン
円運動	エンウンドウ
円関数	エンカンスウ
円陣	エンジン
円頂	エンチョウ
円顔	マルガオ
円高	エンダカ
冊子本	サッシボン
冊数	サッスウ
再々	サイサイ
再び	フタタビ
再スタート	サイスタート
再三	サイサン
再交付	サイコウフ
再任	サイニン
再会	サイカイ
再使用	サイシヨウ
再保険	サイホケン
再入	サイニュウ
再入力	サイニュウリョク
再入国	サイニュウコク
再入学	サイニュウガク
再再	サイサイ
再処理	サイショリ
再出場	サイシュツジョウ
再出発	サイシュッパツ
再分配	サイブンパイ
再刊	サイカン
再利用	サイリヨウ
再割引	サイワリビキ
再命名	サイメイメイ
再変	サイヘン
再始動	サイシドウ
再婚	サイコン
再嫁	サイカ
再実行	サイジッコウ
再審	サイシン
再審査	サイシンサ
再審裁判	サイシンサイバン
再就職	サイシュウショク
再帰	サイキ
再度	サイド
再征	サイセイ
再思	サイシ
再戦	サイセン
再拝	サイハイ
再挙	サイキョ
再掲	サイケイ
再教育	サイキョウイク
再来年	サライネン
再来月	サライゲツ
再来週	サライシュウ
再校	サイコウ
再検	サイケン
再検査	サイケンサ
再検討	サイケントウ
再構	サイコウ
再構成	サイコウセイ
再演	サイエン
再燃	サイネン
再版	サイハン
再犯	サイハン
再現	サイゲン
再現性	サイゲンセイ
再生	サイセイ
再生リスト	サイセイリスト
再生産	サイセイサン
再生紙	サイセイシ
再発	サイハツ
再発行	サイハッコウ
再発見	サイハッケン
再発防止	サイハツボウシ
再稼動	サイカドウ
再突入	サイトツニュウ
再築	サイチク
再結晶	サイケッショウ
再統一	サイトウイツ
再編	サイヘン
再縁	サイエン
再考	サイコウ
再臨	サイリン
再興	サイコウ
再製	サイセイ
再訂	サイテイ
再計算	サイケイサン
再訪	サイホウ
再設定	サイセッテイ
再診	サイシン
再評価	サイヒョウカ
再試合	サイシアイ
再試行	サイシコウ
再話	サイワ
再認	サイニン
再認識	サイニンシキ
再説	サイセツ
再読	サイドク
再読み込み	サイヨミコミ
再読込	サイヨミコミ
再読込み	サイヨミコミ
再調	サイチョウ
再調整	サイチョウセイ
再論	サイロン
再議	サイギ
再販	サイハン
再販制度	サイハンセイド
再販売	サイハンバイ
再資源化	サイシゲンカ
再起	サイキ
再起動	サイキドウ
再軍備	サイグンビ
再転	サイテン
再輸入	サイユニュウ
再輸出	サイユシュツ
再送	サイソウ
再逮捕	サイタイホ
再選	サイセン
再選挙	サイセンキョ
再配分	サイハイブン
再録	サイロク
再開	サイカイ
再開発	サイカイハツ
再集計	サイシュウケイ
再雇用	サイコヨウ
冒す	オカス
冒とく	ボウトク
冒涜	ボウトク
冒瀆	ボウトク
冒険	ボウケン
冒険家	ボウケンカ
冒険者	ボウケンシャ
冒頭	ボウトウ
冗句	ジョウク
冗員	ジョウイン
冗官	ジョウカン
冗漫	ジョウマン
冗語	ジョウゴ
冗談	ジョウダン
冗談口	ジョウダングチ
冗費	ジョウヒ
冗長	ジョウチョウ
冗長化	ジョウチョウカ
冗長性	ジョウチョウセイ
冗長構成	ジョウチョウコウセイ
写し	ウツシ
写しだす	ウツシダス
写しとる	ウツシトル
写し出す	ウツシダス
写し取る	ウツシトル
写し絵	ウツシエ
写す	ウツス
写り	ウツリ
写る	ウツル
写メ	シャメ
写メール	シャメール
写像	シャゾウ
写場	シャジョウ
写字	シャジ
写字室	シャジシツ
写実	シャジツ
写実主義	シャジツシュギ
写実主義者	シャジツシュギシャ
写実的	シャジツテキ
写本	シャホン
写生	シャセイ
写生文	シャセイブン
写真家	シャシンカ
写真屋	シャシンヤ
写真展	シャシンテン
写真店	シャシンテン
写真機	シャシンキ
写真立て	シャシンタテ
写真術	シャシンジュツ
写真集	シャシンシュウ
写真館	シャシンカン
写経	シャキョウ
写譜	シャフ
写象	シャショウ
冠す	カンス
冠する	カンスル
冠り物	カブリモノ
冠位	カンイ
冠動脈	カンドウミャク
冠婚葬祭	カンコンソウサイ
冠座	カンムリザ
冠木	カブキ
冠木門	カブキモン
冠毛	カンモウ
冠水	カンスイ
冠状	カンジョウ
冠番組	カンムリバングミ
冠称	カンショウ
冠絶	カンゼツ
冠羽	カンウ
冠詞	カンシ
冠雪	カンセツ
冠鷲	カンムリワシ
冢宰	チョウサイ
冤枉	エンオウ
冤罪	エンザイ
冥々	メイメイ
冥冥	メイメイ
冥利	ミョウリ
冥加	ミョウガ
冥加金	ミョウガキン
冥土	メイド
冥府	メイフ
冥想	メイソウ
冥王	メイオウ
冥王星	メイオウセイ
冥界	メイカイ
冥途	メイド
冪乗	ベキジョウ
冪乗則	ベキジョウソク
冪級数	ベキキュウスウ
冪集合	ベキシュウゴウ
冬ごもり	フユゴモリ
冬休み	フユヤスミ
冬作	フユサク
冬営	トウエイ
冬囲い	フユガコイ
冬型	フユガタ
冬場	フユバ
冬季	トウキ
冬将軍	フユショウグン
冬山	フユヤマ
冬支度	フユジタク
冬日	フユビ
冬景色	フユゲシキ
冬晴れ	フユバレ
冬服	フユフク
冬期	トウキ
冬期休暇	トウキキュウカ
冬枯	フユガレ
冬枯れ	フユガレ
冬物	フユモノ
冬眠	トウミン
冬着	フユギ
冬空	フユゾラ
冬籠もり	フユゴモリ
冬籠り	フユゴモリ
冬至	トウジ
冬苺	フユイチゴ
冬菊	フユギク
冬菜	フユナ
冬越し	フユゴシ
冬道	フユミチ
冬青	ソヨゴ
冬鳥	フユドリ
冱え	サエ
冲する	チュウスル
冲天	チュウテン
冴々	サエザエ
冴え	サエ
冴える	サエル
冴え冴え	サエザエ
冴え返る	サエカエル
冴返る	サエカエル
冶工	ヤコウ
冶金	ヤキン
冷えこみ	ヒエコミ
冷えこむ	ヒエコム
冷える	ヒエル
冷え上がる	ヒエアガル
冷え冷え	ヒエビエ
冷え性	ヒエショウ
冷え物	ヒエモノ
冷え症	ヒエショウ
冷え込み	ヒエコミ
冷え込む	ヒエコム
冷かし	ヒヤカシ
冷かす	ヒヤカス
冷し	ヒヤシ
冷しゃぶ	レイシャブ
冷し中華	ヒヤシチュウカ
冷す	ヒヤス
冷ます	サマス
冷める	サメル
冷や	ヒヤ
冷やか	ヒヤヤカ
冷やかし	ヒヤカシ
冷やかす	ヒヤカス
冷やし	ヒヤシ
冷やし中華	ヒヤシチュウカ
冷やし飴	ヒヤシアメ
冷やし麺	ヒヤシメン
冷やす	ヒヤス
冷やっこい	ヒヤッコイ
冷ややか	ヒヤヤカ
冷ややっこ	ヒヤヤッコ
冷や冷や	ヒヤヒヤ
冷や奴	ヒヤヤッコ
冷や水	ヒヤミズ
冷や汁	ヒヤジル
冷や汗	ヒヤアセ
冷や酒	ヒヤザケ
冷や飯	ヒヤメシ
冷や麦	ヒヤムギ
冷んやり	ヒンヤリ
冷光	レイコウ
冷凍	レイトウ
冷凍室	レイトウシツ
冷凍庫	レイトウコ
冷凍機	レイトウキ
冷凍船	レイトウセン
冷凍車	レイトウシャ
冷凍食品	レイトウショクヒン
冷却	レイキャク
冷却ファン	レイキャクファン
冷却剤	レイキャクザイ
冷却器	レイキャクキ
冷却塔	レイキャクトウ
冷却材	レイキャクザイ
冷却水	レイキャクスイ
冷却用	レイキャクヨウ
冷厳	レイゲン
冷夏	レイカ
冷奴	ヒヤヤッコ
冷媒	レイバイ
冷害	レイガイ
冷寒	レイカン
冷帯	レイタイ
冷床	レイショウ
冷徹	レイテツ
冷性	ヒエショウ
冷感	レイカン
冷感症	レイカンショウ
冷戦	レイセン
冷房	レイボウ
冷房病	レイボウビョウ
冷暖房	レイダンボウ
冷暗所	レイアンショ
冷気	レイキ
冷水器	レイスイキ
冷水機	レイスイキ
冷汁	ヒヤジル
冷泉	レイセン
冷涼	レイリョウ
冷淡	レイタン
冷温	レイオン
冷点	レイテン
冷然	レイゼン
冷熱	レイネツ
冷眼	レイガン
冷笑	レイショウ
冷罨法	レイアンポウ
冷罵	レイバ
冷肉	レイニク
冷茶	レイチャ
冷菓	レイカ
冷菜	レイサイ
冷蔵	レイゾウ
冷蔵室	レイゾウシツ
冷蔵庫	レイゾウコ
冷蔵車	レイゾウシャ
冷血	レイケツ
冷血動物	レイケツドウブツ
冷製	レイセイ
冷覚	レイカク
冷評	レイヒョウ
冷遇	レイグウ
冷酷	レイコク
冷雨	レイウ
冷静	レイセイ
冷風	レイフウ
冷風扇	レイフウセン
冷食	レイショク
冷麦	ヒヤムギ
冷麺	レイメン
凄く	スゴク
凄じい	スサマジイ
凄まじい	スサマジイ
凄み	スゴミ
凄む	スゴム
凄味	スゴミ
凄惨	セイサン
凄愴	セイソウ
凄技	スゴワザ
凄烈	セイレツ
凄絶	セイゼツ
凄腕	スゴウデ
凄艶	セイエン
准じる	ジュンジル
准ずる	ジュンズル
准士官	ジュンシカン
准将	ジュンショウ
准尉	ジュンイ
准教授	ジュンキョウジュ
准看	ジュンカン
准看護婦	ジュンカンゴフ
准看護師	ジュンカンゴシ
凉しい	スズシイ
凋む	シボム
凋れる	シオレル
凋落	チョウラク
凌ぎ	シノギ
凌ぐ	シノグ
凌辱	リョウジョク
凌霄葉蓮	ノウゼンハレン
凌駕	リョウガ
凍える	コゴエル
凍え付く	コゴエツク
凍てつく	イテツク
凍てる	イテル
凍て付く	イテツク
凍みる	シミル
凍み付く	シミツク
凍らす	コオラス
凍りつく	コオリツク
凍り付く	コオリツク
凍り豆腐	コオリドウフ
凍る	コオル
凍れる	シバレル
凍上	トウジョウ
凍傷	トウショウ
凍原	トウゲン
凍土	トウド
凍害	トウガイ
凍死	トウシ
凍港	トウコウ
凍瘡	トウソウ
凍結	トウケツ
凍結乾燥	トウケツカンソウ
凍露	トウロ
凛々	リンリン
凛々しい	リリシイ
凛乎	リンコ
凛冽	リンレツ
凛凛	リンリン
凛凛しい	リリシイ
凛然	リンゼン
凜々	リンリン
凜乎	リンコ
凜烈	リンレツ
凜然	リンゼン
凝り固まる	コリカタマル
凝り屋	コリヤ
凝り性	コリショウ
凝乳	ギョウニュウ
凝固	ギョウコ
凝固点	ギョウコテン
凝塊	ギョウカイ
凝析	ギョウセキ
凝滞	ギョウタイ
凝灰岩	ギョウカイガン
凝然	ギョウゼン
凝着	ギョウチャク
凝立	ギョウリツ
凝結	ギョウケツ
凝結核	ギョウケツカク
凝縮	ギョウシュク
凝縮熱	ギョウシュクネツ
凝聚	ギョウシュウ
凝脂	ギョウシ
凝華	ギョウカ
凝血	ギョウケツ
凝視	ギョウシ
凝視める	ミツメル
凝議	ギョウギ
凝集	ギョウシュウ
凝集力	ギョウシュウリョク
几帳	キチョウ
几帳面	キチョウメン
凡々	ボンボン
凡て	スベテ
凡ゆる	アラユル
凡ミス	ボンミス
凡事	ボンジ
凡作	ボンサク
凡例	ハンレイ
凡俗	ボンゾク
凡凡	ボンボン
凡小	ボンショウ
凡庸	ボンヨウ
凡愚	ボング
凡慮	ボンリョ
凡戦	ボンセン
凡手	ボンシュ
凡才	ボンサイ
凡打	ボンダ
凡眼	ボンガン
凡策	ボンサク
凡退	ボンタイ
凡骨	ボンコツ
処す	ショス
処する	ショスル
処世	ショセイ
処世術	ショセイジュツ
処分	ショブン
処分品	ショブンヒン
処分場	ショブンジョウ
処刑	ショケイ
処刑場	ショケイジョウ
処女作	ショジョサク
処女宮	ショジョキュウ
処女峰	ショジョホウ
処女林	ショジョリン
処女膜	ショジョマク
処断	ショダン
処断刑	ショダンケイ
処方	ショホウ
処方箋	ショホウセン
処暑	ショショ
処決	ショケツ
処理	ショリ
処理水	ショリスイ
処理系	ショリケイ
処理速度	ショリソクド
処置	ショチ
処罰	ショバツ
処遇	ショグウ
凧上げ	タコアゲ
凧揚げ	タコアゲ
凧糸	タコイト
凪ぐ	ナグ
凭せかける	モタセカケル
凭せる	モタセル
凭せ掛ける	モタセカケル
凭れかかる	モタレカカル
凭れる	モタレル
凭れ合い	モタレアイ
凭れ掛かる	モタレカカル
凱旋	ガイセン
凱歌	ガイカ
凱風	ガイフウ
凶々しい	マガマガシイ
凶事	キョウジ
凶人	キョウジン
凶作	キョウサク
凶兆	キョウチョウ
凶凶しい	マガマガシイ
凶刃	キョウジン
凶器	キョウキ
凶報	キョウホウ
凶変	キョウヘン
凶害	キョウガイ
凶年	キョウネン
凶弾	キョウダン
凶徒	キョウト
凶悪	キョウアク
凶悪犯	キョウアクハン
凶手	キョウシュ
凶日	キョウジツ
凶星	キョウセイ
凶暴	キョウボウ
凶暴性	キョウボウセイ
凶歳	キョウサイ
凶漢	キョウカン
凶状	キョウジョウ
凶猛	キョウモウ
凶相	キョウソウ
凶荒	キョウコウ
凶行	キョウコウ
凶賊	キョウゾク
凶運	キョウウン
凸包	トツホウ
凸坊	デコボウ
凸型	トツガタ
凸版	トッパン
凸状	トツジョウ
凸起	トッキ
凸面	トツメン
凸面鏡	トツメンキョウ
凹ます	ヘコマス
凹凸	オウトツ
凹型	オウガタ
凹版	オウハン
凹状	オウジョウ
凹面	オウメン
凹面鏡	オウメンキョウ
出あう	デアウ
出かかる	デカカル
出かける	デカケル
出かせぎ	デカセギ
出がけ	デガケ
出がらし	デガラシ
出きる	デキル
出くわす	デクワス
出しぬく	ダシヌク
出しぬけ	ダシヌケ
出しゃばり	デシャバリ
出しゃばる	デシャバル
出し入れ	ダシイレ
出し子	ダシコ
出し巻き	ダシマキ
出し惜しみ	ダシオシミ
出し惜しむ	ダシオシム
出し手	ダシテ
出し投げ	ダシナゲ
出し抜く	ダシヌク
出し抜け	ダシヌケ
出し殻	ダシガラ
出し汁	ダシジル
出し渋る	ダシシブル
出し物	ダシモノ
出ず	イズ
出そろう	デソロウ
出っぱな	デッパナ
出っぱり	デッパリ
出っぱる	デッパル
出っ尻	デッチリ
出っ張り	デッパリ
出っ張る	デッパル
出っ歯	デッパ
出っ端	デッパナ
出っ鼻	デッパナ
出づ	イヅ
出でる	イデル
出で湯	イデユ
出で立ち	イデタチ
出で立つ	イデタツ
出どころ	デドコロ
出はいり	デハイリ
出ばやし	デバヤシ
出べそ	デベソ
出まかせ	デマカセ
出まわる	デマワル
出むかえ	デムカエ
出むく	デムク
出アガリ	デアガリ
出不精	デブショウ
出世	シュッセ
出世作	シュッセサク
出世頭	シュッセガシラ
出世魚	シュッセウオ
出丸	デマル
出交す	デクワス
出京	シュッキョウ
出仕	シュッシ
出任せ	デマカセ
出会い	デアイ
出会い頭	デアイガシラ
出会す	デクワス
出会頭	デアイガシラ
出來る	デキル
出先	デサキ
出入り口	デイリグチ
出入り禁止	デイリキンシ
出入口	デイリグチ
出入国	シュツニュウコク
出入国管理及び難民認定法	シュツニュウコクカンリオヨビナンミンニンテイホウ
出入禁止	デイリキンシ
出兵	シュッペイ
出典	シュッテン
出出し	デダシ
出刃	デバ
出刃包丁	デバボウチョウ
出刃庖丁	デバボウチョウ
出初め	デゾメ
出初め式	デゾメシキ
出初式	デゾメシキ
出前	デマエ
出力	シュツリョク
出動	シュツドウ
出勤	シュッキン
出勤日	シュッキンビ
出勤時間	シュッキンジカン
出勤簿	シュッキンボ
出口	デグチ
出合	デアイ
出合い	デアイ
出合い頭	デアイガシラ
出合頭	デアイガシラ
出向	シュッコウ
出向く	デムク
出品	シュッピン
出品物	シュッピンブツ
出品者	シュッピンシャ
出商い	デアキナイ
出喰わす	デクワス
出囃子	デバヤシ
出回り	デマワリ
出回る	デマワル
出国税	シュッコクゼイ
出土	シュツド
出城	デジロ
出場所	デバショ
出場校	シュツジョウコウ
出場権	シュツジョウケン
出場者	シュツジョウシャ
出塁	シュツルイ
出塁率	シュツルイリツ
出外れ	デハズレ
出外れる	デハズレル
出奔	シュッポン
出女	デオンナ
出定	シュツジョウ
出展	シュッテン
出展者	シュッテンシャ
出帆	シュッパン
出師	スイシ
出席	シュッセキ
出席率	シュッセキリツ
出席簿	シュッセキボ
出席者	シュッセキシャ
出府	シュップ
出庫	シュッコ
出廬	シュツロ
出廷	シュッテイ
出廻る	デマワル
出張	シュッチョウ
出張り	デバリ
出張る	デバル
出張先	シュッチョウサキ
出張所	シュッチョウジョ
出張旅費	シュッチョウリョヒ
出張費	シュッチョウヒ
出征	シュッセイ
出待ち	デマチ
出御	シュツギョ
出戻り	デモドリ
出戻る	デモドル
出払い	デハライ
出捐	シュツエン
出掛かる	デカカル
出掛ける	デカケル
出揃う	デソロウ
出撃	シュツゲキ
出放題	デホウダイ
出方	デカタ
出替わり	デガワリ
出来あがる	デキアガル
出来ごと	デキゴト
出来す	デカス
出来たて	デキタテ
出来ばえ	デキバエ
出来る	デキル
出来るだけ	デキルダケ
出来る限り	デキルカギリ
出来れば	デキレバ
出来上がり	デキアガリ
出来上がる	デキアガル
出来上り	デキアガリ
出来上る	デキアガル
出来事	デキゴト
出来値	デキネ
出来合	デキアイ
出来合い	デキアイ
出来心	デキゴコロ
出来星	デキボシ
出来映え	デキバエ
出来栄え	デキバエ
出来秋	デキアキ
出来立て	デキタテ
出来高	デキダカ
出来高払い	デキダカバライ
出板	シュッパン
出校	シュッコウ
出格	シュッカク
出棺	シュッカン
出様	デヨウ
出欠	シュッケツ
出欠席	シュッケッセキ
出歩く	デアルク
出歯	デバ
出汁	ダシ
出没	シュツボツ
出涸らし	デガラシ
出渋る	デシブル
出渠	シュッキョ
出港	シュッコウ
出演	シュツエン
出演料	シュツエンリョウ
出演者	シュツエンシャ
出潮	デシオ
出火	シュッカ
出炭	シュッタン
出無精	デブショウ
出版	シュッパン
出版屋	シュッパンヤ
出版業	シュッパンギョウ
出版権	シュッパンケン
出版法	シュッパンホウ
出版物	シュッパンブツ
出版界	シュッパンカイ
出版社	シュッパンシャ
出猟	シュツリョウ
出獄	シュツゴク
出玉	デダマ
出現	シュツゲン
出産	シュッサン
出産予定日	シュッサンヨテイビ
出産休暇	シュッサンキュウカ
出産後	シュッサンゴ
出産手当	シュッサンテアテ
出産率	シュッサンリツ
出産祝い金	シュッサンイワイキン
出産祝金	シュッサンイワイキン
出番	デバン
出発	シュッパツ
出発地	シュッパツチ
出発日	シュッパツビ
出発時刻	シュッパツジコク
出発時間	シュッパツジカン
出発点	シュッパツテン
出盛る	デサカル
出目	デメ
出目金	デメキン
出直し	デナオシ
出直す	デナオス
出社	シュッシャ
出社日	シュッシャビ
出禁	デキン
出稼ぎ	デカセギ
出稽古	デゲイコ
出稿	シュッコウ
出窓	デマド
出精	シュッセイ
出納	スイトウ
出納帳	スイトウチョウ
出納簿	スイトウボ
出職	デショク
出臍	デベソ
出自	シュツジ
出航	シュッコウ
出色	シュッショク
出花	デバナ
出芽	シュツガ
出荷	シュッカ
出藍	シュツラン
出血性	シュッケツセイ
出血熱	シュッケツネツ
出訴	シュッソ
出語り	デガタリ
出講	シュッコウ
出費	シュッピ
出資	シュッシ
出資法	シュッシホウ
出資者	シュッシシャ
出資金	シュッシキン
出資額	シュッシガク
出走	シュッソウ
出走馬	シュッソウバ
出超	シュッチョウ
出足	デアシ
出身	シュッシン
出身国	シュッシンコク
出身地	シュッシンチ
出身校	シュッシンコウ
出身者	シュッシンシャ
出車	シュッシャ
出迎え	デムカエ
出迎える	デムカエル
出這入り	デハイリ
出逢い	デアイ
出遭い	デアイ
出郷	シュッキョウ
出金	シュッキン
出門	シュツモン
出陣	シュツジン
出陣式	シュツジンシキ
出陳	シュッチン
出際	デギワ
出離	シュツリ
出雲弁	イズモベン
出頭	シュットウ
出題	シュツダイ
出題者	シュツダイシャ
出願	シュツガン
出願者	シュツガンシャ
出馬	シュツバ
出駕	シュツガ
出鱈目	デタラメ
函数	カンスウ
刀刃	トウジン
刀剣	トウケン
刀創	トウソウ
刀匠	トウショウ
刀圭	トウケイ
刀尖	トウセン
刀工	トウコウ
刀持ち	カタナモチ
刀掛け	カタナカケ
刀架	トウカ
刀泉	トウセン
刀狩	カタナガリ
刀狩り	カタナガリ
刀疵	カタナキズ
刀痕	トウコン
刀礼	トウレイ
刀術	トウジュツ
刀豆	ナタマメ
刀身	トウシン
刀銭	トウセン
刀鍛冶	カタナカジ
刃こぼれ	ハコボレ
刃もの	ハモノ
刃傷	ニンジョウ
刃先	ハサキ
刃向かう	ハムカウ
刃文	ハモン
刃毀れ	ハコボレ
刃渡	ハワタリ
刃渡り	ハワタリ
刃物	ハモノ
刃長	ハチョウ
分かち	ワカチ
分かちあう	ワカチアウ
分かちもつ	ワカチモツ
分かち与える	ワカチアタエル
分かち持つ	ワカチモツ
分かち書き	ワカチガキ
分かつ	ワカツ
分かり	ワカリ
分かりあう	ワカリアウ
分かる	ワカル
分かれ	ワカレ
分かれる	ワカレル
分かれ出る	ワカレデル
分かれ目	ワカレメ
分かれ道	ワカレミチ
分け	ワケ
分けあう	ワケアウ
分けつ	ブンケツ
分けへだて	ワケヘダテ
分ける	ワケル
分け与える	ワケアタエル
分け入る	ワケイル
分け前	ワケマエ
分け取り	ワケドリ
分け持つ	ワケモツ
分け目	ワケメ
分け隔て	ワケヘダテ
分げつ	ブンゲツ
分ち	ワカチ
分ち与える	ワカチアタエル
分べん	ブンベン
分り	ワカリ
分れる	ワカレル
分れ目	ワカレメ
分れ道	ワカレミチ
分与	ブンヨ
分乗	ブンジョウ
分会	ブンカイ
分体	ブンタイ
分光	ブンコウ
分光器	ブンコウキ
分光学	ブンコウガク
分光計	ブンコウケイ
分党	ブントウ
分冊	ブンサツ
分列	ブンレツ
分刻み	フンキザミ
分割払い	ブンカツバライ
分力	ブンリョク
分化	ブンカ
分区	ブンク
分厚	ブアツ
分取	ブンシュ
分合	ブンゴウ
分周	ブンシュウ
分営	ブンエイ
分団	ブンダン
分国法	ブンコクホウ
分圧	ブンアツ
分地	ブンチ
分売	ブンバイ
分外	ブンガイ
分娩	ブンベン
分娩予定日	ブンベンヨテイビ
分娩室	ブンベンシツ
分子	ブンシ
分子式	ブンシシキ
分子量	ブンシリョウ
分室	ブンシツ
分家	ブンケ
分宿	ブンシュク
分封	ブンポウ
分局	ブンキョク
分屯	ブントン
分岐	ブンキ
分岐学	ブンキガク
分岐点	ブンキテン
分布	ブンプ
分店	ブンテン
分度器	ブンドキ
分引き	ブビキ
分担	ブンタン
分担金	ブンタンキン
分捕り	ブンドリ
分捕る	ブンドル
分掌	ブンショウ
分教場	ブンキョウジョウ
分散	ブンサン
分散型	ブンサンガタ
分散系	ブンサンケイ
分数	ブンスウ
分数式	ブンスウシキ
分断	ブンダン
分有	ブンユウ
分析	ブンセキ
分析官	ブンセキカン
分析者	ブンセキシャ
分枝	ブンシ
分校	ブンコウ
分業	ブンギョウ
分極	ブンキョク
分極化	ブンキョクカ
分権	ブンケン
分母	ブンボ
分水嶺	ブンスイレイ
分水界	ブンスイカイ
分泌液	ブンピツエキ
分注	ブンチュウ
分派	ブンパ
分流	ブンリュウ
分溜	ブンリュウ
分点	ブンテン
分煙	ブンエン
分生子	ブンセイシ
分画	ブンカク
分界	ブンカイ
分留	ブンリュウ
分相応	ブンソウオウ
分社	ブンシャ
分社化	ブンシャカ
分祀	ブンシ
分科	ブンカ
分科会	ブンカカイ
分秒	フンビョウ
分立	ブンリツ
分筆	ブンピツ
分節	ブンセツ
分籍	ブンセキ
分籍届	ブンセキトドケ
分納	ブンノウ
分置	ブンチ
分署	ブンショ
分脈	ブンミャク
分荷	ブンカ
分葱	ワケギ
分裂	ブンレツ
分裂病	ブンレツビョウ
分裂症	ブンレツショウ
分解	ブンカイ
分解者	ブンカイシャ
分解能	ブンカイノウ
分詞	ブンシ
分課	ブンカ
分譲	ブンジョウ
分譲地	ブンジョウチ
分賦	ブンプ
分載	ブンサイ
分轄	ブンカツ
分速	フンソク
分遣	ブンケン
分配	ブンパイ
分配金	ブンパイキン
分野	ブンヤ
分量	ブンリョウ
分針	フンシン
分限免職	ブンゲンメンショク
分院	ブンイン
分隊	ブンタイ
分隊長	ブンタイチョウ
分際	ブンザイ
分離	ブンリ
分離器	ブンリキ
分離壁	ブンリヘキ
分離帯	ブンリタイ
分離機	ブンリキ
分離派	ブンリハ
分離課税	ブンリカゼイ
分電盤	ブンデンバン
分霊	ブンレイ
分類	ブンルイ
分類学	ブンルイガク
分類法	ブンルイホウ
分類表	ブンルイヒョウ
分館	ブンカン
分骨	ブンコツ
切々	セツセツ
切っかけ	キッカケ
切っ先	キッサキ
切っ掛け	キッカケ
切っ立つ	キッタツ
切ない	セツナイ
切に	セツニ
切らす	キラス
切りあげ	キリアゲ
切りあげる	キリアゲル
切りおろす	キリオロス
切りかえる	キリカエル
切りかわる	キリカワル
切りくず	キリクズ
切りこむ	キリコム
切りさく	キリサク
切りさげる	キリサゲル
切りそろえる	キリソロエル
切りたつ	キリタツ
切りだす	キリダス
切りつける	キリツケル
切りつめる	キリツメル
切りとる	キリトル
切りぬき	キリヌキ
切りぬく	キリヌク
切りはずす	キリハズス
切りひらく	キリヒラク
切りまわす	キリマワス
切りもち	キリモチ
切りもり	キリモリ
切りわける	キリワケル
切り上げ	キリアゲ
切り上げる	キリアゲル
切り下げ	キリサゲ
切り下げる	キリサゲル
切り下ろす	キリオロス
切り付ける	キリツケル
切り伏せる	キリフセル
切り倒す	キリタオス
切り傷	キリキズ
切り入る	キリイル
切り出し	キリダシ
切り出す	キリダス
切り分ける	キリワケル
切り刻む	キリキザム
切り割く	キリサク
切り割る	キリワル
切り去る	キリサル
切り取り線	キリトリセン
切り取る	キリトル
切り口	キリクチ
切り口上	キリコウジョウ
切り合い	キリアイ
切り回し	キリマワシ
切り回す	キリマワス
切り墾く	キリヒラク
切り売り	キリウリ
切り変える	キリカエル
切り外す	キリハズス
切り子	キリコ
切り屑	キリクズ
切り岸	キリギシ
切り崩す	キリクズス
切り干し	キリボシ
切り広げる	キリヒロゲル
切り張り	キリバリ
切り戸	キリド
切り戻し	キリモドシ
切り戻す	キリモドス
切り抜き	キリヌキ
切り抜く	キリヌク
切り抜ける	キリヌケル
切り拓く	キリヒラク
切り捨て	キリステ
切り捨てる	キリステル
切り掛かる	キリカカル
切り掛る	キリカカル
切り揃える	キリソロエル
切り換え	キリカエ
切り換える	キリカエル
切り放す	キリハナス
切り放つ	キリハナツ
切り散らす	キリチラス
切り整える	キリトトノエル
切り方	キリカタ
切り替え	キリカエ
切り替える	キリカエル
切り替る	キリカワル
切り替わる	キリカワル
切り札	キリフダ
切り枝	キリエダ
切り株	キリカブ
切り欠き	キリカキ
切り欠く	キリカク
切り死に	キリジニ
切り殺す	キリコロス
切り火	キリビ
切り炭	キリズミ
切り畑	キリハタ
切り疵	キリキズ
切り盛り	キリモリ
切り目	キリメ
切り直す	キリナオス
切り石	キリイシ
切り窓	キリマド
切り立つ	キリタツ
切り立て	キリタテ
切り立てる	キリタテル
切り籠	キリコ
切り米	キリマイ
切り粉	キリコ
切り組む	キリクム
切り結ぶ	キリムスブ
切り絵	キリエ
切り継ぎ	キリツギ
切り羽	キリハ
切り花	キリバナ
切り苛む	キリサイナム
切り落し	キリオトシ
切り落す	キリオトス
切り落とし	キリオトシ
切り落とす	キリオトス
切り裂く	キリサク
切り解く	キリホドク
切り詰め	キリツメ
切り詰める	キリツメル
切り貼り	キリバリ
切り起こす	キリオコス
切り身	キリミ
切り込み	キリコミ
切り込む	キリコム
切り返し	キリカエシ
切り返す	キリカエス
切り進む	キリススム
切り違い	キリチガイ
切り違える	キリチガエル
切り開き	キリヒラキ
切り開く	キリヒラク
切り離す	キリハナス
切り餅	キリモチ
切れっぱし	キレッパシ
切れっ処	キレット
切れっ端	キレッパシ
切れはし	キレハシ
切れ上がる	キレアガル
切れ上る	キレアガル
切れ切れ	キレギレ
切れ口	キレクチ
切れ味	キレアジ
切れ地	キレジ
切れ字	キレジ
切れ物	キレモノ
切れ痔	キレジ
切れ目	キレメ
切れ端	キレハシ
切れ込み	キレコミ
切れ込む	キレコム
切れ長	キレナガ
切れ間	キレマ
切上	キリアゲ
切上げ	キリアゲ
切上げる	キリアゲル
切付ける	キリツケル
切傷	キリキズ
切先	キッサキ
切出す	キリダス
切切	セツセツ
切削	セッサク
切削油	セッサクユ
切取り線	キリトリセン
切取る	キリトル
切取線	キリトリセン
切口	キリクチ
切合い	キリアイ
切味	キレアジ
切回し	キリマワシ
切回す	キリマワス
切地	キレジ
切売り	キリウリ
切子	キリコ
切字	キレジ
切実	セツジツ
切尖	キッサキ
切干	キリボシ
切干し	キリボシ
切張り	キリバリ
切戻し	キリモドシ
切抜き	キリヌキ
切抜く	キリヌク
切抜ける	キリヌケル
切捨て	キリステ
切捨てる	キリステル
切掛	キッカケ
切掛かる	キリカカル
切掛る	キリカカル
切接ぎ	キリツギ
切換	キリカエ
切換え	キリカエ
切換える	キリカエル
切支丹	キリシタン
切放す	キリハナス
切断	セツダン
切断面	セツダンメン
切替	キリカエ
切替え	キリカエ
切替える	キリカエル
切替る	キリカワル
切替わる	キリカワル
切望	セツボウ
切札	キリフダ
切株	キリカブ
切歯	セッシ
切火	キリビ
切炭	キリズミ
切点	セッテン
切片	セッペン
切瑳	セッサ
切畑	キリハタ
切疵	キリキズ
切痔	キレジ
切盛	キリモリ
切盛り	キリモリ
切目	キリメ
切石	キリイシ
切磋	セッサ
切磋琢磨	セッサタクマ
切窓	キリマド
切立	キリタテ
切立つ	キリタツ
切立て	キリタテ
切端	キリハ
切籠	キリコ
切米	キリマイ
切結ぶ	キリムスブ
切絵	キリエ
切継ぎ	キリツギ
切線	セッセン
切羽つまる	セッパツマル
切羽詰まる	セッパツマル
切羽詰る	セッパツマル
切腹	セップク
切花	キリバナ
切落し	キリオトシ
切落す	キリオトス
切落とし	キリオトシ
切落とす	キリオトス
切裂く	キリサク
切要	セツヨウ
切見世	キリミセ
切言	セツゲン
切詰める	キリツメル
切諌	セッカン
切論	セツロン
切貼	キリバリ
切貼り	キリバリ
切身	キリミ
切込み	キリコミ
切込む	キリコム
切返す	キリカエス
切迫	セッパク
切迫早産	セッパクソウザン
切迫流産	セッパクリュウザン
切開	セッカイ
切開く	キリヒラク
切除	セツジョ
切離す	キリハナス
切韻	セツイン
切願	セツガン
切餅	キリモチ
刈りあげる	カリアゲル
刈りそろえる	カリソロエル
刈り上げ	カリアゲ
刈り上げる	カリアゲル
刈り入れ	カリイレ
刈り入れる	カリイレル
刈り取り	カリトリ
刈り取る	カリトル
刈り干す	カリホス
刈り手	カリテ
刈り払い	カリハライ
刈り揃える	カリソロエル
刈り株	カリカブ
刈り穂	カリホ
刈り込み	カリコミ
刈り込む	カリコム
刈る	カル
刈入れ	カリイレ
刈入れる	カリイレル
刈取る	カリトル
刈払い	カリハライ
刈穂	カリホ
刈萱	カルカヤ
刈込む	カリコム
刊本	カンポン
刊行	カンコウ
刊行物	カンコウブツ
刎ねる	ハネル
刎頸	フンケイ
刑する	ケイスル
刑事犯	ケイジハン
刑事訴訟法	ケイジソショウホウ
刑余	ケイヨ
刑具	ケイグ
刑務	ケイム
刑務官	ケイムカン
刑務所	ケイムショ
刑名	ケイメイ
刑吏	ケイリ
刑場	ケイジョウ
刑律	ケイリツ
刑徒	ケイト
刑戮	ケイリク
刑期	ケイキ
刑死	ケイシ
刑法	ケイホウ
刑法学	ケイホウガク
刑法犯	ケイホウハン
刑獄	ケイゴク
刑罰	ケイバツ
刑訴	ケイソ
刑訴法	ケイソホウ
列する	レッスル
列なる	ツラナル
列ねる	ツラネル
列ぶ	ナラブ
列伝	レツデン
列侯	レッコウ
列品	レッピン
列国	レッコク
列島	レットウ
列席	レッセキ
列幅	レツハバ
列座	レツザ
列強	レッキョウ
列挙	レッキョ
列挙型	レッキョガタ
列柱	レッチュウ
列氏	レッシ
列火	レッカ
列福	レップク
列立	レツリツ
列聖	レッセイ
列藩	レッパン
列記	レッキ
列車	レッシャ
列車砲	レッシャホウ
初々しい	ウイウイシイ
初っぱな	ショッパナ
初っ切り	ショッキリ
初っ端	ショッパナ
初なり	ハツナリ
初まり	ハジマリ
初めて	ハジメテ
初めまして	ハジメマシテ
初もうで	ハツモウデ
初ガツオ	ハツガツオ
初セリ	ハツセリ
初一念	ショイチネン
初世	ショセイ
初中級	ショチュウキュウ
初乗り	ハツノリ
初乗り運賃	ハツノリウンチン
初乳	ショニュウ
初代	ショダイ
初任	ショニン
初任給	ショニンキュウ
初会	ショカイ
初会合	ハツカイゴウ
初便り	ハツダヨリ
初値	ハツネ
初優勝	ハツユウショウ
初公判	ハツコウハン
初公開	ハツコウカイ
初冠雪	ハツカンセツ
初出場	ハツシュツジョウ
初刊	ショカン
初列	ショレツ
初初しい	ウイウイシイ
初動	ショドウ
初午	ハツウマ
初参り	ハツマイリ
初口	ショクチ
初句	ショク
初号	ショゴウ
初回	ショカイ
初土俵	ハツドヒョウ
初場所	ハツバショ
初声	ハツコエ
初売り	ハツウリ
初夜権	ショヤケン
初夢	ハツユメ
初姿	ハツスガタ
初婚	ショコン
初学	ショガク
初審	ショシン
初嵐	ハツアラシ
初市	ハツイチ
初年	ショネン
初年度	ショネンド
初度	ショド
初当選	ハツトウセン
初役	ハツヤク
初心者	ショシンシャ
初志	ショシ
初恋	ハツコイ
初戦	ショセン
初手	ショテ
初挑戦	ハツチョウセン
初日の出	ハツヒノデ
初旬	ショジュン
初時雨	ハツシグレ
初更	ショコウ
初期	ショキ
初期値	ショキチ
初期化	ショキカ
初期投資	ショキトウシ
初期段階	ショキダンカイ
初期症状	ショキショウジョウ
初期設定	ショキセッテイ
初期費用	ショキヒヨウ
初校	ショコウ
初桜	ハツザクラ
初歩	ショホ
初段	ショダン
初氷	ハツゴオリ
初湯	ハツユ
初滑り	ハツスベリ
初演	ショエン
初潮	ショチョウ
初版	ショハン
初物	ハツモノ
初犯	ショハン
初球	ショキュウ
初生	ショセイ
初生り	ハツナリ
初生児	ショセイジ
初発	ショハツ
初盆	ハツボン
初祖	ショソ
初稿	ショコウ
初穂料	ハツホリョウ
初競り	ハツセリ
初笑い	ハツワライ
初等	ショトウ
初等科	ショトウカ
初等部	ショトウブ
初節句	ハツゼック
初篇	ショヘン
初級	ショキュウ
初級者	ショキュウシャ
初経	ショケイ
初給	ショキュウ
初編	ショヘン
初老	ショロウ
初耳	ハツミミ
初舞台	ハツブタイ
初茸	ハツタケ
初荷	ハツニ
初葉	ショヨウ
初見	ショケン
初訳	ショヤク
初診	ショシン
初診料	ショシンリョウ
初詣	ハツモウデ
初詣で	ハツモウデ
初語	ショゴ
初買い	ハツガイ
初速	ショソク
初釜	ハツガマ
初陣	ウイジン
初雪	ハツユキ
初電	ショデン
初霜	ハツシモ
初音	ハツネ
初項	ショコウ
初頭	ショトウ
初風	ハツカゼ
初鰹	ハツガツオ
初鳴き	ハツナキ
初鶯	ハツウグイス
判じる	ハンジル
判じ物	ハンジモノ
判じ絵	ハンジエ
判ずる	ハンズル
判り	ワカリ
判る	ワカル
判事	ハンジ
判事補	ハンジホ
判任官	ハンニンカン
判例	ハンレイ
判例集	ハンレイシュウ
判別	ハンベツ
判別式	ハンベツシキ
判取り	ハントリ
判取り帳	ハントリチョウ
判士	ハンシ
判子	ハンコ
判子注射	ハンコチュウシャ
判定	ハンテイ
判定基準	ハンテイキジュン
判形	ハンガタ
判断	ハンダン
判断力	ハンダンリョク
判断基準	ハンダンキジュン
判明	ハンメイ
判決	ハンケツ
判決書	ハンケツショ
判然	ハンゼン
判示	ハンジ
判者	ハンジャ
判読	ハンドク
別々	ベツベツ
別あつらえ	ベツアツラエ
別け	ワケ
別けて	ワケテ
別ける	ワケル
別け隔て	ワケヘダテ
別して	ベッシテ
別ち	ワカチ
別つ	ワカツ
別れ	ワカレ
別れる	ワカレル
別れ別れ	ワカレワカレ
別れ目	ワカレメ
別れ話	ワカレバナシ
別れ道	ワカレミチ
別れ際	ワカレギワ
別れ霜	ワカレジモ
別アカ	ベツアカ
別アカウント	ベツアカウント
別世界	ベッセカイ
別事	ベツジ
別件	ベッケン
別使	ベッシ
別便	ベツビン
別個	ベッコ
別働隊	ベツドウタイ
別冊	ベッサツ
別別	ベツベツ
別刷り	ベツズリ
別口	ベツクチ
別号	ベツゴウ
別命	ベツメイ
別品	ベッピン
別問題	ベツモンダイ
別報	ベッポウ
別墅	ベッショ
別売り	ベツウリ
別天地	ベッテンチ
別姓	ベッセイ
別嬪	ベッピン
別字	ベツジ
別学	ベツガク
別宅	ベッタク
別室	ベッシツ
別宴	ベツエン
別封	ベップウ
別居	ベッキョ
別居婚	ベッキョコン
別巻	ベッカン
別席	ベッセキ
別建て	ベツダテ
別当	ベットウ
別後	ベツゴ
別懇	ベッコン
別戸	ベッコ
別所	ベッショ
別掲	ベッケイ
別料金	ベツリョウキン
別条	ベツジョウ
別杯	ベッパイ
別枠	ベツワク
別格	ベッカク
別業	ベツギョウ
別様	ベツヨウ
別次元	ベツジゲン
別殿	ベツデン
別法	ベッポウ
別注	ベッチュウ
別派	ベッパ
別添	ベッテン
別物	ベツモノ
別状	ベツジョウ
別珍	ベッチン
別盃	ベッパイ
別科	ベッカ
別称	ベッショウ
別種	ベッシュ
別立て	ベツダテ
別箇	ベッコ
別納	ベツノウ
別紙	ベッシ
別腹	ベツバラ
別荘	ベッソウ
別行	ベツギョウ
別行動	ベツコウドウ
別表	ベッピョウ
別製	ベッセイ
別言	ベツゲン
別記	ベッキ
別訳	ベツヤク
別誂え	ベツアツラエ
別趣	ベッシュ
別路	ベツロ
別辞	ベツジ
別送	ベッソウ
別途	ベット
別邸	ベッテイ
別間	ベツマ
別院	ベツイン
別除権	ベツジョケン
別離	ベツリ
別電	ベツデン
別館	ベッカン
利かし	キカシ
利かす	キカス
利き	キキ
利きどころ	キキドコロ
利き所	キキドコロ
利き手	キキテ
利き目	キキメ
利き腕	キキウデ
利き足	キキアシ
利き酒	キキザケ
利く	キク
利け者	キケモノ
利ざや	リザヤ
利する	リスル
利ザヤ	リザヤ
利上げ	リアゲ
利下げ	リサゲ
利他	リタ
利他的	リタテキ
利付	リツキ
利付き	リツキ
利付債	リツキサイ
利休色	リキュウイロ
利便	リベン
利便性	リベンセイ
利刃	リジン
利剣	リケン
利口	リコウ
利器	リキ
利回り	リマワリ
利子	リシ
利子所得	リシショトク
利子率	リシリツ
利子補給	リシホキュウ
利害	リガイ
利害関係	リガイカンケイ
利害関係者	リガイカンケイシャ
利尿	リニョウ
利尿剤	リニョウザイ
利尿薬	リニョウヤク
利巧	リコウ
利己	リコ
利己心	リコシン
利己的	リコテキ
利幅	リハバ
利得	リトク
利息	リソク
利手	キキテ
利払い	リバライ
利敵	リテキ
利根	リコン
利権	リケン
利権屋	リケンヤ
利欲	リヨク
利殖	リショク
利水	リスイ
利活用	リカツヨウ
利潤	リジュン
利潤率	リジュンリツ
利点	リテン
利率	リリツ
利生	リショウ
利用	リヨウ
利用券	リヨウケン
利用客	リヨウキャク
利用料	リヨウリョウ
利用料金	リヨウリョウキン
利用方法	リヨウホウホウ
利用明細	リヨウメイサイ
利用率	リヨウリツ
利用目的	リヨウモクテキ
利用者	リヨウシャ
利発	リハツ
利益率	リエキリツ
利目	キキメ
利確	リカク
利腕	キキウデ
利達	リタツ
利酒	キキザケ
利金	リキン
利鈍	リドン
利雪	リセツ
利鞘	リザヤ
利食い	リグイ
刪修	サンシュウ
刪定	サンテイ
刮ぐ	コソグ
刮げる	コソゲル
刮げ取る	コソゲトル
刮げ落とす	コソゲオトス
刮目	カツモク
到る	イタル
到る所	イタルトコロ
到底	トウテイ
到来	トウライ
到来物	トウライモノ
到着	トウチャク
到着時刻	トウチャクジコク
到着時間	トウチャクジカン
到着駅	トウチャクエキ
到達	トウタツ
到頭	トウトウ
刳り抜き	クリヌキ
刳り抜く	クリヌク
刳り物	クリモノ
刳れる	エグレル
刳物	クリモノ
刳貫く	クリヌク
制がん	セイガン
制す	セイス
制する	セイスル
制令	セイレイ
制作	セイサク
制作者	セイサクシャ
制作費	セイサクヒ
制動	セイドウ
制動手	セイドウシュ
制動機	セイドウキ
制勝	セイショウ
制圧	セイアツ
制定	セイテイ
制定法	セイテイホウ
制帽	セイボウ
制度	セイド
制式	セイシキ
制御	セイギョ
制御棒	セイギョボウ
制御盤	セイギョバン
制慾	セイヨク
制憲	セイケン
制振	セイシン
制服	セイフク
制服組	セイフクグミ
制札	セイサツ
制欲	セイヨク
制止	セイシ
制水弁	セイスイベン
制汗剤	セイカンザイ
制海権	セイカイケン
制球	セイキュウ
制球力	セイキュウリョク
制癌	セイガン
制癌剤	セイガンザイ
制禦	セイギョ
制空	セイクウ
制空権	セイクウケン
制約	セイヤク
制裁	セイサイ
制覇	セイハ
制酸剤	セイサンザイ
制酸薬	セイサンヤク
制限	セイゲン
制限時間	セイゲンジカン
制震	セイシン
制馭	セイギョ
刷く	ハク
刷りこむ	スリコム
刷り上がる	スリアガル
刷り上げる	スリアゲル
刷り師	スリシ
刷り本	スリホン
刷り物	スリモノ
刷り込み	スリコミ
刷り込む	スリコム
刷る	スル
刷数	サツスウ
刷新	サッシン
刷本	スリホン
刷毛塗り	ハケヌリ
刷毛目	ハケメ
刷版	サッパン
刷物	スリモノ
刷込む	スリコム
券売機	ケンバイキ
券文	ケンモン
券面	ケンメン
刹那	セツナ
刹那的	セツナテキ
刺々しい	トゲトゲシイ
刺さる	ササル
刺しちがえる	サシチガエル
刺しゅう	シシュウ
刺し傷	サシキズ
刺し子	サシコ
刺し殺す	サシコロス
刺し網	サシアミ
刺し縫い	サシヌイ
刺し貫く	サシツラヌク
刺し身	サシミ
刺し通す	サシトオス
刺し違える	サシチガエル
刺す	サス
刺刀	サスガ
刺刺しい	トゲトゲシイ
刺創	シソウ
刺叉	サスマタ
刺史	シシ
刺子	サシコ
刺戟	シゲキ
刺抜き	トゲヌキ
刺殺	シサツ
刺毛	シモウ
刺激	シゲキ
刺激物	シゲキブツ
刺激的	シゲキテキ
刺激臭	シゲキシュウ
刺突	シトツ
刺細胞	シサイボウ
刺網	サシアミ
刺繍	シシュウ
刺繡	シシュウ
刺股	サスマタ
刺胞	シホウ
刺草	イラクサ
刺身	サシミ
刺通す	サシトオス
刺違える	サシチガエル
刻する	コクスル
刻み	キザミ
刻みこむ	キザミコム
刻みたばこ	キザミタバコ
刻みつける	キザミツケル
刻みねぎ	キザミネギ
刻みタバコ	キザミタバコ
刻み付ける	キザミツケル
刻み煙草	キザミタバコ
刻み目	キザミメ
刻み葱	キザミネギ
刻み足	キザミアシ
刻み込む	キザミコム
刻む	キザム
刻下	コッカ
刻印	コクイン
刻字	コクジ
刻本	コクホン
刻苦	コック
刻銘	コクメイ
刻限	コクゲン
剃り上げる	ソリアゲル
剃り味	ソリアジ
剃り残し	ソリノコシ
剃り跡	ソリアト
剃り込み	ソリコミ
剃毛	テイモウ
剃髪	テイハツ
則する	ソクスル
則る	ノットル
削ぎとる	ソギトル
削ぎ切り	ソギギリ
削ぎ取る	ソギトル
削ぎ落す	ソギオトス
削ぎ落とす	ソギオトス
削ぐ	ソグ
削げる	ソゲル
削げ落ちる	ソゲオチル
削りかす	ケズリカス
削りくず	ケズリクズ
削りとる	ケズリトル
削り代	ケズリシロ
削り出す	ケズリダス
削り取る	ケズリトル
削り屑	ケズリクズ
削り滓	ケズリカス
削り節	ケズリブシ
削り落す	ケズリオトス
削り落とす	ケズリオトス
削れる	ケズレル
削井	サクセイ
削器	サッキ
削岩機	サクガンキ
削減	サクゲン
削片	サクヘン
削蹄	サクテイ
削除	サクジョ
削除キー	サクジョキー
前々回	ゼンゼンカイ
前々年	ゼンゼンネン
前あき	マエアキ
前かがみ	マエカガミ
前かけ	マエカケ
前かご	マエカゴ
前さばき	マエサバキ
前のめり	マエノメリ
前ふり	マエフリ
前ぶれ	マエブレ
前もって	マエモッテ
前カノ	マエカノ
前カレ	マエカレ
前下がり	マエサガリ
前人	ゼンジン
前人未到	ゼンジンミトウ
前人未踏	ゼンジンミトウ
前仏	ゼンブツ
前付	マエヅケ
前付け	マエヅケ
前代	ゼンダイ
前代未聞	ゼンダイミモン
前件	ゼンケン
前任	ゼンニン
前任者	ゼンニンシャ
前例	ゼンレイ
前便	ゼンビン
前倒し	マエダオシ
前借	ゼンシャク
前借り	マエガリ
前側	マエガワ
前備え	マエゾナエ
前傾	ゼンケイ
前兆	ゼンチョウ
前処理	マエショリ
前出	ゼンシュツ
前列	ゼンレツ
前前回	ゼンゼンカイ
前勘定	マエカンジョウ
前医	ゼンイ
前半期	ゼンハンキ
前厄	マエヤク
前受金	マエウケキン
前口上	マエコウジョウ
前古	ゼンコ
前史	ゼンシ
前号	ゼンゴウ
前名	ゼンメイ
前向き	マエムキ
前哨	ゼンショウ
前哨戦	ゼンショウセン
前回	ゼンカイ
前垂	マエダレ
前垂れ	マエダレ
前場	ゼンバ
前壁	ゼンペキ
前売	マエウリ
前売り	マエウリ
前夜	ゼンヤ
前夜祭	ゼンヤサイ
前大統領	ゼンダイトウリョウ
前夫	ゼンプ
前奏	ゼンソウ
前奏曲	ゼンソウキョク
前婚	ゼンコン
前官	ゼンカン
前室	ゼンシツ
前審	ゼンシン
前屈	ゼンクツ
前巻	ゼンカン
前帝	ゼンテイ
前席	ゼンセキ
前年	ゼンネン
前年度	ゼンネンド
前年比	ゼンネンヒ
前広	マエビロ
前座	ゼンザ
前彼	マエカレ
前後ろ	マエウシロ
前後不覚	ゼンゴフカク
前後関係	ゼンゴカンケイ
前成説	ゼンセイセツ
前戯	ゼンギ
前房	ゼンボウ
前扉	マエトビラ
前払	マエバライ
前払い	マエバライ
前払い金	マエバライキン
前払金	マエバライキン
前振り	マエフリ
前捌き	マエサバキ
前掛	マエカケ
前掛け	マエカケ
前掲	ゼンケイ
前提	ゼンテイ
前提条件	ゼンテイジョウケン
前撮り	マエドリ
前文	ゼンブン
前方後円墳	ゼンポウコウエンフン
前明き	マエアキ
前景	ゼンケイ
前景気	マエゲイキ
前書き	マエガキ
前月	ゼンゲツ
前期	ゼンキ
前条	ゼンジョウ
前板	マエイタ
前栽	センザイ
前歴	ゼンレキ
前段	ゼンダン
前泊	ゼンパク
前渡し	マエワタシ
前渡し金	マエワタシキン
前照灯	ゼンショウトウ
前玉	マエダマ
前生	ゼンショウ
前略	ゼンリャク
前祝い	マエイワイ
前科	ゼンカ
前立腺	ゼンリツセン
前立腺がん	ゼンリツセンガン
前立腺ガン	ゼンリツセンガン
前立腺癌	ゼンリツセンガン
前章	ゼンショウ
前端	ゼンタン
前節	ゼンセツ
前篇	ゼンペン
前籠	マエカゴ
前約	ゼンヤク
前納	ゼンノウ
前線	ゼンセン
前編	ゼンペン
前縁	ゼンエン
前置	ゼンチ
前置き	マエオキ
前置詞	ゼンチシ
前翅	ゼンシ
前者	ゼンシャ
前職	ゼンショク
前胸腺	ゼンキョウセン
前脳	ゼンノウ
前腕骨	ゼンワンコツ
前臼歯	ゼンキュウシ
前菜	ゼンサイ
前葉	ゼンヨウ
前葉体	ゼンヨウタイ
前著	ゼンチョ
前衛	ゼンエイ
前衛派	ゼンエイハ
前衛的	ゼンエイテキ
前表	ゼンピョウ
前触れ	マエブレ
前言	ゼンゲン
前記	ゼンキ
前評判	マエヒョウバン
前貸し	マエガシ
前賢	ゼンケン
前足	マエアシ
前蹤	ゼンショウ
前蹴り	マエゲリ
前身	ゼンシン
前身頃	マエミゴロ
前車	ゼンシャ
前転	ゼンテン
前輪駆動	ゼンリンクドウ
前轍	ゼンテツ
前近代	ゼンキンダイ
前近代的	ゼンキンダイテキ
前述	ゼンジュツ
前途	ゼント
前途多難	ゼントタナン
前週	ゼンシュウ
前進	ゼンシン
前部	ゼンブ
前門	ゼンモン
前陳	ゼンチン
前震	ゼンシン
前非	ゼンピ
前面	ゼンメン
前項	ゼンコウ
前頭葉	ゼントウヨウ
前頭骨	ゼントウコツ
前額	ゼンガク
前首相	ゼンシュショウ
前駆体	ゼンクタイ
前駆症状	ゼンクショウジョウ
前髪	マエガミ
前鰓類	ゼンサイルイ
剔る	エグル
剔出	テキシュツ
剔抉	テッケツ
剖検	ボウケン
剛体	ゴウタイ
剛健	ゴウケン
剛力	ゴウリキ
剛勇	ゴウユウ
剛強	ゴウキョウ
剛性	ゴウセイ
剛性率	ゴウセイリツ
剛愎	ゴウフク
剛毅	ゴウキ
剛毛	ゴウモウ
剛気	ゴウキ
剛球	ゴウキュウ
剛直	ゴウチョク
剛胆	ゴウタン
剛腕	ゴウワン
剛腹	ゴウフク
剛速球	ゴウソッキュウ
剝がれ	ハガレ
剝がれる	ハガレル
剝き出し	ムキダシ
剝き出す	ムキダス
剝ぎとり	ハギトリ
剝ぎ取り	ハギトリ
剝ぎ取る	ハギトル
剝く	ムク
剝ける	ムケル
剝げ落ちる	ハゲオチル
剝奪	ハクダツ
剝片	ハクヘン
剝脱	ハクダツ
剝落	ハクラク
剝製	ハクセイ
剝離	ハクリ
剣が峰	ケンガミネ
剣ヶ峰	ケンガミネ
剣先	ケンサキ
剣光	ケンコウ
剣劇	ケンゲキ
剣吞	ケンノン
剣呑	ケンノン
剣士	ケンシ
剣奴	ケンド
剣尖	ケンセン
剣山	ケンザン
剣帯	ケンタイ
剣幕	ケンマク
剣戟	ケンゲキ
剣技	ケンギ
剣撃	ケンゲキ
剣気	ケンキ
剣法	ケンポウ
剣状	ケンジョウ
剣玉	ケンダマ
剣璽	ケンジ
剣石	ケンイシ
剣突	ケンツク
剣突く	ケンツク
剣聖	ケンセイ
剣舞	ケンブ
剣術	ケンジュツ
剣豪	ケンゴウ
剣身	ケンシン
剣道	ケンドウ
剣闘士	ケントウシ
剣難	ケンナン
剣鬼	ケンキ
剤型	ザイケイ
剤形	ザイケイ
剥がれ	ハガレ
剥がれる	ハガレル
剥がれ落ちる	ハガレオチル
剥きだし	ムキダシ
剥きだす	ムキダス
剥き出し	ムキダシ
剥き出す	ムキダス
剥き海老	ムキエビ
剥ぎとり	ハギトリ
剥ぎとる	ハギトル
剥ける	ムケル
剥げ落ちる	ハゲオチル
剥る	ヘズル
剥出し	ムキダシ
剥取り	ハギトリ
剥取る	ハギトル
剥奪	ハクダツ
剥板	ヘギイタ
剥片	ハクヘン
剥皮	ハクヒ
剥脱	ハクダツ
剥落	ハクラク
剥製	ハクセイ
剥離	ハクリ
剥離紙	ハクリシ
剪み切る	ハサミキル
剪む	ハサム
剪定	センテイ
剪断	センダン
剪断機	センダンキ
剪毛	センモウ
剪除	センジョ
副う	ソウ
副える	ソエル
副え木	ソエギ
副主席	フクシュセキ
副乳	フクニュウ
副代表	フクダイヒョウ
副会長	フクカイチョウ
副作用	フクサヨウ
副使	フクシ
副反応	フクハンノウ
副収入	フクシュウニュウ
副因	フクイン
副大統領	フクダイトウリョウ
副大臣	フクダイジン
副審	フクシン
副将	フクショウ
副将軍	フクショウグン
副尺	フクシャク
副手	フクシュ
副操縦士	フクソウジュウシ
副教材	フクキョウザイ
副文	フクブン
副書	フクショ
副木	フクボク
副本	フクホン
副校長	フクコウチョウ
副業	フクギョウ
副次的	フクジテキ
副流煙	フクリュウエン
副王	フクオウ
副生	フクセイ
副産物	フクサンブツ
副知事	フクチジ
副砲	フクホウ
副社長	フクシャチョウ
副総理	フクソウリ
副総裁	フクソウサイ
副編	フクヘン
副署	フクショ
副腎	フクジン
副菜	フクサイ
副葬	フクソウ
副葬品	フクソウヒン
副詞	フクシ
副議長	フクギチョウ
副賞	フクショウ
副部長	フクブチョウ
副都心	フクトシン
副鏡	フクキョウ
副長	フクチョウ
副長官	フクチョウカン
副音声	フクオンセイ
副題	フクダイ
副食	フクショク
副首相	フクシュショウ
剰す	アマス
剰余	ジョウヨ
剰余金	ジョウヨキン
剰余類	ジョウヨルイ
剰員	ジョウイン
剰語	ジョウゴ
割かし	ワリカシ
割く	サク
割ける	サケル
割と	ワリト
割り	ワリ
割りいれる	ワリイレル
割りこむ	ワリコム
割りだす	ワリダス
割りばし	ワリバシ
割りふり	ワリフリ
割りふる	ワリフル
割り下	ワリシタ
割り付け	ワリツケ
割り付ける	ワリツケル
割り入れる	ワリイレル
割り出し	ワリダシ
割り出す	ワリダス
割り切り	ワリキリ
割り切る	ワリキル
割り切れる	ワリキレル
割り前	ワリマエ
割り勘	ワリカン
割り印	ワリイン
割り合い	ワリアイ
割り増し	ワリマシ
割り増し料金	ワリマシリョウキン
割り増し金	ワリマシキン
割り干し	ワリボシ
割り引き	ワリビキ
割り引く	ワリビク
割り当て	ワリアテ
割り当てる	ワリアテル
割り戻し金	ワリモドシキン
割り戻す	ワリモドス
割り振り	ワリフリ
割り振る	ワリフル
割り接ぎ	ワリツギ
割り方	ワリカタ
割り書き	ワリガキ
割り木	ワリキ
割り楔	ワリクサビ
割り注	ワリチュウ
割り石	ワリイシ
割り符	ワリフ
割り算	ワリザン
割り箸	ワリバシ
割り解す	ワリホグス
割り込み	ワリコミ
割り込む	ワリコム
割り高	ワリダカ
割れる	ワレル
割れ物	ワレモノ
割れ目	ワレメ
割れ返る	ワレカエル
割れ鐘	ワレガネ
割下	ワリシタ
割付	ワリツケ
割付け	ワリツケ
割出し	ワリダシ
割出す	ワリダス
割切る	ワリキル
割切れる	ワリキレル
割前	ワリマエ
割創	カッソウ
割勘	ワリカン
割印	ワリイン
割合	ワリアイ
割増	ワリマシ
割増し	ワリマシ
割増し料金	ワリマシリョウキン
割増手当	ワリマシテアテ
割増料金	ワリマシリョウキン
割増賃金	ワリマシチンギン
割安	ワリヤス
割安感	ワリヤスカン
割干し	ワリボシ
割引	ワリビキ
割引き	ワリビキ
割引く	ワリビク
割引価格	ワリビキカカク
割引債	ワリビキサイ
割引券	ワリビキケン
割引料金	ワリビキリョウキン
割引率	ワリビキリツ
割引運賃	ワリビキウンチン
割当て	ワリアテ
割当てる	ワリアテル
割愛	カツアイ
割拠	カッキョ
割振り	ワリフリ
割振る	ワリフル
割方	ワリカタ
割書き	ワリガキ
割木	ワリキ
割材	ワリザイ
割栗	ワリグリ
割殻	ワレカラ
割注	ワリチュウ
割烹	カッポウ
割烹店	カッポウテン
割烹着	カッポウギ
割球	カッキュウ
割礼	カツレイ
割算	ワリザン
割箸	ワリバシ
割線	カッセン
割腹	カップク
割譲	カツジョウ
割込み	ワリコミ
割込む	ワリコム
割高	ワリダカ
剴切	ガイセツ
創める	ハジメル
創りあげる	ツクリアゲル
創りだす	ツクリダス
創り上げる	ツクリアゲル
創り出す	ツクリダス
創世	ソウセイ
創世記	ソウセイキ
創作	ソウサク
創作家	ソウサクカ
創作物	ソウサクブツ
創作的	ソウサクテキ
創傷	ソウショウ
創党	ソウトウ
創出	ソウシュツ
創刊	ソウカン
創刊号	ソウカンゴウ
創始	ソウシ
創始者	ソウシシャ
創建	ソウケン
創意	ソウイ
創意工夫	ソウイクフウ
創成	ソウセイ
創案	ソウアン
創業	ソウギョウ
創業者	ソウギョウシャ
創生	ソウセイ
創痍	ソウイ
創痕	ソウコン
創発	ソウハツ
創立	ソウリツ
創立者	ソウリツシャ
創薬	ソウヤク
創製	ソウセイ
創見	ソウケン
創設	ソウセツ
創設者	ソウセツシャ
創造	ソウゾウ
創造力	ソウゾウリョク
創造性	ソウゾウセイ
創造物	ソウゾウブツ
創造的	ソウゾウテキ
創造者	ソウゾウシャ
創造論	ソウゾウロン
創部	ソウブ
創開	ソウカイ
創面	ソウメン
剽げる	ヒョウゲル
剽悍	ヒョウカン
剽盗	ヒョウトウ
剽窃	ヒョウセツ
剿滅	ソウメツ
劃す	カクス
劃する	カクスル
劃一	カクイツ
劃定	カクテイ
劃期	カッキ
劃期的	カッキテキ
劃然	カクゼン
劇しい	ハゲシイ
劇中	ゲキチュウ
劇中劇	ゲキチュウゲキ
劇作	ゲキサク
劇務	ゲキム
劇化	ゲキカ
劇団	ゲキダン
劇場	ゲキジョウ
劇壇	ゲキダン
劇変	ゲキヘン
劇映画	ゲキエイガ
劇暑	ゲキショ
劇毒	ゲキドク
劇烈	ゲキレツ
劇物	ゲキブツ
劇甚	ゲキジン
劇画	ゲキガ
劇界	ゲキカイ
劇症	ゲキショウ
劇痛	ゲキツウ
劇的	ゲキテキ
劇職	ゲキショク
劇臭	ゲキシュウ
劇薬	ゲキヤク
劇評	ゲキヒョウ
劇詩	ゲキシ
劇談	ゲキダン
劇論	ゲキロン
劇通	ゲキツウ
劇震	ゲキシン
劈く	ツンザク
劈頭	ヘキトウ
力いっぱい	チカライッパイ
力こぶ	チカラコブ
力づける	チカラヅケル
力ない	チカラナイ
力まかせ	チカラマカセ
力み	リキミ
力む	リキム
力もち	チカラモチ
力一杯	チカライッパイ
力不足	チカラブソク
力仕事	チカラシゴト
力付く	チカラヅク
力付ける	チカラヅケル
力任せ	チカラマカセ
力倆	リキリョウ
力動	リキドウ
力学系	リキガクケイ
力強い	チカラヅヨイ
力感	リキカン
力戦	リキセン
力技	チカラワザ
力投	リキトウ
力抜け	チカラヌケ
力押し	チカラオシ
力持ち	チカラモチ
力攻め	チカラゼメ
力業	チカラワザ
力比べ	チカラクラベ
力水	チカラミズ
力泳	リキエイ
力添え	チカラゾエ
力演	リキエン
力漕	リキソウ
力点	リキテン
力無い	チカラナイ
力率	リキリツ
力瘤	チカラコブ
力積	リキセキ
力競べ	チカラクラベ
力紙	チカラガミ
力線	リキセン
力編	リキヘン
力芝	チカラシバ
力落し	チカラオトシ
力落とし	チカラオトシ
力試し	チカラダメシ
力説	リキセツ
力負け	チカラマケ
力走	リキソウ
力足	チカラアシ
力量	リキリョウ
力関係	チカラカンケイ
力闘	リキトウ
力頼み	チカラダノミ
力餅	チカラモチ
功利	コウリ
功労	コウロウ
功労者	コウロウシャ
功労賞	コウロウショウ
功労金	コウロウキン
功名心	コウミョウシン
功業	コウギョウ
功績	コウセキ
功罪	コウザイ
功臣	コウシン
功過	コウカ
加える	クワエル
加え算	クワエザン
加わる	クワワル
加俸	カホウ
加入	カニュウ
加入者	カニュウシャ
加冠	カカン
加判	カハン
加勢	カセイ
加味	カミ
加圧	カアツ
加増	カゾウ
加害	カガイ
加害者	カガイシャ
加工	カコウ
加工乳	カコウニュウ
加工卵	カコウラン
加工品	カコウヒン
加工業	カコウギョウ
加工紙	カコウシ
加年	カネン
加役	カヤク
加担	カタン
加持	カジ
加振	カシン
加水	カスイ
加法	カホウ
加減	カゲン
加温	カオン
加湿	カシツ
加湿器	カシツキ
加湿機	カシツキ
加点	カテン
加熱	カネツ
加熱器	カネツキ
加熱炉	カネツロ
加療	カリョウ
加盟	カメイ
加盟国	カメイコク
加盟店	カメイテン
加硫	カリュウ
加筆	カヒツ
加算	カサン
加算器	カサンキ
加算税	カサンゼイ
加糖	カトウ
加給	カキュウ
加薬	カヤク
加薬ごはん	カヤクゴハン
加薬ご飯	カヤクゴハン
加薬御飯	カヤクゴハン
加薬飯	カヤクメシ
加虐	カギャク
加虐性愛	カギャクセイアイ
加護	カゴ
加農	カノン
加速	カソク
加速器	カソクキ
加速度	カソクド
加配	カハイ
加里	カリ
加重平均	カジュウヘイキン
加除	カジョ
加音	カオン
加飾	カショク
加餐	カサン
加齢	カレイ
加齢臭	カレイシュウ
劣る	オトル
劣位	レツイ
劣勢	レッセイ
劣化	レッカ
劣弱	レツジャク
劣後	レツゴ
劣後債	レツゴサイ
劣後株	レツゴカブ
劣性	レッセイ
劣悪	レツアク
劣情	レツジョウ
劣敗	レッパイ
劣等	レットウ
劣等感	レットウカン
劣者	レッシャ
助かる	タスカル
助く	タスク
助けあう	タスケアウ
助け上げる	タスケアゲル
助け出す	タスケダス
助け合い	タスケアイ
助け守る	タスケマモル
助け舟	タスケブネ
助け船	タスケブネ
助け起こす	タスケオコス
助け起す	タスケオコス
助っ人	スケット
助兵衛根性	スケベエコンジョウ
助剤	ジョザイ
助力	ジョリョク
助動詞	ジョドウシ
助命	ジョメイ
助変数	ジョヘンスウ
助太刀	スケダチ
助奏	ジョソウ
助字	ジョジ
助役	ジョヤク
助惣鱈	スケソウダラ
助成	ジョセイ
助成金	ジョセイキン
助手席	ジョシュセキ
助教	ジョキョウ
助教授	ジョキョウジュ
助教諭	ジョキョウユ
助数詞	ジョスウシ
助業	ジョゴウ
助演	ジョエン
助炭	ジョタン
助燃剤	ジョネンザイ
助産	ジョサン
助産婦	ジョサンプ
助産師	ジョサンシ
助産院	ジョサンイン
助監督	ジョカントク
助祭	ジョサイ
助詞	ジョシ
助走	ジョソウ
助辞	ジョジ
助長	ジョチョウ
努める	ツトメル
努力	ドリョク
努力家	ドリョクカ
努力義務	ドリョクギム
努努	ユメユメ
劫立て	コウダテ
劫罰	ゴウバツ
励まし	ハゲマシ
励ます	ハゲマス
励み	ハゲミ
励み合い	ハゲミアイ
励む	ハゲム
励声	レイセイ
励振	レイシン
励磁	レイジ
励磁機	レイジキ
励行	レイコウ
励起	レイキ
労い	ネギライ
労しい	イタワシイ
労する	ロウスル
労り	イタワリ
労る	イタワル
労わる	イタワル
労作	ロウサク
労使	ロウシ
労使協定	ロウシキョウテイ
労使協議制	ロウシキョウギセイ
労働	ロウドウ
労働三法	ロウドウサンポウ
労働争議	ロウドウソウギ
労働分配率	ロウドウブンパイリツ
労働力	ロウドウリョク
労働力人口	ロウドウリョクジンコウ
労働基本権	ロウドウキホンケン
労働基準局	ロウドウキジュンキョク
労働基準監督官	ロウドウキジュンカントクカン
労働基準監督署	ロウドウキジュンカントクショ
労働契約	ロウドウケイヤク
労働契約法	ロウドウケイヤクホウ
労働委員会	ロウドウイインカイ
労働安全衛生法	ロウドウアンゼンエイセイホウ
労働市場	ロウドウシジョウ
労働日	ロウドウビ
労働時間	ロウドウジカン
労働条件	ロウドウジョウケン
労働権	ロウドウケン
労働歌	ロウドウカ
労働法	ロウドウホウ
労働災害	ロウドウサイガイ
労働生産性	ロウドウセイサンセイ
労働省	ロウドウショウ
労働組合	ロウドウクミアイ
労働組合法	ロウドウクミアイホウ
労働者	ロウドウシャ
労働者派遣法	ロウドウシャハケンホウ
労働者災害補償保険	ロウドウシャサイガイホショウホケン
労働者災害補償保険法	ロウドウシャサイガイホショウホケンホウ
労働許可証	ロウドウキョカショウ
労働関係調整法	ロウドウカンケイチョウセイホウ
労力	ロウリョク
労動	ロウドウ
労務	ロウム
労務管理	ロウムカンリ
労務者	ロウムシャ
労務課	ロウムカ
労務費	ロウムヒ
労咳	ロウガイ
労基法	ロウキホウ
労基署	ロウキショ
労委	ロウイ
労役	ロウエキ
労役場	ロウエキジョウ
労政	ロウセイ
労災	ロウサイ
労災保険	ロウサイホケン
労災認定	ロウサイニンテイ
労相	ロウショウ
労苦	ロウク
労賃	ロウチン
労資	ロウシ
労農	ロウノウ
労連	ロウレン
労金	ロウキン
労銀	ロウギン
効かす	キカス
効き	キキ
効き目	キキメ
効く	キク
効力	コウリョク
効果	コウカ
効果的	コウカテキ
効果音	コウカオン
効率	コウリツ
効率化	コウリツカ
効率性	コウリツセイ
効率的	コウリツテキ
効用	コウヨウ
効目	キキメ
効能	コウノウ
勁草	ケイソウ
勃々	ボツボツ
勃勃	ボツボツ
勃然	ボツゼン
勃発	ボッパツ
勃興	ボッコウ
勃起	ボッキ
勅令	チョクレイ
勅任	チョクニン
勅任官	チョクニンカン
勅使	チョクシ
勅勘	チョッカン
勅命	チョクメイ
勅定	チョクジョウ
勅撰	チョクセン
勅旨	チョクシ
勅書	チョクショ
勅答	チョクトウ
勅裁	チョクサイ
勅許	チョッキョ
勅語	チョクゴ
勅諚	チョクジョウ
勅諭	チョクユ
勅選	チョクセン
勅題	チョクダイ
勅額	チョクガク
勅願	チョクガン
勇ましい	イサマシイ
勇みたつ	イサミタツ
勇み立つ	イサミタツ
勇み肌	イサミハダ
勇み足	イサミアシ
勇む	イサム
勇健	ユウケン
勇名	ユウメイ
勇士	ユウシ
勇壮	ユウソウ
勇姿	ユウシ
勇将	ユウショウ
勇往	ユウオウ
勇戦	ユウセン
勇敢	ユウカン
勇断	ユウダン
勇武	ユウブ
勇気	ユウキ
勇烈	ユウレツ
勇躍	ユウヤク
勇退	ユウタイ
勇魚	イサナ
勉める	ツトメル
勉励	ベンレイ
勉学	ベンガク
勉強	ベンキョウ
勉強会	ベンキョウカイ
勉強家	ベンキョウカ
動かす	ウゴカス
動き	ウゴキ
動きまわる	ウゴキマワル
動き回る	ウゴキマワル
動き廻る	ウゴキマワル
動き掛ける	ウゴキカケル
動く	ウゴク
動じる	ドウジル
動ずる	ドウズル
動乱	ドウラン
動体	ドウタイ
動作	ドウサ
動作主	ドウサシュ
動力	ドウリョク
動力因	ドウリョクイン
動力学	ドウリキガク
動力炉	ドウリョクロ
動力計	ドウリョクケイ
動力車	ドウリョクシャ
動労	ドウロウ
動勢	ドウセイ
動名詞	ドウメイシ
動向	ドウコウ
動員	ドウイン
動因	ドウイン
動径	ドウケイ
動悸	ドウキ
動感	ドウカン
動態	ドウタイ
動揺	ドウヨウ
動植物	ドウショクブツ
動植物園	ドウショクブツエン
動機	ドウキ
動機づけ	ドウキヅケ
動気	ドウキ
動物	ドウブツ
動物化	ドウブツカ
動物園	ドウブツエン
動物学	ドウブツガク
動物性	ドウブツセイ
動物界	ドウブツカイ
動物病院	ドウブツビョウイン
動物的	ドウブツテキ
動物相	ドウブツソウ
動物行動学	ドウブツコウドウガク
動物誌	ドウブツシ
動物質	ドウブツシツ
動物霊	ドウブツレイ
動産	ドウサン
動画	ドウガ
動的	ドウテキ
動線	ドウセン
動翼	ドウヨク
動脈	ドウミャク
動脈炎	ドウミャクエン
動脈瘤	ドウミャクリュウ
動詞	ドウシ
動議	ドウギ
動転	ドウテン
動輪	ドウリン
動静	ドウセイ
動顚	ドウテン
動顛	ドウテン
勘ぐり	カングリ
勘ぐる	カングル
勘づく	カンヅク
勘どころ	カンドコロ
勘亭流	カンテイリュウ
勘付く	カンヅク
勘合	カンゴウ
勘定	カンジョウ
勘定書	カンジョウショ
勘定書き	カンジョウガキ
勘定科目	カンジョウカモク
勘弁	カンベン
勘当	カンドウ
勘忍	カンニン
勘所	カンドコロ
勘校	カンコウ
勘案	カンアン
勘検	カンケン
勘気	カンキ
勘繰り	カングリ
勘繰る	カングル
勘考	カンコウ
勘違い	カンチガイ
務まる	ツトマル
務め	ツトメ
務める	ツトメル
務所	ムショ
勝ちとる	カチトル
勝ちどき	カチドキ
勝ちみ	カチミ
勝ち上がる	カチアガル
勝ち取る	カチトル
勝ち名乗り	カチナノリ
勝ち味	カチミ
勝ち得る	カチエル
勝ち戦	カチイクサ
勝ち抜き	カチヌキ
勝ち放す	カチハナス
勝ち星	カチボシ
勝ち栗	カチグリ
勝ち残り	カチノコリ
勝ち残る	カチノコル
勝ち気	カチキ
勝ち点	カチテン
勝ち目	カチメ
勝ち筋	カチスジ
勝ち組	カチグミ
勝ち誇る	カチホコル
勝ち負け	カチマケ
勝ち越し	カチコシ
勝ち越す	カチコス
勝ち軍	カチイクサ
勝ち逃げ	カチニゲ
勝ち進む	カチススム
勝ち馬	カチウマ
勝ち鬨	カチドキ
勝どき	カチドキ
勝る	マサル
勝れる	スグレル
勝共	ショウキョウ
勝利	ショウリ
勝利者	ショウリシャ
勝勢	ショウセイ
勝因	ショウイン
勝地	ショウチ
勝報	ショウホウ
勝手に	カッテニ
勝手口	カッテグチ
勝手向き	カッテムキ
勝手次第	カッテシダイ
勝敗	ショウハイ
勝栗	カチグリ
勝楽	ショウラク
勝概	ショウガイ
勝機	ショウキ
勝気	カチキ
勝点	カチテン
勝率	ショウリツ
勝着	ショウチャク
勝算	ショウサン
勝組	カチグミ
勝者	ショウシャ
勝訴	ショウソ
勝負事	ショウブゴト
勝負師	ショウブシ
勝負所	ショウブドコロ
勝負服	ショウブフク
勝越し	カチコシ
勝越す	カチコス
勝進む	カチススム
勝運	ショウウン
勝馬	カチウマ
勝鬨	カチドキ
募る	ツノル
募債	ボサイ
募入	ボニュウ
募兵	ボヘイ
募金	ボキン
募集	ボシュウ
募集人	ボシュウニン
勢いこむ	イキオイコム
勢いづく	イキオイヅク
勢い付く	イキオイヅク
勢い込む	イキオイコム
勢ぞろい	セイゾロイ
勢力	セイリョク
勢力図	セイリョクズ
勢力圏	セイリョクケン
勢力均衡	セイリョクキンコウ
勢力範囲	セイリョクハンイ
勢威	セイイ
勢揃い	セイゾロイ
勢望	セイボウ
勢車	ハズミグルマ
勤しむ	イソシム
勤まる	ツトマル
勤める	ツトメル
勤め上げる	ツトメアゲル
勤め人	ツトメニン
勤め先	ツトメサキ
勤め口	ツトメグチ
勤め帰り	ツトメガエリ
勤倹	キンケン
勤労	キンロウ
勤労学生	キンロウガクセイ
勤労意欲	キンロウイヨク
勤労感謝の日	キンロウカンシャノヒ
勤労者	キンロウシャ
勤勉	キンベン
勤務	キンム
勤務先	キンムサキ
勤務医	キンムイ
勤務地	キンムチ
勤務地手当	キンムチテアテ
勤務場所	キンムバショ
勤務実績	キンムジッセキ
勤務成績	キンムセイセキ
勤務時間	キンムジカン
勤務者	キンムシャ
勤務評定	キンムヒョウテイ
勤学	キンガク
勤怠	キンタイ
勤惰	キンダ
勤王	キンノウ
勤番	キンバン
勤皇	キンノウ
勤続	キンゾク
勤苦	キンク
勤行	ゴンギョウ
勧め	ススメ
勧める	ススメル
勧化	カンゲ
勧告	カンコク
勧善	カンゼン
勧善懲悪	カンゼンチョウアク
勧奨	カンショウ
勧奨退職	カンショウタイショク
勧学	カンガク
勧工	カンコウ
勧懲	カンチョウ
勧業	カンギョウ
勧誘	カンユウ
勧請	カンジョウ
勧賞	カンショウ
勧農	カンノウ
勧進	カンジン
勧進元	カンジンモト
勧進帳	カンジンチョウ
勧降	カンコウ
勲一等	クンイットウ
勲位	クンイ
勲功	クンコウ
勲爵	クンシャク
勲章	クンショウ
勲等	クントウ
勲記	クンキ
勾引かす	カドワカス
勾引状	コウインジョウ
勾欄	コウラン
勾玉	マガタマ
勾留	コウリュウ
勾留状	コウリュウジョウ
勾配	コウバイ
勿れ	ナカレ
勿体	モッタイ
勿忘草	ワスレナグサ
勿怪	モッケ
勿論	モチロン
匂い	ニオイ
匂いたつ	ニオイタツ
匂いやか	ニオイヤカ
匂い立つ	ニオイタツ
匂い袋	ニオイブクロ
匂う	ニオウ
匂やか	ニオヤカ
匂わす	ニオワス
包まる	クルマル
包みかくす	ツツミカクス
包みこむ	ツツミコム
包み物	ツツミモノ
包み直す	ツツミナオス
包み紙	ツツミガミ
包み隠し	ツツミカクシ
包み隠す	ツツミカクス
包み飾る	ツツミカザル
包含	ホウガン
包囲	ホウイ
包囲網	ホウイモウ
包容	ホウヨウ
包容力	ホウヨウリョク
包帯	ホウタイ
包括	ホウカツ
包括的	ホウカツテキ
包摂	ホウセツ
包有	ホウユウ
包材	ホウザイ
包構え	ツツミガマエ
包皮	ホウヒ
包紙	ツツミガミ
包絡線	ホウラクセン
包葉	ホウヨウ
包蔵	ホウゾウ
包虫	ホウチュウ
包虫症	ホウチュウショウ
包装	ホウソウ
包装資材	ホウソウシザイ
匆々	ソウソウ
匆匆	ソウソウ
匍いずる	ハイズル
匍匐	ホフク
匍匐茎	ホフクケイ
化かす	バカス
化け	バケ
化けの皮	バケノカワ
化け猫	バケネコ
化する	カスル
化仏	ケブツ
化合	カゴウ
化合物	カゴウブツ
化城	ケジョウ
化学兵器	カガクヘイキ
化学品	カガクヒン
化学式	カガクシキ
化学的	カガクテキ
化学種	カガクシュ
化学繊維	カガクセンイ
化学者	カガクシャ
化学肥料	カガクヒリョウ
化学薬品	カガクヤクヒン
化学車	カガクシャ
化工	カコウ
化成	カセイ
化成肥料	カセイヒリョウ
化現	ケゲン
化石	カセキ
化粧ポーチ	ケショウポーチ
化粧下	ケショウシタ
化粧品	ケショウヒン
化粧室	ケショウシツ
化粧箱	ケショウバコ
化繊	カセン
化育	カイク
化膿	カノウ
化膿性	カノウセイ
化膿菌	カノウキン
化調	カチョウ
化身	ケシン
化鳥	ケチョウ
北上	ホクジョウ
北伐	ホクバツ
北北西	ホクホクセイ
北半	ホクハン
北半球	キタハンキュウ
北叟笑む	ホクソエム
北口	キタグチ
北向き	キタムキ
北回り	キタマワリ
北回帰線	キタカイキセン
北境	ホッキョウ
北壁	ホクヘキ
北天	ホクテン
北寄り	キタヨリ
北岸	ホクガン
北廻り	キタマワリ
北征	ホクセイ
北斗	ホクト
北斗七星	ホクトシチセイ
北斗星	ホクトセイ
北方	ホッポウ
北方領土	ホッポウリョウド
北朝	ホクチョウ
北東部	ホクトウブ
北枕	キタマクラ
北棟	キタトウ
北極圏	ホッキョクケン
北洋	ホクヨウ
北流	ホクリュウ
北海	ホッカイ
北爆	ホクバク
北狄	ホクテキ
北狐	キタキツネ
北端	ホクタン
北緯	ホクイ
北行	ホッコウ
北西	ホクセイ
北西部	ホクセイブ
北軍	ホクグン
北辰	ホクシン
北辺	ホクヘン
北進	ホクシン
北郊	ホッコウ
北部	ホクブ
北都	ホクト
北限	ホクゲン
北面	ホクメン
北麓	ホクロク
匙加減	サジカゲン
匠気	ショウキ
匡救	キョウキュウ
匡正	キョウセイ
匪団	ヒダン
匪賊	ヒゾク
匹儔	ヒッチュウ
匹夫	ヒップ
匹敵	ヒッテキ
区会	クカイ
区会議員	クカイギイン
区内	クナイ
区処	クショ
区分	クブン
区分け	クワケ
区分建物	クブンタテモノ
区分所有建物	クブンショユウタテモノ
区切	クギリ
区切り	クギリ
区切り文字	クギリモジ
区切る	クギル
区別	クベツ
区割り	クワリ
区劃	クカク
区名	クメイ
区営	クエイ
区域	クイキ
区外	クガイ
区役所	クヤクショ
区快	クカイ
区政	クセイ
区検	クケン
区民	クミン
区民税	クミンゼイ
区点	クテン
区画	クカク
区立	クリツ
区議	クギ
区議会	クギカイ
区議会議員	クギカイギイン
区議会議員選挙	クギカイギインセンキョ
区道	クドウ
区部	クブ
区長	クチョウ
区間	クカン
区間賞	クカンショウ
医する	イスル
医事	イジ
医務	イム
医務官	イムカン
医化学	イカガク
医博	イハク
医原病	イゲンビョウ
医員	イイン
医大	イダイ
医大生	イダイセイ
医学史	イガクシ
医学書	イガクショ
医学校	イガッコウ
医学生	イガクセイ
医学界	イガクカイ
医学的	イガクテキ
医学部	イガクブ
医官	イカン
医家	イカ
医局	イキョク
医師会	イシカイ
医師法	イシホウ
医方	イホウ
医書	イショ
医業	イギョウ
医用	イヨウ
医用電子工学	イヨウデンシコウガク
医界	イカイ
医療	イリョウ
医療サービス	イリョウサービス
医療保険	イリョウホケン
医療器具	イリョウキグ
医療技術者	イリョウギジュツシャ
医療施設	イリョウシセツ
医療機器	イリョウキキ
医療機関	イリョウキカン
医療法	イリョウホウ
医療法人	イリョウホウジン
医療用	イリョウヨウ
医療用医薬品	イリョウヨウイヤクヒン
医療費	イリョウヒ
医科	イカ
医科大学	イカダイガク
医科学	イカガク
医籍	イセキ
医者	イシャ
医聖	イセイ
医薬	イヤク
医薬品	イヤクヒン
医術	イジュツ
医道	イドウ
医長	イチョウ
医院	イイン
匿す	カクス
匿れる	カクレル
匿名	トクメイ
匿名化	トクメイカ
匿名性	トクメイセイ
區別	クベツ
十万億土	ジュウマンオクド
十両	ジュウリョウ
十二	ジュウニ
十二分	ジュウニブン
十二単	ジュウニヒトエ
十二指腸	ジュウニシチョウ
十二支	ジュウニシ
十五夜	ジュウゴヤ
十傑	ジッケツ
十億	ジュウオク
十全	ジュウゼン
十六夜	イザヨイ
十善	ジュウゼン
十如是	ジュウニョゼ
十姉妹	ジュウシマツ
十字	ジュウジ
十字架	ジュウジカ
十字路	ジュウジロ
十字軍	ジュウジグン
十干	ジッカン
十徳	ジットク
十目	ジュウモク
十能	ジュウノウ
十腕類	ジュウワンルイ
十薬	ジュウヤク
十進分類法	ジッシンブンルイホウ
十露盤	ソロバン
千世	チヨ
千両	センリョウ
千両役者	センリョウヤクシャ
千両箱	センリョウバコ
千人力	センニンリキ
千人針	センニンバリ
千仞	センジン
千代紙	チヨガミ
千入	チシオ
千分	センブン
千分比	センブンヒ
千分率	センブンリツ
千切り絵	チギリエ
千切る	チギル
千切れる	チギレル
千切れ雲	チギレグモ
千古	センコ
千慮	センリョ
千成	センナリ
千振	センブリ
千摺り	センズリ
千日手	センニチテ
千日紅	センニチコウ
千日草	センニチソウ
千木	チギ
千本槍	センボンヤリ
千枚	センマイ
千枚張り	センマイバリ
千枚漬	センマイヅケ
千枚漬け	センマイヅケ
千歳あめ	チトセアメ
千歳飴	チトセアメ
千石船	センゴクブネ
千社札	センジャフダ
千秋	センシュウ
千秋楽	センシュウラク
千筋	センスジ
千羽鶴	センバヅル
千草色	チグサイロ
千載	センザイ
千載一遇	センザイイチグウ
千里	センリ
千里眼	センリガン
千金	センキン
千鈞	センキン
千鳥	チドリ
千鳥足	チドリアシ
升席	マスセキ
升形	マスガタ
升目	マスメ
升酒	マスザケ
午すぎ	ヒルスギ
午刻	ゴコク
午前	ゴゼン
午前中	ゴゼンチュウ
午前休	ゴゼンキュウ
午前様	ゴゼンサマ
午后	ゴゴ
午年	ウマドシ
午後	ゴゴ
午後イチ	ゴゴイチ
午後休	ゴゴキュウ
午砲	ゴホウ
午過ぎ	ヒルスギ
午飯	ゴハン
午餐	ゴサン
半々	ハンハン
半そで	ハンソデ
半つき	ハンツキ
半ば	ナカバ
半べそ	ハンベソ
半ぺら	ハンペラ
半クラッチ	ハンクラッチ
半ズボン	ハンズボン
半ドン	ハンドン
半パン	ハンパン
半ベソ	ハンベソ
半二重	ハンニジュウ
半人前	ハンニンマエ
半人足	ハンニンソク
半休	ハンキュウ
半作	ハンサク
半値	ハンネ
半円	ハンエン
半券	ハンケン
半化石	ハンカセキ
半半	ハンハン
半句	ハンク
半可	ハンカ
半可通	ハンカツウ
半同棲	ハンドウセイ
半周	ハンシュウ
半国	ハンゴク
半壊	ハンカイ
半夏	ハンゲ
半夏生	ハンゲショウ
半夜	ハンヤ
半季	ハンキ
半導体	ハンドウタイ
半島	ハントウ
半巾	ハンハバ
半幅	ハンハバ
半幅帯	ハンハバオビ
半年払	ハントシバライ
半年払い	ハントシバライ
半弓	ハンキュウ
半径	ハンケイ
半成	ハンセイ
半搗き	ハンツキ
半数	ハンスウ
半整数	ハンセイスウ
半旗	ハンキ
半期	ハンキ
半棒術	ハンボウジュツ
半死	ハンシ
半殺し	ハンゴロシ
半母音	ハンボイン
半永久	ハンエイキュウ
半永久的	ハンエイキュウテキ
半泣き	ハンナキ
半減	ハンゲン
半減期	ハンゲンキ
半濁点	ハンダクテン
半濁音	ハンダクオン
半焼	ハンショウ
半焼け	ハンヤケ
半煮え	ハンニエ
半熟	ハンジュク
半熟卵	ハンジュクタマゴ
半獣	ハンジュウ
半球	ハンキュウ
半田	ハンダ
半畳	ハンジョウ
半白	ハンパク
半盲	ハンモウ
半盲症	ハンモウショウ
半眼	ハンガン
半睡	ハンスイ
半神	ハンシン
半端	ハンパ
半笑い	ハンワライ
半蔀	ハジトミ
半衿	ハンエリ
半袖	ハンソデ
半裁	ハンサイ
半裂	ハンザキ
半裸	ハンラ
半製品	ハンセイヒン
半襟	ハンエリ
半角	ハンカク
半角カナ	ハンカクカナ
半解	ハンカイ
半跏	ハンカ
半身浴	ハンシンヨク
半輪	ハンリン
半農	ハンノウ
半返し	ハンガエシ
半透性	ハントウセイ
半透明	ハントウメイ
半透膜	ハントウマク
半途	ハント
半通夜	ハンツヤ
半里	ハンリ
半量	ハンリョウ
半金	ハンキン
半金属	ハンキンゾク
半鐘	ハンショウ
半開	ハンカイ
半開き	ハンビラキ
半面	ハンメン
半音	ハンオン
半音階	ハンオンカイ
半額	ハンガク
半魚人	ハンギョジン
卑しい	イヤシイ
卑しみ	イヤシミ
卑しむ	イヤシム
卑しめる	イヤシメル
卑しん坊	イヤシンボウ
卑わい	ヒワイ
卑下	ヒゲ
卑俗	ヒゾク
卑劣	ヒレツ
卑小	ヒショウ
卑屈	ヒクツ
卑属	ヒゾク
卑怯	ヒキョウ
卑猥	ヒワイ
卑称	ヒショウ
卑見	ヒケン
卑語	ヒゴ
卑賎	ヒセン
卑賤	ヒセン
卑近	ヒキン
卑金属	ヒキンゾク
卑陋	ヒロウ
卒える	オエル
卒アル	ソツアル
卒中	ソッチュウ
卒乳	ソツニュウ
卒倒	ソットウ
卒園	ソツエン
卒園式	ソツエンシキ
卒寿	ソツジュ
卒展	ソツテン
卒後	ソツゴ
卒業	ソツギョウ
卒業アルバム	ソツギョウアルバム
卒業制作	ソツギョウセイサク
卒業式	ソツギョウシキ
卒業後	ソツギョウゴ
卒業検定	ソツギョウケンテイ
卒業生	ソツギョウセイ
卒業研究	ソツギョウケンキュウ
卒業者	ソツギョウシャ
卒業証明書	ソツギョウショウメイショ
卒業証書	ソツギョウショウショ
卒業論文	ソツギョウロンブン
卒然	ソツゼン
卒爾	ソツジ
卒直	ソッチョク
卒研	ソツケン
卒読	ソツドク
卒論	ソツロン
卒都婆	ソトバ
卓上	タクジョウ
卓出	タクシュツ
卓効	タッコウ
卓子	タクシ
卓抜	タクバツ
卓然	タクゼン
卓球	タッキュウ
卓球台	タッキュウダイ
卓球部	タッキュウブ
卓立	タクリツ
卓絶	タクゼツ
卓袱台	チャブダイ
卓見	タッケン
卓説	タクセツ
卓論	タクロン
卓識	タクシキ
卓越	タクエツ
卓越風	タクエツフウ
協会	キョウカイ
協働	キョウドウ
協力	キョウリョク
協力者	キョウリョクシャ
協力費	キョウリョクヒ
協力金	キョウリョクキン
協同	キョウドウ
協同体	キョウドウタイ
協同組合	キョウドウクミアイ
協和	キョウワ
協和音	キョウワオン
協商	キョウショウ
協奏曲	キョウソウキョク
協定	キョウテイ
協定書	キョウテイショ
協心	キョウシン
協業	キョウギョウ
協約	キョウヤク
協調	キョウチョウ
協調性	キョウチョウセイ
協議	キョウギ
協議会	キョウギカイ
協賛	キョウサン
南がわ	ミナミガワ
南の冠座	ミナミノカンムリザ
南下	ナンカ
南中	ナンチュウ
南京玉	ナンキンダマ
南京虫	ナンキンムシ
南京袋	ナンキンブクロ
南京豆	ナンキンマメ
南京錠	ナンキンジョウ
南側	ミナミガワ
南北	ナンボク
南北朝	ナンボクチョウ
南十字	ミナミジュウジ
南十字座	ミナミジュウジザ
南十字星	ミナミジュウジセイ
南半球	ミナミハンキュウ
南南東	ナンナントウ
南口	ミナミグチ
南向き	ミナミムキ
南回り	ミナミマワリ
南回帰線	ミナミカイキセン
南国	ナンゴク
南壁	ナンペキ
南天	ナンテン
南天萩	ナンテンハギ
南山	ナンザン
南岸	ナンガン
南庭	ナンテイ
南征	ナンセイ
南斗	ナント
南方	ナンポウ
南朝	ナンチョウ
南東部	ナントウブ
南棟	ミナミトウ
南極圏	ナンキョクケン
南洋	ナンヨウ
南洋材	ナンヨウザイ
南流	ナンリュウ
南海	ナンカイ
南溟	ナンメイ
南無三	ナムサン
南画	ナンガ
南端	ナンタン
南緯	ナンイ
南蛮	ナンバン
南蛮人	ナンバンジン
南蛮漬	ナンバンヅケ
南蛮漬け	ナンバンヅケ
南蛮煮	ナンバンニ
南西部	ナンセイブ
南進	ナンシン
南郊	ナンコウ
南部	ナンブ
南部弁	ナンブベン
南都	ナント
南限	ナンゲン
南面	ナンメン
南館	ミナミカン
南鮪	ミナミマグロ
南麓	ナンロク
単なる	タンナル
単に	タンニ
単一化	タンイツカ
単一性	タンイツセイ
単三	タンサン
単于	ゼンウ
単位	タンイ
単体	タンタイ
単体テスト	タンタイテスト
単作	タンサク
単価	タンカ
単元	タンゲン
単刀	タントウ
単刀直入	タントウチョクニュウ
単利	タンリ
単剤	タンザイ
単勝	タンショウ
単勝式	タンショウシキ
単品	タンピン
単婚	タンコン
単子	タンシ
単孔類	タンコウルイ
単射	タンシャ
単層	タンソウ
単座	タンザ
単弁	タンベン
単式	タンシキ
単形	タンケイ
単性	タンセイ
単性論	タンセイロン
単意	タンイ
単意論	タンイロン
単打	タンダ
単振動	タンシンドウ
単数	タンスウ
単数形	タンスウケイ
単文	タンブン
単本位	タンホンイ
単板	タンバン
単極	タンキョク
単機	タンキ
単独	タンドク
単独犯	タンドクハン
単球	タンキュウ
単産	タンサン
単発	タンパツ
単相	タンソウ
単眼	タンガン
単眼症	タンガンショウ
単眼鏡	タンガンキョウ
単票	タンピョウ
単科大学	タンカダイガク
単立	タンリツ
単管	タンカン
単簡	タンカン
単精度	タンセイド
単糖	タントウ
単糖類	タントウルイ
単純	タンジュン
単純化	タンジュンカ
単純明快	タンジュンメイカイ
単純泉	タンジュンセン
単級	タンキュウ
単細胞	タンサイボウ
単細胞生物	タンサイボウセイブツ
単組	タンソ
単結晶	タンケッショウ
単線	タンセン
単肥	タンピ
単色	タンショク
単葉	タンヨウ
単葉機	タンヨウキ
単行	タンコウ
単行本	タンコウボン
単衣物	ヒトエモノ
単装	タンソウ
単複	タンプク
単記	タンキ
単語	タンゴ
単語帳	タンゴチョウ
単調	タンチョウ
単身	タンシン
単身世帯	タンシンセタイ
単身者	タンシンシャ
単身赴任	タンシンフニン
単車	タンシャ
単軌鉄道	タンキテツドウ
単離	タンリ
単音	タンオン
単項	タンコウ
単項式	タンコウシキ
単願	タンガン
単騎	タンキ
博す	ハクス
博する	ハクスル
博労	バクロウ
博多弁	ハカタベン
博大	ハクダイ
博学	ハクガク
博学者	ハクガクシャ
博引	ハクイン
博徒	バクト
博愛	ハクアイ
博才	バクサイ
博打	バクチ
博打打ち	バクチウチ
博捜	ハクソウ
博物	ハクブツ
博物学	ハクブツガク
博物誌	ハクブツシ
博物館	ハクブツカン
博聞	ハクブン
博覧	ハクラン
博覧会	ハクランカイ
博言学	ハクゲンガク
博識	ハクシキ
博雅	ハクガ
卜い	ウラナイ
卜する	ボクスル
卜占	ボクセン
卜居	ボッキョ
卜筮	ボクゼイ
卜者	ボクシャ
卜術	ボクジュツ
占い	ウラナイ
占い師	ウラナイシ
占める	シメル
占卜	センボク
占地	シメジ
占居	センキョ
占師	ウラナイシ
占拠	センキョ
占星	センセイ
占星術	センセイジュツ
占有	センユウ
占有権	センユウケン
占有率	センユウリツ
占有者	センユウシャ
占法	センポウ
占用	センヨウ
占筮	センゼイ
占術	センジュツ
占領	センリョウ
占領下	センリョウカ
占領地	センリョウチ
占領軍	センリョウグン
卦体	ケタイ
卯の花	ウノハナ
卯建	ウダツ
卯木	ウツギ
卯杖	ウヅエ
卯浪	ウナミ
印す	シルス
印する	インスル
印パ	インパ
印僑	インキョウ
印刀	イントウ
印刷	インサツ
印刷局	インサツキョク
印刷機	インサツキ
印刷物	インサツブツ
印刷用	インサツヨウ
印刻	インコク
印加	インカ
印可	インカ
印哲	インテツ
印字	インジ
印字機	インジキ
印形	インギョウ
印影	インエイ
印房	インボウ
印書	インショ
印本	インポン
印材	インザイ
印棉	インメン
印欧	インオウ
印欧語	インオウゴ
印池	インチ
印泥	インデイ
印環	インカン
印璽	インジ
印画	インガ
印画紙	インガシ
印税	インゼイ
印章	インショウ
印箱	インバコ
印篭	インロウ
印籠	インロウ
印紙	インシ
印紙税	インシゼイ
印綬	インジュ
印綿	インメン
印肉	インニク
印行	インコウ
印譜	インプ
印象	インショウ
印象主義	インショウシュギ
印象的	インショウテキ
印鑑	インカン
印鑑登録	インカントウロク
印鑑証明	インカンショウメイ
印鑑証明書	インカンショウメイショ
印面	インメン
印顆	インカ
危うい	アヤウイ
危うく	アヤウク
危ぐ	キグ
危なかしい	アブナカシイ
危なく	アブナク
危なっかしい	アブナッカシイ
危ぶむ	アヤブム
危地	キチ
危害	キガイ
危局	キキョク
危岩	キガン
危巌	キガン
危急	キキュウ
危惧	キグ
危懼	キク
危機	キキ
危機一髪	キキイッパツ
危機感	キキカン
危機的	キキテキ
危機管理	キキカンリ
危殆	キタイ
危疑	キギ
危篤	キトク
危険	キケン
危険地域	キケンチイキ
危険地帯	キケンチタイ
危険域	キケンイキ
危険度	キケンド
危険性	キケンセイ
危険水域	キケンスイイキ
危険物	キケンブツ
危難	キナン
即す	ソクス
即する	ソクスル
即レス	ソクレス
即今	ソッコン
即位	ソクイ
即位式	ソクイシキ
即刻	ソッコク
即効	ソッコウ
即効性	ソッコウセイ
即吟	ソクギン
即売	ソクバイ
即売会	ソクバイカイ
即夜	ソクヤ
即妙	ソクミョウ
即席	ソクセキ
即席麺	ソクセキメン
即座	ソクザ
即応	ソクオウ
即急	ソッキュウ
即戦力	ソクセンリョク
即断	ソクダン
即日	ソクジツ
即時	ソクジ
即死	ソクシ
即決	ソッケツ
即物的	ソクブツテキ
即答	ソクトウ
即納	ソクノウ
即自	ソクジ
即興	ソッキョウ
即興曲	ソッキョウキョク
即興的	ソッキョウテキ
即興詩	ソッキョウシ
即行	ソッコウ
即製	ソクセイ
即諾	ソクダク
即買い	ソクガイ
即身仏	ソクシンブツ
即金	ソッキン
即題	ソクダイ
却って	カエッテ
却下	キャッカ
却行	キャッコウ
卵かけご飯	タマゴカケゴハン
卵とじ	タマゴトジ
卵丼	タマゴドンブリ
卵入り	タマゴイリ
卵嚢	ランノウ
卵型	タマゴガタ
卵塊	ランカイ
卵塔	ラントウ
卵塔場	ラントウバ
卵子	ランシ
卵巣	ランソウ
卵巣がん	ランソウガン
卵巣ガン	ランソウガン
卵巣炎	ランソウエン
卵巣癌	ランソウガン
卵巣膿腫	ランソウノウシュ
卵焼き	タマゴヤキ
卵生	ランセイ
卵用	ランヨウ
卵白	ランパク
卵立て	タマゴタテ
卵管	ランカン
卵綴じ	タマゴトジ
卵肌	タマゴハダ
卵膜	ランマク
卵色	タマゴイロ
卵茸	タマゴタケ
卵豆腐	タマゴドウフ
卵酒	タマゴザケ
卵黄	ランオウ
卸し	オロシ
卸し器	オロシキ
卸し売り	オロシウリ
卸し金	オロシガネ
卸す	オロス
卸価格	オロシカカク
卸値	オロシネ
卸商	オロシショウ
卸問屋	オロシドンヤ
卸売	オロシウリ
卸売り	オロシウリ
卸売市場	オロシウリシジョウ
卸売業	オロシウリギョウ
卸売物価指数	オロシウリブッカシスウ
卸業者	オロシギョウシャ
卸相場	オロシソウバ
卸金	オロシガネ
厄よけ	ヤクヨケ
厄介	ヤッカイ
厄介者	ヤッカイモノ
厄前	ヤクマエ
厄年	ヤクドシ
厄日	ヤクビ
厄災	ヤクサイ
厄病神	ヤクビョウガミ
厄神	ヤクジン
厄落し	ヤクオトシ
厄落とし	ヤクオトシ
厄除	ヤクヨケ
厄除け	ヤクヨケ
厄難	ヤクナン
厖大	ボウダイ
厘毛	リンモウ
厚かましい	アツカマシイ
厚ぼったい	アツボッタイ
厚み	アツミ
厚め	アツメ
厚切り	アツギリ
厚労相	コウロウショウ
厚労省	コウロウショウ
厚化粧	アツゲショウ
厚司	アツシ
厚味	アツミ
厚地	アツジ
厚塗り	アツヌリ
厚子	アツシ
厚底	アツゾコ
厚志	コウシ
厚恩	コウオン
厚情	コウジョウ
厚意	コウイ
厚手	アツデ
厚揚げ	アツアゲ
厚板	アツイタ
厚様	アツヨウ
厚焼き	アツヤキ
厚生	コウセイ
厚生労働大臣	コウセイロウドウダイジン
厚生労働省	コウセイロウドウショウ
厚生年金	コウセイネンキン
厚生年金保険	コウセイネンキンホケン
厚盛り	アツモリ
厚目	アツメ
厚相	コウショウ
厚着	アツギ
厚紙	アツガミ
厚葬	コウソウ
厚薄	コウハク
厚誼	コウギ
厚遇	コウグウ
厚顔	コウガン
厚顔無恥	コウガンムチ
原っぱ	ハラッパ
原チャ	ゲンチャ
原チャリ	ゲンチャリ
原乳	ゲンニュウ
原人	ゲンジン
原付	ゲンツキ
原付き	ゲンツキ
原付バイク	ゲンツキバイク
原住民	ゲンジュウミン
原体験	ゲンタイケン
原作	ゲンサク
原作者	ゲンサクシャ
原価	ゲンカ
原像	ゲンゾウ
原典	ゲンテン
原典版	ゲンテンバン
原初	ゲンショ
原初的	ゲンショテキ
原判決	ゲンハンケツ
原則	ゲンソク
原則的	ゲンソクテキ
原動	ゲンドウ
原動力	ゲンドウリョク
原動機	ゲンドウキ
原動機付き自転車	ゲンドウキツキジテンシャ
原句	ゲンク
原名	ゲンメイ
原告	ゲンコク
原告団	ゲンコクダン
原品	ゲンピン
原器	ゲンキ
原図	ゲンズ
原型	ゲンケイ
原型師	ゲンケイシ
原基	ゲンキ
原始	ゲンシ
原始プログラム	ゲンシプログラム
原始人	ゲンシジン
原始林	ゲンシリン
原始的	ゲンシテキ
原子	ゲンシ
原子エネルギー	ゲンシエネルギー
原子価	ゲンシカ
原子力	ゲンシリョク
原子力基本法	ゲンシリョクキホンホウ
原子力潜水艦	ゲンシリョクセンスイカン
原子力発電	ゲンシリョクハツデン
原子力発電所	ゲンシリョクハツデンショ
原子核	ゲンシカク
原子炉	ゲンシロ
原子爆弾	ゲンシバクダン
原子病	ゲンシビョウ
原子砲	ゲンシホウ
原子論	ゲンシロン
原子量	ゲンシリョウ
原字	ゲンジ
原審	ゲンシン
原寸	ゲンスン
原寸大	ゲンスンダイ
原尾類	ゲンビルイ
原形	ゲンケイ
原形質	ゲンケイシツ
原意	ゲンイ
原拠	ゲンキョ
原文	ゲンブン
原料	ゲンリョウ
原曲	ゲンキョク
原書	ゲンショ
原木	ゲンボク
原末	ゲンマツ
原本	ゲンポン
原材料	ゲンザイリョウ
原案	ゲンアン
原毛	ゲンモウ
原水	ゲンスイ
原水爆	ゲンスイバク
原油	ゲンユ
原泉	ゲンセン
原注	ゲンチュウ
原液	ゲンエキ
原潜	ゲンセン
原点	ゲンテン
原爆	ゲンバク
原爆症	ゲンバクショウ
原物	ゲンブツ
原状	ゲンジョウ
原猿類	ゲンエンルイ
原理	ゲンリ
原理主義	ゲンリシュギ
原生	ゲンセイ
原生代	ゲンセイダイ
原生林	ゲンセイリン
原産	ゲンサン
原産国	ゲンサンコク
原産地	ゲンサンチ
原画	ゲンガ
原画家	ゲンガカ
原発	ゲンパツ
原発不明がん	ゲンパツフメイガン
原盤	ゲンバン
原盤権	ゲンバンケン
原石	ゲンセキ
原票	ゲンピョウ
原種	ゲンシュ
原稿	ゲンコウ
原稿料	ゲンコウリョウ
原簿	ゲンボ
原籍	ゲンセキ
原糖	ゲントウ
原糸	ゲンシ
原紙	ゲンシ
原級	ゲンキュウ
原綿	ゲンメン
原罪	ゲンザイ
原義	ゲンギ
原肥	ゲンピ
原腸	ゲンチョウ
原腸胚	ゲンチョウハイ
原色	ゲンショク
原茸	ハラタケ
原著	ゲンチョ
原薬	ゲンヤク
原虫	ゲンチュウ
原註	ゲンチュウ
原詩	ゲンシ
原語	ゲンゴ
原論	ゲンロン
原資	ゲンシ
原資産	ゲンシサン
原質	ゲンシツ
原郷	ゲンキョウ
原酒	ゲンシュ
原野	ゲンヤ
原鉱	ゲンコウ
原隊	ゲンタイ
原音	ゲンオン
原頭	ゲントウ
原題	ゲンダイ
原風景	ゲンフウケイ
厨子	ズシ
厨房	チュウボウ
厨芥	チュウカイ
厩務員	キュウムイン
厩舎	キュウシャ
厭う	イトウ
厭き	アキ
厭きる	アキル
厭き厭き	アキアキ
厭き性	アキショウ
厭く	アク
厭み	イヤミ
厭わしい	イトワシイ
厭世	エンセイ
厭世主義	エンセイシュギ
厭世家	エンセイカ
厭世観	エンセイカン
厭人	エンジン
厭味	イヤミ
厭忌	エンキ
厭悪	エンオ
厭戦	エンセン
厭魅	エンミ
厳い	イカイ
厳か	オゴソカ
厳しさ	キビシサ
厳つい	イカツイ
厳に	ゲンニ
厳めしい	イカメシイ
厳冬	ゲントウ
厳刑	ゲンケイ
厳君	ゲンクン
厳命	ゲンメイ
厳存	ゲンソン
厳守	ゲンシュ
厳容	ゲンヨウ
厳密	ゲンミツ
厳寒	ゲンカン
厳封	ゲンプウ
厳律	ゲンリツ
厳戒	ゲンカイ
厳探	ゲンタン
厳暑	ゲンショ
厳格	ゲンカク
厳正	ゲンセイ
厳然	ゲンゼン
厳父	ゲンプ
厳禁	ゲンキン
厳科	ゲンカ
厳秘	ゲンピ
厳粛	ゲンシュク
厳罰	ゲンバツ
厳罰化	ゲンバツカ
厳談	ゲンダン
厳達	ゲンタツ
厳選	ゲンセン
厳酷	ゲンコク
去なす	イナス
去りぎわ	サリギワ
去りゆく	サリユク
去り際	サリギワ
去る	サル
去勢	キョセイ
去就	キョシュウ
去月	キョゲツ
去来	キョライ
去痰	キョタン
去痰薬	キョタンヤク
参じる	サンジル
参する	サンスル
参ずる	サンズル
参らせる	マイラセル
参り	マイリ
参る	マイル
参上	サンジョウ
参与	サンヨ
参与官	サンヨカン
参事	サンジ
参事官	サンジカン
参会	サンカイ
参会者	サンカイシャ
参入	サンニュウ
参内	サンダイ
参列	サンレツ
参列者	サンレツシャ
参加	サンカ
参加人数	サンカニンズウ
参加国	サンカコク
参加料	サンカリョウ
参加者	サンカシャ
参加費	サンカヒ
参加賞	サンカショウ
参勤	サンキン
参勤交代	サンキンコウタイ
参向	サンコウ
参堂	サンドウ
参宮	サングウ
参差	シンシ
参戦	サンセン
参拝	サンパイ
参拝客	サンパイキャク
参拝者	サンパイシャ
参政	サンセイ
参政官	サンセイカン
参政権	サンセイケン
参朝	サンチョウ
参殿	サンデン
参照	サンショウ
参照先	サンショウサキ
参画	サンカク
参看	サンカン
参着	サンチャク
参禅	サンゼン
参籠	サンロウ
参考	サンコウ
参考人	サンコウニン
参考価格	サンコウカカク
参考文献	サンコウブンケン
参考書	サンコウショ
参考資料	サンコウシリョウ
参覲	サンキン
参覲交代	サンキンコウタイ
参観	サンカン
参詣	サンケイ
参詣人	サンケイニン
参謀	サンボウ
参謀長	サンボウチョウ
参議	サンギ
参議院	サンギイン
参議院議員	サンギインギイン
参議院選挙	サンギインセンキョ
参賀	サンガ
参進	サンシン
参道	サンドウ
参酌	サンシャク
参院	サンイン
参院選	サンインセン
参陣	サンジン
参集	サンシュウ
参鶏湯	サムゲタン
又々	マタマタ
又の名	マタノナ
又の日	マタノヒ
又もや	マタモヤ
又借り	マタガリ
又又	マタマタ
又姪	マタメイ
又家来	マタゲライ
又弟子	マタデシ
又従兄	マタイトコ
又従兄弟	マタイトコ
又従姉妹	マタイトコ
又聞き	マタギキ
又貸し	マタガシ
又頼み	マタダノミ
叉手網	サデアミ
叉木	マタギ
叉焼	チャーシュー
叉銃	サジュウ
及び	オヨビ
及び腰	オヨビゴシ
及ぶ	オヨブ
及ぼす	オヨボス
及第	キュウダイ
及第点	キュウダイテン
及落	キュウラク
友だち	トモダチ
友交	ユウコウ
友人	ユウジン
友人宅	ユウジンタク
友党	ユウトウ
友垣	トモガキ
友好	ユウコウ
友好国	ユウコウコク
友情	ユウジョウ
友愛	ユウアイ
友朋	ユウホウ
友禅	ユウゼン
友誼	ユウギ
友軍	ユウグン
友達	トモダチ
友邦	ユウホウ
友釣	トモヅリ
友釣り	トモヅリ
双ぶ	ナラブ
双丘	ソウキュウ
双刃	モロハ
双務	ソウム
双務契約	ソウムケイヤク
双子座	フタゴザ
双対性	ソウツイセイ
双峰	ソウホウ
双幅	ソウフク
双数	ソウスウ
双方	ソウホウ
双方向	ソウホウコウ
双曲線	ソウキョクセン
双曲面	ソウキョクメン
双書	ソウショ
双極	ソウキョク
双極子	ソウキョクシ
双樹	ソウジュ
双殻類	ソウカクルイ
双球菌	ソウキュウキン
双璧	ソウヘキ
双生	ソウセイ
双生児	ソウセイジ
双発	ソウハツ
双発機	ソウハツキ
双眸	ソウボウ
双眼	ソウガン
双眼鏡	ソウガンキョウ
双節棍	ヌンチャク
双翅類	ソウシルイ
双翼	ソウヨク
双肩	ソウケン
双胎	ソウタイ
双胴船	ソウドウセン
双臀	ソウデン
双葉	フタバ
双蹄	ソウテイ
双輪	ソウリン
双頬	ソウキョウ
双頭	ソウトウ
双魚宮	ソウギョキュウ
反すう	ハンスウ
反する	ハンスル
反っくり返る	ソックリカエル
反っ歯	ソッパ
反ばく	ハンバク
反りかえり	ソリカエリ
反りかえる	ソリカエル
反り上がる	ソリアガル
反り身	ソリミ
反り返り	ソリカエリ
反り返る	ソリカエル
反乱	ハンラン
反乱軍	ハンラングン
反体制	ハンタイセイ
反作用	ハンサヨウ
反例	ハンレイ
反俗	ハンゾク
反側	ハンソク
反党	ハントウ
反共	ハンキョウ
反切	ハンセツ
反別	タンベツ
反則	ハンソク
反則金	ハンソクキン
反動	ハンドウ
反動的	ハンドウテキ
反収	タンシュウ
反吐	ヘド
反哺	ハンポ
反問	ハンモン
反噬	ハンゼイ
反対	ハンタイ
反対派	ハンタイハ
反対色	ハンタイショク
反対語	ハンタイゴ
反対論	ハンタイロン
反射	ハンシャ
反射材	ハンシャザイ
反射炉	ハンシャロ
反射的	ハンシャテキ
反射能	ハンシャノウ
反射角	ハンシャカク
反射鏡	ハンシャキョウ
反帝	ハンテイ
反影	ハンエイ
反徒	ハント
反復	ハンプク
反復説	ハンプクセツ
反意語	ハンイゴ
反感	ハンカン
反戦	ハンセン
反戦歌	ハンセンカ
反抗	ハンコウ
反抗心	ハンコウシン
反抗期	ハンコウキ
反抗的	ハンコウテキ
反撃	ハンゲキ
反撥	ハンパツ
反攻	ハンコウ
反旗	ハンキ
反日	ハンニチ
反映	ハンエイ
反時計回り	ハントケイマワリ
反核	ハンカク
反歌	ハンカ
反歩	タンブ
反比例	ハンピレイ
反照	ハンショウ
反物	タンモノ
反物質	ハンブッシツ
反独	ハンドク
反発	ハンパツ
反発係数	ハンパツケイスウ
反発力	ハンパツリョク
反目	ハンモク
反省	ハンセイ
反省会	ハンセイカイ
反省文	ハンセイブン
反磁性	ハンジセイ
反社	ハンシャ
反社会的	ハンシャカイテキ
反社会的勢力	ハンシャカイテキセイリョク
反移民	ハンイミン
反米	ハンベイ
反粒子	ハンリュウシ
反義語	ハンギゴ
反臣	ハンシン
反芻	ハンスウ
反芻類	ハンスウルイ
反英	ハンエイ
反落	ハンラク
反覆	ハンプク
反訳	ハンヤク
反訴	ハンソ
反証	ハンショウ
反語	ハンゴ
反論	ハンロン
反跳	ハンチョウ
反軍	ハングン
反転	ハンテン
反転フィルム	ハンテンフィルム
反返る	ソリカエル
反逆	ハンギャク
反逆児	ハンギャクジ
反逆罪	ハンギャクザイ
反逆者	ハンギャクシャ
反閇	ヘンバイ
反間	ハンカン
反陽子	ハンヨウシ
反面	ハンメン
反革命	ハンカクメイ
反響	ハンキョウ
反騰	ハントウ
反骨	ハンコツ
反魂	ハンゴン
反魂草	ハンゴンソウ
反魂香	ハンゴンコウ
収まり	オサマリ
収まる	オサマル
収め	オサメ
収める	オサメル
収る	オサマル
収れん	シュウレン
収れん剤	シュウレンザイ
収入	シュウニュウ
収入印紙	シュウニュウインシ
収入役	シュウニュウヤク
収入金額	シュウニュウキンガク
収取	シュウシュ
収受	シュウジュ
収奪	シュウダツ
収容	シュウヨウ
収容所	シュウヨウジョ
収容能力	シュウヨウノウリョク
収差	シュウサ
収得	シュウトク
収拾	シュウシュウ
収攬	シュウラン
収支	シュウシ
収斂	シュウレン
収斂剤	シュウレンザイ
収束	シュウソク
収獲	シュウカク
収率	シュウリツ
収用	シュウヨウ
収益	シュウエキ
収益化	シュウエキカ
収益性	シュウエキセイ
収益率	シュウエキリツ
収益金	シュウエキキン
収監	シュウカン
収税	シュウゼイ
収穫	シュウカク
収穫期	シュウカクキ
収穫物	シュウカクブツ
収穫祭	シュウカクサイ
収納	シュウノウ
収納箱	シュウノウバコ
収縮	シュウシュク
収繭	シュウケン
収蔵	シュウゾウ
収蔵品	シュウゾウヒン
収賄	シュウワイ
収賄罪	シュウワイザイ
収載	シュウサイ
収量	シュウリョウ
収録	シュウロク
収集	シュウシュウ
収集品	シュウシュウヒン
収集家	シュウシュウカ
収音	シュウオン
叔父貴	オジキ
取っかかり	トッカカリ
取っちめる	トッチメル
取っつく	トッツク
取っておき	トッテオキ
取って置き	トッテオキ
取っとき	トットキ
取っ付き	トッツキ
取っ付く	トッツク
取っ手	トッテ
取っ払い	トッパライ
取っ捕まえる	トッツカマエル
取っ捕まる	トッツカマル
取っ掛かり	トッカカリ
取っ掛り	トッカカリ
取っ散らかる	トッチラカル
取っ組む	トックム
取らす	トラス
取りあう	トリアウ
取りあえず	トリアエズ
取りあげる	トリアゲル
取りあつかう	トリアツカウ
取りいる	トリイル
取りいれる	トリイレル
取りえ	トリエ
取りかえる	トリカエル
取りかかる	トリカカル
取りかこむ	トリカコム
取りかじ	トリカジ
取りかわす	トリカワス
取りくずす	トリクズス
取りこぼす	トリコボス
取りこみ	トリコミ
取りこむ	トリコム
取りこめる	トリコメル
取りこわす	トリコワス
取りさばく	トリサバク
取りさる	トリサル
取りしきる	トリシキル
取りすがる	トリスガル
取りそろえる	トリソロエル
取りたて	トリタテ
取りたてる	トリタテル
取りだす	トリダス
取りちがえる	トリチガエル
取りつく	トリツク
取りつくろう	トリツクロウ
取りつぐ	トリツグ
取りつける	トリツケル
取りつぶす	トリツブス
取りとめる	トリトメル
取りなおす	トリナオス
取りなし	トリナシ
取りなす	トリナス
取りのける	トリノケル
取りのぞく	トリノゾク
取りはからい	トリハカライ
取りはぐれる	トリハグレル
取りはずす	トリハズス
取りはらう	トリハラウ
取りまく	トリマク
取りまとめ	トリマトメ
取りまとめる	トリマトメル
取りもどす	トリモドス
取りやめ	トリヤメ
取りやめる	トリヤメル
取りわけ	トリワケ
取り上げ	トリアゲ
取り上げる	トリアゲル
取り下げ	トリサゲ
取り下げる	トリサゲル
取り下ろす	トリオロス
取り乱す	トリミダス
取り交わす	トリカワス
取り仕切る	トリシキル
取り付く	トリツク
取り付け	トリツケ
取り付ける	トリツケル
取り入る	トリイル
取り入れ	トリイレ
取り入れる	トリイレル
取り出す	トリダス
取り分	トリブン
取り分け	トリワケ
取り分ける	トリワケル
取り前	トリマエ
取り去る	トリサル
取り取り	トリドリ
取り口	トリクチ
取り合い	トリアイ
取り合えず	トリアエズ
取り合せる	トリアワセル
取り合わせ	トリアワセ
取り合わせる	トリアワセル
取り回し	トリマワシ
取り回す	トリマワス
取り囲む	トリカコム
取り壊し	トリコワシ
取り壊す	トリコワス
取り外し	トリハズシ
取り外す	トリハズス
取り寄せる	トリヨセル
取り崩す	トリクズス
取り巻き	トリマキ
取り巻く	トリマク
取り広げる	トリヒロゲル
取り廻し	トリマワシ
取り引き	トリヒキ
取り急ぎ	トリイソギ
取り急ぐ	トリイソグ
取り憑く	トリツク
取り成し	トリナシ
取り成す	トリナス
取り戻す	トリモドス
取り所	トリドコロ
取り手	トリテ
取り払い	トリハライ
取り扱い	トリアツカイ
取り扱い説明書	トリアツカイセツメイショ
取り抑える	トリオサエル
取り押える	トリオサエル
取り押さえる	トリオサエル
取り拉ぐ	トリヒシグ
取り持ち	トリモチ
取り持つ	トリモツ
取り捌く	トリサバク
取り捨てる	トリステル
取り掛かる	トリカカル
取り掛る	トリカカル
取り揃える	トリソロエル
取り換える	トリカエル
取り敢えず	トリアエズ
取り散らかる	トリチラカル
取り散らす	トリチラス
取り方	トリカタ
取り替え	トリカエ
取り替える	トリカエル
取り木	トリキ
取り札	トリフダ
取り柄	トリエ
取り極め	トリキメ
取り極める	トリキメル
取り次ぎ	トリツギ
取り次ぐ	トリツグ
取り残し	トリノコシ
取り残す	トリノコス
取り殺す	トリコロス
取り毀し	トリコワシ
取り毀す	トリコワス
取り決め	トリキメ
取り決める	トリキメル
取り消し	トリケシ
取り消す	トリケス
取り混ぜる	トリマゼル
取り潰し	トリツブシ
取り潰す	トリツブス
取り澄ます	トリスマス
取り留め	トリトメ
取り留める	トリトメル
取り的	トリテキ
取り皿	トリザラ
取り直し	トリナオシ
取り直す	トリナオス
取り立て	トリタテ
取り立てる	トリタテル
取り箸	トリバシ
取り籠める	トリコメル
取り粉	トリコ
取り紛れる	トリマギレル
取り組み	トリクミ
取り組む	トリクム
取り結ぶ	トリムスブ
取り継ぐ	トリツグ
取り締まり	トリシマリ
取り締まる	トリシマル
取り締り	トリシマリ
取り縋る	トリスガル
取り繕う	トリツクロウ
取り纏め	トリマトメ
取り纏める	トリマトメル
取り置き	トリオキ
取り置く	トリオク
取り舵	トリカジ
取り落とす	トリオトス
取り行なう	トリオコナウ
取り計い	トリハカライ
取り計らい	トリハカライ
取り計らう	トリハカラウ
取り説	トリセツ
取り調べ	トリシラベ
取り調べる	トリシラベル
取り込み	トリコミ
取り込む	トリコム
取り返し	トリカエシ
取り返す	トリカエス
取り逃がす	トリニガス
取り逸れる	トリハグレル
取り運ぶ	トリハコブ
取り違え	トリチガエ
取り違える	トリチガエル
取り鎮める	トリシズメル
取り除く	トリノゾク
取り集め	トリアツメ
取り集める	トリアツメル
取り離す	トリハナス
取り零す	トリコボス
取れる	トレル
取れ立て	トレタテ
取れ高	トレダカ
取上げ	トリアゲ
取上げる	トリアゲル
取下	トリサゲ
取下げ	トリサゲ
取下げる	トリサゲル
取乱す	トリミダス
取付	トリツケ
取付け	トリツケ
取付ける	トリツケル
取入る	トリイル
取入れ	トリイレ
取入れる	トリイレル
取出す	トリダス
取分け	トリワケ
取分ける	トリワケル
取去る	トリサル
取口	トリクチ
取合い	トリアイ
取合わせ	トリアワセ
取合わせる	トリアワセル
取回し	トリマワシ
取囲む	トリカコム
取壊し	トリコワシ
取壊す	トリコワス
取外し	トリハズシ
取外す	トリハズス
取寄せる	トリヨセル
取崩す	トリクズス
取巻き	トリマキ
取巻く	トリマク
取広げる	トリヒロゲル
取廻し	トリマワシ
取引	トリヒキ
取引き	トリヒキ
取引先	トリヒキサキ
取得者	シュトクシャ
取戻す	トリモドス
取払い	トリハライ
取扱	トリアツカイ
取扱い	トリアツカイ
取扱店	トリアツカイテン
取扱者	トリアツカイシャ
取扱説明書	トリアツカイセツメイショ
取抑える	トリオサエル
取押える	トリオサエル
取拉ぐ	トリヒシグ
取持ち	トリモチ
取持つ	トリモツ
取捌く	トリサバク
取捨	シュシャ
取捨てる	トリステル
取掛る	トリカカル
取揃える	トリソロエル
取敢えず	トリアエズ
取散らす	トリチラス
取替	トリカエ
取替える	トリカエル
取木	トリキ
取札	トリフダ
取材	シュザイ
取材班	シュザイハン
取材陣	シュザイジン
取柄	トリエ
取極め	トリキメ
取極める	トリキメル
取次	トリツギ
取次ぎ	トリツギ
取次ぐ	トリツグ
取残し	トリノコシ
取残す	トリノコス
取殺す	トリコロス
取毀し	トリコワシ
取毀す	トリコワス
取水	シュスイ
取水口	シュスイコウ
取決	トリキメ
取決め	トリキメ
取決める	トリキメル
取消	トリケシ
取消し	トリケシ
取消す	トリケス
取混ぜる	トリマゼル
取潰し	トリツブシ
取澄ます	トリスマス
取留め	トリトメ
取留める	トリトメル
取的	トリテキ
取皿	トリザラ
取直し	トリナオシ
取直す	トリナオス
取立て	トリタテ
取立てる	トリタテル
取籠める	トリコメル
取粉	トリコ
取紛れる	トリマギレル
取組	トリクミ
取組み	トリクミ
取組む	トリクム
取結ぶ	トリムスブ
取締	トリシマリ
取締まり	トリシマリ
取締まる	トリシマル
取締り	トリシマリ
取締る	トリシマル
取締役	トリシマリヤク
取締役会	トリシマリヤクカイ
取縋る	トリスガル
取繕う	トリツクロウ
取纏める	トリマトメル
取舵	トリカジ
取落とす	トリオトス
取計い	トリハカライ
取計らい	トリハカライ
取計らう	トリハカラウ
取説	トリセツ
取調	トリシラベ
取調べ	トリシラベ
取調べる	トリシラベル
取調官	トリシラベカン
取調室	トリシラベシツ
取込	トリコミ
取込み	トリコミ
取込む	トリコム
取返し	トリカエシ
取返す	トリカエス
取逃がす	トリニガス
取運ぶ	トリハコブ
取違え	トリチガエ
取違える	トリチガエル
取鎮める	トリシズメル
取除く	トリノゾク
取集め	トリアツメ
取集める	トリアツメル
取離す	トリハナス
取零す	トリコボス
受かる	ウカル
受け	ウケ
受けいれる	ウケイレル
受けつぐ	ウケツグ
受けつけ	ウケツケ
受けつける	ウケツケル
受けとめる	ウケトメル
受けとる	ウケトル
受けねらい	ウケネライ
受ける	ウケル
受け付	ウケツケ
受け付け	ウケツケ
受け付ける	ウケツケル
受け入れ	ウケイレ
受け入れる	ウケイレル
受け出す	ウケダス
受け取り	ウケトリ
受け取る	ウケトル
受け合い	ウケアイ
受け売り	ウケウリ
受け太刀	ウケダチ
受け容れる	ウケイレル
受け戻し	ウケモドシ
受け戻す	ウケモドス
受け手	ウケテ
受け払い	ウケハライ
受け持ち	ウケモチ
受け持つ	ウケモツ
受け木	ウケギ
受け止める	ウケトメル
受け流す	ウケナガス
受け渡し	ウケワタシ
受け渡す	ウケワタス
受け狙い	ウケネライ
受け皿	ウケザラ
受け答え	ウケコタエ
受け箱	ウケバコ
受け継ぐ	ウケツグ
受け腰	ウケゴシ
受け賜る	ウケタマワル
受け賜わる	ウケタマワル
受け身	ウケミ
受付	ウケツケ
受付け	ウケツケ
受付ける	ウケツケル
受付中	ウケツケチュウ
受付嬢	ウケツケジョウ
受付時間	ウケツケジカン
受任	ジュニン
受信	ジュシン
受信人	ジュシンニン
受信器	ジュシンキ
受信料	ジュシンリョウ
受信機	ジュシンキ
受信箱	ジュシンバコ
受信者	ジュシンシャ
受傷	ジュショウ
受像	ジュゾウ
受像機	ジュゾウキ
受光	ジュコウ
受入	ウケイレ
受入れ	ウケイレ
受入れる	ウケイレル
受刑	ジュケイ
受刑者	ジュケイシャ
受動	ジュドウ
受動喫煙	ジュドウキツエン
受動性	ジュドウセイ
受動態	ジュドウタイ
受動的	ジュドウテキ
受勲	ジュクン
受取	ウケトリ
受取り	ウケトリ
受取る	ウケトル
受取人	ウケトリニン
受合い	ウケアイ
受命	ジュメイ
受売り	ウケウリ
受容	ジュヨウ
受容れる	ウケイレル
受容体	ジュヨウタイ
受容力	ジュヨウリョク
受容器	ジュヨウキ
受忍	ジュニン
受戒	ジュカイ
受戻し	ウケモドシ
受払い	ウケハライ
受持ち	ウケモチ
受授	ジュジュ
受木	ウケギ
受検	ジュケン
受注	ジュチュウ
受注率	ジュチュウリツ
受注額	ジュチュウガク
受洗	ジュセン
受流す	ウケナガス
受渡	ウケワタシ
受渡し	ウケワタシ
受理	ジュリ
受療	ジュリョウ
受発注	ジュハッチュウ
受皿	ウケザラ
受益	ジュエキ
受益圏	ジュエキケン
受益権	ジュエキケン
受益者	ジュエキシャ
受章	ジュショウ
受粉	ジュフン
受精	ジュセイ
受精卵	ジュセイラン
受納	ジュノウ
受給	ジュキュウ
受給者	ジュキュウシャ
受肉	ジュニク
受胎	ジュタイ
受苦	ジュク
受託	ジュタク
受託者	ジュタクシャ
受診	ジュシン
受註	ジュチュウ
受話	ジュワ
受話器	ジュワキ
受諾	ジュダク
受講	ジュコウ
受講料	ジュコウリョウ
受講者	ジュコウシャ
受賞	ジュショウ
受賞者	ジュショウシャ
受贈	ジュゾウ
受身	ウケミ
受附	ウケツケ
受難	ジュナン
受難劇	ジュナンゲキ
受難曲	ジュナンキョク
受電	ジュデン
受領印	ジュリョウイン
受領書	ジュリョウショ
受領者	ジュリョウシャ
受領証	ジュリョウショウ
受験	ジュケン
受験料	ジュケンリョウ
受験生	ジュケンセイ
受験番号	ジュケンバンゴウ
受験票	ジュケンヒョウ
受験科目	ジュケンカモク
受験者	ジュケンシャ
叙す	ジョス
叙する	ジョスル
叙事	ジョジ
叙事文	ジョジブン
叙事詩	ジョジシ
叙任	ジョニン
叙位	ジョイ
叙勲	ジョクン
叙情	ジョジョウ
叙情歌	ジョジョウカ
叙情的	ジョジョウテキ
叙情詩	ジョジョウシ
叙景	ジョケイ
叙法	ジョホウ
叙爵	ジョシャク
叙説	ジョセツ
叙述	ジョジュツ
叙階	ジョカイ
叛く	ソムク
叛乱	ハンラン
叛徒	ハント
叛意	ハンイ
叛旗	ハンキ
叛服	ハンプク
叛臣	ハンシン
叛軍	ハングン
叛逆	ハンギャク
叛骨	ハンコツ
叡山菫	エイザンスミレ
叡感	エイカン
叡慮	エイリョ
叡智	エイチ
叡知	エイチ
叡覧	エイラン
叢がり	ムラガリ
叢がる	ムラガル
叢り	ムラガリ
叢書	ソウショ
叢林	ソウリン
叢氷	ソウヒョウ
叢生	ソウセイ
叢立ち	ムラダチ
口々	クチグチ
口あたり	クチアタリ
口うら	クチウラ
口うるさい	クチウルサイ
口かせ	クチカセ
口きき	クチキキ
口ぎたない	クチギタナイ
口ぐせ	クチグセ
口ごたえ	クチゴタエ
口ごもる	クチゴモル
口さがない	クチサガナイ
口さき	クチサキ
口ずから	クチズカラ
口ずさむ	クチズサム
口ぞえ	クチゾエ
口だし	クチダシ
口つき	クチツキ
口づけ	クチヅケ
口づて	クチヅテ
口どめ	クチドメ
口はばったい	クチハバッタイ
口ひげ	クチヒゲ
口ぶえ	クチブエ
口ぶり	クチブリ
口べた	クチベタ
口べらし	クチベラシ
口まね	クチマネ
口まめ	クチマメ
口もと	クチモト
口やかましい	クチヤカマシイ
口コミ	クチコミ
口マネ	クチマネ
口上	コウジョウ
口上手	クチジョウズ
口下手	クチベタ
口不調法	クチブチョウホウ
口中	コウチュウ
口争い	クチアラソイ
口付け	クチヅケ
口付ける	クチヅケル
口任せ	クチマカセ
口伝え	クチヅタエ
口伝て	クチヅテ
口供	コウキョウ
口偏	クチヘン
口元	クチモト
口先	クチサキ
口入れ	クチイレ
口入屋	クチイレヤ
口八丁	クチハッチョウ
口内	コウナイ
口内炎	コウナイエン
口写し	クチウツシ
口凌ぎ	クチシノギ
口出し	クチダシ
口切り	クチキリ
口利き	クチキキ
口前	クチマエ
口取	クチトリ
口取り	クチトリ
口口	クチグチ
口吟	コウギン
口吻	コウフン
口呼吸	クチコキュウ
口唇期	コウシンキ
口唇炎	コウシンエン
口唇裂	コウシンレツ
口喧しい	クチヤカマシイ
口器	コウキ
口固め	クチガタメ
口堅い	クチガタイ
口外	コウガイ
口実	コウジツ
口寄	クチヨセ
口寄せ	クチヨセ
口封じ	クチフウジ
口尻	クチジリ
口巧者	クチゴウシャ
口幅ったい	クチハバッタイ
口座	コウザ
口座名義人	コウザメイギニン
口座振替	コウザフリカエ
口座番号	コウザバンゴウ
口座自動振替	コウザジドウフリカエ
口当たり	クチアタリ
口径	コウケイ
口径食	コウケイショク
口応え	クチゴタエ
口慣らし	クチナラシ
口承	コウショウ
口抜き	クチヌキ
口拍子	クチビョウシ
口振り	クチブリ
口撃	コウゲキ
口早	クチバヤ
口書	クチガキ
口書き	クチガキ
口枷	クチカセ
口止め	クチドメ
口気	コウキ
口汚い	クチギタナイ
口汚し	クチヨゴシ
口汚ない	クチギタナイ
口淫	コウイン
口添え	クチゾエ
口渇	コウカツ
口減らし	クチベラシ
口演	コウエン
口火	クチビ
口煩い	クチウルサイ
口癖	クチグセ
口直し	クチナオシ
口真似	クチマネ
口碑	コウヒ
口称	クショウ
口移し	クチウツシ
口笛	クチブエ
口答	コウトウ
口答え	クチゴタエ
口籠もる	クチゴモル
口籠る	クチゴモル
口糧	コウリョウ
口約	コウヤク
口約束	クチヤクソク
口紅	クチベニ
口紐	クチヒモ
口細	クチボソ
口絵	クチエ
口縁	コウエン
口耳	コウジ
口脇	クチワキ
口腹	コウフク
口臭	コウシュウ
口蓋	コウガイ
口蓋化	コウガイカ
口蓋垂	コウガイスイ
口蓋裂	コウガイレツ
口蓋音	コウガイオン
口蓋骨	コウガイコツ
口裂	コウレツ
口裏	クチウラ
口角	コウカク
口角炎	コウカクエン
口触り	クチザワリ
口言葉	クチコトバ
口許	クチモト
口話	コウワ
口語	コウゴ
口語体	コウゴタイ
口語文	コウゴブン
口誦	コウショウ
口説き	クドキ
口説き落す	クドキオトス
口説き落とす	クドキオトス
口説く	クドク
口調	クチョウ
口論	コウロン
口走る	クチバシル
口蹄疫	コウテイエキ
口車	クチグルマ
口軽	クチガル
口辺	コウヘン
口述	コウジュツ
口述権	コウジュツケン
口速	クチバヤ
口遊む	クチズサム
口過ぎ	クチスギ
口部	コウブ
口重	クチオモ
口重い	クチオモイ
口金	クチガネ
口銭	コウセン
口開け	クチアケ
口頭	コウトウ
口馴らし	クチナラシ
口髭	クチヒゲ
口髯	クチヒゲ
口鬚	クチヒゲ
古え	イニシエ
古き	フルキ
古く	フルク
古す	フルス
古だぬき	フルダヌキ
古つわもの	フルツワモノ
古なじみ	フルナジミ
古びる	フルビル
古ぼける	フルボケル
古めかしい	フルメカシイ
古人	コジン
古仏	コブツ
古代	コダイ
古代米	コダイマイ
古代紫	コダイムラサキ
古伝	コデン
古体	コタイ
古例	コレイ
古俗	コゾク
古傷	フルキズ
古儀	コギ
古典	コテン
古典主義	コテンシュギ
古典派	コテンハ
古典的	コテンテキ
古刀	コトウ
古制	コセイ
古刹	コサツ
古参	コサン
古古米	ココマイ
古史	コシ
古名	コメイ
古器	コキ
古址	コシ
古城	コジョウ
古墨	コボク
古墳	コフン
古字	コジ
古層	コソウ
古川	フルカワ
古巣	フルス
古希	コキ
古式	コシキ
古強者	フルツワモノ
古形	コケイ
古惚ける	フルボケル
古意	コイ
古態	コタイ
古戦場	コセンジョウ
古手	フルテ
古拙	コセツ
古文学	コブンガク
古文書学	コモンジョガク
古方	コホウ
古昔	コセキ
古曲	コキョク
古書	コショ
古書展	コショテン
古書店	コショテン
古期	コキ
古本屋	フルホンヤ
古本市	フルホンイチ
古来	コライ
古株	フルカブ
古格	コカク
古楽	コガク
古武道	コブドウ
古民家	コミンカ
古池	フルイケ
古河	フルカワ
古泉	コセン
古法	コホウ
古注	コチュウ
古流	コリュウ
古渡り	コワタリ
古漬	フルヅケ
古漬け	フルヅケ
古物商	コブツショウ
古狸	フルダヌキ
古生代	コセイダイ
古生物	コセイブツ
古画	コガ
古疵	フルキズ
古着	フルギ
古祠	コシ
古称	コショウ
古稀	コキ
古筆	コヒツ
古筝	コソウ
古紙	コシ
古美術	コビジュツ
古美術品	コビジュツヒン
古義	コギ
古老	コロウ
古聖	コセイ
古色	コショク
古茶	コチャ
古血	フルチ
古訓	コクン
古記	コキ
古註	コチュウ
古詩	コシ
古語	コゴ
古説	コセツ
古謡	コヨウ
古豪	コゴウ
古賢	コケン
古跡	コセキ
古蹟	コセキ
古都	コト
古里	フルサト
古銭	コセン
古雅	コガ
古靴	フルグツ
古音	コオン
古顔	フルガオ
古風	コフウ
古馬	コバ
古馴染み	フルナジミ
句会	クカイ
句作	クサク
句例	クレイ
句切	クギリ
句切り	クギリ
句切る	クギル
句意	クイ
句法	クホウ
句点	クテン
句碑	クヒ
句義	クギ
句読	クトウ
句読法	クトウホウ
句読点	クトウテン
句集	クシュウ
句題	クダイ
叩きあう	タタキアウ
叩きあげる	タタキアゲル
叩きおとす	タタキオトス
叩きこむ	タタキコム
叩きつける	タタキツケル
叩きつぶす	タタキツブス
叩きのめす	タタキノメス
叩き上げ	タタキアゲ
叩き上げる	タタキアゲル
叩き伏せる	タタキフセル
叩き出す	タタキダス
叩き分け	タタキワケ
叩き切る	タタキキル
叩き割る	タタキワル
叩き台	タタキダイ
叩き壊す	タタキコワス
叩き売り	タタキウリ
叩き売る	タタキウル
叩き斬る	タタキキル
叩き殺す	タタキコロス
叩き消す	タタキケス
叩き潰す	タタキツブス
叩き直す	タタキナオス
叩き落す	タタキオトス
叩き起こす	タタキオコス
叩き起す	タタキオコス
叩き返す	タタキカエス
叩っ	タタッ
叩っ切る	タタッキル
叩っ斬る	タタッキル
叩打	コウダ
叩解	コウカイ
叩首	コウシュ
只々	タダタダ
只中	タダナカ
只乗り	タダノリ
只事	タダゴト
只働き	タダバタラキ
只只	タダタダ
只者	タダモノ
只飯	タダメシ
叫き散らす	ワメキチラス
叫く	ワメク
叫び	サケビ
叫び声	サケビゴエ
叫ぶ	サケブ
叫喚	キョウカン
叫声	キョウセイ
召し	メシ
召しあがる	メシアガル
召し上がる	メシアガル
召し上げる	メシアゲル
召し上る	メシアガル
召し使い	メシツカイ
召し入れる	メシイレル
召し出す	メシダス
召し取る	メシトル
召し寄せる	メシヨセル
召し抱え	メシカカエ
召し抱える	メシカカエル
召し捕る	メシトル
召し替え	メシカエ
召し物	メシモノ
召し連れる	メシツレル
召し集める	メシアツメル
召す	メス
召上がる	メシアガル
召上げる	メシアゲル
召使	メシツカイ
召使い	メシツカイ
召募	ショウボ
召命	ショウメイ
召喚	ショウカン
召天	ショウテン
召抱える	メシカカエル
召捕る	メシトル
召致	ショウチ
召還	ショウカン
召集	ショウシュウ
召集令	ショウシュウレイ
召集令状	ショウシュウレイジョウ
叮嚀	テイネイ
可き	ベキ
可く	ベク
可し	ベシ
可なり	カナリ
可住地	カジュウチ
可処分	カショブン
可動	カドウ
可動域	カドウイキ
可動堰	カドウゼキ
可動橋	カドウキョウ
可及的	カキュウテキ
可否	カヒ
可哀そう	カワイソウ
可哀想	カワイソウ
可哀相	カワイソウ
可塑	カソ
可塑剤	カソザイ
可塑性	カソセイ
可変	カヘン
可変抵抗器	カヘンテイコウキ
可変費用	カヘンヒヨウ
可変長	カヘンチョウ
可怪しい	オカシイ
可愛	カワイ
可愛らしい	カワイラシイ
可憐	カレン
可成	カナリ
可換	カカン
可搬性	カハンセイ
可撓	カトウ
可決	カケツ
可溶	カヨウ
可溶性	カヨウセイ
可溶片	カヨウヘン
可燃	カネン
可燃ごみ	カネンゴミ
可燃ゴミ	カネンゴミ
可燃塵	カネンゴミ
可燃性	カネンセイ
可燃物	カネンブツ
可用	カヨウ
可用性	カヨウセイ
可笑しい	オカシイ
可笑しな	オカシナ
可算	カサン
可約	カヤク
可聴	カチョウ
可能	カノウ
可能形	カノウケイ
可能性	カノウセイ
可視	カシ
可視光	カシコウ
可視光線	カシコウセン
可視化	カシカ
可読	カドク
可読性	カドクセイ
可逆	カギャク
可食	カショク
台なし	ダイナシ
台ばかり	ダイバカリ
台下	ダイカ
台地	ダイチ
台場	ダイバ
台子	ダイス
台尻	ダイジリ
台屋	ダイヤ
台帳	ダイチョウ
台座	ダイザ
台形	ダイケイ
台数	ダイスウ
台木	ダイギ
台本	ダイホン
台板	ダイイタ
台湾坊主	タイワンボウズ
台湾茶	タイワンチャ
台湾語	タイワンゴ
台無し	ダイナシ
台石	ダイイシ
台秤	ダイバカリ
台紙	ダイシ
台臨	タイリン
台船	ダイセン
台襟	ダイエリ
台覧	タイラン
台詞回し	セリフマワシ
台車	ダイシャ
台輪	ダイワ
台辞	ダイジ
台頭	タイトウ
台風	タイフウ
叱り	シカリ
叱りつける	シカリツケル
叱り付ける	シカリツケル
叱り飛ばす	シカリトバス
叱る	シカル
叱咜	シッタ
叱咤	シッタ
叱声	シッセイ
叱正	シッセイ
叱言	コゴト
叱責	シッセキ
史上	シジョウ
史上初	シジョウハツ
史乗	シジョウ
史伝	シデン
史劇	シゲキ
史学史	シガクシ
史官	シカン
史実	シジツ
史家	シカ
史料	シリョウ
史料館	シリョウカン
史書	シショ
史略	シリャク
史的	シテキ
史眼	シガン
史筆	シヒツ
史籍	シセキ
史観	シカン
史記	シキ
史詩	シシ
史話	シワ
史談	シダン
史論	シロン
史跡	シセキ
史蹟	シセキ
右きき	ミギキキ
右はし	ミギハシ
右ひじ	ミギヒジ
右フック	ミギフック
右上	ミギウエ
右上がり	ミギアガリ
右上り	ミギアガリ
右下	ミギシタ
右下がり	ミギサガリ
右中間	ウチュウカン
右傾	ウケイ
右傾化	ウケイカ
右党	ウトウ
右利き	ミギキキ
右向き	ミギムキ
右回り	ミギマワリ
右図	ウズ
右大臣	ウダイジン
右奥	ミギオク
右室	ウシツ
右寄せ	ミギヨセ
右寄り	ミギヨリ
右岸	ウガン
右左	ミギヒダリ
右左折	ウサセツ
右巻き	ミギマキ
右往左往	ウオウサオウ
右後ろ	ミギウシロ
右心室	ウシンシツ
右心房	ウシンボウ
右房	ウボウ
右打ち	ミギウチ
右打者	ミギダシャ
右払い	ミギハライ
右折	ウセツ
右文	ユウブン
右方	ウホウ
右旋性	ウセンセイ
右横	ミギヨコ
右派	ウハ
右目	ミギメ
右筆	ユウヒツ
右翼	ウヨク
右翼手	ウヨクシュ
右肘	ミギヒジ
右肩	ミギカタ
右脇	ミギワキ
右脚	ミギアシ
右脳	ウノウ
右舷	ウゲン
右葉	ウヨウ
右記	ウキ
右辺	ウヘン
叶える	カナエル
号する	ゴウスル
号令	ゴウレイ
号俸	ゴウホウ
号哭	ゴウコク
号外	ゴウガイ
号室	ゴウシツ
号数	ゴウスウ
号棟	ゴウトウ
号泣	ゴウキュウ
号砲	ゴウホウ
号笛	ゴウテキ
号音	ゴウオン
号館	ゴウカン
司どる	ツカサドル
司る	ツカサドル
司令	シレイ
司令塔	シレイトウ
司令官	シレイカン
司令部	シレイブ
司令長官	シレイチョウカン
司会	シカイ
司会者	シカイシャ
司寇	シコウ
司式	シシキ
司徒	シト
司教	シキョウ
司教区	シキョウク
司書	シショ
司法	シホウ
司法官	シホウカン
司法書士	シホウショシ
司法権	シホウケン
司直	シチョク
司祭	シサイ
司空	シクウ
司馬	シバ
吃り	ドモリ
吃る	ドモル
吃水	キッスイ
吃水線	キッスイセン
吃逆	シャックリ
吃音	キツオン
吃音症	キツオンショウ
各々	オノオノ
各人	カクジン
各位	カクイ
各個	カッコ
各停	カクテイ
各冊	カクサツ
各処	カクショ
各各	オノオノ
各員	カクイン
各地	カクチ
各室	カクシツ
各層	カクソウ
各州	カクシュウ
各市	カクシ
各店	カクテン
各戸	カッコ
各所	カクショ
各方面	カクホウメン
各月	カクゲツ
各条	カクジョウ
各派	カクハ
各省	カクショウ
各社	カクシャ
各種	カクシュ
各紙	カクシ
各自	カクジ
各般	カクハン
各藩	カクハン
各論	カクロン
各週	カクシュウ
各部	カクブ
各階	カクカイ
各面	カクメン
各駅	カクエキ
各駅停車	カクエキテイシャ
合い	アイ
合いかぎ	アイカギ
合いの手	アイノテ
合いびき	アイビキ
合いびき肉	アイビキニク
合い口	アイクチ
合い性	アイショウ
合い挽き	アイビキ
合い挽き肉	アイビキニク
合い方	アイカタ
合い札	アイフダ
合い符	アイフ
合い薬	アイグスリ
合い見積もり	アイミツモリ
合い言葉	アイコトバ
合い鍵	アイカギ
合い間	アイマ
合い駒	アイゴマ
合え	アエ
合える	アエル
合さる	アワサル
合する	ガッスル
合せる	アワセル
合せ技	アワセワザ
合せ持つ	アワセモツ
合せ目	アワセメ
合せ酢	アワセズ
合せ鏡	アワセカガミ
合の子	アイノコ
合の手	アイノテ
合わさる	アワサル
合わす	アワス
合わせ	アワセ
合わせる	アワセル
合わせワザ	アワセワザ
合わせ技	アワセワザ
合わせ持つ	アワセモツ
合わせ物	アワセモノ
合わせ目	アワセメ
合わせ砥	アワセド
合わせ酢	アワセズ
合わせ鏡	アワセカガミ
合わせ面	アワセメン
合コン	ゴウコン
合一	ゴウイツ
合作	ガッサク
合併	ガッペイ
合併号	ガッペイゴウ
合併症	ガッペイショウ
合切	ガッサイ
合剤	ゴウザイ
合口	アイクチ
合同	ゴウドウ
合同会社	ゴウドウガイシャ
合同庁舎	ゴウドウチョウシャ
合同式	ゴウドウシキ
合同葬	ゴウドウソウ
合名会社	ゴウメイガイシャ
合否	ゴウヒ
合唱	ガッショウ
合唱団	ガッショウダン
合唱曲	ガッショウキョク
合唱部	ガッショウブ
合営	ゴウエイ
合図	アイズ
合奏	ガッソウ
合字	ゴウジ
合宿	ガッシュク
合巻	ゴウカン
合弁	ゴウベン
合従	ガッショウ
合性	アイショウ
合意	ゴウイ
合憲	ゴウケン
合成	ゴウセイ
合成写真	ゴウセイシャシン
合成力	ゴウセイリョク
合成数	ゴウセイスウ
合成皮革	ゴウセイヒカク
合成紙	ゴウセイシ
合成語	ゴウセイゴ
合成酒	ゴウセイシュ
合挽	アイビキ
合挽き	アイビキ
合挽き肉	アイビキニク
合挽肉	アイビキニク
合掌	ガッショウ
合掌造	ガッショウヅクリ
合掌造り	ガッショウヅクリ
合方	アイカタ
合服	アイフク
合本	ガッポン
合札	アイフダ
合格	ゴウカク
合格点	ゴウカクテン
合格率	ゴウカクリツ
合格者	ゴウカクシャ
合歓の木	ネムノキ
合気	アイキ
合気道	アイキドウ
合法	ゴウホウ
合法化	ゴウホウカ
合法性	ゴウホウセイ
合法的	ゴウホウテキ
合流	ゴウリュウ
合理	ゴウリ
合理主義	ゴウリシュギ
合理化	ゴウリカ
合理性	ゴウリセイ
合理的	ゴウリテキ
合皮	ゴウヒ
合目的	ゴウモクテキ
合目的的	ゴウモクテキテキ
合祀	ゴウシ
合符	アイフ
合算	ガッサン
合綴	ガッテツ
合縁	アイエン
合縁奇縁	アイエンキエン
合繊	ゴウセン
合致	ガッチ
合衆国	ガッシュウコク
合見積	アイミツモリ
合言葉	アイコトバ
合計	ゴウケイ
合計金額	ゴウケイキンガク
合計額	ゴウケイガク
合評	ガッピョウ
合議	ゴウギ
合議制	ゴウギセイ
合議審	ゴウギシン
合資	ゴウシ
合資会社	ゴウシガイシャ
合邦	ガッポウ
合金	ゴウキン
合金鋼	ゴウキンコウ
合鍵	アイカギ
合間	アイマ
合音	ゴウオン
合駒	アイゴマ
合鴨	アイガモ
吉兆	キッチョウ
吉凶	キッキョウ
吉利支丹	キリシタン
吉報	キッポウ
吉相	キッソウ
吉草酸	キッソウサン
吉辰	キッシン
吊し	ツルシ
吊し上げ	ツルシアゲ
吊し上げる	ツルシアゲル
吊し柿	ツルシガキ
吊す	ツルス
吊りあがる	ツリアガル
吊り上がる	ツリアガル
吊り上げ	ツリアゲ
吊り上げる	ツリアゲル
吊り上る	ツリアガル
吊り下がる	ツリサガル
吊り下げる	ツリサゲル
吊り出し	ツリダシ
吊り出す	ツリダス
吊り屋根	ツリヤネ
吊り手	ツリテ
吊り書き	ツリガキ
吊り棚	ツリダナ
吊り目	ツリメ
吊り籠	ツリカゴ
吊り紐	ツリヒモ
吊り花	ツリバナ
吊り落とし	ツリオトシ
吊り鉢	ツリバチ
吊り革	ツリカワ
吊る	ツル
吊るし上げ	ツルシアゲ
吊るし上げる	ツルシアゲル
吊るし柿	ツルシガキ
吊るし雲	ツルシグモ
吊るす	ツルス
吊床	ツリドコ
吊手	ツリテ
吊書き	ツリガキ
吊環	ツリワ
吊目	ツリメ
吊鐘	ツリガネ
吊革	ツリカワ
同い年	オナイドシ
同じい	オナジイ
同じく	オナジク
同じる	ドウジル
同ずる	ドウズル
同せい	ドウセイ
同一	ドウイツ
同一労働同一賃金	ドウイツロウドウドウイツチンギン
同一性	ドウイツセイ
同上	ドウジョウ
同世代	ドウセダイ
同乗	ドウジョウ
同乗者	ドウジョウシャ
同人誌	ドウジンシ
同仁	ドウジン
同伴	ドウハン
同伴者	ドウハンシャ
同位	ドウイ
同位体	ドウイタイ
同位元素	ドウイゲンソ
同位角	ドウイカク
同体	ドウタイ
同作	ドウサク
同信	ドウシン
同値	ドウチ
同僚	ドウリョウ
同党	ドウトウ
同分母	ドウブンボ
同列	ドウレツ
同刻	ドウコク
同前	ドウゼン
同勢	ドウゼイ
同化	ドウカ
同区	ドウク
同君	ドウクン
同和	ドウワ
同国	ドウコク
同地	ドウチ
同坐	ドウザ
同報	ドウホウ
同報メール	ドウホウメール
同夜	ドウヤ
同大	ドウダイ
同好	ドウコウ
同好会	ドウコウカイ
同姓	ドウセイ
同委	ドウイ
同字	ドウジ
同学	ドウガク
同宗	ドウシュウ
同定	ドウテイ
同室	ドウシツ
同家	ドウケ
同封	ドウフウ
同局	ドウキョク
同居	ドウキョ
同居人	ドウキョニン
同居者	ドウキョシャ
同属	ドウゾク
同州	ドウシュウ
同市	ドウシ
同席	ドウセキ
同年	ドウネン
同年代	ドウネンダイ
同年輩	ドウネンパイ
同庁	ドウチョウ
同店	ドウテン
同座	ドウザ
同形	ドウケイ
同役	ドウヤク
同心	ドウシン
同心円	ドウシンエン
同志	ドウシ
同性	ドウセイ
同性婚	ドウセイコン
同性愛	ドウセイアイ
同性愛者	ドウセイアイシャ
同情	ドウジョウ
同意	ドウイ
同意書	ドウイショ
同意語	ドウイゴ
同感	ドウカン
同慶	ドウケイ
同憂	ドウユウ
同房	ドウボウ
同所	ドウショ
同所性	ドウショセイ
同数	ドウスウ
同文	ドウブン
同断	ドウダン
同族	ドウゾク
同族体	ドウゾクタイ
同日	ドウジツ
同時	ドウジ
同時性	ドウジセイ
同書	ドウショ
同月	ドウゲツ
同期	ドウキ
同期生	ドウキセイ
同村	ドウソン
同校	ドウコウ
同根	ドウコン
同格	ドウカク
同案	ドウアン
同梱	ドウコン
同棲	ドウセイ
同業	ドウギョウ
同業他社	ドウギョウタシャ
同業者	ドウギョウシャ
同様	ドウヨウ
同権	ドウケン
同機	ドウキ
同母	ドウボ
同氏	ドウシ
同気	ドウキ
同治	ドウチ
同法	ドウホウ
同派	ドウハ
同流	ドウリュウ
同源	ドウゲン
同点	ドウテン
同然	ドウゼン
同率	ドウリツ
同生	ドウセイ
同町	ドウチョウ
同異	ドウイ
同病	ドウビョウ
同盟	ドウメイ
同盟国	ドウメイコク
同省	ドウショウ
同県	ドウケン
同着	ドウチャク
同社	ドウシャ
同祖	ドウソ
同種	ドウシュ
同種同文	ドウシュドウブン
同穴	ドウケツ
同窓	ドウソウ
同窓会	ドウソウカイ
同窓生	ドウソウセイ
同筆	ドウヒツ
同等	ドウトウ
同系	ドウケイ
同紙	ドウシ
同級	ドウキュウ
同級生	ドウキュウセイ
同素体	ドウソタイ
同線	ドウセン
同罪	ドウザイ
同署	ドウショ
同義	ドウギ
同義語	ドウギゴ
同翅類	ドウシルイ
同職	ドウショク
同腹	ドウフク
同舟	ドウシュウ
同船	ドウセン
同色	ドウショク
同藩	ドウハン
同行者	ドウコウシャ
同衾	ドウキン
同視	ドウシ
同訓	ドウクン
同誌	ドウシ
同語	ドウゴ
同説	ドウセツ
同調	ドウチョウ
同調者	ドウチョウシャ
同質	ドウシツ
同車	ドウシャ
同軸	ドウジク
同輩	ドウハイ
同通	ドウツウ
同道	ドウドウ
同部屋	ドウベヤ
同郷	ドウキョウ
同量	ドウリョウ
同門	ドウモン
同音	ドウオン
同音語	ドウオンゴ
同韻	ドウイン
同額	ドウガク
同類	ドウルイ
同類項	ドウルイコウ
名うて	ナウテ
名ぜりふ	メイゼリフ
名だたる	ナダタル
名づけ	ナヅケ
名づける	ナヅケル
名のり	ナノリ
名のる	ナノル
名まえ	ナマエ
名ゼリフ	メイゼリフ
名乗り	ナノリ
名乗り出る	ナノリデル
名乗る	ナノル
名人	メイジン
名人戦	メイジンセン
名人芸	メイジンゲイ
名付け	ナヅケ
名付ける	ナヅケル
名付け親	ナヅケオヤ
名付親	ナヅケオヤ
名作	メイサク
名僧	メイソウ
名優	メイユウ
名入れ	ナイレ
名刀	メイトウ
名分	メイブン
名刹	メイサツ
名刺	メイシ
名刺判	メイシバン
名前	ナマエ
名剣	メイケン
名勝	メイショウ
名勝負	メイショウブ
名匠	メイショウ
名医	メイイ
名取	ナトリ
名取り	ナトリ
名古屋帯	ナゴヤオビ
名句	メイク
名君	メイクン
名吟	メイギン
名告り	ナノリ
名告る	ナノル
名品	メイヒン
名器	メイキ
名園	メイエン
名城	メイジョウ
名場面	メイバメン
名士	メイシ
名声	メイセイ
名妓	メイギ
名子	ナゴ
名字	ミョウジ
名宛	ナアテ
名宝	メイホウ
名実	メイジツ
名家	メイカ
名寄	ナヨセ
名寄せ	ナヨセ
名将	メイショウ
名局	メイキョク
名山	メイザン
名峰	メイホウ
名工	メイコウ
名広め	ナビロメ
名店	メイテン
名店街	メイテンガイ
名手	メイシュ
名折れ	ナオレ
名披露目	ナビロメ
名指し	ナザシ
名指す	ナザス
名探偵	メイタンテイ
名数	メイスウ
名文	メイブン
名曲	メイキョク
名月	メイゲツ
名望	メイボウ
名望家	メイボウカ
名木	メイボク
名札	ナフダ
名案	メイアン
名機	メイキ
名歌	メイカ
名残	ナゴリ
名残り	ナゴリ
名残り惜しい	ナゴリオシイ
名残り雪	ナゴリユキ
名残惜しい	ナゴリオシイ
名水	メイスイ
名流	メイリュウ
名湯	メイトウ
名演	メイエン
名演技	メイエンギ
名無し	ナナシ
名物	メイブツ
名物男	メイブツオトコ
名犬	メイケン
名状	メイジョウ
名産	メイサン
名画	メイガ
名盤	メイバン
名石	メイセキ
名称	メイショウ
名称変更	メイショウヘンコウ
名筆	メイヒツ
名答	メイトウ
名義	メイギ
名義人	メイギニン
名脇役	メイワキヤク
名舗	メイホ
名花	メイカ
名菓	メイカ
名著	メイチョ
名薬	メイヤク
名親	ナオヤ
名言	メイゲン
名言集	メイゲンシュウ
名訳	メイヤク
名詞句	メイシク
名詞法	メイシホウ
名詞節	メイシセツ
名詩	メイシ
名誉	メイヨ
名誉刑	メイヨケイ
名誉教授	メイヨキョウジュ
名誉職	メイヨショク
名誉賞	メイヨショウ
名論	メイロン
名護蘭	ナゴラン
名蹟	メイセキ
名車	メイシャ
名酒	メイシュ
名鑑	メイカン
名門	メイモン
名門校	メイモンコウ
名題	ナダイ
名馬	メイバ
名高い	ナダカイ
后妃	コウヒ
吏党	リトウ
吏員	リイン
吐かす	ヌカス
吐きすてる	ハキステル
吐きもどし	ハキモドシ
吐き下し	ハキクダシ
吐き戻し	ハキモドシ
吐き戻す	ハキモドス
吐き捨てる	ハキステル
吐き掛ける	ハキカケル
吐き散らす	ハキチラス
吐き棄てる	ハキステル
吐乳	トニュウ
吐出	トシュツ
吐剤	トザイ
吐息	トイキ
吐根	トコン
吐水	トスイ
吐瀉	トシャ
吐瀉物	トシャブツ
吐物	トブツ
吐血	トケツ
吐露	トロ
向い側	ムカイガワ
向い風	ムカイカゼ
向う側	ムコウガワ
向う岸	ムコウギシ
向う脛	ムコウズネ
向かい	ムカイ
向かいあう	ムカイアウ
向かいがわ	ムカイガワ
向かい側	ムカイガワ
向かい合せる	ムカイアワセル
向かい合わせ	ムカイアワセ
向かい合わせる	ムカイアワセル
向かい火	ムカイビ
向かい風	ムカイカゼ
向かう	ムカウ
向き	ムキ
向きあう	ムキアウ
向きなおる	ムキナオル
向き向き	ムキムキ
向き直る	ムキナオル
向く	ムク
向け	ムケ
向けなおす	ムケナオス
向ける	ムケル
向け替える	ムケカエル
向け直す	ムケナオス
向こう	ムコウ
向こうがわ	ムコウガワ
向こうずね	ムコウズネ
向こう側	ムコウガワ
向こう傷	ムコウキズ
向こう向き	ムコウムキ
向こう岸	ムコウギシ
向こう疵	ムコウキズ
向こう脛	ムコウズネ
向こう鎚	ムコウヅチ
向上	コウジョウ
向上心	コウジョウシン
向付	ムコウヅケ
向付け	ムコウヅケ
向光性	コウコウセイ
向地性	コウチセイ
向学	コウガク
向学心	コウガクシン
向寒	コウカン
向心力	コウシンリョク
向性	コウセイ
向日	コウジツ
向日葵	ヒマワリ
向暑	コウショ
向直る	ムキナオル
向米	コウベイ
君主	クンシュ
君主制	クンシュセイ
君主国	クンシュコク
君主政	クンシュセイ
君付け	クンヅケ
君側	クンソク
君命	クンメイ
君国	クンコク
君子	クンシ
君子蘭	クンシラン
君寵	クンチョウ
君恩	クンオン
君民	クンミン
君沢形	キミサワガタ
君父	クンプ
君臣	クンシン
君臨	クンリン
吝い	シワイ
吝か	ヤブサカ
吝ん坊	シワンボウ
吞みこむ	ノミコム
吞み込む	ノミコム
吞む	ノム
吞気	ノンキ
吟じる	ギンジル
吟ずる	ギンズル
吟味	ギンミ
吟味役	ギンミヤク
吟唱	ギンショウ
吟行	ギンコウ
吟詠	ギンエイ
吟誦	ギンショウ
吟遊詩人	ギンユウシジン
吟醸	ギンジョウ
吟醸酒	ギンジョウシュ
吠えたてる	ホエタテル
吠える	ホエル
吠え付く	ホエツク
吠え声	ホエゴエ
吠え立てる	ホエタテル
吠え面	ホエヅラ
吠声	ホエゴエ
吠猿	ホエザル
否定	ヒテイ
否定形	ヒテイケイ
否定文	ヒテイブン
否定的	ヒテイテキ
否応	イヤオウ
否決	ヒケツ
否認	ヒニン
否運	ヒウン
含ませる	フクマセル
含み声	フクミゴエ
含み益	フクミエキ
含み笑い	フクミワライ
含み綿	フクミワタ
含める	フクメル
含め煮	フクメニ
含味	ガンミ
含嗽剤	ガンソウザイ
含意	ガンイ
含有	ガンユウ
含有量	ガンユウリョウ
含水	ガンスイ
含油	ガンユ
含浸	ガンシン
含羞	ガンシュウ
含蓄	ガンチク
含量	ガンリョウ
吶々	トツトツ
吶吶	トツトツ
吶喊	トッカン
吸いあげる	スイアゲル
吸いかけ	スイカケ
吸いがら	スイガラ
吸いこむ	スイコム
吸いだす	スイダス
吸いつく	スイツク
吸いつける	スイツケル
吸いとる	スイトル
吸いもの	スイモノ
吸い上げ	スイアゲ
吸い上げる	スイアゲル
吸い付く	スイツク
吸い付ける	スイツケル
吸い入れる	スイイレル
吸い出す	スイダス
吸い取る	スイトル
吸い口	スイクチ
吸い呑み	スイノミ
吸い寄せる	スイヨセル
吸い掛け	スイカケ
吸い殻	スイガラ
吸い物	スイモノ
吸い込み	スイコミ
吸い込む	スイコム
吸い飲み	スイノミ
吸う	スウ
吸上げ	スイアゲ
吸付く	スイツク
吸付ける	スイツケル
吸入	キュウニュウ
吸入器	キュウニュウキ
吸収	キュウシュウ
吸収剤	キュウシュウザイ
吸取る	スイトル
吸口	スイクチ
吸呑	スイノミ
吸寄せる	スイヨセル
吸引	キュウイン
吸引力	キュウインリョク
吸殻	スイガラ
吸気	キュウキ
吸水	キュウスイ
吸水性	キュウスイセイ
吸汗	キュウカン
吸湿	キュウシツ
吸湿性	キュウシツセイ
吸煙	キュウエン
吸熱	キュウネツ
吸物	スイモノ
吸盤	キュウバン
吸着	キュウチャク
吸着剤	キュウチャクザイ
吸茎	キュウケイ
吸蔵	キュウゾウ
吸虫	キュウチュウ
吸虫類	キュウチュウルイ
吸血	キュウケツ
吸血鬼	キュウケツキ
吸込み	スイコミ
吸込む	スイコム
吸音	キュウオン
吸音材	キュウオンザイ
吸飲	キュウイン
吸飲み	スイノミ
吹かす	フカス
吹きあがる	フキアガル
吹きかける	フキカケル
吹きこぼれる	フキコボレル
吹きこむ	フキコム
吹きさらし	フキサラシ
吹きすさぶ	フキスサブ
吹きだす	フキダス
吹きだまり	フキダマリ
吹きっさらし	フキッサラシ
吹きっ晒し	フキッサラシ
吹きっ曝し	フキッサラシ
吹きつける	フキツケル
吹きとぶ	フキトブ
吹きぬける	フキヌケル
吹きやむ	フキヤム
吹きよせ	フキヨセ
吹き上がる	フキアガル
吹き上げ	フキアゲ
吹き上げる	フキアゲル
吹き上る	フキアガル
吹き下ろす	フキオロス
吹き付け	フキツケ
吹き付ける	フキツケル
吹き倒す	フキタオス
吹き出し	フキダシ
吹き出す	フキダス
吹き出る	フキデル
吹き出物	フキデモノ
吹き分ける	フキワケル
吹き募る	フキツノル
吹き回し	フキマワシ
吹き寄せ	フキヨセ
吹き寄せる	フキヨセル
吹き戻し	フキモドシ
吹き抜き	フキヌキ
吹き抜け	フキヌケ
吹き抜ける	フキヌケル
吹き掛ける	フキカケル
吹き散らす	フキチラス
吹き晒し	フキサラシ
吹き曝し	フキサラシ
吹き替え	フキカエ
吹き替える	フキカエル
吹き替え版	フキカエバン
吹き止む	フキヤム
吹き流し	フキナガシ
吹き流す	フキナガス
吹き消す	フキケス
吹き溜まり	フキダマリ
吹き溜り	フキダマリ
吹き着ける	フキツケル
吹き矢	フキヤ
吹き荒ぶ	フキスサブ
吹き荒む	フキスサム
吹き荒れる	フキアレル
吹き落とす	フキオトス
吹き込み	フキコミ
吹き込む	フキコム
吹き返す	フキカエス
吹き送る	フキオクル
吹き通す	フキトオス
吹き零れる	フキコボレル
吹き飛ばす	フキトバス
吹き飛ぶ	フキトブ
吹き鳴らす	フキナラス
吹く	フク
吹っ	フッ
吹っかける	フッカケル
吹っきれる	フッキレル
吹っとぶ	フットブ
吹っ切る	フッキル
吹っ切れる	フッキレル
吹っ掛ける	フッカケル
吹っ飛ばす	フットバス
吹っ飛ぶ	フットブ
吹上げ	フキアゲ
吹付ける	フキツケル
吹出し	フキダシ
吹出す	フキダス
吹出る	フキデル
吹出物	フキデモノ
吹奏	スイソウ
吹奏楽	スイソウガク
吹寄せ	フキヨセ
吹抜き	フキヌキ
吹抜け	フキヌケ
吹抜ける	フキヌケル
吹挙	スイキョ
吹掛ける	フキカケル
吹替	フキカエ
吹替え	フキカエ
吹替え版	フキカエバン
吹替版	フキカエバン
吹流し	フキナガシ
吹矢	フキヤ
吹管	スイカン
吹聴	フイチョウ
吹込み	フキコミ
吹込む	フキコム
吹部	スイブ
吹降り	フキブリ
吹雪	フブキ
吹雪く	フブク
吹飛ばす	フキトバス
吹鳴	スイメイ
吻合	フンゴウ
吼えたてる	ホエタテル
吼える	ホエル
吾々	ワレワレ
吾が	ワガ
吾が輩	ワガハイ
吾亦紅	ワレモコウ
吾人	ゴジン
吾妹子	ワギモコ
吾木香	ワレモコウ
吾輩	ワガハイ
呂旋	リョセン
呂旋法	リョセンポウ
呆れかえる	アキレカエル
呆れる	アキレル
呆れ返る	アキレカエル
呆れ顔	アキレガオ
呆んやり	ボンヤリ
呆気	アッケ
呆気ない	アッケナイ
呈す	テイス
呈する	テイスル
呈出	テイシュツ
呈示	テイジ
呈茶	テイチャ
呉れる	クレル
呉れ手	クレテ
呉服	ゴフク
呉服商	ゴフクショウ
呉服屋	ゴフクヤ
呉汁	ゴジル
呉竹	クレタケ
呉越	ゴエツ
呉越同舟	ゴエツドウシュウ
呉音	ゴオン
呉須	ゴス
告ぐ	ツグ
告げる	ツゲル
告げ口	ツゲグチ
告る	コクル
告別	コクベツ
告別式	コクベツシキ
告発	コクハツ
告白	コクハク
告知	コクチ
告示	コクジ
告解	コッカイ
告訴	コクソ
告諭	コクユ
告辞	コクジ
呑み	ノミ
呑みこみ	ノミコミ
呑みこむ	ノミコム
呑み屋	ノミヤ
呑み込み	ノミコミ
呑み込む	ノミコム
呑む	ノム
呑んべえ	ノンベエ
呑ん兵衛	ノンベエ
呑兵衛	ノンベエ
呑吐	ドント
呑気	ノンキ
呑舟	ドンシュウ
呑込み	ノミコミ
呑込む	ノミコム
呑酸	ドンサン
呟き	ツブヤキ
呟き声	ツブヤキゴエ
呟く	ツブヤク
周り	マワリ
周る	マワル
周到	シュウトウ
周回	シュウカイ
周囲	シュウイ
周圏	シュウケン
周壁	シュウヘキ
周天	シュウテン
周密	シュウミツ
周年	シュウネン
周忌	シュウキ
周旋	シュウセン
周旋料	シュウセンリョウ
周期	シュウキ
周期律	シュウキリツ
周期的	シュウキテキ
周期表	シュウキヒョウ
周波	シュウハ
周波数	シュウハスウ
周波数変調	シュウハスウヘンチョウ
周波計	シュウハケイ
周産期	シュウサンキ
周知	シュウチ
周章	シュウショウ
周章てる	アワテル
周縁	シュウエン
周航	シュウコウ
周辺	シュウヘン
周辺国	シュウヘンコク
周遊	シュウユウ
周遊券	シュウユウケン
周長	シュウチョウ
呪い殺す	ノロイコロス
呪わしい	ノロワシイ
呪具	ジュグ
呪力	ジュリョク
呪咀	ジュソ
呪文	ジュモン
呪法	ジュホウ
呪物	ジュブツ
呪的	ジュテキ
呪禁	ジュゴン
呪符	ジュフ
呪縛	ジュバク
呪術	ジュジュツ
呪術医	ジュジュツイ
呪術師	ジュジュツシ
呱々	ココ
味つけ	アジツケ
味わい	アジワイ
味わい知る	アジワイシル
味わう	アジワウ
味付け	アジツケ
味利き	アジキキ
味到	ミトウ
味噌	ミソ
味噌汁	ミソシル
味噌煮	ミソニ
味噌煮込みうどん	ミソニコミウドン
味噌豆	ミソマメ
味噌麹	ミソコウジ
味塩	アジシオ
味得	ミトク
味方	ミカタ
味玉	アジタマ
味盲	ミモウ
味聞き	アジキキ
味蕾	ミライ
味見	アジミ
味覚	ミカク
味読	ミドク
味醂	ミリン
味音痴	アジオンチ
呵々	カカ
呵り	シカリ
呵る	シカル
呵呵	カカ
呵責	カシャク
呶鳴る	ドナル
呷る	アオル
呻き	ウメキ
呻き声	ウメキゴエ
呻く	ウメク
呻り	ウナリ
呻る	ウナル
呻吟	シンギン
呼ばい	ヨバイ
呼ばわり	ヨバワリ
呼ばわる	ヨバワル
呼び	ヨビ
呼びかけ	ヨビカケ
呼びかける	ヨビカケル
呼びこむ	ヨビコム
呼びさます	ヨビサマス
呼びすて	ヨビステ
呼びたてる	ヨビタテル
呼びだす	ヨビダス
呼びつけ	ヨビツケ
呼びつける	ヨビツケル
呼びとめる	ヨビトメル
呼びならわす	ヨビナラワス
呼びもどす	ヨビモドス
呼びもの	ヨビモノ
呼びよせる	ヨビヨセル
呼びりん	ヨビリン
呼び上げる	ヨビアゲル
呼び交わす	ヨビカワス
呼び付け	ヨビツケ
呼び付ける	ヨビツケル
呼び値	ヨビネ
呼び入れる	ヨビイレル
呼び出し	ヨビダシ
呼び出し状	ヨビダシジョウ
呼び出す	ヨビダス
呼び名	ヨビナ
呼び回る	ヨビマワル
呼び塩	ヨビジオ
呼び声	ヨビゴエ
呼び売り	ヨビウリ
呼び子	ヨビコ
呼び寄せる	ヨビヨセル
呼び屋	ヨビヤ
呼び戻し	ヨビモドシ
呼び戻す	ヨビモドス
呼び捨て	ヨビステ
呼び掛け	ヨビカケ
呼び掛ける	ヨビカケル
呼び方	ヨビカタ
呼び止める	ヨビトメル
呼び水	ヨビミズ
呼び物	ヨビモノ
呼び立てる	ヨビタテル
呼び笛	ヨビブエ
呼び習わす	ヨビナラワス
呼び覚ます	ヨビサマス
呼び起こす	ヨビオコス
呼び起す	ヨビオコス
呼び込み	ヨビコミ
呼び込む	ヨビコム
呼び迎える	ヨビムカエル
呼び返す	ヨビカエス
呼び鈴	ヨビリン
呼び集める	ヨビアツメル
呼ぶ	ヨブ
呼ぶ子	ヨブコ
呼付け	ヨビツケ
呼付ける	ヨビツケル
呼入れる	ヨビイレル
呼出	ヨビダシ
呼出し	ヨビダシ
呼出し状	ヨビダシジョウ
呼出す	ヨビダス
呼出状	ヨビダシジョウ
呼号	コゴウ
呼名	ヨビナ
呼吸	コキュウ
呼吸器	コキュウキ
呼吸器系	コキュウキケイ
呼吸困難	コキュウコンナン
呼吸法	コキュウホウ
呼吸音	コキュウオン
呼寄せる	ヨビヨセル
呼応	コオウ
呼戻し	ヨビモドシ
呼戻す	ヨビモドス
呼捨て	ヨビステ
呼止める	ヨビトメル
呼気	コキ
呼称	コショウ
呼起こす	ヨビオコス
呼起す	ヨビオコス
呼込み	ヨビコミ
呼込む	ヨビコム
呼鈴	ヨビリン
呼集	コシュウ
命がけ	イノチガケ
命ごい	イノチゴイ
命じる	メイジル
命ずる	メイズル
命とり	イノチトリ
命中	メイチュウ
命乞	イノチゴイ
命乞い	イノチゴイ
命令	メイレイ
命令形	メイレイケイ
命取り	イノチトリ
命名	メイメイ
命名権	メイメイケン
命婦	ミョウブ
命懸け	イノチガケ
命拾い	イノチビロイ
命掛け	イノチガケ
命数	メイスウ
命数法	メイスウホウ
命日	メイニチ
命綱	イノチヅナ
命脈	メイミャク
命運	メイウン
命題	メイダイ
咀嚼	ソシャク
咀嚼力	ソシャクリョク
咄嗟	トッサ
咄家	ハナシカ
咄本	ハナシボン
咆える	ホエル
咆号	ホウゴウ
咆吼	ホウコウ
咆哮	ホウコウ
和え	アエ
和える	アエル
和え物	アエモノ
和がらし	ワガラシ
和ぎ	ナギ
和ぐ	ナグ
和する	ワスル
和とじ	ワトジ
和み	ナゴミ
和む	ナゴム
和める	ナゴメル
和らぎ	ヤワラギ
和らぐ	ヤワラグ
和らげる	ヤワラゲル
和三盆	ワサンボン
和了り	アガリ
和了る	アガル
和事	ワゴト
和人地	ワジンチ
和仏	ワフツ
和協	ワキョウ
和合	ワゴウ
和国	ワコク
和妻	ワヅマ
和姦	ワカン
和子	ワコ
和字	ワジ
和室	ワシツ
和寇	ワコウ
和布	ワカメ
和平	ワヘイ
和式	ワシキ
和戦	ワセン
和文	ワブン
和暦	ワレキ
和書	ワショ
和服	ワフク
和本	ワホン
和林檎	ワリンゴ
和柄	ワガラ
和楽器	ワガッキ
和様	ワヨウ
和歌	ワカ
和毛	ニコゲ
和洋	ワヨウ
和漢	ワカン
和漢洋	ワカンヨウ
和漢薬	ワカンヤク
和煦	ワク
和牛	ワギュウ
和犬	ワケン
和独	ワドク
和猫	ワネコ
和琴	ワゴン
和産	ワサン
和睦	ワボク
和種	ワシュ
和算	ワサン
和約	ワヤク
和綴じ	ワトジ
和習	ワシュウ
和臭	ワシュウ
和船	ワセン
和芥子	ワガラシ
和英	ワエイ
和菓子	ワガシ
和薬	ワヤク
和蝋燭	ワロウソク
和裁	ワサイ
和装	ワソウ
和製	ワセイ
和親	ワシン
和解案	ワカイアン
和解金	ワカイキン
和訓	ワクン
和訳	ワヤク
和語	ワゴ
和諧	ワカイ
和議	ワギ
和讃	ワサン
和辛子	ワガラシ
和金	ワキン
和鋏	ワバサミ
和集合	ワシュウゴウ
和音	ワオン
和風	ワフウ
和食	ワショク
和食店	ワショクテン
咎め	トガメ
咎めだて	トガメダテ
咎める	トガメル
咎め立て	トガメダテ
咎人	トガニン
咥える	クワエル
咥え込む	クワエコム
咨る	ハカル
咫尺	シセキ
咬ます	カマス
咬みつく	カミツク
咬む	カム
咬傷	コウショウ
咬創	コウソウ
咬合	コウゴウ
咬筋	コウキン
咬耗	コウモウ
咬耗症	コウモウショウ
咬頭	コウトウ
咲きこぼれる	サキコボレル
咲きそめる	サキソメル
咲きそろう	サキソロウ
咲きほこる	サキホコル
咲き乱れる	サキミダレル
咲き分け	サキワケ
咲き初める	サキソメル
咲き匂う	サキニオウ
咲き揃う	サキソロウ
咲き残る	サキノコル
咲き誇る	サキホコル
咲乱れる	サキミダレル
咲分け	サキワケ
咳きこむ	セキコム
咳き上げる	セキアゲル
咳き込む	セキコム
咳こむ	セキコム
咳ばらい	セキバライ
咳嗽	ガイソウ
咳払い	セキバライ
咳止め	セキドメ
咳込む	セキコム
咽せる	ムセル
咽せ返る	ムセカエル
咽び泣き	ムセビナキ
咽び泣く	ムセビナク
咽ぶ	ムセブ
咽る	ムセル
咽頭	イントウ
咽頭がん	イントウガン
咽頭ガン	イントウガン
咽頭炎	イントウエン
咽頭痛	イントウツウ
咽頭癌	イントウガン
哀しい	カナシイ
哀しみ	カナシミ
哀しむ	カナシム
哀れみ	アワレミ
哀れむ	アワレム
哀傷	アイショウ
哀切	アイセツ
哀史	アイシ
哀号	アイゴウ
哀哭	アイコク
哀思	アイシ
哀悼	アイトウ
哀情	アイジョウ
哀惜	アイセキ
哀愁	アイシュウ
哀感	アイカン
哀憐	アイレン
哀楽	アイラク
哀歌	アイカ
哀歓	アイカン
哀絶	アイゼツ
哀訴	アイソ
哀詩	アイシ
哀話	アイワ
哀調	アイチョウ
哀韻	アイイン
哀願	アイガン
品々	シナジナ
品ぞろえ	シナゾロエ
品もの	シナモノ
品不足	シナブソク
品位	ヒンイ
品出し	シナダシ
品分け	シナワケ
品切れ	シナギレ
品名	ヒンメイ
品品	シナジナ
品定め	シナサダメ
品性	ヒンセイ
品揃え	シナゾロエ
品数	シナカズ
品書	シナガキ
品書き	シナガキ
品枯れ	シナガレ
品柄	シナガラ
品格	ヒンカク
品玉	シナダマ
品種	ヒンシュ
品等	ヒントウ
品薄	シナウス
品行	ヒンコウ
品評	ヒンピョウ
品評会	ヒンピョウカイ
品詞	ヒンシ
品質	ヒンシツ
品質保証	ヒンシツホショウ
哄笑	コウショウ
員外	インガイ
哥沢	ウタザワ
哨兵	ショウヘイ
哨戒	ショウカイ
哨所	ショウショ
哨舎	ショウシャ
哭き叫ぶ	ナキサケブ
哭く	ナク
哮り立つ	タケリタツ
哮る	タケル
哲人	テツジン
哲学史	テツガクシ
哲学的	テツガクテキ
哲学者	テツガクシャ
哲理	テツリ
哺乳	ホニュウ
哺乳瓶	ホニュウビン
哺乳類	ホニュウルイ
哺育	ホイク
唆かす	ソソノカス
唆し	ソソノカシ
唆す	ソソノカス
唆る	ソソル
唇弁	シンベン
唇形	シンケイ
唇歯	シンシ
唇歯音	シンシオン
唇音	シンオン
唇音化	シンオンカ
唇頭	シントウ
唎酒	キキザケ
唐丸	トウマル
唐代	トウダイ
唐土船	モロコシブネ
唐変木	トウヘンボク
唐天竺	カラテンジク
唐宋音	トウソウオン
唐尺	トウシャク
唐心	カラゴコロ
唐揚	カラアゲ
唐揚げ	カラアゲ
唐本	トウホン
唐松	カラマツ
唐楓	トウカエデ
唐楽	トウガク
唐様	カラヨウ
唐檜	トウヒ
唐歌	カラウタ
唐猫	カラネコ
唐破風	カラハフ
唐突	トウトツ
唐箕	トウミ
唐糸	カライト
唐絵	カラエ
唐綿	トウワタ
唐縮緬	トウチリメン
唐織	カラオリ
唐織り	カラオリ
唐芥子	トウガラシ
唐茄子	トウナス
唐草	カラクサ
唐菜	トウナ
唐詩	トウシ
唐金	カラカネ
唐鋤	カラスキ
唐錦	カラニシキ
唐門	カラモン
唖然	アゼン
唖者	アシャ
唖鈴	アレイ
唯事	タダゴト
唯今	タダイマ
唯名論	ユイメイロン
唯唯諾諾	イイダクダク
唯心	ユイシン
唯心論	ユイシンロン
唯物	ユイブツ
唯物主義	ユイブツシュギ
唯物論	ユイブツロン
唯識	ユイシキ
唱える	トナエル
唱名	ショウミョウ
唱和	ショウワ
唱導	ショウドウ
唱法	ショウホウ
唱道	ショウドウ
唱題	ショウダイ
唸り	ウナリ
唸り声	ウナリゴエ
唸る	ウナル
唸声	ウナリゴエ
唾壺	ダコ
唾棄	ダキ
唾液	ダエキ
唾液腺	ダエキセン
唾腺	ダセン
啀み合い	イガミアイ
啄む	ツイバム
商い	アキナイ
商い屋	アキナイヤ
商い物	アキナイモノ
商事	ショウジ
商会	ショウカイ
商利	ショウリ
商務	ショウム
商取引	ショウトリヒキ
商号	ショウゴウ
商品	ショウヒン
商品券	ショウヒンケン
商品力	ショウヒンリョク
商品化	ショウヒンカ
商品学	ショウヒンガク
商圏	ショウケン
商域	ショウイキ
商売	ショウバイ
商売人	ショウバイニン
商売仇	ショウバイガタキ
商売敵	ショウバイガタキ
商売柄	ショウバイガラ
商売気	ショウバイギ
商売道具	ショウバイドウグ
商大	ショウダイ
商学部	ショウガクブ
商家	ショウカ
商工	ショウコウ
商工会	ショウコウカイ
商工業	ショウコウギョウ
商店	ショウテン
商店街	ショウテンガイ
商慣習	ショウカンシュウ
商戦	ショウセン
商才	ショウサイ
商材	ショウザイ
商業	ショウギョウ
商業史	ショウギョウシ
商業地	ショウギョウチ
商業地域	ショウギョウチイキ
商業学	ショウギョウガク
商業界	ショウギョウカイ
商業都市	ショウギョウトシ
商標	ショウヒョウ
商標権	ショウヒョウケン
商標法	ショウヒョウホウ
商権	ショウケン
商機	ショウキ
商況	ショウキョウ
商法	ショウホウ
商流	ショウリュウ
商港	ショウコウ
商状	ショウジョウ
商用	ショウヨウ
商用文	ショウヨウブン
商用車	ショウヨウシャ
商略	ショウリャク
商相	ショウショウ
商社	ショウシャ
商社マン	ショウシャマン
商科	ショウカ
商習慣	ショウシュウカン
商船	ショウセン
商行為	ショウコウイ
商談	ショウダン
商議	ショウギ
商連	ショウレン
商運	ショウウン
商量	ショウリョウ
商館	ショウカン
商魂	ショウコン
問い	トイ
問いかけ	トイカケ
問いかける	トイカケル
問いただす	トイタダス
問いつめる	トイツメル
問いなおす	トイナオス
問い合せ	トイアワセ
問い合せる	トイアワセル
問い合わす	トイアワス
問い合わせ	トイアワセ
問い合わせる	トイアワセル
問い合わせ先	トイアワセサキ
問い合わせ番号	トイアワセバンゴウ
問い掛け	トイカケ
問い掛ける	トイカケル
問い正す	トイタダス
問い直す	トイナオス
問い詰める	トイツメル
問い質す	トイタダス
問い返す	トイカエス
問う	トウ
問合	トイアワセ
問合せ	トイアワセ
問合せ先	トイアワセサキ
問合わせ	トイアワセ
問答	モンドウ
問答法	モンドウホウ
問罪	モンザイ
問診	モンシン
問診票	モンシンヒョウ
問責	モンセキ
問題	モンダイ
問題作	モンダイサク
問題児	モンダイジ
問題劇	モンダイゲキ
問題化	モンダイカ
問題商法	モンダイショウホウ
問題外	モンダイガイ
問題点	モンダイテン
問題視	モンダイシ
問題解決	モンダイカイケツ
問題解決能力	モンダイカイケツノウリョク
問題集	モンダイシュウ
啐啄	ソッタク
啓く	ヒラク
啓もう	ケイモウ
啓上	ケイジョウ
啓典	ケイテン
啓発	ケイハツ
啓示	ケイジ
啓蒙	ケイモウ
啓蒙活動	ケイモウカツドウ
啓蒙的	ケイモウテキ
啓蟄	ケイチツ
啓迪	ケイテキ
啖呵	タンカ
啜り上げる	ススリアゲル
啜り泣き	ススリナキ
啜り泣く	ススリナク
啜り込む	ススリコム
啜る	ススル
啞然	アゼン
啼き声	ナキゴエ
啼く	ナク
啼泣	テイキュウ
啼鳥	テイチョウ
喀出	カクシュツ
喀痰	カクタン
喀血	カッケツ
喃々	ナンナン
喃喃	ナンナン
喃語	ナンゴ
善う	ヨウ
善かろう	ヨカロウ
善がり声	ヨガリゴエ
善がる	ヨガル
善く	ヨク
善さ	ヨサ
善事	ゼンジ
善人	ゼンニン
善処	ゼンショ
善因	ゼンイン
善因善果	ゼンインゼンカ
善女	ゼンニョ
善導	ゼンドウ
善後	ゼンゴ
善後策	ゼンゴサク
善心	ゼンシン
善性	ゼンセイ
善悪	ゼンアク
善意	ゼンイ
善感	ゼンカン
善戦	ゼンセン
善政	ゼンセイ
善書	ゼンショ
善果	ゼンカ
善根	ゼンコン
善業	ゼンゴウ
善玉	ゼンダマ
善玉菌	ゼンダマキン
善用	ゼンヨウ
善男	ゼンナン
善管	ゼンカン
善美	ゼンビ
善良	ゼンリョウ
善行	ゼンコウ
善逝	ゼンゼイ
善隣	ゼンリン
喇叭	ラッパ
喇嘛	ラマ
喉くび	ノドクビ
喉ごし	ノドゴシ
喉ちんこ	ノドチンコ
喉もと	ノドモト
喉仏	ノドボトケ
喉元	ノドモト
喉笛	ノドブエ
喉許	ノドモト
喉越し	ノドゴシ
喉輪	ノドワ
喉頭	コウトウ
喉頭がん	コウトウガン
喉頭ガン	コウトウガン
喉頭癌	コウトウガン
喉頭鏡	コウトウキョウ
喉頸	ノドクビ
喉風邪	ノドカゼ
喉飴	ノドアメ
喉首	ノドクビ
喉黒	ノドグロ
喊声	カンセイ
喋々	チョウチョウ
喋くり	シャベクリ
喋くる	シャベクル
喋り	シャベリ
喋りあう	シャベリアウ
喋る	シャベル
喋喋	チョウチョウ
喘ぎ	アエギ
喘ぎ喘ぎ	アエギアエギ
喘ぎ声	アエギゴエ
喘ぐ	アエグ
喘鳴	ゼンメイ
喚きたてる	ワメキタテル
喚きちらす	ワメキチラス
喚き声	ワメキゴエ
喚き散らす	ワメキチラス
喚き立てる	ワメキタテル
喚び起こす	ヨビオコス
喚び起す	ヨビオコス
喚ぶ	ヨブ
喚呼	カンコ
喚問	カンモン
喚声	カンセイ
喚起	カンキ
喜々	キキ
喜の字	キノジ
喜ばしい	ヨロコバシイ
喜ばす	ヨロコバス
喜び	ヨロコビ
喜びいさむ	ヨロコビイサム
喜び勇む	ヨロコビイサム
喜ぶ	ヨロコブ
喜劇	キゲキ
喜劇的	キゲキテキ
喜喜	キキ
喜寿	キジュ
喜怒	キド
喜怒哀楽	キドアイラク
喜悦	キエツ
喜捨	キシャ
喜歌劇	キカゲキ
喜色	キショク
喝さい	カッサイ
喝上げ	カツアゲ
喝破	カッパ
喝采	カッサイ
喟然	キゼン
喧々	ケンケン
喧し屋	ヤカマシヤ
喧伝	ケンデン
喧喧	ケンケン
喧嘩腰	ケンカゴシ
喧噪	ケンソウ
喧騒	ケンソウ
喨々	リョウリョウ
喨喨	リョウリョウ
喩え	タトエ
喩える	タトエル
喪中	モチュウ
喪主	モシュ
喪具	ソウグ
喪失	ソウシツ
喪失感	ソウシツカン
喪家	ソウカ
喪心	ソウシン
喪服	モフク
喪礼	ソウレイ
喪神	ソウシン
喪章	モショウ
喫う	スウ
喫す	キッス
喫する	キッスル
喫む	ノム
喫水	キッスイ
喫水線	キッスイセン
喫煙	キツエン
喫煙室	キツエンシツ
喫煙席	キツエンセキ
喫煙者	キツエンシャ
喫緊	キッキン
喫食	キッショク
喬木	キョウボク
喰いさがる	クイサガル
喰いしばる	クイシバル
喰いつく	クイツク
喰いとめる	クイトメル
喰いもの	クイモノ
喰い下がる	クイサガル
喰い付く	クイツク
喰い止める	クイトメル
喰い物	クイモノ
喰い締める	クイシメル
喰べる	タベル
喰む	ハム
喰らいつく	クライツク
喰らい付く	クライツク
喰らう	クラウ
営々	エイエイ
営み	イトナミ
営む	イトナム
営倉	エイソウ
営利	エイリ
営力	エイリョク
営営	エイエイ
営団	エイダン
営巣	エイソウ
営庭	エイテイ
営所	エイショ
営林	エイリン
営林局	エイリンキョク
営林署	エイリンショ
営業	エイギョウ
営業キロ	エイギョウキロ
営業マン	エイギョウマン
営業中	エイギョウチュウ
営業力	エイギョウリョク
営業員	エイギョウイン
営業所	エイギョウショ
営業日	エイギョウビ
営業活動	エイギョウカツドウ
営業税	エイギョウゼイ
営業者	エイギョウシャ
営業費	エイギョウヒ
営業車	エイギョウシャ
営業部	エイギョウブ
営為	エイイ
営繕	エイゼン
営舎	エイシャ
営農	エイノウ
営造	エイゾウ
営造物	エイゾウブツ
営養	エイヨウ
嗄びる	カラビル
嗄らす	カラス
嗅ぎたばこ	カギタバコ
嗅ぎつける	カギツケル
嗅ぎわける	カギワケル
嗅ぎタバコ	カギタバコ
嗅ぎ付ける	カギツケル
嗅ぎ出す	カギダス
嗅ぎ分ける	カギワケル
嗅ぎ取る	カギトル
嗅ぎ回る	カギマワル
嗅ぎ廻る	カギマワル
嗅ぎ当てる	カギアテル
嗅ぎ煙草	カギタバコ
嗅ぎ薬	カギグスリ
嗅ぐ	カグ
嗅煙草	カギタバコ
嗅球	キュウキュウ
嗅神経	キュウシンケイ
嗅細胞	キュウサイボウ
嗅覚	キュウカク
嗚咽	オエツ
嗜み	タシナミ
嗜める	タシナメル
嗜好	シコウ
嗜好品	シコウヒン
嗜癖	シヘキ
嗜眠	シミン
嗜虐	シギャク
嗟嘆	サタン
嗟歎	サタン
嗣ぐ	ツグ
嗣子	シシ
嗣業	シギョウ
嗤い	ワライ
嗤える	ワラエル
嗤笑	シショウ
嗽薬	ウガイグスリ
嗾ける	ケシカケル
嘆かわしい	ナゲカワシイ
嘆き	ナゲキ
嘆き悲しむ	ナゲキカナシム
嘆き暮らす	ナゲキクラス
嘆く	ナゲク
嘆じる	タンジル
嘆ずる	タンズル
嘆声	タンセイ
嘆息	タンソク
嘆称	タンショウ
嘆美	タンビ
嘆賞	タンショウ
嘆願	タンガン
嘆願書	タンガンショ
嘉例	カレイ
嘉日	カジツ
嘉納	カノウ
嘉肴	カコウ
嘉言	カゲン
嘉賞	カショウ
嘉辰	カシン
嘔気	オウキ
嘖々	サクサク
嘖む	サイナム
嘖嘖	サクサク
嘗め	ナメ
嘗めまわす	ナメマワス
嘗める	ナメル
嘗め上げる	ナメアゲル
嘗め取る	ナメトル
嘗め回す	ナメマワス
嘘いつわり	ウソイツワリ
嘘っぱち	ウソッパチ
嘘っ八	ウソッパチ
嘘つき	ウソツキ
嘘偽り	ウソイツワリ
嘘八百	ウソハッピャク
嘘吐き	ウソツキ
嘘字	ウソジ
嘘泣き	ウソナキ
嘯く	ウソブク
嘱する	ショクスル
嘱望	ショクボウ
嘱目	ショクモク
嘱託	ショクタク
嘱託医	ショクタクイ
嘱託社員	ショクタクシャイン
嘲けり	アザケリ
嘲ける	アザケル
嘲り	アザケリ
嘲る	アザケル
嘲弄	チョウロウ
嘲笑	チョウショウ
嘲罵	チョウバ
嘴管	シカン
嘶き	イナナキ
嘶く	イナナク
嘸かし	サゾカシ
噂話	ウワサバナシ
噎せる	ムセル
噎せ返る	ムセカエル
噎び泣き	ムセビナキ
噎び泣く	ムセビナク
噎ぶ	ムセブ
噛ます	カマス
噛ませ犬	カマセイヌ
噛みあう	カミアウ
噛みあわせ	カミアワセ
噛みくだく	カミクダク
噛みころす	カミコロス
噛みしだく	カミシダク
噛みしめる	カミシメル
噛みちぎる	カミチギル
噛みつく	カミツク
噛みタバコ	カミタバコ
噛み付く	カミツク
噛み傷	カミキズ
噛み分ける	カミワケル
噛み切る	カミキル
噛み合せ	カミアワセ
噛み合せる	カミアワセル
噛み合わせ	カミアワセ
噛み合わせる	カミアワセル
噛み応え	カミゴタエ
噛み殺す	カミコロス
噛み潰す	カミツブス
噛み煙草	カミタバコ
噛み砕く	カミクダク
噛み締める	カミシメル
噛み裂く	カミサク
噛る	カジル
噛付く	カミツク
噛分ける	カミワケル
噛合せ	カミアワセ
噛合わせ	カミアワセ
噛合わせる	カミアワセル
噛殺す	カミコロス
噛砕く	カミクダク
噛締める	カミシメル
噤む	ツグム
器具	キグ
器宇	キウ
器官	キカン
器材	キザイ
器械	キカイ
器楽	キガク
器楽曲	キガクキョク
器機	キキ
器財	キザイ
器質	キシツ
器質性	キシツセイ
器量	キリョウ
器量人	キリョウジン
噪音	ソウオン
噬臍	ゼイセイ
噴きあがる	フキアガル
噴きこぼれる	フキコボレル
噴きだす	フキダス
噴き上がる	フキアガル
噴き上げ	フキアゲ
噴き上げる	フキアゲル
噴き上る	フキアガル
噴き出す	フキダス
噴き出る	フキデル
噴き零れる	フキコボレル
噴く	フク
噴上げ	フキアゲ
噴出	フンシュツ
噴出す	フキダス
噴射	フンシャ
噴気	フンキ
噴気孔	フンキコウ
噴水	フンスイ
噴泉	フンセン
噴流	フンリュウ
噴火	フンカ
噴火口	フンカコウ
噴火山	フンカザン
噴煙	フンエン
噴石	フンセキ
噴門	フンモン
噴霧	フンム
噴霧乾燥	フンムカンソウ
噴霧器	フンムキ
噴霧機	フンムキ
噴飯	フンパン
噺家	ハナシカ
噺本	ハナシボン
嚆矢	コウシ
嚇かす	オドカス
嚇し	オドシ
嚇怒	カクド
嚔ひる	ハナヒル
嚙みくだく	カミクダク
嚙みころす	カミコロス
嚙みつく	カミツク
嚙み付く	カミツク
嚙み殺す	カミコロス
嚙み砕く	カミクダク
嚙み締める	カミシメル
嚙む	カム
嚙付く	カミツク
嚠喨	リュウリョウ
嚢中	ノウチュウ
嚢状	ノウジョウ
嚢胞	ノウホウ
嚢腫	ノウシュ
嚮導	キョウドウ
嚼む	カム
囀り	サエズリ
囀る	サエズル
囁き声	ササヤキゴエ
囁く	ササヤク
囂々	ゴウゴウ
囂囂	ゴウゴウ
囃したてる	ハヤシタテル
囃し立てる	ハヤシタテル
囃す	ハヤス
囃子方	ハヤシカタ
囃子詞	ハヤシコトバ
囈言	ウワゴト
囊胞	ノウホウ
囓る	カジル
囚われ	トラワレ
囚われる	トラワレル
囚われ人	トラワレビト
囚人服	シュウジンフク
囚役	シュウエキ
囚徒	シュウト
囚衣	シュウイ
四つんばい	ヨツンバイ
四つん這い	ヨツンバイ
四つ葉	ヨツバ
四つ角	ヨツカド
四つ足	ヨツアシ
四コマ	ヨンコマ
四コマ漫画	ヨンコママンガ
四位	シイ
四六	シロク
四六判	シロクバン
四則	シソク
四十肩	シジュウカタ
四十路	ヨソジ
四半	シハン
四半期	シハンキ
四周	シシュウ
四囲	シイ
四天王	シテンノウ
四夷	シイ
四女	ヨンジョ
四季	シキ
四季施	シキセ
四強	ヨンキョウ
四恩	シオン
四手	シデ
四捨五入	シシャゴニュウ
四散	シサン
四方山話	ヨモヤマバナシ
四方拝	シホウハイ
四旬節	シジュンセツ
四死球	シシキュウ
四民	シミン
四王天	シオウテン
四球	シキュウ
四男	ヨンナン
四神	シジン
四緑	シロク
四股	シコ
四肢	シシ
四肢まひ	シシマヒ
四肢麻痺	シシマヒ
四脚	ヨツアシ
四苦	シク
四苦八苦	シクハック
四角豆	シカクマメ
四角錐	シカクスイ
四輪車	ヨンリンシャ
四辺	シヘン
四重	シジュウ
四重唱	シジュウショウ
四重奏	シジュウソウ
四阿	アズマヤ
四隣	シリン
四面	シメン
四面楚歌	シメンソカ
四顧	シコ
四駆	ヨンク
四魔	シマ
回し	マワシ
回し打ち	マワシウチ
回し者	マワシモノ
回し読み	マワシヨミ
回し蹴り	マワシゲリ
回し車	マワシグルマ
回し飲み	マワシノミ
回す	マワス
回りくどい	マワリクドイ
回りこむ	マワリコム
回り合せ	マワリアワセ
回り合わせ	マワリアワセ
回り持ち	マワリモチ
回り物	マワリモノ
回り番	マワリバン
回り路	マワリミチ
回り込み	マワリコミ
回り込む	マワリコム
回り道	マワリミチ
回り遠い	マワリドオイ
回れ右	マワレミギ
回付	カイフ
回分	カイブン
回勅	カイチョク
回収	カイシュウ
回向	エコウ
回国	カイコク
回報	カイホウ
回天	カイテン
回帰	カイキ
回帰テスト	カイキテスト
回帰年	カイキネン
回帰性	カイキセイ
回帰熱	カイキネツ
回帰線	カイキセン
回廊	カイロウ
回復	カイフク
回復期	カイフクキ
回復薬	カイフクヤク
回忌	カイキ
回想	カイソウ
回想録	カイソウロク
回戦	カイセン
回折	カイセツ
回教	カイキョウ
回教徒	カイキョウト
回数	カイスウ
回数券	カイスウケン
回文	カイブン
回旋	カイセン
回族	カイゾク
回春	カイシュン
回流	カイリュウ
回游	カイユウ
回漕	カイソウ
回状	カイジョウ
回生	カイセイ
回盲部	カイモウブ
回礼	カイレイ
回章	カイショウ
回答	カイトウ
回答率	カイトウリツ
回答者	カイトウシャ
回線	カイセン
回線網	カイセンモウ
回線速度	カイセンソクド
回腸	カイチョウ
回航	カイコウ
回船	カイセン
回虫	カイチュウ
回虫症	カイチュウショウ
回覧	カイラン
回覧板	カイランバン
回訓	カイクン
回診	カイシン
回読	カイドク
回議	カイギ
回路	カイロ
回路図	カイロズ
回路計	カイロケイ
回転	カイテン
回転ずし	カイテンズシ
回転体	カイテンタイ
回転儀	カイテンギ
回転子	カイテンシ
回転扉	カイテントビラ
回転数	カイテンスウ
回転木馬	カイテンモクバ
回転機	カイテンキ
回転灯	カイテントウ
回転率	カイテンリツ
回転窓	カイテンマド
回転篩	カイテンブルイ
回転翼	カイテンヨク
回転角	カイテンカク
回転計	カイテンケイ
回転資金	カイテンシキン
回転軸	カイテンジク
回送	カイソウ
回送車	カイソウシャ
回遊	カイユウ
回遊性	カイユウセイ
回避	カイヒ
回頭	カイトウ
回顧	カイコ
回顧録	カイコロク
因み	チナミ
因む	チナム
因る	ヨル
因子	インシ
因州弁	インシュウベン
因循	インジュン
因数	インスウ
因明	インミョウ
因果	インガ
因果律	インガリツ
因果応報	インガオウホウ
因果性	インガセイ
因業	インゴウ
因由	インユ
因習	インシュウ
因襲	インシュウ
団らん	ダンラン
団交	ダンコウ
団体	ダンタイ
団体交渉	ダンタイコウショウ
団体交渉権	ダンタイコウショウケン
団体保険	ダンタイホケン
団体信用生命保険	ダンタイシンヨウセイメイホケン
団体名	ダンタイメイ
団体戦	ダンタイセン
団信	ダンシン
団員	ダンイン
団地	ダンチ
団地族	ダンチゾク
団塊	ダンカイ
団塊の世代	ダンカイノセダイ
団子	ダンゴ
団子虫	ダンゴムシ
団居	マドイ
団扇海老	ウチワエビ
団栗	ドングリ
団栗眼	ドングリマナコ
団欒	ダンラン
団粒	ダンリュウ
団結	ダンケツ
団結力	ダンケツリョク
団結権	ダンケツケン
団練	ダンレン
団茶	ダンチャ
団長	ダンチョウ
困じる	コウジル
困ずる	コウズル
困ぱい	コンパイ
困りごと	コマリゴト
困りもの	コマリモノ
困り事	コマリゴト
困り物	コマリモノ
困り者	コマリモノ
困り顔	コマリガオ
困る	コマル
困却	コンキャク
困惑	コンワク
困憊	コンパイ
困窮	コンキュウ
困苦	コンク
困難	コンナン
囲い者	カコイモノ
囲い込み	カコイコミ
囲い込む	カコイコム
囲う	カコウ
囲み	カコミ
囲炉裏	イロリ
囲炉裏端	イロリバタ
囲碁	イゴ
囲障	イショウ
図る	ハカル
図上	ズジョウ
図中	ズチュウ
図会	ズエ
図体	ズウタイ
図像	ズゾウ
図像学	ズゾウガク
図化	ズカ
図南	トナン
図取り	ズドリ
図太い	ズブトイ
図工	ズコウ
図巻	ズカン
図式	ズシキ
図形	ズケイ
図抜ける	ズヌケル
図星	ズボシ
図書券	トショケン
図書室	トショシツ
図書館員	トショカンイン
図柄	ズガラ
図案	ズアン
図法	ズホウ
図版	ズハン
図画工作	ズガコウサク
図示	ズシ
図絵	ズエ
図表	ズヒョウ
図解	ズカイ
図説	ズセツ
図譜	ズフ
図録	ズロク
図鑑	ズカン
図面	ズメン
固い	カタイ
固まり	カタマリ
固まり肉	カタマリニク
固まる	カタマル
固める	カタメル
固め技	カタメワザ
固ゆで	カタユデ
固より	モトヨリ
固体	コタイ
固化	コカ
固型	コケイ
固太り	カタブトリ
固守	コシュ
固定	コテイ
固定化	コテイカ
固定子	コテイシ
固定客	コテイキャク
固定残業代	コテイザンギョウダイ
固定給	コテイキュウ
固定費	コテイヒ
固定費用	コテイヒヨウ
固定資産税	コテイシサンゼイ
固定金利	コテイキンリ
固形	コケイ
固形燃料	コケイネンリョウ
固形物	コケイブツ
固技	カタメワザ
固持	コジ
固有	コユウ
固有値	コユウチ
固有種	コユウシュ
固溶体	コヨウタイ
固焼き	カタヤキ
固目	カタメ
固着	コチャク
固着性	コチャクセイ
固結	コケツ
固結び	カタムスビ
固練り	カタネリ
固縮	コシュク
固茹で	カタユデ
固辞	コジ
固陋	コロウ
国々	クニグニ
国ぐに	クニグニ
国ざかい	クニザカイ
国つ神	クニツカミ
国なまり	クニナマリ
国ぶり	クニブリ
国もと	クニモト
国コード	クニコード
国主	コクシュ
国事	コクジ
国事犯	コクジハン
国交	コッコウ
国交相	コッコウショウ
国交省	コッコウショウ
国会	コッカイ
国会法	コッカイホウ
国会議員	コッカイギイン
国体	コクタイ
国使	コクシ
国侍	クニザムライ
国保	コクホ
国側	クニガワ
国債	コクサイ
国儀	コクギ
国元	クニモト
国入り	クニイリ
国公私立	コッコウシリツ
国公立	コッコウリツ
国公立大学	コッコウリツダイガク
国典	コクテン
国内	コクナイ
国内外	コクナイガイ
国内市場	コクナイシジョウ
国内拠点	コクナイキョテン
国内旅行	コクナイリョコウ
国内法	コクナイホウ
国内総生産	コクナイソウセイサン
国内線	コクナイセン
国別	クニベツ
国利	コクリ
国力	コクリョク
国務	コクム
国勢	コクセイ
国原	クニハラ
国史	コクシ
国号	コクゴウ
国名コード	コクメイコード
国喪	コクソウ
国営	コクエイ
国営公園	コクエイコウエン
国営化	コクエイカ
国営農場	コクエイノウジョウ
国国	クニグニ
国土交通大臣	コクドコウツウダイジン
国土交通省	コクドコウツウショウ
国土法	コクドホウ
国境い	クニザカイ
国士	コクシ
国士無双	コクシムソウ
国外	コクガイ
国大	コクダイ
国威	コクイ
国字	コクジ
国学者	コクガクシャ
国定	コクテイ
国定公園	コクテイコウエン
国宝	コクホウ
国宝級	コクホウキュウ
国家	コッカ
国家主義	コッカシュギ
国家主義者	コッカシュギシャ
国家公務員	コッカコウムイン
国家公務員法	コッカコウムインホウ
国家戦略特区	コッカセンリャクトック
国家総動員法	コッカソウドウインホウ
国家試験	コッカシケン
国家資格	コッカシカク
国家間	コッカカン
国富	コクフ
国富論	コクフロン
国対	コクタイ
国尽くし	クニヅクシ
国幣社	コクヘイシャ
国庫	コッコ
国庫補助	コッコホジョ
国忌	コッキ
国恥	コクチ
国恩	コクオン
国情	コクジョウ
国慶	コッケイ
国慶節	コッケイセツ
国憲	コッケン
国手	コクシュ
国技	コクギ
国振り	クニブリ
国政	コクセイ
国教	コッキョウ
国文	コクブン
国文学	コクブンガク
国文法	コクブンポウ
国文科	コクブンカ
国旗	コッキ
国是	コクゼ
国書	コクショ
国替	クニガエ
国替え	クニガエ
国有	コクユウ
国有化	コクユウカ
国有地	コクユウチ
国有林	コクユウリン
国本	コクホン
国柄	クニガラ
国構え	クニガマエ
国権	コッケン
国歌	コッカ
国歩	コクホ
国母	コクボ
国民の祝日	コクミンノシュクジツ
国民休暇村	コクミンキュウカムラ
国民健康保険	コクミンケンコウホケン
国民兵	コクミンヘイ
国民学校	コクミンガッコウ
国民年金	コクミンネンキン
国民年金法	コクミンネンキンホウ
国民性	コクミンセイ
国民投票	コクミントウヒョウ
国民服	コクミンフク
国民的	コクミンテキ
国民総生産	コクミンソウセイサン
国民軍	コクミングン
国民食	コクミンショク
国法	コクホウ
国津神	クニツカミ
国漢	コッカン
国父	コクフ
国状	コクジョウ
国王	コクオウ
国璽	コクジ
国生み	クニウミ
国産	コクサン
国産み	クニウミ
国産化	コクサンカ
国産品	コクサンヒン
国産材	コクサンザイ
国産米	コクサンマイ
国産車	コクサンシャ
国益	コクエキ
国礎	コクソ
国禁	コッキン
国税	コクゼイ
国税局	コクゼイキョク
国税庁	コクゼイチョウ
国立	コクリツ
国立公園	コクリツコウエン
国立大	コクリツダイ
国立大学	コクリツダイガク
国章	コクショウ
国策	コクサク
国籍	コクセキ
国籍法	コクセキホウ
国粋	コクスイ
国粋主義	コクスイシュギ
国粋主義者	コクスイシュギシャ
国花	コッカ
国華	コッカ
国葬	コクソウ
国蝶	コクチョウ
国衙	コクガ
国衙領	コクガリョウ
国表	クニオモテ
国言葉	クニコトバ
国訓	コックン
国訛	クニナマリ
国訛り	クニナマリ
国許	クニモト
国訳	コクヤク
国試	コクシ
国語	コクゴ
国語学	コクゴガク
国語科	コクゴカ
国論	コクロン
国警	コッケイ
国費	コクヒ
国賊	コクゾク
国賓	コクヒン
国賠	コクバイ
国軍	コクグン
国辱	コクジョク
国連旗	コクレンキ
国連軍	コクレングン
国運	コクウン
国道	コクドウ
国選	コクセン
国郡	コクグン
国都	コクト
国防	コクボウ
国防相	コクボウショウ
国防総省	コクボウソウショウ
国防色	コクボウショク
国防費	コクボウヒ
国際	コクサイ
国際人	コクサイジン
国際刑事裁判所	コクサイケイジサイバンショ
国際化	コクサイカ
国際原子力事象評価尺度	コクサイゲンシリョクジショウヒョウカシャクド
国際学校	コクサイガッコウ
国際標準図書番号	コクサイヒョウジュントショバンゴウ
国際法	コクサイホウ
国際的	コクサイテキ
国際競争力	コクサイキョウソウリョク
国際線	コクサイセン
国際色	コクサイショク
国際語	コクサイゴ
国際送金	コクサイソウキン
国際通話	コクサイツウワ
国際郵便	コクサイユウビン
国際都市	コクサイトシ
国難	コクナン
国電	コクデン
国鱒	クニマス
国鳥	コクチョウ
圃場	ホジョウ
國家	コッカ
國語	コクゴ
國際	コクサイ
圏内	ケンナイ
圏域	ケンイキ
圏外	ケンガイ
圏点	ケンテン
圏谷	ケンコク
園丁	エンテイ
園児	エンジ
園内	エンナイ
園地	エンチ
園庭	エンテイ
園池	エンチ
園舎	エンシャ
園芸	エンゲイ
園芸学	エンゲイガク
園芸家	エンゲイカ
園路	エンロ
園遊会	エンユウカイ
園長	エンチョウ
圖解	ズカイ
土あそび	ツチアソビ
土いじり	ツチイジリ
土くれ	ツチクレ
土づくり	ツチヅクリ
土のう	ドノウ
土ぼこり	ツチボコリ
土下座	ドゲザ
土中	ドチュウ
土人	ドジン
土佐弁	トサベン
土佐酢	トサズ
土作り	ツチヅクリ
土侯	ドコウ
土侯国	ドコウコク
土俗	ドゾク
土俵	ドヒョウ
土俵入り	ドヒョウイリ
土俵際	ドヒョウギワ
土倉	ドソウ
土偏	ツチヘン
土偶	ドグウ
土功	ドコウ
土匪	ドヒ
土台	ドダイ
土嚢	ドノウ
土圧	ドアツ
土地柄	トチガラ
土埃	ツチボコリ
土塀	ドベイ
土塁	ドルイ
土壁	ツチカベ
土壇	ドダン
土壇場	ドタンバ
土壌	ドジョウ
土壌学	ドジョウガク
土壺	ドツボ
土寄せ	ツチヨセ
土工	ドコウ
土左衛門	ドザエモン
土師器	ハジキ
土建	ドケン
土建屋	ドケンヤ
土建業	ドケンギョウ
土弄り	ツチイジリ
土性	ドセイ
土性骨	ドショウボネ
土手	ドテ
土手っ腹	ドテッパラ
土日	ドニチ
土日祝	ドニチシュク
土曜	ドヨウ
土曜日	ドヨウビ
土木	ドボク
土楼	ドロウ
土止め	ドドメ
土民	ドミン
土気色	ツチケイロ
土煙	ツチケムリ
土牢	ツチロウ
土瓶	ドビン
土産品	ミヤゲヒン
土産屋	ミヤゲヤ
土産店	ミヤゲテン
土産物	ミヤゲモノ
土産物屋	ミヤゲモノヤ
土産物店	ミヤゲモノテン
土産話	ミヤゲバナシ
土用	ドヨウ
土用波	ドヨウナミ
土留め	ドドメ
土着	ドチャク
土石	ドセキ
土石流	ドセキリュウ
土砂降り	ドシャブリ
土窯	ドガマ
土竈	ドガマ
土竜叩き	モグラタタキ
土竜塚	モグラヅカ
土管	ドカン
土臭い	ツチクサイ
土船	ツチブネ
土色	ツチイロ
土葬	ドソウ
土蔵	ドゾウ
土蛍	ツチボタル
土蛮	ドバン
土蜘蛛	ツチグモ
土製	ドセイ
土語	ドゴ
土豚	ツチブタ
土豪	ドゴウ
土負貝	ドブガイ
土質	ドシツ
土足	ドソク
土踏まず	ツチフマズ
土遊び	ツチアソビ
土釜	ドガマ
土鈴	ドレイ
土間	ドマ
土饅頭	ドマンジュウ
土馬	ドバ
土鳩	ドバト
圧しこむ	ヘシコム
圧しころす	オシコロス
圧しつぶす	オシツブス
圧し殺す	オシコロス
圧し潰す	オシツブス
圧する	アッスル
圧伏	アップク
圧倒	アットウ
圧倒的	アットウテキ
圧入	アツニュウ
圧制	アッセイ
圧力	アツリョク
圧力計	アツリョクケイ
圧力釜	アツリョクガマ
圧力鍋	アツリョクナベ
圧勝	アッショウ
圧壊	アッカイ
圧密	アツミツ
圧巻	アッカン
圧延	アツエン
圧延機	アツエンキ
圧抑	アツヨク
圧排	アッパイ
圧接	アッセツ
圧搾	アッサク
圧搾機	アッサクキ
圧政	アッセイ
圧服	アップク
圧死	アッシ
圧殺	アッサツ
圧潰	アッカイ
圧点	アッテン
圧痕	アッコン
圧痛	アッツウ
圧痛点	アッツウテン
圧着	アッチャク
圧砕	アッサイ
圧縮	アッシュク
圧縮力	アッシュクリョク
圧縮器	アッシュクキ
圧縮機	アッシュクキ
圧縮率	アッシュクリツ
圧覚	アッカク
圧迫	アッパク
圧迫面接	アッパクメンセツ
圧雪	アッセツ
圧電	アツデン
在り	アリ
在り付く	アリツク
在り処	アリカ
在り合わせる	アリアワセル
在り方	アリカタ
在り来たり	アリキタリ
在り来り	アリキタリ
在る	アル
在れ	アレ
在中	ザイチュウ
在京	ザイキョウ
在任	ザイニン
在任中	ザイニンチュウ
在伯	ザイハク
在位	ザイイ
在住	ザイジュウ
在住者	ザイジュウシャ
在俗	ザイゾク
在処	アリカ
在勤	ザイキン
在台	ザイタイ
在国	ザイコク
在園	ザイエン
在地	ザイチ
在外	ザイガイ
在天	ザイテン
在学	ザイガク
在学中	ザイガクチュウ
在学証明書	ザイガクショウメイショ
在宅	ザイタク
在宅ワーク	ザイタクワーク
在宅勤務	ザイタクキンム
在官	ザイカン
在室	ザイシツ
在宿	ザイシュク
在席	ザイセキ
在庫	ザイコ
在庫処分セール	ザイコショブンセール
在庫品	ザイコヒン
在庫管理	ザイコカンリ
在役	ザイエキ
在所	ザイショ
在方	ザイカタ
在日	ザイニチ
在朝	ザイチョウ
在来	ザイライ
在来種	ザイライシュ
在来線	ザイライセン
在校	ザイコウ
在校生	ザイコウセイ
在欧	ザイオウ
在民	ザイミン
在特	ザイトク
在留	ザイリュウ
在留カード	ザイリュウカード
在留者	ザイリュウシャ
在留資格	ザイリュウシカク
在留資格認定証明書	ザイリュウシカクニンテイショウメイショ
在監	ザイカン
在社	ザイシャ
在籍	ザイセキ
在籍証明書	ザイセキショウメイショ
在職	ザイショク
在職証明書	ザイショクショウメイショ
在英	ザイエイ
在荷	ザイカ
在野	ザイヤ
在阪	ザイハン
在院	ザイイン
在韓	ザイカン
圭角	ケイカク
地すべり	ジスベリ
地ならし	ジナラシ
地の利	チノリ
地ばれ	ジバレ
地ひびき	ジヒビキ
地べた	ジベタ
地まわり	ジマワリ
地デジ	チデジ
地ビール	ジビール
地上	チジョウ
地上げ	ジアゲ
地上デジタルテレビ放送	チジョウデジタルテレビホウソウ
地上デジタル放送	チジョウデジタルホウソウ
地上戦	チジョウセン
地上権	チジョウケン
地上波	チジョウハ
地上波デジタル放送	チジョウハデジタルホウソウ
地上絵	チジョウエ
地上駅	チジョウエキ
地下げ	ジサゲ
地下室	チカシツ
地下水	チカスイ
地下茎	チカケイ
地下街	チカガイ
地下足袋	ジカタビ
地下運動	チカウンドウ
地下道	チカドウ
地下鉄	チカテツ
地下駅	チカエキ
地中	チチュウ
地中熱	チチュウネツ
地主	ジヌシ
地久節	チキュウセツ
地付き	ジツキ
地仙	チセン
地位	チイ
地侍	ジザムライ
地価	チカ
地元	ジモト
地元民	ジモトミン
地元産	ジモトサン
地元紙	ジモトシ
地券	チケン
地割	ジワリ
地割り	ジワリ
地割れ	ジワレ
地動	チドウ
地動儀	チドウギ
地動説	チドウセツ
地勢	チセイ
地区	チク
地卵	ジタマゴ
地厚	ジアツ
地取り	ジドリ
地口	ジグチ
地史	チシ
地合	ジアイ
地合い	ジアイ
地名	チメイ
地名学	チメイガク
地吹雪	ジフブキ
地唄	ジウタ
地回り	ジマワリ
地図	チズ
地図学	チズガク
地固め	ジガタメ
地均し	ジナラシ
地坪	ジツボ
地域	チイキ
地域おこし	チイキオコシ
地域主義	チイキシュギ
地域化	チイキカ
地域差	チイキサ
地域気象観測システム	チイキキショウカンソクシステム
地域社会	チイキシャカイ
地域興し	チイキオコシ
地場	ジバ
地塊	チカイ
地声	ジゴエ
地変	チヘン
地層	チソウ
地峡	チキョウ
地帯	チタイ
地平	チヘイ
地平線	チヘイセン
地底	チテイ
地廻り	ジマワリ
地引	ジビキ
地引き	ジビキ
地引き網	ジビキアミ
地引網	ジビキアミ
地形図	チケイズ
地形学	チケイガク
地役権	チエキケン
地政学	チセイガク
地方債	チホウサイ
地方公共団体	チホウコウキョウダンタイ
地方公務員	チホウコウムイン
地方公務員法	チホウコウムインホウ
地方分権	チホウブンケン
地方創生	チホウソウセイ
地方区	チホウク
地方団体	チホウダンタイ
地方新聞	チホウシンブン
地方版	チホウバン
地方病	チホウビョウ
地方税	チホウゼイ
地方紙	チホウシ
地方自治体	チホウジチタイ
地方自治法	チホウジチホウ
地方色	チホウショク
地方行政官	チホウギョウセイカン
地方裁判所	チホウサイバンショ
地方選挙	チホウセンキョ
地方銀	チホウギン
地方銀行	チホウギンコウ
地方風	チホウフウ
地曳	ジビキ
地曳き	ジビキ
地板	ジイタ
地核	チカク
地植え	ジウエ
地検	チケン
地権者	チケンシャ
地機	ジバタ
地歌	ジウタ
地歩	チホ
地歴	チレキ
地殻	チカク
地毛	ジゲ
地気	チキ
地温	チオン
地溝	チコウ
地溝油	チコウユ
地滑り	ジスベリ
地点	チテン
地獄	ジゴク
地獄絵	ジゴクエ
地獄耳	ジゴクミミ
地獄道	ジゴクドウ
地球	チキュウ
地球人	チキュウジン
地球儀	チキュウギ
地球化	チキュウカ
地理	チリ
地理学	チリガク
地理的	チリテキ
地界	チカイ
地番	チバン
地異	チイ
地盤改良	ジバンカイリョウ
地盤沈下	ジバンチンカ
地盤調査	ジバンチョウサ
地目	チモク
地直し	ジナオシ
地相	チソウ
地磁気	チジキ
地神	チジン
地租	チソ
地税	チゼイ
地積	チセキ
地竜	ジリュウ
地籍	チセキ
地米	ジマイ
地紋	ジモン
地紙	ジガミ
地絡	チラク
地続き	ジツヅキ
地縁	チエン
地縛り	ジシバリ
地縛霊	ジバクレイ
地織	ジオリ
地織り	ジオリ
地肌	ジハダ
地肩	ジガタ
地腫れ	ジバレ
地膚	ジハダ
地色	ジイロ
地蔵	ジゾウ
地蔵尊	ジゾウソン
地蔵盆	ジゾウボン
地蔵顔	ジゾウガオ
地虫	ジムシ
地蜂	ジバチ
地蜘蛛	ジグモ
地衣	チイ
地衣類	チイルイ
地表	チヒョウ
地袋	ジブクロ
地裁	チサイ
地誌	チシ
地誌学	チシガク
地謡	ジウタイ
地象	チショウ
地質図	チシツズ
地質学	チシツガク
地軸	チジク
地道	ジミチ
地酒	ジザケ
地銀	チギン
地鎮祭	ジチンサイ
地階	チカイ
地際	ジギワ
地雨	ジアメ
地雷	ジライ
地電流	チデンリュウ
地震保険	ジシンホケン
地震動	ジシンドウ
地震国	ジシンコク
地震学	ジシンガク
地震帯	ジシンタイ
地震波	ジシンハ
地震計	ジシンケイ
地霊	チレイ
地面	ジメン
地面師	ジメンシ
地響き	ジヒビキ
地髪	ジガミ
地魚	ジザカナ
地鳴り	ジナリ
地黒	ジグロ
地鼠	ジネズミ
坂路	ハンロ
坂道	サカミチ
均しい	ヒトシイ
均しく	ヒトシク
均す	ナラス
均てん	キンテン
均分	キンブン
均整	キンセイ
均斉	キンセイ
均田制	キンデンセイ
均田法	キンデンホウ
均等	キントウ
均等割	キントウワリ
均衡	キンコウ
均質	キンシツ
均質化	キンシツカ
均霑	キンテン
坊や	ボウヤ
坊主頭	ボウズアタマ
坊間	ボウカン
坐する	ザスル
坐りこむ	スワリコム
坐り直す	スワリナオス
坐り込む	スワリコム
坐る	スワル
坐わる	スワル
坐乗	ザジョウ
坐像	ザゾウ
坐剤	ザザイ
坐席	ザセキ
坐業	ザギョウ
坐洲	ザス
坐浴	ザヨク
坐礁	ザショウ
坐禅	ザゼン
坐職	ザショク
坐臥	ザガ
坐薬	ザヤク
坐視	ザシ
坐食	ザショク
坐骨	ザコツ
坐高	ザコウ
坑井	コウセイ
坑儒	コウジュ
坑内	コウナイ
坑外	コウガイ
坑夫	コウフ
坑木	コウボク
坑道	コウドウ
坤輿	コンヨ
坦々	タンタン
坦坦	タンタン
坦懐	タンカイ
坪単価	ツボタンカ
坪庭	ツボニワ
坪数	ツボスウ
坪量	ツボリョウ
垂らし	タラシ
垂らし込む	タラシコム
垂らす	タラス
垂り穂	タリホ
垂れこめる	タレコメル
垂れ下がる	タレサガル
垂れ下げる	タレサゲル
垂れ乳	タレチチ
垂れ壁	タレカベ
垂れ布	タレヌノ
垂れ幕	タレマク
垂れ流し	タレナガシ
垂れ流す	タレナガス
垂れ目	タレメ
垂れ篭める	タレコメル
垂れ籠める	タレコメル
垂れ絹	タレギヌ
垂れ耳	タレミミ
垂れ込み	タレコミ
垂れ込む	タレコム
垂れ込め	タレコメ
垂れ込める	タレコメル
垂れ髪	タレガミ
垂下	スイカ
垂乳根	タラチネ
垂幕	タレマク
垂心	スイシン
垂木	タルキ
垂死	スイシ
垂水	タルミ
垂直	スイチョク
垂直線	スイチョクセン
垂範	スイハン
垂線	スイセン
垂訓	スイクン
型くずれ	カタクズレ
型どおり	カタドオリ
型付き	カタツキ
型付け	カタツケ
型取り	カタドリ
型崩れ	カタクズレ
型抜き	カタヌキ
型押し	カタオシ
型推論	カタスイロン
型枠	カタワク
型染	カタゾメ
型染め	カタゾメ
型理論	カタリロン
型番	カタバン
型破り	カタヤブリ
型紙	カタガミ
型落ち	カタオチ
型通り	カタドオリ
垢すり	アカスリ
垢光り	アカビカリ
垢抜け	アカヌケ
垢抜ける	アカヌケル
垢掻き	アカカキ
垢搔き	アカカキ
垢擦り	アカスリ
垣根	カキネ
垣根越し	カキネゴシ
垣間見える	カイマミエル
垣間見る	カイマミル
埃茸	ホコリタケ
埋かる	イカル
埋ける	イケル
埋み火	ウズミビ
埋み門	ウズミモン
埋めあわせ	ウメアワセ
埋めあわせる	ウメアワセル
埋めこむ	ウメコム
埋めもどし	ウメモドシ
埋めもどす	ウメモドス
埋め合す	ウメアワス
埋め合せ	ウメアワセ
埋め合せる	ウメアワセル
埋め合わす	ウメアワス
埋め合わせ	ウメアワセ
埋め合わせる	ウメアワセル
埋め戻し	ウメモドシ
埋め戻す	ウメモドス
埋め木	ウメキ
埋め立て	ウメタテ
埋め立てる	ウメタテル
埋め草	ウメクサ
埋め込み	ウメコミ
埋め込む	ウメコム
埋もれ木	ウモレギ
埋れ木	ウモレギ
埋伏	マイフク
埋戻し	ウメモドシ
埋戻す	ウメモドス
埋植	マイショク
埋没	マイボツ
埋没毛	マイボツモウ
埋没費用	マイボツヒヨウ
埋立	ウメタテ
埋立て	ウメタテ
埋立地	ウメタテチ
埋葬	マイソウ
埋葬地	マイソウチ
埋蔵	マイゾウ
埋蔵物	マイゾウブツ
埋蔵量	マイゾウリョウ
埋蔵金	マイゾウキン
埋設	マイセツ
埋込	ウメコミ
埋込み	ウメコミ
埋込む	ウメコム
埋骨	マイコツ
城下	ジョウカ
城下町	ジョウカマチ
城中	ジョウチュウ
城主	ジョウシュ
城代	ジョウダイ
城兵	ジョウヘイ
城内	ジョウナイ
城塁	ジョウルイ
城塞	ジョウサイ
城壁	ジョウヘキ
城外	ジョウガイ
城将	ジョウショウ
城市	ジョウシ
城府	ジョウフ
城廓	ジョウカク
城攻め	シロゼメ
城楼	ジョウロウ
城池	ジョウチ
城番	ジョウバン
城砦	ジョウサイ
城趾	ジョウシ
城郭	ジョウカク
城門	ジョウモン
城隍	ジョウコウ
城館	ジョウカン
埒内	ラチナイ
埒外	ラチガイ
域内	イキナイ
域外	イキガイ
埠頭	フトウ
埴猪口	ヘナチョコ
埴生	ハニュウ
埴輪	ハニワ
執よう	シツヨウ
執りおこなう	トリオコナウ
執りなし	トリナシ
執りなす	トリナス
執り成し	トリナシ
執り成す	トリナス
執り持つ	トリモツ
執り行なう	トリオコナウ
執事	シツジ
執刀	シットウ
執刀医	シットウイ
執務	シツム
執務中	シツムチュウ
執心	シュウシン
執念い	シュウネイ
執成し	トリナシ
執政	シッセイ
執政官	シッセイカン
執権	シッケン
執着心	シュウチャクシン
執筆	シッピツ
執筆者	シッピツシャ
執行官	シッコウカン
執行役	シッコウヤク
執行役員	シッコウヤクイン
執行権	シッコウケン
執行機関	シッコウキカン
執行部	シッコウブ
執達吏	シッタツリ
培地	バイチ
培植	バイショク
培殖	バイショク
培養	バイヨウ
培養土	バイヨウド
培養基	バイヨウキ
培養液	バイヨウエキ
培養肉	バイヨウニク
基く	モトヅク
基づく	モトヅク
基付く	モトヅク
基体	キタイ
基剤	キザイ
基原	キゲン
基因	キイン
基地	キチ
基地局	キチキョク
基壇	キダン
基層	キソウ
基幹	キカン
基幹システム	キカンシステム
基底	キテイ
基底膜	キテイマク
基数	キスウ
基数詞	キスウシ
基本	キホン
基本ソフト	キホンソフト
基本ルール	キホンルール
基本情報	キホンジョウホウ
基本数	キホンスウ
基本料金	キホンリョウキン
基本方針	キホンホウシン
基本条件	キホンジョウケン
基本権	キホンケン
基本法	キホンホウ
基本理念	キホンリネン
基本的	キホンテキ
基本給	キホンキュウ
基本計画	キホンケイカク
基本設計	キホンセッケイ
基本賃金	キホンチンギン
基材	キザイ
基板	キバン
基準	キジュン
基準値	キジュンチ
基準内賃金	キジュンナイチンギン
基準外賃金	キジュンガイチンギン
基準法	キジュンホウ
基準線	キジュンセン
基点	キテン
基盤	キバン
基盤岩	キバンガン
基督教	キリストキョウ
基石	キセキ
基礎	キソ
基礎化粧品	キソケショウヒン
基礎年金	キソネンキン
基礎年金番号	キソネンキンバンゴウ
基礎控除	キソコウジョ
基礎疾患	キソシッカン
基礎的	キソテキ
基礎的財政収支	キソテキザイセイシュウシ
基礎知識	キソチシキ
基線	キセン
基語	キゴ
基調	キチョウ
基質	キシツ
基軸	キジク
基軸通貨	キジクツウカ
基部	キブ
基金	キキン
基音	キオン
堀切り	ホリキリ
堀割	ホリワリ
堀割り	ホリワリ
堀川	ホリカワ
堀端	ホリバタ
堂々	ドウドウ
堂上	ドウジョウ
堂堂	ドウドウ
堂塔	ドウトウ
堂奥	ドウオウ
堂宇	ドウウ
堂守	ドウモリ
堅い	カタイ
堅め	カタメ
堅める	カタメル
堅ツギ	カタツギ
堅パン	カタパン
堅人	カタジン
堅信	ケンシン
堅剛	ケンゴウ
堅固	ケンゴ
堅城	ケンジョウ
堅塁	ケンルイ
堅太り	カタブトリ
堅守	ケンシュ
堅実	ケンジツ
堅忍	ケンニン
堅持	ケンジ
堅果	ケンカ
堅気	カタギ
堅炭	カタズミ
堅焼き	カタヤキ
堅牢	ケンロウ
堅物	カタブツ
堅調	ケンチョウ
堅陣	ケンジン
堅雪	カタユキ
堆朱	ツイシュ
堆石	タイセキ
堆積	タイセキ
堆積学	タイセキガク
堆積岩	タイセキガン
堆積物	タイセキブツ
堆肥化	タイヒカ
堕する	ダスル
堕ちる	オチル
堕とす	オトス
堕ろす	オロス
堕罪	ダザイ
堕胎	ダタイ
堕胎罪	ダタイザイ
堕落	ダラク
堙滅	インメツ
堤体	テイタイ
堤塘	テイトウ
堤防	テイボウ
堪えしのぶ	タエシノブ
堪え忍ぶ	タエシノブ
堪え性	コラエショウ
堪まる	タマル
堪る	タマル
堪忍	カンニン
堪忍袋	カンニンブクロ
堰き止める	セキトメル
堰く	セク
堰堤	エンテイ
堰止湖	セキトメコ
報い	ムクイ
報いる	ムクイル
報う	ムクウ
報じる	ホウジル
報ずる	ホウズル
報せ	シラセ
報せる	シラセル
報償	ホウショウ
報償費	ホウショウヒ
報労金	ホウロウキン
報告	ホウコク
報告会	ホウコクカイ
報告書	ホウコクショ
報国	ホウコク
報土	ホウド
報奨	ホウショウ
報奨金	ホウショウキン
報復	ホウフク
報徳	ホウトク
報恩	ホウオン
報恩講	ホウオンコウ
報時	ホウジ
報知	ホウチ
報知機	ホウチキ
報謝	ホウシャ
報賞	ホウショウ
報連相	ホウレンソウ
報道	ホウドウ
報道官	ホウドウカン
報道局	ホウドウキョク
報道部	ホウドウブ
報道陣	ホウドウジン
報酬	ホウシュウ
場あたり	バアタリ
場ちがい	バチガイ
場つなぎ	バツナギ
場代	バダイ
場内	ジョウナイ
場外	ジョウガイ
場当たり	バアタリ
場当り	バアタリ
場慣れ	バナレ
場所	バショ
場所代	バショダイ
場所柄	バショガラ
場数	バカズ
場末	バスエ
場札	バフダ
場繋ぎ	バツナギ
場裏	ジョウリ
場裡	ジョウリ
場違い	バチガイ
場銭	バセン
場面	バメン
場馴れ	バナレ
堵列	トレツ
塀越し	ヘイゴシ
塁上	ルイジョウ
塁壁	ルイヘキ
塁審	ルイシン
塁打	ルイダ
塁打数	ルイダスウ
塊まり	カタマリ
塊り	カタマリ
塊村	カイソン
塊根	カイコン
塊炭	カイタン
塊状	カイジョウ
塊肉	カタマリニク
塊茎	カイケイ
塑像	ソゾウ
塑性	ソセイ
塑造	ソゾウ
塔中	タッチュウ
塔婆	トウバ
塔楼	トウロウ
塔頭	タッチュウ
塗す	マブス
塗り	ヌリ
塗りかえる	ヌリカエル
塗りかさねる	ヌリカサネル
塗りこむ	ヌリコム
塗りたくる	ヌリタクル
塗りたて	ヌリタテ
塗りつける	ヌリツケル
塗りつぶし	ヌリツブシ
塗りつぶす	ヌリツブス
塗りなおす	ヌリナオス
塗りむら	ヌリムラ
塗りムラ	ヌリムラ
塗り付ける	ヌリツケル
塗り分ける	ヌリワケル
塗り固める	ヌリカタメル
塗り壁	ヌリカベ
塗り変える	ヌリカエル
塗り師	ヌリシ
塗り広げる	ヌリヒロゲル
塗り斑	ヌリムラ
塗り替える	ヌリカエル
塗り消す	ヌリケス
塗り潰し	ヌリツブシ
塗り潰す	ヌリツブス
塗り物	ヌリモノ
塗り直し	ヌリナオシ
塗り直す	ヌリナオス
塗り立て	ヌリタテ
塗り立てる	ヌリタテル
塗り笠	ヌリガサ
塗り箸	ヌリバシ
塗り絵	ヌリエ
塗り薬	ヌリグスリ
塗り足し	ヌリタシ
塗り込む	ヌリコム
塗り込める	ヌリコメル
塗り重ねる	ヌリカサネル
塗り隠す	ヌリカクス
塗仏	ヌリボトケ
塗工	トコウ
塗布	トフ
塗抹	トマツ
塗擦	トサツ
塗料	トリョウ
塗油	トユ
塗潰す	ヌリツブス
塗炭	トタン
塗物	ヌリモノ
塗立て	ヌリタテ
塗立てる	ヌリタテル
塗笠	ヌリガサ
塗篭	ヌリゴメ
塗籠	ヌリゴメ
塗絵	ヌリエ
塗膜	トマク
塗薬	ヌリグスリ
塗装	トソウ
塗香	ズコウ
塚穴	ツカアナ
塞き止める	セキトメル
塞ぎ込む	フサギコム
塞く	セク
塞ぐ	フサグ
塞げる	フサゲル
塞外	サイガイ
塞栓	ソクセン
塞栓症	ソクセンショウ
塞源	ソクゲン
塡まり込む	ハマリコム
塡める	ハメル
塡め込む	ハメコム
塡補	テンポ
塩から	シオカラ
塩け	シオケ
塩こうじ	シオコウジ
塩こしょう	シオコショウ
塩ざけ	シオザケ
塩っぱい	ショッパイ
塩っ気	シオッケ
塩づけ	シオヅケ
塩むすび	シオムスビ
塩もみ	シオモミ
塩コショウ	シオコショウ
塩パン	シオパン
塩ビ	エンビ
塩入れ	シオイレ
塩出し	シオダシ
塩分	エンブン
塩加減	シオカゲン
塩化	エンカ
塩化ビニル	エンカビニル
塩化ビニール	エンカビニール
塩化物	エンカブツ
塩化金	エンカキン
塩化鉄	エンカテツ
塩化銅	エンカドウ
塩噌	エンソ
塩基	エンキ
塩基性	エンキセイ
塩害	エンガイ
塩尻	シオジリ
塩干	エンカン
塩干し	シオボシ
塩引	シオビキ
塩引き	シオビキ
塩性	エンセイ
塩抜き	シオヌキ
塩揉み	シオモミ
塩断ち	シオダチ
塩昆布	シオコンブ
塩析	エンセキ
塩気	シオケ
塩水湖	エンスイコ
塩汁鍋	ショッツルナベ
塩浜	シオハマ
塩浴	エンヨク
塩湖	エンコ
塩湯	シオユ
塩漬	シオヅケ
塩漬け	シオヅケ
塩焼	シオヤキ
塩焼き	シオヤキ
塩物	シオモノ
塩税	エンゼイ
塩竈	シオガマ
塩素	エンソ
塩素酸	エンソサン
塩結び	シオムスビ
塩胡椒	シオコショウ
塩花	シオバナ
塩茶	シオチャ
塩茹で	シオユデ
塩蔵	エンゾウ
塩豆	シオマメ
塩豚	シオブタ
塩辛	シオカラ
塩辛い	シオカライ
塩辛声	シオカラゴエ
塩酸	エンサン
塩釜	シオガマ
塩類	エンルイ
塩風呂	シオブロ
塩飴	シオアメ
塩魚	シオザカナ
塩鮭	シオザケ
塩鱒	シオマス
塩麹	シオコウジ
填まる	ハマル
填め込む	ハメコム
填補	テンポ
填隙	テンゲキ
塵入れ	ゴミイレ
塵取	チリトリ
塵塚	チリヅカ
塵屋敷	ゴミヤシキ
塵屑	ゴミクズ
塵払い	チリハライ
塵拾い	ゴミヒロイ
塵溜め	ゴミタメ
塵界	ジンカイ
塵箱	ゴミバコ
塵袋	ゴミブクロ
塹壕	ザンゴウ
塾生	ジュクセイ
塾舎	ジュクシャ
塾講	ジュクコウ
塾講師	ジュクコウシ
塾通い	ジュクガヨイ
塾長	ジュクチョウ
塾頭	ジュクトウ
境い目	サカイメ
境内	ケイダイ
境地	キョウチ
境域	キョウイキ
境涯	キョウガイ
境界層	キョウカイソウ
境目	サカイメ
境遇	キョウグウ
墓上	ボジョウ
墓前	ボゼン
墓参り	ハカマイリ
墓園	ボエン
墓域	ボイキ
墓場	ハカバ
墓守	ハカモリ
墓守り	ハカモリ
墓室	ボシツ
墓掘り	ハカホリ
墓碑	ボヒ
墓苑	ボエン
墓表	ボヒョウ
墓誌	ボシ
増々	マスマス
増える	フエル
増さる	マサル
増し	マシ
増し刷り	マシズリ
増す	マス
増やし	フヤシ
増やす	フヤス
増作	ゾウサク
増便	ゾウビン
増俸	ゾウホウ
増備	ゾウビ
増兵	ゾウヘイ
増分	ゾウブン
増刊	ゾウカン
増刊号	ゾウカンゴウ
増刷	ゾウサツ
増加	ゾウカ
増加率	ゾウカリツ
増勢	ゾウセイ
増収	ゾウシュウ
増員	ゾウイン
増大	ゾウダイ
増幅	ゾウフク
増幅器	ゾウフクキ
増床	ゾウショウ
増強	ゾウキョウ
増徴	ゾウチョウ
増悪	ゾウアク
増感	ゾウカン
増援	ゾウエン
増改築	ゾウカイチク
増枠	ゾウワク
増殖	ゾウショク
増殖性	ゾウショクセイ
増殖炉	ゾウショクロ
増水	ゾウスイ
増派	ゾウハ
増減	ゾウゲン
増減率	ゾウゲンリツ
増産	ゾウサン
増発	ゾウハツ
増白	ゾウハク
増益	ゾウエキ
増税	ゾウゼイ
増築	ゾウチク
増結	ゾウケツ
増給	ゾウキュウ
増置	ゾウチ
増血	ゾウケツ
増血剤	ゾウケツザイ
増補	ゾウホ
増訂	ゾウテイ
増設	ゾウセツ
増資	ゾウシ
増車	ゾウシャ
増進	ゾウシン
増配	ゾウハイ
増醸酒	ゾウジョウシュ
増量	ゾウリョウ
増量剤	ゾウリョウザイ
増長	ゾウチョウ
増額	ゾウガク
墜ちる	オチル
墜とす	オトス
墜死	ツイシ
墜落	ツイラク
墨つき	スミツキ
墨つぼ	スミツボ
墨付き	スミツキ
墨付け	スミツケ
墨入れ	スミイレ
墨刷り	スミズリ
墨壺	スミツボ
墨字	スミジ
墨守	ボクシュ
墨書き	スミガキ
墨染	スミゾメ
墨染め	スミゾメ
墨汁	ボクジュウ
墨池	ボクチ
墨流し	スミナガシ
墨流蝶	スミナガシ
墨液	ボクエキ
墨烏賊	スミイカ
墨画	ボクガ
墨痕	ボッコン
墨絵	スミエ
墨継	スミツギ
墨継ぎ	スミツギ
墨袋	スミブクロ
墨跡	ボクセキ
墨蹟	ボクセキ
墳丘	フンキュウ
墳丘墓	フンキュウボ
墳墓	フンボ
墻壁	ショウヘキ
墾く	ヒラク
墾田	コンデン
壁かけ	カベカケ
壁かざり	カベカザリ
壁ぎわ	カベギワ
壁下地	カベシタジ
壁代	カベシロ
壁土	カベツチ
壁塗り	カベヌリ
壁打ち	カベウチ
壁掛	カベカケ
壁掛け	カベカケ
壁新聞	カベシンブン
壁材	カベザイ
壁板	カベイタ
壁沿い	カベゾイ
壁泉	ヘキセン
壁画	ヘキガ
壁紙	カベガミ
壁蝨	ダニ
壁越し	カベゴシ
壁間	ヘキカン
壁際	カベギワ
壁面	ヘキメン
壁飾り	カベカザリ
壁龕	ヘキガン
壇上	ダンジョウ
壊す	コワス
壊れもの	コワレモノ
壊れる	コワレル
壊れ物	コワレモノ
壊乱	カイラン
壊変	カイヘン
壊死	エシ
壊滅	カイメツ
壊疽	エソ
壊血病	カイケツビョウ
壌土	ジョウド
壜詰	ビンヅメ
壜詰め	ビンヅメ
壟断	ロウダン
士人	シジン
士分	シブン
士卒	シソツ
士君子	シクンシ
士官	シカン
士師	シシ
士庶	シショ
士族	シゾク
士業	シギョウ
士民	シミン
士気	シキ
士道	シドウ
士長	シチョウ
士魂	シコン
壬生菜	ミブナ
壮ん	サカン
壮丁	ソウテイ
壮健	ソウケン
壮図	ソウト
壮士	ソウシ
壮大	ソウダイ
壮年	ソウネン
壮年期	ソウネンキ
壮志	ソウシ
壮快	ソウカイ
壮挙	ソウキョ
壮烈	ソウレツ
壮絶	ソウゼツ
壮美	ソウビ
壮者	ソウシャ
壮行	ソウコウ
壮行会	ソウコウカイ
壮観	ソウカン
壮語	ソウゴ
壮途	ソウト
壮麗	ソウレイ
壮齢	ソウレイ
声々	コエゴエ
声かけ	コエカケ
声がかり	コエガカリ
声がけ	コエガケ
声価	セイカ
声優	セイユウ
声区	セイク
声域	セイイキ
声声	コエゴエ
声変り	コエガワリ
声変わり	コエガワリ
声帯	セイタイ
声掛かり	コエガカリ
声援	セイエン
声明文	セイメイブン
声明書	セイメイショ
声望	セイボウ
声楽	セイガク
声楽家	セイガクカ
声母	セイボ
声涙	セイルイ
声紋	セイモン
声聞	ショウモン
声誉	セイヨ
声調	セイチョウ
声道	セイドウ
声量	セイリョウ
声門	セイモン
声音文字	セイオンモジ
声高	コワダカ
売っぱらう	ウッパラウ
売り	ウリ
売りことば	ウリコトバ
売りさばく	ウリサバク
売りつける	ウリツケル
売りつなぎ	ウリツナギ
売りとばす	ウリトバス
売りどき	ウリドキ
売りぬけ	ウリヌケ
売りぬける	ウリヌケル
売りはらう	ウリハラウ
売りもの	ウリモノ
売りオペ	ウリオペ
売り上	ウリアゲ
売り上げ	ウリアゲ
売り主	ウリヌシ
売り付け	ウリツケ
売り付ける	ウリツケル
売り値	ウリネ
売り出し	ウリダシ
売り出す	ウリダス
売り切れ	ウリキレ
売り切れる	ウリキレル
売り叩く	ウリタタク
売り地	ウリチ
売り場	ウリバ
売り声	ウリゴエ
売り子	ウリコ
売り専	ウリセン
売り尽くす	ウリツクス
売り尽す	ウリツクス
売り広める	ウリヒロメル
売り急ぐ	ウリイソグ
売り惜しみ	ウリオシミ
売り惜しむ	ウリオシム
売り手	ウリテ
売り手市場	ウリテシジョウ
売り抜け	ウリヌケ
売り抜ける	ウリヌケル
売り捌き	ウリサバキ
売り捌く	ウリサバク
売り掛け	ウリカケ
売り文句	ウリモンク
売り方	ウリカタ
売り日	ウリビ
売り時	ウリドキ
売り歩く	ウリアルク
売り渋る	ウリシブル
売り渡し	ウリワタシ
売り渡す	ウリワタス
売り物	ウリモノ
売り玉	ウリギョク
売り立て	ウリタテ
売り繋ぎ	ウリツナギ
売り薬	ウリグスリ
売り言葉	ウリコトバ
売り買い	ウリカイ
売り越し	ウリコシ
売り込み	ウリコミ
売り込む	ウリコム
売り逃げ	ウリニゲ
売り飛ばす	ウリトバス
売り食い	ウリグイ
売る	ウル
売れっ妓	ウレッコ
売れっ子	ウレッコ
売れゆき	ウレユキ
売れる	ウレル
売れ口	ウレクチ
売れ残り	ウレノコリ
売れ残る	ウレノコル
売れ筋	ウレスジ
売れ線	ウレセン
売れ行き	ウレユキ
売れ足	ウレアシ
売れ高	ウレダカ
売上	ウリアゲ
売上げ	ウリアゲ
売上原価	ウリアゲゲンカ
売上総利益	ウリアゲソウリエキ
売上高	ウリアゲダカ
売主	ウリヌシ
売人	バイニン
売付	ウリツケ
売付け	ウリツケ
売付ける	ウリツケル
売価	バイカ
売値	ウリネ
売僧	マイス
売出	ウリダシ
売出し	ウリダシ
売出す	ウリダス
売切れ	ウリキレ
売切れる	ウリキレル
売卜	バイボク
売却	バイキャク
売名	バイメイ
売品	バイヒン
売国	バイコク
売国奴	バイコクド
売場	ウリバ
売子	ウリコ
売店	バイテン
売手	ウリテ
売抜け	ウリヌケ
売捌く	ウリサバク
売掛金	ウリカケキン
売文	バイブン
売春	バイシュン
売春婦	バイシュンフ
売春街	バイシュンガイ
売残り	ウレノコリ
売淫	バイイン
売渡す	ウリワタス
売物	ウリモノ
売立て	ウリタテ
売笑	バイショウ
売約	バイヤク
売色	バイショク
売血	バイケツ
売行	ウレユキ
売行き	ウレユキ
売言葉	ウリコトバ
売越し	ウリコシ
売込み	ウリコミ
売電	バイデン
壷焼き	ツボヤキ
壺庭	ツボニワ
壺湯	ツボユ
壺焼	ツボヤキ
壺焼き	ツボヤキ
壺皿	ツボザラ
壺金	ツボガネ
壺鯛	ツボダイ
変える	カエル
変じる	ヘンジル
変ずる	ヘンズル
変ちくりん	ヘンチクリン
変てこ	ヘンテコ
変てこりん	ヘンテコリン
変ぼう	ヘンボウ
変り	カワリ
変り目	カワリメ
変り種	カワリダネ
変る	カワル
変わりばえ	カワリバエ
変わりめ	カワリメ
変わりゆく	カワリユク
変わり映え	カワリバエ
変わり目	カワリメ
変わり種	カワリダネ
変わり行く	カワリユク
変わり身	カワリミ
変わる	カワル
変乱	ヘンラン
変事	ヘンジ
変人	ヘンジン
変位	ヘンイ
変体	ヘンタイ
変光星	ヘンコウセイ
変分	ヘンブン
変分学	ヘンブンガク
変則	ヘンソク
変則的	ヘンソクテキ
変動	ヘンドウ
変動率	ヘンドウリツ
変動費	ヘンドウヒ
変動費用	ヘンドウヒヨウ
変化形	ヘンカケイ
変化球	ヘンカキュウ
変哲	ヘンテツ
変圧	ヘンアツ
変圧器	ヘンアツキ
変型	ヘンケイ
変域	ヘンイキ
変声	ヘンセイ
変声期	ヘンセイキ
変奏	ヘンソウ
変奏曲	ヘンソウキョク
変字	ヘンジ
変容	ヘンヨウ
変幻	ヘンゲン
変形	ヘンケイ
変形体	ヘンケイタイ
変形労働時間制	ヘンケイロウドウジカンセイ
変形菌	ヘンケイキン
変心	ヘンシン
変性	ヘンセイ
変態	ヘンタイ
変態性	ヘンタイセイ
変成	ヘンセイ
変成器	ヘンセイキ
変成岩	ヘンセイガン
変拍子	ヘンビョウシ
変換	ヘンカン
変数	ヘンスウ
変旋光	ヘンセンコウ
変曲点	ヘンキョクテン
変更	ヘンコウ
変更届	ヘンコウトドケ
変格	ヘンカク
変梃	ヘンテコ
変梃りん	ヘンテコリン
変死	ヘンシ
変死体	ヘンシタイ
変法	ヘンポウ
変温動物	ヘンオンドウブツ
変災	ヘンサイ
変物	ヘンブツ
変状	ヘンジョウ
変異	ヘンイ
変移	ヘンイ
変種	ヘンシュ
変節	ヘンセツ
変色	ヘンショク
変装	ヘンソウ
変説	ヘンセツ
変調	ヘンチョウ
変貌	ヘンボウ
変質	ヘンシツ
変質者	ヘンシツシャ
変身	ヘンシン
変転	ヘンテン
変通	ヘンツウ
変速	ヘンソク
変造	ヘンゾウ
変遷	ヘンセン
変量	ヘンリョウ
変針	ヘンシン
変電	ヘンデン
変電所	ヘンデンショ
変革	ヘンカク
変革期	ヘンカクキ
変項	ヘンコウ
変顔	ヘンガオ
夏かぜ	ナツカゼ
夏ばて	ナツバテ
夏まつり	ナツマツリ
夏やせ	ナツヤセ
夏ツバキ	ナツツバキ
夏バテ	ナツバテ
夏休み	ナツヤスミ
夏作	ナツサク
夏場	ナツバ
夏場所	ナツバショ
夏季休暇	カキキュウカ
夏山	ナツヤマ
夏布団	ナツブトン
夏掛け	ナツガケ
夏時刻	ナツジコク
夏時間	ナツジカン
夏服	ナツフク
夏期	カキ
夏期休暇	カキキュウカ
夏枯れ	ナツガレ
夏柑	ナツカン
夏椿	ナツツバキ
夏橙	ナツダイダイ
夏毛	ナツゲ
夏物	ナツモノ
夏痩せ	ナツヤセ
夏眠	カミン
夏着	ナツギ
夏祭	ナツマツリ
夏祭り	ナツマツリ
夏空	ナツゾラ
夏至	ゲシ
夏至点	ゲシテン
夏芝居	ナツシバイ
夏茱萸	ナツグミ
夏菊	ナツギク
夏蚕	ナツゴ
夏蝉	ナツゼミ
夏負け	ナツマケ
夏野菜	ナツヤサイ
夏風	ナツカゼ
夏風邪	ナツカゼ
夏鳥	ナツドリ
夕がた	ユウガタ
夕ぐれ	ユウグレ
夕げ	ユウゲ
夕ごはん	ユウゴハン
夕ご飯	ユウゴハン
夕なぎ	ユウナギ
夕べ	ユウベ
夕まぐれ	ユウマグレ
夕もや	ユウモヤ
夕やけ	ユウヤケ
夕やみ	ユウヤミ
夕冷え	ユウビエ
夕凪	ユウナギ
夕刊	ユウカン
夕刊紙	ユウカンシ
夕刻	ユウコク
夕勤	ユウキン
夕影	ユウカゲ
夕御飯	ユウゴハン
夕方	ユウガタ
夕明り	ユウアカリ
夕映え	ユウバエ
夕晴れ	ユウバレ
夕暮	ユウグレ
夕暮れ	ユウグレ
夕月	ユウヅキ
夕汐	ユウシオ
夕活	ユウカツ
夕涼み	ユウスズミ
夕潮	ユウシオ
夕焼	ユウヤケ
夕焼け	ユウヤケ
夕礼	ユウレイ
夕空	ユウゾラ
夕立	ユウダチ
夕立ち	ユウダチ
夕菅	ユウスゲ
夕蝉	ユウゼミ
夕闇	ユウヤミ
夕雲	ユウグモ
夕霞	ユウガスミ
夕靄	ユウモヤ
夕顔	ユウガオ
夕風	ユウカゼ
夕餉	ユウゲ
外あそび	ソトアソビ
外とう	ガイトウ
外のり	ソトノリ
外ぶた	ソトブタ
外また	ソトマタ
外まわり	ソトマワリ
外れ	ハズレ
外れる	ハズレル
外れ値	ハズレチ
外タレ	ガイタレ
外乱	ガイラン
外事	ガイジ
外交	ガイコウ
外交上	ガイコウジョウ
外交員	ガイコウイン
外交団	ガイコウダン
外交官	ガイコウカン
外交家	ガイコウカ
外交特権	ガイコウトッケン
外交的	ガイコウテキ
外交筋	ガイコウスジ
外人	ガイジン
外付け	ソトヅケ
外伝	ガイデン
外信	ガイシン
外債	ガイサイ
外傷	ガイショウ
外光	ガイコウ
外出中	ガイシュツチュウ
外出先	ガイシュツサキ
外出血	ガイシュッケツ
外分	ガイブン
外切	ガイセツ
外力	ガイリョク
外務	ガイム
外務員	ガイムイン
外務大臣	ガイムダイジン
外務省	ガイムショウ
外勢	ガイセイ
外勤	ガイキン
外化	ガイカ
外史	ガイシ
外合	ガイゴウ
外向	ガイコウ
外向き	ソトムキ
外向性	ガイコウセイ
外周	ガイシュウ
外呼吸	ガイコキュウ
外商	ガイショウ
外回り	ソトマワリ
外因	ガイイン
外囲	ガイイ
外囲い	ソトガコイ
外国人	ガイコクジン
外国人労働者	ガイコクジンロウドウシャ
外国人参政権	ガイコクジンサンセイケン
外国人留学生	ガイコクジンリュウガクセイ
外国企業	ガイコクキギョウ
外国債	ガイコクサイ
外国旅行	ガイコクリョコウ
外国法	ガイコクホウ
外国為替	ガイコクカワセ
外国為替市場	ガイコクカワセシジョウ
外国為替相場	ガイコクカワセソウバ
外国産	ガイコクサン
外国税額控除	ガイコクゼイガクコウジョ
外国籍	ガイコクセキ
外国米	ガイコクマイ
外国製	ガイコクセイ
外国語	ガイコクゴ
外国資本	ガイコクシホン
外圧	ガイアツ
外在	ガイザイ
外地	ガイチ
外城	ガイジョウ
外堀	ソトボリ
外報	ガイホウ
外場	ガイバ
外大	ガイダイ
外套	ガイトウ
外套膜	ガイトウマク
外婚	ガイコン
外字	ガイジ
外字紙	ガイジシ
外寇	ガイコウ
外寸	ガイスン
外局	ガイキョク
外層	ガイソウ
外履き	ソトバキ
外山	トヤマ
外帯	ガイタイ
外干し	ソトボシ
外廓	ガイカク
外延	ガイエン
外廻り	ソトマワリ
外形	ガイケイ
外形寸法	ガイケイスンポウ
外征	ガイセイ
外径	ガイケイ
外心	ガイシン
外患	ガイカン
外患罪	ガイカンザイ
外惑星	ガイワクセイ
外扉	ソトトビラ
外挿	ガイソウ
外掛け	ソトガケ
外接	ガイセツ
外接円	ガイセツエン
外政	ガイセイ
外敵	ガイテキ
外旋	ガイセン
外曲	ガイキョク
外書き	ソトガキ
外材	ガイザイ
外来	ガイライ
外来種	ガイライシュ
外来者	ガイライシャ
外来語	ガイライゴ
外来魚	ガイライギョ
外板	ガイハン
外枠	ソトワク
外核	ガイカク
外構え	ソトガマエ
外様	トザマ
外歩き	ソトアルキ
外殻	ガイカク
外気	ガイキ
外気圏	ガイキケン
外泊	ガイハク
外注	ガイチュウ
外洋	ガイヨウ
外港	ガイコウ
外湯	ソトユ
外濠	ソトボリ
外灯	ガイトウ
外炎	ガイエン
外為	ガイタメ
外為法	ガイタメホウ
外無双	ソトムソウ
外物	ガイブツ
外環	ガイカン
外生	ガイセイ
外甥	ガイセイ
外用	ガイヨウ
外用薬	ガイヨウヤク
外界	ガイカイ
外的	ガイテキ
外皮	ガイヒ
外皮系	ガイヒケイ
外目	ソトメ
外祖父	ガイソフ
外科	ゲカ
外科医	ゲカイ
外科学	ゲカガク
外税	ソトゼイ
外種皮	ガイシュヒ
外積	ガイセキ
外窓	ソトマド
外端	ガイタン
外箱	ソトバコ
外米	ガイマイ
外紙	ガイシ
外線	ガイセン
外縁	ガイエン
外耳	ガイジ
外耳炎	ガイジエン
外耳道	ガイジドウ
外聞	ガイブン
外膜	ガイマク
外臣	ガイシン
外舅	ガイキュウ
外航	ガイコウ
外苑	ガイエン
外蓋	ソトブタ
外衣	ガイイ
外装	ガイソウ
外観	ガイカン
外角	ガイカク
外註	ガイチュウ
外語	ガイゴ
外貌	ガイボウ
外貨	ガイカ
外貨債	ガイカサイ
外貨建	ガイカダテ
外貨建て	ガイカダテ
外販	ガイハン
外資	ガイシ
外資系	ガイシケイ
外資系企業	ガイシケイキギョウ
外賓	ガイヒン
外車	ガイシャ
外転	ガイテン
外輪山	ガイリンザン
外輪船	ガイリンセン
外連	ケレン
外遊	ガイユウ
外遊び	ソトアソビ
外道	ゲドウ
外部	ガイブ
外部クロック	ガイブクロック
外部委託	ガイブイタク
外部性	ガイブセイ
外部生	ガイブセイ
外郭	ガイカク
外野	ガイヤ
外野席	ガイヤセキ
外野手	ガイヤシュ
外釜	ソトガマ
外銀	ガイギン
外開き	ソトビラキ
外陰	ガイイン
外電	ガイデン
外需	ガイジュ
外面的	ガイメンテキ
外題	ゲダイ
外食	ガイショク
外鰐	ソトワニ
夙に	ツトニ
夙夜	シュクヤ
夙成	シュクセイ
多々	タタ
多い	オオイ
多く	オオク
多め	オオメ
多世帯	タセタイ
多事	タジ
多事多難	タジタナン
多作	タサク
多価	タカ
多元	タゲン
多元的	タゲンテキ
多元論	タゲンロン
多党	タトウ
多党制	タトウセイ
多分	タブン
多動	タドウ
多動症	タドウショウ
多国籍	タコクセキ
多国間	タコクカン
多型	タケイ
多売	タバイ
多多	タタ
多大	タダイ
多夫	タフ
多妻	タサイ
多子	タシ
多孔	タコウ
多孔性	タコウセイ
多宝塔	タホウトウ
多寡	タカ
多少	タショウ
多尿	タニョウ
多尿症	タニョウショウ
多層	タソウ
多岐	タキ
多島海	タトウカイ
多年	タネン
多年生	タネンセイ
多年生植物	タネンセイショクブツ
多年草	タネンソウ
多幸	タコウ
多幸感	タコウカン
多弁	タベン
多形	タケイ
多彩	タサイ
多忙	タボウ
多恨	タコン
多情	タジョウ
多感	タカン
多才	タサイ
多指	タシ
多指症	タシショウ
多摩弁	タマベン
多数	タスウ
多数決	タスウケツ
多数派	タスウハ
多方面	タホウメン
多智	タチ
多望	タボウ
多極	タキョク
多極化	タキョクカ
多様	タヨウ
多様体	タヨウタイ
多様化	タヨウカ
多様性	タヨウセイ
多機能	タキノウ
多次元	タジゲン
多欲	タヨク
多段	タダン
多毛	タモウ
多毛作	タモウサク
多毛症	タモウショウ
多毛類	タモウルイ
多民族	タミンゾク
多汁	タジュウ
多汗症	タカンショウ
多淫	タイン
多湿	タシツ
多生	タショウ
多産	タサン
多用	タヨウ
多病	タビョウ
多発	タハツ
多目	オオメ
多目的	タモクテキ
多神教	タシンキョウ
多祥	タショウ
多種	タシュ
多端	タタン
多糖	タトウ
多糖類	タトウルイ
多結晶	タケッショウ
多羅	タラ
多羅樹	タラジュ
多羅葉	タラヨウ
多義	タギ
多義的	タギテキ
多義語	タギゴ
多肉	タニク
多肉植物	タニクショクブツ
多胎	タタイ
多胎児	タタイジ
多能	タノウ
多能工	タノウコウ
多色	タショク
多色刷り	タショクズリ
多芸	タゲイ
多血	タケツ
多血症	タケツショウ
多血質	タケツシツ
多要素認証	タヨウソニンショウ
多角化	タカクカ
多角的	タカクテキ
多言語	タゲンゴ
多言語化	タゲンゴカ
多読	タドク
多調	タチョウ
多謝	タシャ
多趣味	タシュミ
多足類	タソクルイ
多辺形	タヘンケイ
多選	タセン
多重	タジュウ
多重化	タジュウカ
多量	タリョウ
多難	タナン
多雨	タウ
多面	タメン
多面体	タメンタイ
多面性	タメンセイ
多面的	タメンテキ
多面角	タメンカク
多項式	タコウシキ
多項目	タコウモク
多頭	タトウ
多額	タガク
多食	タショク
多飲	タイン
夜々	ヨヨ
夜がらす	ヨガラス
夜ごはん	ヨルゴハン
夜ご飯	ヨルゴハン
夜すがら	ヨスガラ
夜たか	ヨタカ
夜っぴて	ヨッピテ
夜とぎ	ヨトギ
夜どおし	ヨドオシ
夜なか	ヨナカ
夜なべ	ヨナベ
夜な夜な	ヨナヨナ
夜の目	ヨノメ
夜ばなし	ヨバナシ
夜ふかし	ヨフカシ
夜ふけ	ヨフケ
夜もすがら	ヨモスガラ
夜わ	ヨワ
夜会	ヤカイ
夜会服	ヤカイフク
夜伽	ヨトギ
夜働き	ヨバタラキ
夜光	ヤコウ
夜光虫	ヤコウチュウ
夜具	ヤグ
夜分	ヤブン
夜前	ヤゼン
夜勤	ヤキン
夜叉	ヤシャ
夜咄	ヨバナシ
夜啼き	ヨナキ
夜営	ヤエイ
夜回り	ヨマワリ
夜型	ヨルガタ
夜天	ヤテン
夜学	ヤガク
夜宮	ヨミヤ
夜寒	ヨサム
夜尿症	ヤニョウショウ
夜嵐	ヨアラシ
夜店	ヨミセ
夜御飯	ヨルゴハン
夜想曲	ヤソウキョク
夜戦	ヤセン
夜明	ヨアケ
夜明かし	ヨアカシ
夜明け	ヨアケ
夜明し	ヨアカシ
夜昼	ヨルヒル
夜景	ヤケイ
夜曲	ヤキョク
夜更かし	ヨフカシ
夜更け	ヨフケ
夜更し	ヨフカシ
夜来	ヤライ
夜桜	ヨザクラ
夜歩き	ヨアルキ
夜気	ヤキ
夜汽車	ヨギシャ
夜泣き	ヨナキ
夜烏	ヨガラス
夜爪	ヨヅメ
夜目	ヨメ
夜盲症	ヤモウショウ
夜直	ヤチョク
夜着	ヨギ
夜祭	ヨマツリ
夜祭り	ヨマツリ
夜空	ヨゾラ
夜立ち	ヨダチ
夜籠り	ヨゴモリ
夜色	ヤショク
夜蛾	ヤガ
夜行バス	ヤコウバス
夜行便	ヤコウビン
夜行性	ヤコウセイ
夜襲	ヤシュウ
夜見世	ヨミセ
夜討ち	ヨウチ
夜警	ヤケイ
夜軍	ヨイクサ
夜逃げ	ヨニゲ
夜這い	ヨバイ
夜通し	ヨドオシ
夜遊び	ヨアソビ
夜道	ヨミチ
夜釣	ヨヅリ
夜釣り	ヨヅリ
夜鍋	ヨナベ
夜長	ヨナガ
夜間	ヤカン
夜間勤務	ヤカンキンム
夜陰	ヤイン
夜霧	ヨギリ
夜露死苦	ヨロシク
夜顔	ヨルガオ
夜風	ヨカゼ
夜食	ヤショク
夜驚症	ヤキョウショウ
夜鳥	ヤチョウ
夜鳴き	ヨナキ
夜鳴きそば	ヨナキソバ
夜鳴き蕎麦	ヨナキソバ
夜鷹	ヨタカ
夢うつつ	ユメウツツ
夢みる	ユメミル
夢オチ	ユメオチ
夢中	ムチュウ
夢判断	ユメハンダン
夢占い	ユメウラナイ
夢合わせ	ユメアワセ
夢寐	ムビ
夢心地	ユメゴコチ
夢想	ムソウ
夢想家	ムソウカ
夢枕	ユメマクラ
夢物語	ユメモノガタリ
夢現	ユメウツツ
夢精	ムセイ
夢落ち	ユメオチ
夢見	ユメミ
夢見る	ユメミル
夢解き	ユメトキ
夢語り	ユメガタリ
夢路	ユメジ
夢遊	ムユウ
夢遊病	ムユウビョウ
夢魔	ムマ
夥しい	オビタダシイ
夥多	カタ
大々	ダイダイ
大々的	ダイダイテキ
大あくび	オオアクビ
大あり	オオアリ
大あわて	オオアワテ
大いそがし	オオイソガシ
大いそぎ	オオイソギ
大いなる	オオイナル
大いに	オオイニ
大いばり	オオイバリ
大いびき	オオイビキ
大がかり	オオガカリ
大き	オオキ
大きい	オオキイ
大きく	オオキク
大きさ	オオキサ
大きな	オオキナ
大きに	オオキニ
大きめ	オオキメ
大き目	オオキメ
大けが	オオケガ
大げさ	オオゲサ
大げんか	オオゲンカ
大ごと	オオゴト
大さじ	オオサジ
大ざっぱ	オオザッパ
大しけ	オオシケ
大した	タイシタ
大して	タイシテ
大そう	タイソウ
大っきい	オッキイ
大っきらい	ダイッキライ
大っぴら	オオッピラ
大っ嫌い	ダイッキライ
大つごもり	オオツゴモリ
大づかみ	オオヅカミ
大てい	タイテイ
大とろ	オオトロ
大なた	オオナタ
大なべ	オオナベ
大にぎわい	オオニギワイ
大の字	ダイノジ
大はしゃぎ	オオハシャギ
大はずれ	オオハズレ
大はやり	オオハヤリ
大ぶり	オオブリ
大ぶろしき	オオブロシキ
大へん	タイヘン
大まか	オオマカ
大まじめ	オオマジメ
大また	オオマタ
大みそか	オオミソカ
大もうけ	オオモウケ
大もて	オオモテ
大もと	オオモト
大やけど	オオヤケド
大らか	オオラカ
大わらわ	オオワラワ
大ウソ	オオウソ
大ケガ	オオケガ
大ゲンカ	オオゲンカ
大ッ嫌い	ダイッキライ
大トロ	オオトロ
大ノリ	オオノリ
大ヒット	ダイヒット
大ブーム	ダイブーム
大モテ	オオモテ
大一番	オオイチバン
大不況	ダイフキョウ
大中小	ダイチュウショウ
大乗	ダイジョウ
大乗り	オオノリ
大乗仏教	ダイジョウブッキョウ
大乗的	ダイジョウテキ
大乱	タイラン
大事件	ダイジケン
大事故	ダイジコ
大人しい	オトナシイ
大人しく	オトナシク
大人しやか	オトナシヤカ
大人びる	オトナビル
大人ニキビ	オトナニキビ
大人買い	オトナガイ
大人面皰	オトナニキビ
大仏	ダイブツ
大仕事	オオシゴト
大仰	オオギョウ
大任	タイニン
大企業	ダイキギョウ
大伯母	オオオバ
大伯父	オオオジ
大体	ダイタイ
大作	タイサク
大使	タイシ
大使館	タイシカン
大便	ダイベン
大僧正	ダイソウジョウ
大儀	タイギ
大儒	タイジュ
大儲け	オオモウケ
大元	オオモト
大元帥	ダイゲンスイ
大先生	ダイセンセイ
大先輩	ダイセンパイ
大入り	オオイリ
大入り袋	オオイリブクロ
大入袋	オオイリブクロ
大入道	オオニュウドウ
大全	タイゼン
大八車	ダイハチグルマ
大公	タイコウ
大典	タイテン
大内刈	オオウチガリ
大円	ダイエン
大冊	タイサツ
大冒険	ダイボウケン
大写し	オオウツシ
大凡	オオヨソ
大凶	ダイキョウ
大出来	オオデキ
大分類	ダイブンルイ
大切り	オオギリ
大判	オオバン
大判焼き	オオバンヤキ
大別	タイベツ
大前	オオマエ
大前提	ダイゼンテイ
大剣	タイケン
大力	ダイリキ
大功	タイコウ
大助かり	オオダスカリ
大勇	タイユウ
大動脈	ダイドウミャク
大勝	タイショウ
大勝ち	オオガチ
大勝利	ダイショウリ
大勲位	ダイクンイ
大化け	オオバケ
大匙	オオサジ
大卒	ダイソツ
大卒者	ダイソツシャ
大博打	オオバクチ
大厄	タイヤク
大叔母	オオオバ
大叔父	オオオジ
大台	オオダイ
大司教	ダイシキョウ
大吉	ダイキチ
大同	ダイドウ
大同小異	ダイドウショウイ
大名	ダイミョウ
大向こう	オオムコウ
大吟醸	ダイギンジョウ
大味	オオアジ
大呼	タイコ
大命	タイメイ
大和心	ヤマトゴコロ
大和撫子	ヤマトナデシコ
大和歌	ヤマトウタ
大和比	ヤマトヒ
大和煮	ヤマトニ
大和琴	ヤマトゴト
大和絵	ヤマトエ
大和芋	ヤマトイモ
大和蜆	ヤマトシジミ
大和魂	ヤマトダマシイ
大商い	オオアキナイ
大喜び	オオヨロコビ
大喜利	オオギリ
大喧嘩	オオゲンカ
大喪	タイソウ
大喰らい	オオグライ
大嘘	オオウソ
大嘴	オオハシ
大噓	オオウソ
大器	タイキ
大器晩成	タイキバンセイ
大回り	オオマワリ
大回転	ダイカイテン
大団円	ダイダンエン
大国	タイコク
大圏	タイケン
大圏コース	タイケンコース
大地	ダイチ
大型	オオガタ
大型犬	オオガタケン
大型車	オオガタシャ
大域	タイイキ
大売り出し	オオウリダシ
大売出し	オオウリダシ
大変	タイヘン
大外	オオソト
大外れ	オオハズレ
大外刈	オオソトガリ
大多数	ダイタスウ
大大	ダイダイ
大大的	ダイダイテキ
大天使	ダイテンシ
大奥	オオオク
大好き	ダイスキ
大好物	ダイコウブツ
大妖	タイヨウ
大威張り	オオイバリ
大婚	タイコン
大嫌い	ダイキライ
大学	ダイガク
大学いも	ダイガクイモ
大学卒	ダイガクソツ
大学校	ダイガッコウ
大学生	ダイガクセイ
大学病院	ダイガクビョウイン
大学祭	ダイガクサイ
大学者	ダイガクシャ
大学芋	ダイガクイモ
大学院	ダイガクイン
大学院卒	ダイガクインソツ
大学院大学	ダイガクインダイガク
大学院生	ダイガクインセイ
大學	ダイガク
大宇宙	ダイウチュウ
大安売り	オオヤスウリ
大宗	タイソウ
大官	タイカン
大宮	オオミヤ
大宮人	オオミヤビト
大家族	ダイカゾク
大富豪	ダイフゴウ
大寒	ダイカン
大寒波	ダイカンパ
大寺	ダイジ
大小	ダイショウ
大尽	ダイジン
大尾	タイビ
大局	タイキョク
大局観	タイキョクカン
大屋	オオヤ
大層	タイソウ
大山木	タイサンボク
大山椒魚	オオサンショウウオ
大島	オオシマ
大島つむぎ	オオシマツムギ
大島紬	オオシマツムギ
大嵐	オオアラシ
大差	タイサ
大巾	オオハバ
大帝	タイテイ
大師堂	ダイシドウ
大幅	オオハバ
大幣	オオヌサ
大広間	オオヒロマ
大序	ダイジョ
大店	オオダナ
大度	タイド
大廻り	オオマワリ
大引け	オオビケ
大彎	ダイワン
大当たり	オオアタリ
大当り	オオアタリ
大役	タイヤク
大往生	ダイオウジョウ
大御代	オオミヨ
大御宝	オオミタカラ
大御所	オオゴショ
大御神	オオミカミ
大志	タイシ
大忙し	オオイソガシ
大念仏	ダイネンブツ
大急ぎ	オオイソギ
大怪我	オオケガ
大恐慌	ダイキョウコウ
大恥	オオハジ
大恩	ダイオン
大患	タイカン
大惑星	ダイワクセイ
大惨事	ダイサンジ
大意	タイイ
大愚	タイグ
大慌て	オオアワテ
大慶	タイケイ
大成	タイセイ
大成功	ダイセイコウ
大戦	タイセン
大所帯	オオジョタイ
大所高所	タイショコウショ
大手企業	オオテキギョウ
大手筋	オオテスジ
大手術	ダイシュジュツ
大才	タイサイ
大技	オオワザ
大抵	タイテイ
大括弧	ダイカッコ
大持て	オオモテ
大挙	タイキョ
大振り	オオブリ
大捕り物	オオトリモノ
大捷	タイショウ
大掃除	オオソウジ
大掛かり	オオガカリ
大掛り	オオガカリ
大掴み	オオヅカミ
大政	タイセイ
大敗	タイハイ
大数	タイスウ
大敵	タイテキ
大旆	タイハイ
大日	ダイニチ
大日如来	ダイニチニョライ
大旨	オオムネ
大明神	ダイミョウジン
大昔	オオムカシ
大時化	オオシケ
大晦	オオツゴモリ
大晦日	オオミソカ
大暑	タイショ
大暴れ	オオアバレ
大書	タイショ
大有り	オオアリ
大木	タイボク
大本営	ダイホンエイ
大本山	ダイホンザン
大枚	タイマイ
大枠	オオワク
大株主	オオカブヌシ
大棗	タイソウ
大棟	オオムネ
大森林	ダイシンリン
大検	ダイケン
大業物	オオワザモノ
大概	タイガイ
大様	オオヨウ
大権	タイケン
大樹	タイジュ
大樽	オオダル
大橋	オオハシ
大欠伸	オオアクビ
大歌	オオウタ
大正琴	タイショウゴト
大正解	ダイセイカイ
大気	タイキ
大気圏	タイキケン
大気差	タイキサ
大水	オオミズ
大河	タイガ
大法廷	ダイホウテイ
大波	オオナミ
大泣き	オオナキ
大泥棒	オオドロボウ
大洋	タイヨウ
大津波	オオツナミ
大津絵	オオツエ
大洪水	ダイコウズイ
大流行り	オオハヤリ
大浴場	ダイヨクジョウ
大漁貧乏	タイリョウビンボウ
大潮	オオシオ
大火	タイカ
大火傷	オオヤケド
大災害	ダイサイガイ
大災害債券	ダイサイガイサイケン
大炊頭	オオイノカミ
大燥ぎ	オオハシャギ
大爆笑	ダイバクショウ
大物	オオモノ
大物食い	オオモノグイ
大犬座	オオイヌザ
大猟	タイリョウ
大獄	タイゴク
大玉	オオダマ
大理石	ダイリセキ
大甕	オオガメ
大甘	オオアマ
大男	オオオトコ
大略	タイリャク
大病	タイビョウ
大発会	ダイハッカイ
大発生	ダイハッセイ
大発見	ダイハッケン
大白	タイハク
大百科	ダイヒャッカ
大皿	オオザラ
大盛	オオモリ
大盛り	オオモリ
大盤	オオバン
大盤石	ダイバンジャク
大目	オオメ
大目付	オオメツケ
大目玉	オオメダマ
大相撲	オオズモウ
大真面目	オオマジメ
大砲	タイホウ
大破	タイハ
大礼	タイレイ
大祖父	オオオオジ
大神宮	ダイジングウ
大祥	ダイショウ
大祭	タイサイ
大福もち	ダイフクモチ
大福帳	ダイフクチョウ
大福餅	ダイフクモチ
大穴	オオアナ
大空	オオゾラ
大空襲	ダイクウシュウ
大立ち回り	オオタチマワリ
大立て者	オオダテモノ
大立者	オオダテモノ
大童	オオワラワ
大笑	タイショウ
大笑い	オオワライ
大筋	オオスジ
大筒	オオヅツ
大箱	オオバコ
大篆	ダイテン
大粒	オオツブ
大系	タイケイ
大納会	ダイノウカイ
大納言	ダイナゴン
大紫	オオムラサキ
大統領	ダイトウリョウ
大統領制	ダイトウリョウセイ
大総統	ダイソウトウ
大纛	タイトウ
大群	タイグン
大義	タイギ
大義名分	タイギメイブン
大老	タイロウ
大耳	オオミミ
大聖堂	ダイセイドウ
大股	オオマタ
大胆	ダイタン
大胸筋	ダイキョウキン
大脳	ダイノウ
大脳皮質	ダイノウヒシツ
大腸がん	ダイチョウガン
大腸ガン	ダイチョウガン
大腸炎	ダイチョウエン
大腸癌	ダイチョウガン
大腸菌	ダイチョウキン
大腿	ダイタイ
大腿筋	ダイタイキン
大腿骨	ダイタイコツ
大膳	ダイゼン
大自然	ダイシゼン
大至急	ダイシキュウ
大臼歯	ダイキュウシ
大芝居	オオシバイ
大茴香	ダイウイキョウ
大荒れ	オオアレ
大荷物	オオニモツ
大葉	オオバ
大葉子	オオバコ
大著	タイチョ
大葦切	オオヨシキリ
大葬	タイソウ
大蒜	ニンニク
大蔵省	オオクラショウ
大蔵経	ダイゾウキョウ
大藩	タイハン
大虎	オオトラ
大虐殺	ダイギャクサツ
大蜥蜴	オオトカゲ
大蝙蝠	オオコウモリ
大衆主義	タイシュウシュギ
大衆化	タイシュウカ
大衆性	タイシュウセイ
大衆紙	タイシュウシ
大衆薬	タイシュウヤク
大衆車	タイシュウシャ
大衆魚	タイシュウギョ
大行	タイコウ
大袈裟	オオゲサ
大袋	オオブクロ
大要	タイヨウ
大見え	オオミエ
大見得	オオミエ
大規模	ダイキボ
大規模言語モデル	ダイキボゲンゴモデル
大規模集積回路	ダイキボシュウセキカイロ
大親友	ダイシンユウ
大観	タイカン
大角豆	ササゲ
大言壮語	タイゲンソウゴ
大計	タイケイ
大詔	タイショウ
大詰	オオヅメ
大詰め	オオヅメ
大谷石	オオヤイシ
大豆	ダイズ
大豆ミート	ダイズミート
大豆肉	ダイズニク
大貝	オオガイ
大負け	オオマケ
大資本	ダイシホン
大賑わい	オオニギワイ
大賞	タイショウ
大賢	タイケン
大赦	タイシャ
大足	オオアシ
大躍進	ダイヤクシン
大車輪	ダイシャリン
大輪	タイリン
大辞典	ダイジテン
大農	ダイノウ
大逆罪	タイギャクザイ
大逆転	ダイギャクテン
大通り	オオドオリ
大過	タイカ
大道具	オオドウグ
大道芸	ダイドウゲイ
大違い	オオチガイ
大邦	タイホウ
大部分	ダイブブン
大部屋	オオベヤ
大都会	ダイトカイ
大都市	ダイトシ
大酔	タイスイ
大量	タイリョウ
大量死	タイリョウシ
大量生産	タイリョウセイサン
大金星	ダイキンボシ
大鉈	オオナタ
大銀杏	オオイチョウ
大鋸屑	オガクズ
大鍋	オオナベ
大鎧	オオヨロイ
大関	オオゼキ
大閤	タイコウ
大阪弁	オオサカベン
大降り	オオブリ
大陪審	ダイバイシン
大陸	タイリク
大陸性	タイリクセイ
大陸棚	タイリクダナ
大陸法	タイリクホウ
大隊	ダイタイ
大隊長	ダイタイチョウ
大集合	ダイシュウゴウ
大雑把	オオザッパ
大雨注意報	オオアメチュウイホウ
大震	タイシン
大震災	ダイシンサイ
大静脈	ダイジョウミャク
大音量	ダイオンリョウ
大風呂敷	オオブロシキ
大食	タイショク
大食い	オオグイ
大食らい	オオグライ
大食漢	タイショクカン
大食細胞	タイショクサイボウ
大首絵	オオクビエ
大馬鹿者	オオバカモノ
大駒	オオゴマ
大騒ぎ	オオサワギ
大鮃	オヒョウ
大鯰	オオナマズ
大鰻	オオウナギ
大鳥	オオトリ
大鴉	オオガラス
大鷭	オオバン
大鷲	オオワシ
大鷹	オオタカ
大鷺	ダイサギ
大麦	オオムギ
大黄	ダイオウ
大黒	ダイコク
大黒柱	ダイコクバシラ
大黒頭巾	ダイコクズキン
大鼾	オオイビキ
天かす	テンカス
天こ盛り	テンコモリ
天つゆ	テンツユ
天つ神	アマツカミ
天の邪鬼	アマノジャク
天びん	テンビン
天ぷら	テンプラ
天ぷら粉	テンプラコ
天むす	テンムス
天カス	テンカス
天パ	テンパ
天プラ	テンプラ
天上	テンジョウ
天上天下	テンジョウテンゲ
天上界	テンジョウカイ
天下り	アマクダリ
天下る	アマクダル
天下一品	テンカイッピン
天下分け目	テンカワケメ
天与	テンヨ
天中殺	テンチュウサツ
天主	テンシュ
天主堂	テンシュドウ
天主教	テンシュキョウ
天丼	テンドン
天井値	テンジョウネ
天井川	テンジョウガワ
天井板	テンジョウイタ
天井高	テンジョウダカ
天佑	テンユウ
天体	テンタイ
天体暦	テンタイレキ
天使	テンシ
天候	テンコウ
天元	テンゲン
天元戦	テンゲンセン
天分	テンブン
天刑	テンケイ
天助	テンジョ
天動説	テンドウセツ
天南星	テンナンショウ
天命	テンメイ
天啓	テンケイ
天地人	テンチジン
天地無用	テンチムヨウ
天堂	テンドウ
天壌	テンジョウ
天声	テンセイ
天変	テンペン
天変地異	テンペンチイ
天外	テンガイ
天女	テンニョ
天威	テンイ
天婦羅	テンプラ
天子	テンシ
天守	テンシュ
天守閣	テンシュカク
天官	テンカン
天寿	テンジュ
天嶮	テンケン
天工	テンコウ
天帝	テンテイ
天幕	テンマク
天府	テンプ
天引	テンビキ
天引き	テンビキ
天徳	テントク
天心	テンシン
天性	テンセイ
天恩	テンオン
天恵	テンケイ
天意	テンイ
天成	テンセイ
天手古舞	テンテコマイ
天才	テンサイ
天才児	テンサイジ
天才的	テンサイテキ
天授	テンジュ
天敵	テンテキ
天文台	テンモンダイ
天文学	テンモンガク
天文学的	テンモンガクテキ
天文家	テンモンカ
天文館	テンモンカン
天明	テンメイ
天晴	アッパレ
天晴れ	アッパレ
天朝	テンチョウ
天来	テンライ
天杯	テンパイ
天桴	テンプ
天極	テンキョク
天機	テンキ
天気	テンキ
天気予報	テンキヨホウ
天気図	テンキズ
天気雨	テンキアメ
天水	テンスイ
天水桶	テンスイオケ
天汁	テンツユ
天津日嗣	アマツヒツギ
天津飯	テンシンハン
天涯	テンガイ
天涯孤独	テンガイコドク
天測	テンソク
天満宮	テンマングウ
天滓	テンカス
天灯	テントウ
天災	テンサイ
天為	テンイ
天然	テンネン
天然林	テンネンリン
天然水	テンネンスイ
天然痘	テンネントウ
天然石	テンネンセキ
天然色	テンネンショク
天然記念物	テンネンキネンブツ
天爵	テンシャク
天父	テンプ
天狐	テンコ
天狗	テング
天球	テンキュウ
天球儀	テンキュウギ
天理	テンリ
天瓜粉	テンカフン
天産	テンサン
天産物	テンサンブツ
天疱瘡	テンポウソウ
天皇制	テンノウセイ
天皇旗	テンノウキ
天皇杯	テンノウハイ
天皇誕生日	テンノウタンジョウビ
天皇陛下	テンノウヘイカ
天皇陵	テンノウリョウ
天盃	テンパイ
天盤	テンバン
天目	テンモク
天真	テンシン
天真爛漫	テンシンランマン
天眼鏡	テンガンキョウ
天祐	テンユウ
天秤	テンビン
天秤宮	テンビンキュウ
天秤座	テンビンザ
天秤棒	テンビンボウ
天稟	テンピン
天空	テンクウ
天端	テンバ
天竺	テンジク
天竺葵	テンジクアオイ
天籟	テンライ
天網	テンモウ
天罰	テンバツ
天聞	テンブン
天聴	テンチョウ
天職	テンショク
天花粉	テンカフン
天草	テングサ
天蓋	テンガイ
天蚕糸	テグス
天蝎宮	テンカツキュウ
天衣	テンイ
天衣無縫	テンイムホウ
天袋	テンブクロ
天覧	テンラン
天誅	テンチュウ
天譴	テンケン
天豆	ソラマメ
天象	テンショウ
天資	テンシ
天賦	テンプ
天質	テンシツ
天赦日	テンシャニチ
天運	テンウン
天道虫	テントウムシ
天部	テンブ
天金	テンキン
天長	テンチョウ
天長節	テンチョウセツ
天険	テンケン
天際	テンサイ
天雷	テンライ
天面	テンメン
天頂	テンチョウ
天領	テンリョウ
天顔	テンガン
天魔	テンマ
天麩羅	テンプラ
太々しい	フテブテシイ
太ざお	フトザオ
太っちょ	フトッチョ
太っ腹	フトッパラ
太め	フトメ
太もも	フトモモ
太り肉	フトリジシ
太る	フトル
太傅	タイフ
太刀さばき	タチサバキ
太刀先	タチサキ
太刀打ち	タチウチ
太刀持	タチモチ
太刀持ち	タチモチ
太刀捌き	タチサバキ
太刀筋	タチスジ
太刀魚	タチウオ
太初	タイショ
太占	フトマニ
太古	タイコ
太夫元	タユウモト
太子	タイシ
太字	フトジ
太守	タイシュ
太山	タイザン
太巻き	フトマキ
太平	タイヘイ
太平楽	タイヘイラク
太文字	フトモジ
太枘	ダボ
太枠	フトワク
太棹	フトザオ
太極	タイキョク
太極拳	タイキョクケン
太極旗	タイキョクキ
太歳	タイサイ
太物	フトモノ
太白	タイハク
太目	フトメ
太眉	フトマユ
太祖	タイソ
太箸	フトバシ
太糸	フトイト
太線	フトセン
太織	フトオリ
太織り	フトオリ
太股	フトモモ
太腿	フトモモ
太藺	フトイ
太虚	タイキョ
太郎	タロウ
太閤	タイコウ
太陰	タイイン
太陰暦	タイインレキ
太陽	タイヨウ
太陽光	タイヨウコウ
太陽光発電	タイヨウコウハツデン
太陽光線	タイヨウコウセン
太陽年	タイヨウネン
太陽時	タイヨウジ
太陽暦	タイヨウレキ
太陽炉	タイヨウロ
太陽熱	タイヨウネツ
太陽節	タイヨウセツ
太陽系	タイヨウケイ
太陽風	タイヨウフウ
太陽鳥	タイヨウチョウ
太鼓判	タイコバン
太鼓医者	タイコイシャ
太鼓持ち	タイコモチ
太鼓橋	タイコバシ
夫君	フクン
夫妻	フサイ
夫婦仲	フウフナカ
夫婦別姓	フウフベッセイ
夫婦間	フウフカン
夫婦関係	フウフカンケイ
夫権	フケン
夭折	ヨウセツ
夭死	ヨウシ
夭逝	ヨウセイ
失くす	ナクス
失くなる	ナクナル
失せる	ウセル
失せろ	ウセロ
失せ物	ウセモノ
失そう	シッソウ
失なう	ウシナウ
失われた世代	ウシナワレタセダイ
失体	シッタイ
失保	シツホ
失効	シッコウ
失効日	シッコウビ
失名	シツメイ
失名氏	シツメイシ
失地	シッチ
失墜	シッツイ
失対	シッタイ
失当	シットウ
失心	シッシン
失念	シツネン
失恋	シツレン
失意	シツイ
失態	シッタイ
失投	シットウ
失政	シッセイ
失敗	シッパイ
失敗学	シッパイガク
失敗談	シッパイダン
失敬	シッケイ
失明	シツメイ
失望	シツボウ
失望感	シツボウカン
失格	シッカク
失業	シツギョウ
失業保険	シツギョウホケン
失業手当	シツギョウテアテ
失業率	シツギョウリツ
失業給付	シツギョウキュウフ
失業者	シツギョウシャ
失権	シッケン
失注	シッチュウ
失活	シッカツ
失火	シッカ
失点	シッテン
失着	シッチャク
失神	シッシン
失禁	シッキン
失笑	シッショウ
失策	シッサク
失職	シッショク
失職者	シッショクシャ
失脚	シッキャク
失血	シッケツ
失血死	シッケツシ
失行	シッコウ
失言	シツゲン
失認	シツニン
失語	シツゴ
失語症	シツゴショウ
失調	シッチョウ
失費	シッピ
失跡	シッセキ
失踪	シッソウ
失踪者	シッソウシャ
失透	シットウ
失速	シッソク
失錯	シッサク
失陥	シッカン
夷人	イジン
夷俘	イフ
夷狄	イテキ
夷講	エビスコウ
夾侍	キョウジ
夾撃	キョウゲキ
夾雑物	キョウザツブツ
奄々	エンエン
奄奄	エンエン
奇しくも	クシクモ
奇っ怪	キッカイ
奇人	キジン
奇体	キタイ
奇兵	キヘイ
奇兵隊	キヘイタイ
奇利	キリ
奇功	キコウ
奇効	キコウ
奇勝	キショウ
奇問	キモン
奇型	キケイ
奇声	キセイ
奇天烈	キテレツ
奇妙	キミョウ
奇岩	キガン
奇峭	キショウ
奇巌	キガン
奇形	キケイ
奇形児	キケイジ
奇形腫	キケイシュ
奇想	キソウ
奇想天外	キソウテンガイ
奇態	キタイ
奇手	キシュ
奇才	キサイ
奇抜	キバツ
奇捷	キショウ
奇数	キスウ
奇智	キチ
奇書	キショ
奇瑞	キズイ
奇異	キイ
奇病	キビョウ
奇癖	キヘキ
奇知	キチ
奇矯	キキョウ
奇祭	キサイ
奇禍	キカ
奇策	キサク
奇絶	キゼツ
奇縁	キエン
奇習	キシュウ
奇聞	キブン
奇胎	キタイ
奇行	キコウ
奇術	キジュツ
奇術師	キジュツシ
奇襲	キシュウ
奇観	キカン
奇計	キケイ
奇説	キセツ
奇談	キダン
奇譚	キタン
奇警	キケイ
奇貨	キカ
奇跡	キセキ
奇跡的	キセキテキ
奇蹄類	キテイルイ
奇蹟	キセキ
奇遇	キグウ
奇骨	キコツ
奇麗どころ	キレイドコロ
奇麗事	キレイゴト
奈何	イカン
奈良漬	ナラヅケ
奈良漬け	ナラヅケ
奈落	ナラク
奈辺	ナヘン
奉じる	ホウジル
奉ずる	ホウズル
奉仕	ホウシ
奉仕活動	ホウシカツドウ
奉仕者	ホウシシャ
奉伺	ホウシ
奉体	ホウタイ
奉公人	ホウコウニン
奉加	ホウガ
奉加帳	ホウガチョウ
奉勅	ホウチョク
奉呈	ホウテイ
奉告	ホウコク
奉唱	ホウショウ
奉奠	ホウテン
奉安	ホウアン
奉戴	ホウタイ
奉拝	ホウハイ
奉持	ホウジ
奉書	ホウショ
奉献	ホウケン
奉祀	ホウシ
奉祝	ホウシュク
奉答	ホウトウ
奉納	ホウノウ
奉職	ホウショク
奉行	ブギョウ
奉行所	ブギョウショ
奉読	ホウドク
奉賀	ホウガ
奉賛	ホウサン
奉迎	ホウゲイ
奉送	ホウソウ
奉遷	ホウセン
奉還	ホウカン
奏す	ソウス
奏する	ソウスル
奏でる	カナデル
奏上	ソウジョウ
奏功	ソウコウ
奏効	ソウコウ
奏楽	ソウガク
奏法	ソウホウ
奏者	ソウシャ
奏聞	ソウモン
奏薦	ソウセン
奏請	ソウセイ
奏鳴曲	ソウメイキョク
契り	チギリ
契る	チギル
契印	ケイイン
契合	ケイゴウ
契情	ケイセイ
契機	ケイキ
契約	ケイヤク
契約書	ケイヤクショ
契約期間	ケイヤクキカン
契約法	ケイヤクホウ
契約満了	ケイヤクマンリョウ
契約社員	ケイヤクシャイン
契約締結	ケイヤクテイケツ
契約者	ケイヤクシャ
契約金	ケイヤクキン
奔出	ホンシュツ
奔命	ホンメイ
奔放	ホンポウ
奔流	ホンリュウ
奔走	ホンソウ
奔逸	ホンイツ
奔馬	ホンバ
奔騰	ホントウ
奕奕	エキエキ
奠都	テント
奢り	オゴリ
奢る	オゴル
奢侈	シャシ
奥さま	オクサマ
奥さん	オクサン
奥の手	オクノテ
奥の院	オクノイン
奥まる	オクマル
奥ゆかしい	オクユカシイ
奥付	オクヅケ
奥付け	オクヅケ
奥伝	オクデン
奥医師	オクイシ
奥向き	オクムキ
奥壁	オクヘキ
奥女中	オクジョチュウ
奥妙	オウミョウ
奥山	オクヤマ
奥床しい	オクユカシイ
奥座敷	オクザシキ
奥庭	オクニワ
奥御殿	オクゴテン
奥手	オクテ
奥方	オクガタ
奥書	オクガキ
奥書き	オクガキ
奥様	オクサマ
奥歯	オクバ
奥行	オクユキ
奥行き	オクユキ
奥許し	オクユルシ
奨め	ススメ
奨める	ススメル
奨励	ショウレイ
奨励賞	ショウレイショウ
奨励金	ショウレイキン
奨学	ショウガク
奨学生	ショウガクセイ
奨学金制度	ショウガクキンセイド
奨金	ショウキン
奪いとる	ウバイトル
奪い去る	ウバイサル
奪い取る	ウバイトル
奪い合い	ウバイアイ
奪い返す	ウバイカエス
奪取	ダッシュ
奪回	ダッカイ
奪掠	ダツリャク
奪略	ダツリャク
奪還	ダッカン
奮いたつ	フルイタツ
奮い立つ	フルイタツ
奮い起こす	フルイオコス
奮い起す	フルイオコス
奮い起つ	フルイタツ
奮う	フルウ
奮励	フンレイ
奮戦	フンセン
奮激	フンゲキ
奮然	フンゼン
奮発	フンパツ
奮起	フンキ
奮迅	フンジン
奮闘	フントウ
女々しい	メメシイ
女ことば	オンナコトバ
女ざかり	オンナザカリ
女たらし	オンナタラシ
女ったらし	オンナッタラシ
女っ気	オンナッケ
女のこ	オンナノコ
女のコ	オンナノコ
女びな	メビナ
女ぶり	オンナブリ
女もの	オンナモノ
女やもめ	オンナヤモメ
女中	ジョチュウ
女伊達	オンナダテ
女体化	ニョタイカ
女偏	オンナヘン
女傑	ジョケツ
女優	ジョユウ
女児	ジョジ
女出入り	オンナデイリ
女医	ジョイ
女友達	オンナトモダチ
女史	ジョシ
女同士	オンナドウシ
女囚	ジョシュウ
女坂	オンナザカ
女声	ジョセイ
女女しい	メメシイ
女好き	オンナズキ
女婿	ジョセイ
女嫌い	オンナギライ
女子会	ジョシカイ
女子供	オンナコドモ
女子力	ジョシリョク
女子大	ジョシダイ
女子大学	ジョシダイガク
女子寮	ジョシリョウ
女子校	ジョシコウ
女子高	ジョシコウ
女学校	ジョガッコウ
女学生	ジョガクセイ
女学院	ジョガクイン
女寡	オンナヤモメ
女尊	ジョソン
女尊男卑	ジョソンダンピ
女工	ジョコウ
女帯	オンナオビ
女役	オンナヤク
女御子	オンナミコ
女心	オンナゴコロ
女性史	ジョセイシ
女性器	ジョセイキ
女性学	ジョセイガク
女性客	ジョセイキャク
女性専用車両	ジョセイセンヨウシャリョウ
女性用	ジョセイヨウ
女性的	ジョセイテキ
女性観	ジョセイカン
女性誌	ジョセイシ
女性語	ジョセイゴ
女怪	ジョカイ
女慣れ	オンナナレ
女房役	ニョウボウヤク
女房詞	ニョウボウコトバ
女手	オンナデ
女持	オンナモチ
女持ち	オンナモチ
女振り	オンナブリ
女文字	オンナモジ
女方	オンナガタ
女木	メギ
女松	メマツ
女権	ジョケン
女歌舞伎	オンナカブキ
女波	メナミ
女流	ジョリュウ
女浪	メナミ
女湯	オンナユ
女滝	メダキ
女物	オンナモノ
女犯	ニョボン
女狂い	オンナグルイ
女狐	メギツネ
女王蜂	ジョオウバチ
女生徒	ジョセイト
女癖	オンナグセ
女皇	ジョコウ
女盛り	オンナザカリ
女相撲	オンナズモウ
女磨き	オンナミガキ
女竹	メダケ
女結び	オンナムスビ
女給	ジョキュウ
女腹	オンナバラ
女臈	ジョロウ
女臭い	オンナクサイ
女芝居	オンナシバイ
女蕩し	オンナタラシ
女衒	ゼゲン
女装	ジョソウ
女装家	ジョソウカ
女親	オンナオヤ
女言葉	オンナコトバ
女誑し	オンナタラシ
女護	ニョウゴ
女護が島	ニョゴガシマ
女豹	メヒョウ
女遊び	オンナアソビ
女運	オンナウン
女道楽	オンナドウラク
女郎花	オミナエシ
女郎蜘蛛	ジョロウグモ
女部屋	オンナベヤ
女雛	メビナ
女難	ジョナン
女顔	オンナガオ
女風呂	オンナブロ
奴凧	ヤッコダコ
奴原	ヤツバラ
奴豆腐	ヤッコドウフ
奴隷	ドレイ
奴隷制	ドレイセイ
奴隷船	ドレイセン
奸悪	カンアク
奸智	カンチ
奸物	カンブツ
奸知	カンチ
奸策	カンサク
奸臣	カンシン
奸計	カンケイ
奸賊	カンゾク
奸邪	カンジャ
好々爺	コウコウヤ
好い加減	イイカゲン
好かろう	ヨカロウ
好きあう	スキアウ
好きかって	スキカッテ
好ききらい	スキキライ
好きこのむ	スキコノム
好きずき	スキズキ
好き勝手	スキカッテ
好き好き	スキズキ
好き好み	スキコノミ
好き好む	スキコノム
好き嫌い	スキキライ
好き放題	スキホウダイ
好こ	スコ
好さ	ヨサ
好ましい	コノマシイ
好む	コノム
好もしい	コノモシイ
好ゲーム	コウゲーム
好一対	コウイッツイ
好中球	コウチュウキュウ
好事家	コウズカ
好人物	コウジンブツ
好位	コウイ
好例	コウレイ
好個	コウコ
好印象	コウインショウ
好古	コウコ
好味	コウミ
好天	コウテン
好奇	コウキ
好奇心	コウキシン
好好爺	コウコウヤ
好字	コウジ
好学	コウガク
好守	コウシュ
好対照	コウタイショウ
好尚	コウショウ
好影響	コウエイキョウ
好循環	コウジュンカン
好悪	コウオ
好意	コウイ
好意的	コウイテキ
好感	コウカン
好成績	コウセイセキ
好戦	コウセン
好戦的	コウセンテキ
好手	コウシュ
好打	コウダ
好投	コウトウ
好捕	コウホ
好敵手	コウテキシュ
好景気	コウケイキ
好晴	コウセイ
好望	コウボウ
好期	コウキ
好材料	コウザイリョウ
好条件	コウジョウケン
好機	コウキ
好況	コウキョウ
好演	コウエン
好漢	コウカン
好物	コウブツ
好球	コウキュウ
好男子	コウダンシ
好発	コウハツ
好者	スキモノ
好色	コウショク
好色家	コウショクカ
好色本	コウショクボン
好色漢	コウショクカン
好色物	コウショクモノ
好著	コウチョ
好角家	コウカクカ
好評	コウヒョウ
好誼	コウギ
好調	コウチョウ
好走	コウソウ
好転	コウテン
好逑	コウキュウ
好遇	コウグウ
好運	コウウン
好適	コウテキ
好都合	コウツゴウ
好配	コウハイ
好酸球	コウサンキュウ
好青年	コウセイネン
好餌	コウジ
如し	ゴトシ
如上	ジョジョウ
如何なる	イカナル
如何に	イカニ
如何わしい	イカガワシイ
如何様師	イカサマシ
如何物	イカモノ
如在	ジョサイ
如実	ニョジツ
如意	ニョイ
如才	ジョサイ
如是	ニョゼ
如来	ニョライ
如来蔵	ニョライゾウ
如法	ニョホウ
妃嬪	ヒヒン
妃殿下	ヒデンカ
妄り	ミダリ
妄執	モウシュウ
妄念	モウネン
妄挙	ボウキョ
妄断	モウダン
妊む	ハラム
妊る	ミゴモル
妊娠	ニンシン
妊娠中	ニンシンチュウ
妊娠中絶	ニンシンチュウゼツ
妊娠線	ニンシンセン
妊婦	ニンプ
妊孕	ニンヨウ
妊性	ニンセイ
妊活	ニンカツ
妊産婦	ニンサンプ
妍醜	ケンシュウ
妓女	ギジョ
妓楼	ギロウ
妖しい	アヤシイ
妖刀	ヨウトウ
妖力	ヨウリョク
妖女	ヨウジョ
妖姫	ヨウキ
妖婆	ヨウバ
妖婉	ヨウエン
妖婦	ヨウフ
妖怪	ヨウカイ
妖怪変化	ヨウカイヘンゲ
妖気	ヨウキ
妖物	ヨウブツ
妖狐	ヨウコ
妖獣	ヨウジュウ
妖異	ヨウイ
妖精	ヨウセイ
妖美	ヨウビ
妖艶	ヨウエン
妖花	ヨウカ
妖術	ヨウジュツ
妖雲	ヨウウン
妖魔	ヨウマ
妙ちきりん	ミョウチキリン
妙ちくりん	ミョウチクリン
妙味	ミョウミ
妙所	ミョウショ
妙手	ミョウシュ
妙技	ミョウギ
妙案	ミョウアン
妙法	ミョウホウ
妙策	ミョウサク
妙薬	ミョウヤク
妙計	ミョウケイ
妙趣	ミョウシュ
妙音	ミョウオン
妙齢	ミョウレイ
妥協	ダキョウ
妥協案	ダキョウアン
妥協点	ダキョウテン
妥当	ダトウ
妥当性	ダトウセイ
妥結	ダケツ
妨げ	サマタゲ
妨げる	サマタゲル
妨害	ボウガイ
妨碍	ボウガイ
妨礙	ボウガイ
妬く	ヤク
妬ける	ヤケル
妬ましい	ネタマシイ
妬心	トシン
妹分	イモウトブン
妹娘	イモウトムスメ
妹婿	イモウトムコ
妹背	イモセ
妻せる	メアワセル
妻入	ツマイリ
妻入り	ツマイリ
妻合わせる	メアワセル
妻壁	ツマカベ
妻女	サイジョ
妻妾	サイショウ
妻室	サイシツ
妻帯	サイタイ
妻戸	ツマド
妻神	メガミ
妾出	ショウシュツ
妾宅	ショウタク
姉ちゃん	ネエチャン
姉や	ネエヤ
姉妹都市	シマイトシ
姉娘	アネムスメ
姉婿	アネムコ
姉貴	アネキ
始まり	ハジマリ
始まる	ハジマル
始む	ハジム
始め	ハジメ
始めて	ハジメテ
始める	ハジメル
始め値	ハジメネ
始値	ハジメネ
始動	シドウ
始原	シゲン
始新世	シシンセイ
始期	シキ
始末	シマツ
始末書	シマツショ
始業	シギョウ
始業式	シギョウシキ
始業時間	シギョウジカン
始点	シテン
始球式	シキュウシキ
始生代	シセイダイ
始発	シハツ
始発駅	シハツエキ
始祖	シソ
始祖鳥	シソチョウ
始端	シタン
始筆	シヒツ
始終	シジュウ
姑息	コソク
姑獲鳥	ウブメ
姓名	セイメイ
姓氏	セイシ
委しい	クワシイ
委す	マカス
委せる	マカセル
委ねる	ユダネル
委任	イニン
委任状	イニンジョウ
委員	イイン
委員会	イインカイ
委員長	イインチョウ
委嘱	イショク
委托	イタク
委曲	イキョク
委棄	イキ
委細	イサイ
委縮	イシュク
委託	イタク
委託者	イタクシャ
委譲	イジョウ
姥桜	ウバザクラ
姥百合	ウバユリ
姥貝	ウバガイ
姥鮫	ウバザメ
姦しい	カシマシイ
姦する	カンスル
姦る	ヤル
姦人	カンジン
姦夫	カンプ
姦婦	カンプ
姦悪	カンアク
姦智	カンチ
姦淫	カンイン
姦物	カンブツ
姦臣	カンシン
姦計	カンケイ
姦謀	カンボウ
姦賊	カンゾク
姦通	カンツウ
姦通罪	カンツウザイ
姪っ子	メイッコ
姫垣	ヒメガキ
姫墻	ヒメガキ
姫女苑	ヒメジョオン
姫始め	ヒメハジメ
姫宮	ヒメミヤ
姫小松	ヒメコマツ
姫御子	ヒメミコ
姫昔蓬	ヒメムカシヨモギ
姫春蝉	ヒメハルゼミ
姫松	ヒメマツ
姫沙羅	ヒメシャラ
姫百合	ヒメユリ
姫皮	ヒメカワ
姫空木	ヒメウツギ
姫糊	ヒメノリ
姫萩	ヒメハギ
姫蜂	ヒメバチ
姫蜘蛛	ヒメグモ
姫飯	ヒメイイ
姫鱒	ヒメマス
姫鵜	ヒメウ
姫黄金	ヒメコガネ
姫鼠	ヒメネズミ
姻戚	インセキ
姻族	インゾク
姿かたち	スガタカタチ
姿勢	シセイ
姿容	シヨウ
姿寿司	スガタズシ
姿形	スガタカタチ
姿態	シタイ
姿焼き	スガタヤキ
姿煮	スガタニ
姿絵	スガタエ
姿見	スガタミ
姿造り	スガタヅクリ
姿鮨	スガタズシ
威かす	オドカス
威し	オドシ
威す	オドス
威令	イレイ
威伏	イフク
威信	イシン
威信財	イシンザイ
威儀	イギ
威光	イコウ
威力	イリョク
威勢	イセイ
威厳	イゲン
威名	イメイ
威喝	イカツ
威嚇	イカク
威圧	イアツ
威圧的	イアツテキ
威容	イヨウ
威徳	イトク
威服	イフク
威武	イブ
威迫	イハク
威霊	イレイ
威風	イフウ
威風堂々	イフウドウドウ
威風堂堂	イフウドウドウ
娑婆	シャバ
娘婿	ムスメムコ
娘役	ムスメヤク
娘心	ムスメゴコロ
娘核	ジョウカク
娘盛り	ムスメザカリ
娩出	ベンシュツ
娯しむ	タノシム
娯楽	ゴラク
娶せる	メアワセル
娶る	メトル
娼妓	ショウギ
娼婦	ショウフ
娼家	ショウカ
娼楼	ショウロウ
娼館	ショウカン
婀娜	アダ
婆さん	バアサン
婆や	バアヤ
婆抜き	ババヌキ
婉曲	エンキョク
婉然	エンゼン
婚儀	コンギ
婚前	コンゼン
婚前契約書	コンゼンケイヤクショ
婚外	コンガイ
婚外子	コンガイシ
婚姻	コンイン
婚姻届	コンイントドケ
婚姻届書	コンイントドケショ
婚姻色	コンインショク
婚姻関係	コンインカンケイ
婚家	コンカ
婚式	コンシキ
婚期	コンキ
婚活	コンカツ
婚活パーティー	コンカツパーティー
婚礼	コンレイ
婚約	コンヤク
婚約指輪	コンヤクユビワ
婚約者	コンヤクシャ
婚資	コンシ
婦人会	フジンカイ
婦人服	フジンフク
婦人病	フジンビョウ
婦人科	フジンカ
婦人科医	フジンカイ
婦人警官	フジンケイカン
婦人警察官	フジンケイサツカン
婦女	フジョ
婦女子	フジョシ
婦徳	フトク
婦警	フケイ
婦道	フドウ
婦選	フセン
婦長	フチョウ
婿入り	ムコイリ
婿取り	ムコトリ
婿養子	ムコヨウシ
媒介	バイカイ
媒介者	バイカイシャ
媒体	バイタイ
媒妁	バイシャク
媒染	バイセン
媒染剤	バイセンザイ
媒質	バイシツ
媒酌	バイシャク
媒酌人	バイシャクニン
媚び	コビ
媚びへつらう	コビヘツラウ
媚びる	コビル
媚態	ビタイ
媚肉	ビニク
媚薬	ビヤク
媾和	コウワ
媾曳	アイビキ
嫁いびり	ヨメイビリ
嫁ぎ	トツギ
嫁ぎ先	トツギサキ
嫁ぐ	トツグ
嫁さがし	ヨメサガシ
嫁する	カスル
嫁入	ヨメイリ
嫁入り	ヨメイリ
嫁入る	ヨメイル
嫁取り	ヨメトリ
嫁姑	ヨメシュウトメ
嫁探し	ヨメサガシ
嫁祝い	ヨメイワイ
嫁菜	ヨメナ
嫉く	ヤク
嫉ましい	ネタマシイ
嫉妬	シット
嫉妬心	シットシン
嫉視	シッシ
嫋やか	タオヤカ
嫌々	イヤイヤ
嫌がらせ	イヤガラセ
嫌み	イヤミ
嫌みたらしい	イヤミタラシイ
嫌われ者	キラワレモノ
嫌中	ケンチュウ
嫌味	イヤミ
嫌嫌	イヤイヤ
嫌悪	ケンオ
嫌悪感	ケンオカン
嫌煙	ケンエン
嫌煙家	ケンエンカ
嫌疑	ケンギ
嫡々	チャクチャク
嫡嫡	チャクチャク
嫡子	チャクシ
嫡孫	チャクソン
嫡流	チャクリュウ
嫡男	チャクナン
嫣然	エンゼン
嫩芽	ドンガ
嬉々	キキ
嬉しい	ウレシイ
嬉し泣き	ウレシナキ
嬉し涙	ウレシナミダ
嬉嬉	キキ
嬉戯	キギ
嬋妍	センケン
嬋娟	センケン
嬌名	キョウメイ
嬌声	キョウセイ
嬌姿	キョウシ
嬌態	キョウタイ
嬌笑	キョウショウ
嬌羞	キョウシュウ
嬖臣	ヘイシン
嬢核	ジョウカク
嬥歌	カガイ
嬰記号	エイキゴウ
嬰音	エイオン
嬲り殺す	ナブリコロス
嬲り物	ナブリモノ
嬲り者	ナブリモノ
嬲る	ナブル
嬶天下	カカアデンカ
子ぎつね	コギツネ
子だくさん	コダクサン
子づくり	コヅクリ
子ども	コドモ
子どもたち	コドモタチ
子ども会	コドモカイ
子ども手当	コドモテアテ
子ども達	コドモタチ
子ねこ	コネコ
子ねずみ	コネズミ
子ぶた	コブタ
子ぼんのう	コボンノウ
子やぎ	コヤギ
子イヌ	コイヌ
子ガモ	コガモ
子ギツネ	コギツネ
子クジラ	コクジラ
子ザル	コザル
子ネコ	コネコ
子ネズミ	コネズミ
子ブタ	コブタ
子ヤギ	コヤギ
子会社	コガイシャ
子作り	コヅクリ
子供	コドモ
子供たち	コドモタチ
子供だまし	コドモダマシ
子供会	コドモカイ
子供心	コドモゴコロ
子供服	コドモフク
子供達	コドモタチ
子供部屋	コドモベヤ
子供騙し	コドモダマシ
子共	コドモ
子分	コブン
子午環	シゴカン
子午線	シゴセン
子嚢	シノウ
子女	シジョ
子孫	シソン
子守	コモリ
子守り	コモリ
子守唄	コモリウタ
子守歌	コモリウタ
子安	コヤス
子安地蔵	コヤスジゾウ
子宝	コダカラ
子宮	シキュウ
子宮がん	シキュウガン
子宮ガン	シキュウガン
子宮体がん	シキュウタイガン
子宮体ガン	シキュウタイガン
子宮体癌	シキュウタイガン
子宮内膜がん	シキュウナイマクガン
子宮内膜ガン	シキュウナイマクガン
子宮内膜症	シキュウナイマクショウ
子宮内膜癌	シキュウナイマクガン
子宮口	シキュウコウ
子宮外妊娠	シキュウガイニンシン
子宮癌	シキュウガン
子宮筋腫	シキュウキンシュ
子宮脱	シキュウダツ
子宮頚ガン	シキュウケイガン
子宮頚癌	シキュウケイガン
子宮頸がん	シキュウケイガン
子宮頸癌	シキュウケイガン
子局	コキョク
子山羊	コヤギ
子弟	シテイ
子役	コヤク
子息	シソク
子房	シボウ
子持	コモチ
子持ち	コモチ
子授け	コサズケ
子方	コカタ
子株	コカブ
子機	コキ
子殺し	コゴロシ
子沢山	コダクサン
子煩悩	コボンノウ
子熊	コグマ
子爵	シシャク
子犬	コイヌ
子狐	コギツネ
子猫	コネコ
子猿	コザル
子癇	シカン
子種	コダネ
子細	シサイ
子羊	コヒツジ
子育て	コソダテ
子芋	コイモ
子葉	シヨウ
子袋	コブクロ
子豚	コブタ
子象	コゾウ
子連れ	コヅレ
子院	シイン
子離れ	コバナレ
子飼い	コガイ
子馬	コウマ
子骨	コボネ
子鯨	コクジラ
子鳩	コバト
子鹿	コジカ
子鼠	コネズミ
孔孟	コウモウ
孔版	コウハン
孔雀	クジャク
孔雀座	クジャクザ
孔雀石	クジャクセキ
孔雀草	クジャクソウ
孔雀蝶	クジャクチョウ
孕み	ハラミ
孕み女	ハラミオンナ
孕む	ハラム
字下げ	ジサゲ
字体	ジタイ
字余り	ジアマリ
字句	ジク
字幕	ジマク
字幕版	ジマクバン
字引	ジビキ
字引き	ジビキ
字彙	ジイ
字形	ジケイ
字数	ジスウ
字書	ジショ
字母	ジボ
字消し	ジケシ
字源	ジゲン
字画	ジカク
字種	ジシュ
字義	ジギ
字解	ジカイ
字訓	ジクン
字訳	ジヤク
字詰め	ジヅメ
字配り	ジクバリ
字間	ジカン
字音	ジオン
存える	ナガラエル
存じ	ゾンジ
存じる	ゾンジル
存じ上げる	ゾンジアゲル
存する	ソンスル
存ずる	ゾンズル
存亡	ソンボウ
存分	ゾンブン
存命	ゾンメイ
存在	ソンザイ
存在感	ソンザイカン
存在者	ソンザイシャ
存在論	ソンザイロン
存外	ゾンガイ
存廃	ソンパイ
存念	ゾンネン
存意	ゾンイ
存生	ゾンジョウ
存立	ソンリツ
存続	ソンゾク
存置	ソンチ
孜々	シシ
孜孜	シシ
孝女	コウジョ
孝子	コウシ
孝弟	コウテイ
孝心	コウシン
孝悌	コウテイ
孝行	コウコウ
孝道	コウドウ
孝順	コウジュン
孝養	コウヨウ
孟冬	モウトウ
孟夏	モウカ
孟春	モウシュン
孟秋	モウシュウ
季候	キコウ
季冬	キトウ
季刊	キカン
季刊誌	キカンシ
季夏	キカ
季寄せ	キヨセ
季春	キシュン
季秋	キシュウ
季節	キセツ
季節労働者	キセツロウドウシャ
季節性	キセツセイ
季節感	キセツカン
季節風	キセツフウ
季語	キゴ
季題	キダイ
孤児院	コジイン
孤剣	コケン
孤城	コジョウ
孤塁	コルイ
孤客	コカク
孤峰	コホウ
孤島	コトウ
孤帆	コハン
孤弱	コジャク
孤影	コエイ
孤愁	コシュウ
孤灯	コトウ
孤独	コドク
孤独感	コドクカン
孤独死	コドクシ
孤立	コリツ
孤立化	コリツカ
孤立死	コリツシ
孤立語	コリツゴ
孤絶	コゼツ
孤舟	コシュウ
孤軍	コグン
孤軍奮闘	コグンフントウ
孤閨	コケイ
孤雁	コガン
孤食	コショク
孤高	ココウ
学び	マナビ
学びとる	マナビトル
学びや	マナビヤ
学び取る	マナビトル
学び直す	マナビナオス
学び舎	マナビヤ
学ぶ	マナブ
学ラン	ガクラン
学事	ガクジ
学会	ガッカイ
学会誌	ガッカイシ
学位	ガクイ
学修	ガクシュウ
学僕	ガクボク
学僧	ガクソウ
学兄	ガッケイ
学内	ガクナイ
学制	ガクセイ
学則	ガクソク
学割	ガクワリ
学力	ガクリョク
学力テスト	ガクリョクテスト
学務	ガクム
学匠	ガクショウ
学区	ガック
学区制	ガックセイ
学卒	ガクソツ
学参	ガクサン
学友	ガクユウ
学友会	ガクユウカイ
学名	ガクメイ
学問	ガクモン
学問所	ガクモンジョ
学問的	ガクモンテキ
学園	ガクエン
学園祭	ガクエンサイ
学園長	ガクエンチョウ
学報	ガクホウ
学士	ガクシ
学士号	ガクシゴウ
学外	ガクガイ
学寮	ガクリョウ
学帽	ガクボウ
学年	ガクネン
学年末	ガクネンマツ
学府	ガクフ
学徒	ガクト
学徳	ガクトク
学才	ガクサイ
学期	ガッキ
学校	ガッコウ
学校医	ガッコウイ
学校名	ガッコウメイ
学校教育	ガッコウキョウイク
学校教育法	ガッコウキョウイクホウ
学校法人	ガッコウホウジン
学校長	ガッコウチョウ
学業	ガクギョウ
学歴	ガクレキ
学殖	ガクショク
学法	ガクホウ
学派	ガクハ
学理	ガクリ
学生割引	ガクセイワリビキ
学生寮	ガクセイリョウ
学生帽	ガクセイボウ
学生時代	ガクセイジダイ
学生服	ガクセイフク
学生歌	ガクセイカ
学生証	ガクセイショウ
学生鞄	ガクセイカバン
学用品	ガクヨウヒン
学界	ガッカイ
学的	ガクテキ
学監	ガッカン
学祭	ガクサイ
学科	ガッカ
学究	ガッキュウ
学究的	ガッキュウテキ
学窓	ガクソウ
学童	ガクドウ
学童保育	ガクドウホイク
学籍	ガクセキ
学級	ガッキュウ
学級会	ガッキュウカイ
学級委員	ガッキュウイイン
学績	ガクセキ
学群	ガクグン
学習	ガクシュウ
学習塾	ガクシュウジュク
学習帳	ガクシュウチョウ
学習性無力感	ガクシュウセイムリョクカン
学習指導	ガクシュウシドウ
学習机	ガクシュウヅクエ
学習者	ガクシュウシャ
学者	ガクシャ
学芸	ガクゲイ
学芸会	ガクゲイカイ
学芸員	ガクゲイイン
学術	ガクジュツ
学術書	ガクジュツショ
学術的	ガクジュツテキ
学説	ガクセツ
学課	ガッカ
学識	ガクシキ
学費	ガクヒ
学資	ガクシ
学資保険	ガクシホケン
学部	ガクブ
学部長	ガクブチョウ
学都	ガクト
学長	ガクチョウ
学閥	ガクバツ
学院	ガクイン
学際	ガクサイ
学風	ガクフウ
学食	ガクショク
学齢	ガクレイ
学齢簿	ガクレイボ
孩児	ガイジ
孫の手	マゴノテ
孫むすめ	マゴムスメ
孫娘	マゴムスメ
孫引き	マゴビキ
孫弟子	マゴデシ
孫息子	マゴムスコ
孫請け	マゴウケ
孵す	カエス
孵る	カエル
孵化	フカ
孵卵	フラン
孵卵器	フランキ
學ぶ	マナブ
學校	ガッコウ
學生	ガクセイ
孺子	ジュシ
宅地	タクチ
宅地建物取引主任者	タクチタテモノトリヒキシュニンシャ
宅建	タッケン
宅扱い	タクアツカイ
宅診	タクシン
宅送	タクソウ
宅造	タクゾウ
宅配	タクハイ
宅配便	タクハイビン
宅録	タクロク
宅飲み	タクノミ
宇内	ウダイ
宇宙	ウチュウ
宇宙服	ウチュウフク
宇宙機	ウチュウキ
宇宙線	ウチュウセン
宇宙船	ウチュウセン
宇宙論	ウチュウロン
宇宙遊泳	ウチュウユウエイ
宇宙食	ウチュウショク
守り刀	マモリガタナ
守り手	マモリテ
守り札	マモリフダ
守り神	マモリガミ
守り立てる	モリタテル
守り袋	マモリブクロ
守備	シュビ
守備固め	シュビガタメ
守備率	シュビリツ
守兵	シュヘイ
守刀	マモリガタナ
守則	シュソク
守勢	シュセイ
守役	モリヤク
守成	シュセイ
守戦	シュセン
守旧	シュキュウ
守札	マモリフダ
守株	シュシュ
守秘	シュヒ
守立てる	モリタテル
守衛	シュエイ
守護代	シュゴダイ
守護者	シュゴシャ
守護霊	シュゴレイ
守銭奴	シュセンド
安々	ヤスヤス
安かわ	ヤスカワ
安き	ヤスキ
安く	ヤスク
安っぽい	ヤスッポイ
安ど	アンド
安ぴか	ヤスピカ
安まる	ヤスマル
安め	ヤスメ
安らい	ヤスライ
安らう	ヤスラウ
安らか	ヤスラカ
安らぎ	ヤスラギ
安らぐ	ヤスラグ
安んじる	ヤスンジル
安んずる	ヤスンズル
安んぞ	イズクンゾ
安上がり	ヤスアガリ
安上り	ヤスアガリ
安住	アンジュウ
安佚	アンイツ
安価	アンカ
安保	アンポ
安保理	アンポリ
安値	ヤスネ
安全ピン	アンゼンピン
安全ベルト	アンゼンベルト
安全器	アンゼンキ
安全圏	アンゼンケン
安全地帯	アンゼンチタイ
安全帯	アンゼンタイ
安全帽	アンゼンボウ
安全弁	アンゼンベン
安全性	アンゼンセイ
安全灯	アンゼントウ
安全率	アンゼンリツ
安全確保	アンゼンカクホ
安全網	アンゼンモウ
安全衛生教育	アンゼンエイセイキョウイク
安全靴	アンゼングツ
安協	アンキョウ
安危	アンキ
安否不明	アンピフメイ
安固	アンコ
安坐	アンザ
安堵	アンド
安売り	ヤスウリ
安定	アンテイ
安定剤	アンテイザイ
安定化	アンテイカ
安定器	アンテイキ
安定性	アンテイセイ
安定感	アンテイカン
安定期	アンテイキ
安定的	アンテイテキ
安宿	ヤスヤド
安寧	アンネイ
安山岩	アンザンガン
安座	アンザ
安康	アンコウ
安心感	アンシンカン
安息	アンソク
安息角	アンソクカク
安息香	アンソクコウ
安手	ヤスデ
安打	アンダ
安易	アンイ
安普請	ヤスブシン
安楽	アンラク
安楽イス	アンラクイス
安楽椅子	アンラクイス
安楽死	アンラクシ
安気	アンキ
安泰	アンタイ
安産	アンザン
安直	アンチョク
安眠	アンミン
安着	アンチャク
安神	アンシン
安置	アンチ
安臥	アンガ
安近短	アンキンタン
安逸	アンイツ
安酒	ヤスザケ
安閑	アンカン
安静	アンセイ
宋代	ソウダイ
宋銭	ソウセン
宋音	ソウオン
完ぺき	カンペキ
完コピ	カンコピ
完了形	カンリョウケイ
完備	カンビ
完備性	カンビセイ
完全	カンゼン
完全主義	カンゼンシュギ
完全主義者	カンゼンシュギシャ
完全性	カンゼンセイ
完全数	カンゼンスウ
完全歩合制	カンゼンブアイセイ
完全菜食主義者	カンゼンサイショクシュギシャ
完全食	カンゼンショク
完勝	カンショウ
完売	カンバイ
完封	カンプウ
完工	カンコウ
完徹	カンテツ
完成	カンセイ
完成度	カンセイド
完投	カントウ
完敗	カンパイ
完新世	カンシンセイ
完本	カンポン
完泳	カンエイ
完済	カンサイ
完熟	カンジュク
完璧	カンペキ
完璧主義	カンペキシュギ
完璧主義者	カンペキシュギシャ
完登	カントウ
完納	カンノウ
完結	カンケツ
完膚	カンプ
完訳	カンヤク
完読	カンドク
完調	カンチョウ
完走	カンソウ
完食	カンショク
完飲	カンイン
完黙	カンモク
宏図	コウト
宏壮	コウソウ
宏大	コウダイ
宏謨	コウボ
宏遠	コウエン
宏量	コウリョウ
宗主	ソウシュ
宗主国	ソウシュコク
宗主権	ソウシュケン
宗務	シュウム
宗匠	ソウショウ
宗学	シュウガク
宗廟	ソウビョウ
宗徒	シュウト
宗教	シュウキョウ
宗教史	シュウキョウシ
宗教学	シュウキョウガク
宗教家	シュウキョウカ
宗教法人	シュウキョウホウジン
宗教画	シュウキョウガ
宗教的	シュウキョウテキ
宗教観	シュウキョウカン
宗族	ソウゾク
宗旨	シュウシ
宗派	シュウハ
宗祖	シュウソ
宗義	シュウギ
宗規	シュウキ
宗論	シュウロン
宗門	シュウモン
宗門改	シュウモンアラタメ
宗風	シュウフウ
官事	カンジ
官位	カンイ
官僚	カンリョウ
官僚制	カンリョウセイ
官僚政治	カンリョウセイジ
官僚的	カンリョウテキ
官公庁	カンコウチョウ
官公署	カンコウショ
官兵	カンペイ
官制	カンセイ
官印	カンイン
官司	カンシ
官名	カンメイ
官吏	カンリ
官命	カンメイ
官員	カンイン
官営	カンエイ
官地	カンチ
官報	カンポウ
官女	カンジョ
官寺	カンジ
官尊民卑	カンソンミンピ
官展	カンテン
官幣社	カンペイシャ
官庁	カンチョウ
官府	カンプ
官庫	カンコ
官憲	カンケン
官戸	カンコ
官房	カンボウ
官房学	カンボウガク
官房機密費	カンボウキミツヒ
官房長	カンボウチョウ
官房長官	カンボウチョウカン
官撰	カンセン
官有	カンユウ
官有地	カンユウチ
官服	カンプク
官業	カンギョウ
官権	カンケン
官民	カンミン
官治	カンチ
官版	カンパン
官界	カンカイ
官禄	カンロク
官窯	カンヨウ
官立	カンリツ
官等	カントウ
官紀	カンキ
官給	カンキュウ
官署	カンショ
官職	カンショク
官能	カンノウ
官能主義	カンノウシュギ
官能的	カンノウテキ
官舎	カンシャ
官船	カンセン
官衙	カンガ
官製	カンセイ
官設	カンセツ
官許	カンキョ
官話	カンワ
官費	カンピ
官軍	カングン
官辺	カンペン
官選	カンセン
官邸	カンテイ
官金	カンキン
官需	カンジュ
宙づり	チュウヅリ
宙ぶらりん	チュウブラリン
宙乗り	チュウノリ
宙吊り	チュウヅリ
宙空	チュウクウ
宙返り	チュウガエリ
定か	サダカ
定まり	サダマリ
定まる	サダマル
定む	サダム
定め	サダメ
定めし	サダメシ
定めて	サダメテ
定める	サダメル
定休	テイキュウ
定休日	テイキュウビ
定位	テイイ
定住者	テイジュウシャ
定例会	テイレイカイ
定価	テイカ
定冠詞	テイカンシ
定刻	テイコク
定則	テイソク
定動詞	テイドウシ
定収入	テイシュウニュウ
定員	テイイン
定圧	テイアツ
定型	テイケイ
定型詩	テイケイシ
定宿	ジョウヤド
定席	ジョウセキ
定常	テイジョウ
定常波	テイジョウハ
定年	テイネン
定年制	テイネンセイ
定年退職	テイネンタイショク
定年退職者	テイネンタイショクシャ
定式化	テイシキカ
定形	テイケイ
定律	テイリツ
定性	テイセイ
定性的	テイセイテキ
定昇	テイショウ
定時	テイジ
定時制	テイジセイ
定期	テイキ
定期バス	テイキバス
定期乗車券	テイキジョウシャケン
定期代	テイキダイ
定期便	テイキビン
定期保険	テイキホケン
定期健診	テイキケンシン
定期刊行物	テイキカンコウブツ
定期券	テイキケン
定期昇給	テイキショウキュウ
定期検査	テイキケンサ
定期点検	テイキテンケン
定期的	テイキテキ
定期船	テイキセン
定期預金	テイキヨキン
定本	テイホン
定格	テイカク
定植	テイショク
定款	テイカン
定比例	テイヒレイ
定法	ジョウホウ
定温	テイオン
定温動物	テイオンドウブツ
定点	テイテン
定率	テイリツ
定理	テイリ
定着	テイチャク
定着液	テイチャクエキ
定石	ジョウセキ
定礎	テイソ
定立	テイリツ
定紋	ジョウモン
定置	テイチ
定置網	テイチアミ
定義	テイギ
定義域	テイギイキ
定職	テイショク
定見	テイケン
定規	ジョウギ
定規座	ジョウギザ
定言	テイゲン
定言的	テイゲンテキ
定訳	テイヤク
定評	テイヒョウ
定説	テイセツ
定論	テイロン
定足数	テイソクスウ
定跡	ジョウセキ
定速	テイソク
定量	テイリョウ
定量的	テイリョウテキ
定額制	テイガクセイ
定食	テイショク
定食屋	テイショクヤ
宛て	アテ
宛てがう	アテガウ
宛てる	アテル
宛て先	アテサキ
宛て名	アテナ
宛て字	アテジ
宛ら	サナガラ
宛先	アテサキ
宛名	アテナ
宛字	アテジ
宛然	エンゼン
宛転	エンテン
宜しい	ヨロシイ
宜しく	ヨロシク
宝くじ	タカラクジ
宝さがし	タカラサガシ
宝クジ	タカラクジ
宝典	ホウテン
宝冠	ホウカン
宝刀	ホウトウ
宝剣	ホウケン
宝器	ホウキ
宝塔	ホウトウ
宝字	ホウジ
宝尽くし	タカラヅクシ
宝尽し	タカラヅクシ
宝島	タカラジマ
宝庫	ホウコ
宝探し	タカラサガシ
宝殿	ホウデン
宝灯	ホウトウ
宝燈	ホウトウ
宝物殿	ホウモツデン
宝玉	ホウギョク
宝瓶宮	ホウヘイキュウ
宝石	ホウセキ
宝石商	ホウセキショウ
宝石学	ホウセキガク
宝石箱	ホウセキバコ
宝祚	ホウソ
宝算	ホウサン
宝箱	タカラバコ
宝籤	タカラクジ
宝船	タカラブネ
宝蔵	ホウゾウ
宝鑑	ホウカン
宝飾	ホウショク
宝飾品	ホウショクヒン
実しやか	マコトシヤカ
実り	ミノリ
実る	ミノル
実体化	ジッタイカ
実体法	ジッタイホウ
実体鏡	ジッタイキョウ
実体験	ジッタイケン
実例	ジツレイ
実働	ジツドウ
実働時間	ジツドウジカン
実像	ジツゾウ
実兄	ジッケイ
実入り	ミイリ
実写	ジッシャ
実写化	ジッシャカ
実刑	ジッケイ
実利	ジツリ
実力	ジツリョク
実力派	ジツリョクハ
実力者	ジツリョクシャ
実効	ジッコウ
実効値	ジッコウチ
実効性	ジッコウセイ
実動	ジツドウ
実務	ジツム
実務家	ジツムカ
実務経験	ジツムケイケン
実務者	ジツムシャ
実勢	ジッセイ
実包	ジッポウ
実印	ジツイン
実収	ジッシュウ
実員	ジツイン
実在	ジツザイ
実在論	ジツザイロン
実地	ジッチ
実売	ジツバイ
実妹	ジツマイ
実姉	ジッシ
実子	ジッシ
実字	ジツジ
実存	ジツゾン
実定法	ジッテイホウ
実害	ジツガイ
実家	ジッカ
実寸	ジッスン
実射	ジッシャ
実年	ジツネン
実年齢	ジツネンレイ
実弟	ジッテイ
実弾	ジツダン
実念論	ジツネンロン
実情	ジツジョウ
実意	ジツイ
実感	ジッカン
実態	ジッタイ
実態調査	ジッタイチョウサ
実戦	ジッセン
実技	ジツギ
実数	ジッスウ
実施	ジッシ
実施中	ジッシチュウ
実施日	ジッシビ
実景	ジッケイ
実栗	ミクリ
実株	ジツカブ
実桜	ミザクラ
実検	ジッケン
実業	ジツギョウ
実業団	ジツギョウダン
実業家	ジツギョウカ
実業界	ジツギョウカイ
実権	ジッケン
実機	ジッキ
実母	ジツボ
実況	ジッキョウ
実測	ジッソク
実測図	ジッソクズ
実演	ジツエン
実父	ジップ
実物大	ジツブツダイ
実状	ジツジョウ
実現	ジツゲン
実現可能性調査	ジツゲンカノウセイチョウサ
実現性	ジツゲンセイ
実理	ジツリ
実生	ミショウ
実生活	ジッセイカツ
実用	ジツヨウ
実用化	ジツヨウカ
実用品	ジツヨウヒン
実用性	ジツヨウセイ
実用的	ジツヨウテキ
実益	ジツエキ
実直	ジッチョク
実相	ジッソウ
実矧ぎ	サネハギ
実社会	ジッシャカイ
実科	ジッカ
実線	ジッセン
実績	ジッセキ
実績データ	ジッセキデータ
実習	ジッシュウ
実習生	ジッシュウセイ
実蠅	ミバエ
実行	ジッコウ
実行力	ジッコウリョク
実行委員会	ジッコウイインカイ
実行時	ジッコウジ
実行時エラー	ジッコウジエラー
実行犯	ジッコウハン
実装	ジッソウ
実見	ジッケン
実親	ジツオヤ
実記	ジッキ
実証	ジッショウ
実証主義	ジッショウシュギ
実証的	ジッショウテキ
実証論	ジッショウロン
実話	ジツワ
実説	ジッセツ
実費	ジッピ
実質	ジッシツ
実質的	ジッシツテキ
実践	ジッセン
実践的	ジッセンテキ
実車	ジッシャ
実部	ジツブ
実録	ジツロク
実関数	ジツカンスウ
実際	ジッサイ
実際的	ジッサイテキ
実需	ジツジュ
実額	ジツガク
実験	ジッケン
実験台	ジッケンダイ
実験室	ジッケンシツ
実験式	ジッケンシキ
実験所	ジッケンショ
実験的	ジッケンテキ
客あしらい	キャクアシライ
客僧	キャクソウ
客先	キャクサキ
客入り	キャクイリ
客冬	カクトウ
客分	キャクブン
客単価	キャクタンカ
客受け	キャクウケ
客商売	キャクショウバイ
客好き	キャクズキ
客室	キャクシツ
客室乗務員	キャクシツジョウムイン
客寄せ	キャクヨセ
客層	キャクソウ
客席	キャクセキ
客引き	キャクヒキ
客待ち	キャクマチ
客扱い	キャクアツカイ
客止め	キャクドメ
客殿	キャクデン
客気	カッキ
客演	キャクエン
客用	キャクヨウ
客種	キャクダネ
客筋	キャクスジ
客膳	キャクゼン
客船	キャクセン
客観性	キャッカンセイ
客足	キャクアシ
客間	キャクマ
客離れ	キャクバナレ
宣す	センス
宣する	センスル
宣べる	ノベル
宣べ伝える	ノベツタエル
宣下	センゲ
宣伝	センデン
宣伝カー	センデンカー
宣伝屋	センデンヤ
宣伝戦	センデンセン
宣伝文	センデンブン
宣伝文句	センデンモンク
宣告	センコク
宣布	センプ
宣戦	センセン
宣揚	センヨウ
宣撫	センブ
宣教	センキョウ
宣教師	センキョウシ
宣明	センメイ
宣言	センゲン
宣誓	センセイ
宣誓式	センセイシキ
室内	シツナイ
室内履き	シツナイバキ
室内楽	シツナイガク
室内灯	シツナイトウ
室内犬	シツナイケン
室咲き	ムロザキ
室外	シツガイ
室外機	シツガイキ
室料	シツリョウ
室温	シツオン
室礼	シツライ
室長	シツチョウ
室鰺	ムロアジ
宥めすかす	ナダメスカス
宥める	ナダメル
宥め賺す	ナダメスカス
宥和	ユウワ
宥恕	ユウジョ
宦官	カンガン
宮中	キュウチュウ
宮人	ミヤビト
宮仕え	ミヤヅカエ
宮内	クナイ
宮内庁	クナイチョウ
宮刑	キュウケイ
宮参り	ミヤマイリ
宮号	ミヤゴウ
宮大工	ミヤダイク
宮守	ミヤモリ
宮室	キュウシツ
宮家	ミヤケ
宮居	ミヤイ
宮座	ミヤザ
宮廷	キュウテイ
宮殿	キュウデン
宮相	キュウショウ
宮門	キュウモン
宰相	サイショウ
宰領	サイリョウ
害す	ガイス
害する	ガイスル
害心	ガイシン
害悪	ガイアク
害意	ガイイ
害毒	ガイドク
害獣	ガイジュウ
害者	ガイシャ
害虫	ガイチュウ
害鳥	ガイチョウ
宴会	エンカイ
宴会場	エンカイジョウ
宴席	エンセキ
宴遊	エンユウ
宵っぱり	ヨイッパリ
宵っ張り	ヨイッパリ
宵の口	ヨイノクチ
宵寝	ヨイネ
宵山	ヨイヤマ
宵待草	ヨイマチグサ
宵月	ヨイヅキ
宵祭	ヨイマツリ
宵祭り	ヨイマツリ
宵越し	ヨイゴシ
宵闇	ヨイヤミ
家々	イエイエ
家うさぎ	イエウサギ
家きん	カキン
家だに	イエダニ
家ウサギ	イエウサギ
家ダニ	イエダニ
家事	カジ
家事労働	カジロウドウ
家付き	イエツキ
家令	カレイ
家伝	カデン
家作	カサク
家例	カレイ
家信	カシン
家僕	カボク
家元	イエモト
家兄	カケイ
家具	カグ
家具屋	カグヤ
家出	イエデ
家号	ヤゴウ
家名	カメイ
家国	カコク
家塾	カジュク
家壁蝨	イエダニ
家宅	カタク
家宝	カホウ
家家	イエイエ
家屋	カオク
家屋敷	イエヤシキ
家屋税	カオクゼイ
家常	カジョウ
家庭	カテイ
家庭内	カテイナイ
家庭医	カテイイ
家庭環境	カテイカンキョウ
家庭用	カテイヨウ
家庭用品品質表示法	カテイヨウヒンヒンシツヒョウジホウ
家庭的	カテイテキ
家庭着	カテイギ
家庭科	カテイカ
家庭菜園	カテイサイエン
家庭裁判所	カテイサイバンショ
家憲	カケン
家扶	カフ
家持ち	イエモチ
家政	カセイ
家政婦	カセイフ
家政学	カセイガク
家数	ヤカズ
家族	カゾク
家族性	カゾクセイ
家族手当	カゾクテアテ
家族構成	カゾクコウセイ
家族歴	カゾクレキ
家族葬	カゾクソウ
家族観	カゾクカン
家族連れ	カゾクヅレ
家族風呂	カゾクブロ
家書	カショ
家柄	イエガラ
家根	ヤネ
家格	カカク
家構え	イエガマエ
家母	カボ
家法	カホウ
家父	カフ
家犬	イエイヌ
家猫	イエネコ
家産	カサン
家用	カヨウ
家畜	カチク
家畜化	カチクカ
家畜商	カチクショウ
家畜車	カチクシャ
家相	カソウ
家督	カトク
家禄	カロク
家禽	カキン
家筋	イエスジ
家系図	カケイズ
家紋	カモン
家職	カショク
家臣	カシン
家蔵	カゾウ
家蚊	イエカ
家蠅	イエバエ
家裁	カサイ
家計	カケイ
家計簿	カケイボ
家譜	カフ
家財	カザイ
家財道具	カザイドウグ
家賃	ヤチン
家路	イエジ
家運	カウン
家郷	カキョウ
家長	カチョウ
家長権	カチョウケン
家門	カモン
家雀	イエスズメ
家集	カシュウ
家電製品	カデンセイヒン
家電量販店	カデンリョウハンテン
家鳩	イエバト
家鳴り	ヤナリ
家鴨	アヒル
宸筆	シンピツ
宸翰	シンカン
宸襟	シンキン
容かい	ヨウカイ
容ぼう	ヨウボウ
容れる	イレル
容れ物	イレモノ
容儀	ヨウギ
容共	ヨウキョウ
容喙	ヨウカイ
容器	ヨウキ
容姿	ヨウシ
容子	ヨウス
容止	ヨウシ
容気	カタギ
容疑	ヨウギ
容疑者	ヨウギシャ
容積	ヨウセキ
容積率	ヨウセキリツ
容色	ヨウショク
容認	ヨウニン
容貌	ヨウボウ
容赦	ヨウシャ
容量	ヨウリョウ
容顔	ヨウガン
宿する	シュクスル
宿り	ヤドリ
宿り木	ヤドリギ
宿る	ヤドル
宿下がり	ヤドサガリ
宿下り	ヤドサガリ
宿便	シュクベン
宿借り	ヤドカリ
宿六	ヤドロク
宿命	シュクメイ
宿命論	シュクメイロン
宿営	シュクエイ
宿坊	シュクボウ
宿場	シュクバ
宿場町	シュクバマチ
宿学	シュクガク
宿将	シュクショウ
宿屋	ヤドヤ
宿帳	ヤドチョウ
宿弊	シュクヘイ
宿引き	ヤドヒキ
宿志	シュクシ
宿怨	シュクエン
宿悪	シュクアク
宿意	シュクイ
宿房	シュクボウ
宿所	シュクショ
宿敵	シュクテキ
宿料	シュクリョウ
宿替え	ヤドガエ
宿木	ヤドリギ
宿根	シュッコン
宿根草	シュッコンソウ
宿業	シュクゴウ
宿泊	シュクハク
宿泊先	シュクハクサキ
宿泊券	シュクハクケン
宿泊客	シュクハクキャク
宿泊所	シュクハクジョ
宿泊数	シュクハクスウ
宿泊料	シュクハクリョウ
宿泊料金	シュクハクリョウキン
宿泊施設	シュクハクシセツ
宿泊税	シュクハクゼイ
宿泊費	シュクハクヒ
宿痾	シュクア
宿縁	シュクエン
宿老	シュクロウ
宿舎	シュクシャ
宿賃	ヤドチン
宿運	シュクウン
宿銭	ヤドセン
宿題	シュクダイ
宿願	シュクガン
宿駅	シュクエキ
寂れる	サビレル
寂寥	セキリョウ
寂寥感	セキリョウカン
寂滅	ジャクメツ
寄える	ヨソエル
寄こす	ヨコス
寄す	ヨス
寄せ	ヨセ
寄せつける	ヨセツケル
寄せる	ヨセル
寄せ付ける	ヨセツケル
寄せ切れ	ヨセギレ
寄せ場	ヨセバ
寄せ手	ヨセテ
寄せ掛ける	ヨセカケル
寄せ書き	ヨセガキ
寄せ木	ヨセギ
寄せ来る	ヨセクル
寄せ棟	ヨセムネ
寄せ植え	ヨセウエ
寄せ波	ヨセナミ
寄せ物	ヨセモノ
寄せ算	ヨセザン
寄せ箸	ヨセバシ
寄せ鍋	ヨセナベ
寄せ集め	ヨセアツメ
寄せ集める	ヨセアツメル
寄っかかる	ヨッカカル
寄っ掛かる	ヨッカカル
寄り	ヨリ
寄りかかる	ヨリカカル
寄りすがる	ヨリスガル
寄りそう	ヨリソウ
寄りつき	ヨリツキ
寄りつく	ヨリツク
寄り付き	ヨリツキ
寄り付く	ヨリツク
寄り倒し	ヨリタオシ
寄り切り	ヨリキリ
寄り切る	ヨリキル
寄り合い	ヨリアイ
寄り寄り	ヨリヨリ
寄り掛かる	ヨリカカル
寄り掛る	ヨリカカル
寄り添う	ヨリソウ
寄り目	ヨリメ
寄り縋る	ヨリスガル
寄り身	ヨリミ
寄り道	ヨリミチ
寄り集まる	ヨリアツマル
寄る	ヨル
寄るべ	ヨルベ
寄る辺	ヨルベ
寄与	キヨ
寄主	キシュ
寄付	キフ
寄付き	ヨリツキ
寄付く	ヨリツク
寄付金	キフキン
寄付金控除	キフキンコウジョ
寄切り	ヨリキリ
寄切る	ヨリキル
寄合	ヨリアイ
寄合い	ヨリアイ
寄坐	ヨリマシ
寄場	ヨセバ
寄宿	キシュク
寄宿学校	キシュクガッコウ
寄宿舎	キシュクシャ
寄寓	キグウ
寄手	ヨセテ
寄書き	ヨセガキ
寄木	ヨセギ
寄棟	ヨセムネ
寄植え	ヨセウエ
寄添う	ヨリソウ
寄港	キコウ
寄生	キセイ
寄生木	ヤドリギ
寄生虫	キセイチュウ
寄留	キリュウ
寄稿	キコウ
寄稿家	キコウカ
寄縋る	ヨリスガル
寄航	キコウ
寄託	キタク
寄越す	ヨコス
寄進	キシン
寄道	ヨリミチ
寄金	キキン
寄鍋	ヨセナベ
寄附	キフ
寄附金	キフキン
寄食	キショク
寅年	トラドシ
密々	ミツミツ
密か事	ミソカゴト
密やか	ヒソヤカ
密会	ミッカイ
密使	ミッシ
密偵	ミッテイ
密儀	ミツギ
密勅	ミッチョク
密告	ミッコク
密命	ミツメイ
密売	ミツバイ
密売人	ミツバイニン
密室	ミッシツ
密密	ミツミツ
密封	ミップウ
密度	ミツド
密接	ミッセツ
密書	ミッショ
密林	ミツリン
密栓	ミッセン
密植	ミッショク
密殺	ミッサツ
密漁	ミツリョウ
密猟	ミツリョウ
密猟者	ミツリョウシャ
密生	ミッセイ
密画	ミツガ
密着	ミッチャク
密約	ミツヤク
密航	ミッコウ
密航者	ミッコウシャ
密葬	ミッソウ
密行	ミッコウ
密計	ミッケイ
密訴	ミッソ
密談	ミツダン
密議	ミツギ
密貿易	ミツボウエキ
密輸	ミツユ
密輸入	ミツユニュウ
密輸出	ミツユシュツ
密送	ミッソウ
密通	ミッツウ
密造	ミツゾウ
密造酒	ミツゾウシュ
密閉	ミッペイ
密閉型	ミッペイガタ
密陀	ミツダ
密集	ミッシュウ
密雲	ミツウン
富くじ	トミクジ
富ます	トマス
富み	トミ
富む	トム
富力	フリョク
富国	フコク
富士壺	フジツボ
富士絹	フジギヌ
富士薊	フジアザミ
富士額	フジビタイ
富岳	フガク
富嶽	フガク
富有	フユウ
富札	トミフダ
富籤	トミクジ
富裕	フユウ
富裕層	フユウソウ
富豪	フゴウ
富贍	フセン
富農	フノウ
富鉱	フコウ
富魚	トミヨ
寒々	サムザム
寒々しい	サムザムシイ
寒け	サムケ
寒さ	サムサ
寒ざらし	カンザラシ
寒ぶり	カンブリ
寒ブリ	カンブリ
寒中	カンチュウ
寒冒	カンボウ
寒冷	カンレイ
寒冷前線	カンレイゼンセン
寒冷地	カンレイチ
寒冷渦	カンレイウズ
寒冷紗	カンレイシャ
寒剤	カンザイ
寒卵	カンタマゴ
寒参り	カンマイリ
寒地	カンチ
寒天	カンテン
寒害	カンガイ
寒寒	サムザム
寒帯	カンタイ
寒心	カンシン
寒明け	カンアケ
寒晒し	カンザラシ
寒暑	カンショ
寒暖	カンダン
寒暖差	カンダンサ
寒暖計	カンダンケイ
寒月	カンゲツ
寒村	カンソン
寒松	カンショウ
寒桜	カンザクラ
寒梅	カンバイ
寒椿	カンツバキ
寒極	カンキョク
寒気団	カンキダン
寒水	カンスイ
寒波	カンパ
寒流	カンリュウ
寒熱	カンネツ
寒稽古	カンゲイコ
寒空	サムゾラ
寒竹	カンチク
寒肥	カンゴエ
寒色	カンショク
寒苦	カンク
寒菊	カンギク
寒葵	カンアオイ
寒行	カンギョウ
寒雀	カンスズメ
寒雲	カンウン
寒雷	カンライ
寒露	カンロ
寒食	カンショク
寒餅	カンモチ
寒鯉	カンゴイ
寒鰤	カンブリ
寓する	グウスル
寓喩	グウユ
寓居	グウキョ
寓意	グウイ
寓目	グウモク
寓言	グウゲン
寓話	グウワ
寛ぎ	クツロギ
寛ぐ	クツログ
寛げる	クツロゲル
寛厚	カンコウ
寛厳	カンゲン
寛大	カンダイ
寛容	カンヨウ
寛恕	カンジョ
寛解	カンカイ
寛闊	カンカツ
寝かしつける	ネカシツケル
寝かし付ける	ネカシツケル
寝かす	ネカス
寝かせる	ネカセル
寝ぐせ	ネグセ
寝ぐら	ネグラ
寝こむ	ネコム
寝ころぶ	ネコロブ
寝すごす	ネスゴス
寝そべる	ネソベル
寝たきり	ネタキリ
寝た切り	ネタキリ
寝だめ	ネダメ
寝っころがる	ネッコロガル
寝っ転がる	ネッコロガル
寝つき	ネツキ
寝つく	ネツク
寝とる	ネトル
寝ぬ	イヌ
寝ぼけ	ネボケ
寝ぼける	ネボケル
寝まき	ネマキ
寝れる	ネレル
寝わら	ネワラ
寝グセ	ネグセ
寝不足	ネブソク
寝付き	ネツキ
寝付く	ネツク
寝入る	ネイル
寝具	シング
寝冷え	ネビエ
寝刃	ネタバ
寝取る	ネトル
寝台列車	シンダイレッシャ
寝台券	シンダイケン
寝台料金	シンダイリョウキン
寝台車	シンダイシャ
寝圧し	ネオシ
寝坊	ネボウ
寝姿	ネスガタ
寝室	シンシツ
寝小便	ネショウベン
寝巻	ネマキ
寝巻き	ネマキ
寝床	ネドコ
寝待ち月	ネマチヅキ
寝待月	ネマチヅキ
寝心地	ネゴコチ
寝息	ネイキ
寝技	ネワザ
寝押し	ネオシ
寝棺	ネカン
寝業	ネワザ
寝業師	ネワザシ
寝正月	ネショウガツ
寝殿	シンデン
寝殿造	シンデンヅクリ
寝殿造り	シンデンヅクリ
寝汗	ネアセ
寝泊まり	ネトマリ
寝泊り	ネトマリ
寝湯	ネユ
寝溜め	ネダメ
寝物語	ネモノガタリ
寝癖	ネグセ
寝直す	ネナオス
寝相	ネゾウ
寝穢い	イギタナイ
寝耳	ネミミ
寝苦しい	ネグルシイ
寝藁	ネワラ
寝袋	ネブクロ
寝装品	シンソウヒン
寝覚め	ネザメ
寝覚める	ネザメル
寝言	ネゴト
寝起き	ネオキ
寝足りる	ネタリル
寝転がる	ネコロガル
寝転ぶ	ネコロブ
寝込む	ネコム
寝返り	ネガエリ
寝返る	ネガエル
寝過ごす	ネスゴス
寝道具	ネドウグ
寝違い	ネチガイ
寝違え	ネチガエ
寝違える	ネチガエル
寝部屋	ネベヤ
寝酒	ネザケ
寝間	ネマ
寝間着	ネマキ
寝際	ネギワ
寝静まる	ネシズマル
寝顔	ネガオ
寝食	シンショク
寝首	ネクビ
察し	サッシ
察す	サッス
察する	サッスル
察知	サッチ
寡い	スクナイ
寡ない	スクナイ
寡人	カジン
寡作	カサク
寡兵	カヘイ
寡占	カセン
寡夫	カフ
寡少	カショウ
寡慾	カヨク
寡暮らし	ヤモメグラシ
寡欲	カヨク
寡聞	カブン
寡言	カゲン
寡頭	カトウ
寡頭制	カトウセイ
寡黙	カモク
寥々	リョウリョウ
寥寥	リョウリョウ
寧ろ	ムシロ
寧日	ネイジツ
審判官	シンパンカン
審問	シンモン
審尋	シンジン
審査	シンサ
審査員	シンサイン
審査官	シンサカン
審査権	シンサケン
審決	シンケツ
審理	シンリ
審神者	サニワ
審級	シンキュウ
審美	シンビ
審美学	シンビガク
審美歯科	シンビシカ
審美的	シンビテキ
審美眼	シンビガン
審訊	シンジン
審議	シンギ
審議会	シンギカイ
審議官	シンギカン
寮棟	リョウトウ
寮歌	リョウカ
寮母	リョウボ
寮父	リョウフ
寮生	リョウセイ
寮生活	リョウセイカツ
寮監	リョウカン
寮舎	リョウシャ
寮費	リョウヒ
寮長	リョウチョウ
寵児	チョウジ
寵妃	チョウヒ
寵姫	チョウキ
寵愛	チョウアイ
寵臣	チョウシン
寸借	スンシャク
寸刻	スンコク
寸前	スンゼン
寸劇	スンゲキ
寸土	スンド
寸尺	スンシャク
寸志	スンシ
寸感	スンカン
寸描	スンビョウ
寸断	スンダン
寸時	スンジ
寸暇	スンカ
寸書	スンショ
寸楮	スンチョ
寸止め	スンドメ
寸毫	スンゴウ
寸法	スンポウ
寸秒	スンビョウ
寸簡	スンカン
寸胴鍋	ズンドウナベ
寸言	スンゲン
寸評	スンピョウ
寸詰まり	スンヅマリ
寸詰り	スンヅマリ
寸鉄	スンテツ
寸陰	スンイン
寸隙	スンゲキ
寺中	ジチュウ
寺入り	テライリ
寺内	ジナイ
寺務	ジム
寺参り	テラマイリ
寺号	ジゴウ
寺域	ジイキ
寺子	テラコ
寺子屋	テラコヤ
寺小屋	テラコヤ
寺格	ジカク
寺男	テラオトコ
寺社	ジシャ
寺請	テラウケ
寺銭	テラセン
寺院	ジイン
寺領	ジリョウ
対い	ムカイ
対する	タイスル
対ソ	タイソ
対バン	タイバン
対中	タイチュウ
対人	タイジン
対位法	タイイホウ
対価	タイカ
対偶	タイグウ
対償	タイショウ
対内	タイナイ
対処	タイショ
対処方法	タイショホウホウ
対処法	タイショホウ
対句	ツイク
対向	タイコウ
対向車	タイコウシャ
対地	タイチ
対坐	タイザ
対外	タイガイ
対外的	タイガイテキ
対子	トイツ
対審	タイシン
対局	タイキョク
対屋	タイノヤ
対岸	タイガン
対峙	タイジ
対座	タイザ
対当	タイトウ
対応	タイオウ
対応策	タイオウサク
対応表	タイオウヒョウ
対戦	タイセン
対抗	タイコウ
対抗意識	タイコウイシキ
対抗戦	タイコウセン
対抗文化	タイコウブンカ
対抗馬	タイコウバ
対支	タイシ
対数	タイスウ
対数表	タイスウヒョウ
対数関数	タイスウカンスウ
対敵	タイテキ
対日	タイニチ
対校	タイコウ
対格	タイカク
対案	タイアン
対極	タイキョク
対欧	タイオウ
対比	タイヒ
対比的	タイヒテキ
対決	タイケツ
対治	タイジ
対流	タイリュウ
対流圏	タイリュウケン
対潜	タイセン
対照	タイショウ
対照的	タイショウテキ
対物	タイブツ
対生	タイセイ
対症	タイショウ
対症療法	タイショウリョウホウ
対症的	タイショウテキ
対称	タイショウ
対称性	タイショウセイ
対称的	タイショウテキ
対空	タイクウ
対立	タイリツ
対立軸	タイリツジク
対等	タイトウ
対策	タイサク
対米	タイベイ
対置	タイチ
対義語	タイギゴ
対自	タイジ
対艦	タイカン
対華	タイカ
対角	タイカク
対角化	タイカクカ
対角線	タイカクセン
対訳	タイヤク
対話	タイワ
対話型	タイワガタ
対話者	タイワシャ
対談	タイダン
対論	タイロン
対象	タイショウ
対象外	タイショウガイ
対象年齢	タイショウネンレイ
対象者	タイショウシャ
対質	タイシツ
対辺	タイヘン
対陣	タイジン
対露	タイロ
対頂角	タイチョウカク
対顔	タイガン
寿く	コトブク
寿ぐ	コトホグ
寿像	ジュゾウ
寿司ダネ	スシダネ
寿司屋	スシヤ
寿司店	スシテン
寿司桶	スシオケ
寿司種	スシダネ
寿司酢	スシズ
寿司飯	スシメシ
寿命	ジュミョウ
寿福	ジュフク
寿退社	コトブキタイシャ
封かん	フウカン
封じこめる	フウジコメル
封じ手	フウジテ
封じ目	フウジメ
封じ込む	フウジコム
封じ込め	フウジコメ
封じ込める	フウジコメル
封入	フウニュウ
封切	フウキリ
封印	フウイン
封地	ホウチ
封建	ホウケン
封建制	ホウケンセイ
封建制度	ホウケンセイド
封建的	ホウケンテキ
封書	フウショ
封止	フウシ
封殺	フウサツ
封水	フウスイ
封泥	フウデイ
封爵	ホウシャク
封禅	ホウゼン
封緘	フウカン
封蝋	フウロウ
封蠟	フウロウ
封鎖	フウサ
専任	センニン
専修	センシュウ
専修学校	センシュウガッコウ
専修科	センシュウカ
専制	センセイ
専制君主	センセイクンシュ
専制政治	センセイセイジ
専務	センム
専売	センバイ
専売制	センバイセイ
専売品	センバイヒン
専売局	センバイキョク
専属	センゾク
専従	センジュウ
専従者	センジュウシャ
専心	センシン
専念	センネン
専攻	センコウ
専攻科	センコウカ
専政	センセイ
専断	センダン
専有	センユウ
専有権	センユウケン
専業	センギョウ
専業主婦	センギョウシュフ
専権	センケン
専横	センオウ
専決	センケツ
専用	センヨウ
専用機	センヨウキ
専科	センカ
専管	センカン
専行	センコウ
専門	センモン
専門医	センモンイ
専門学校	センモンガッコウ
専門家	センモンカ
専門店	センモンテン
専門性	センモンセイ
専門用語	センモンヨウゴ
専門的	センモンテキ
専門知識	センモンチシキ
専門紙	センモンシ
専門職	センモンショク
専門語	センモンゴ
専願	センガン
射かける	イカケル
射しこむ	サシコム
射し込む	サシコム
射す	サス
射すくめる	イスクメル
射ち殺す	ウチコロス
射つ	ウツ
射ぬく	イヌク
射る	イル
射乳	シャニュウ
射倖	シャコウ
射倖心	シャコウシン
射光	シャコウ
射出	シャシュツ
射利	シャリ
射干	シャガ
射干玉	ヌバタマ
射幸	シャコウ
射幸心	シャコウシン
射影	シャエイ
射手座	イテザ
射抜く	イヌク
射掛ける	イカケル
射撃	シャゲキ
射撃場	シャゲキジョウ
射止める	イトメル
射殺	シャサツ
射殺す	イコロス
射的	シャテキ
射程	シャテイ
射竦める	イスクメル
射精	シャセイ
射精管	シャセイカン
射線	シャセン
射落す	イオトス
射落とす	イオトス
射術	シャジュツ
射角	シャカク
射貫く	イヌク
射込み	イコミ
射返す	イカエス
射通す	イトオス
将兵	ショウヘイ
将卒	ショウソツ
将又	ハタマタ
将士	ショウシ
将官	ショウカン
将帥	ショウスイ
将星	ショウセイ
将来	ショウライ
将来性	ショウライセイ
将来的	ショウライテキ
将校	ショウコウ
将棋	ショウギ
将棋倒し	ショウギダオシ
将棋盤	ショウギバン
将相	ショウショウ
将補	ショウホ
将軍	ショウグン
将軍家	ショウグンケ
将軍職	ショウグンショク
将領	ショウリョウ
將來	ショウライ
專門	センモン
尉官	イカン
尉鶲	ジョウビタキ
尊信	ソンシン
尊像	ソンゾウ
尊兄	ソンケイ
尊公	ソンコウ
尊卑	ソンピ
尊厳	ソンゲン
尊厳死	ソンゲンシ
尊台	ソンダイ
尊号	ソンゴウ
尊名	ソンメイ
尊命	ソンメイ
尊堂	ソンドウ
尊大	ソンダイ
尊大語	ソンダイゴ
尊宅	ソンタク
尊家	ソンカ
尊容	ソンヨウ
尊属	ソンゾク
尊属殺	ソンゾクサツ
尊崇	ソンスウ
尊師	ソンシ
尊慮	ソンリョ
尊攘	ソンジョウ
尊敬	ソンケイ
尊敬語	ソンケイゴ
尊書	ソンショ
尊来	ソンライ
尊母	ソンボ
尊父	ソンプ
尊王	ソンノウ
尊王攘夷	ソンノウジョウイ
尊皇	ソンノウ
尊皇攘夷	ソンノウジョウイ
尊称	ソンショウ
尊簡	ソンカン
尊翰	ソンカン
尊貴	ソンキ
尊重	ソンチョウ
尊顔	ソンガン
尋ね	タズネ
尋ねる	タズネル
尋ね人	タズネビト
尋ね出す	タズネダス
尋ね求める	タズネモトメル
尋ね物	タズネモノ
尋ね者	タズネモノ
尋問	ジンモン
尋常	ジンジョウ
導き	ミチビキ
導きだす	ミチビキダス
導き入れる	ミチビキイレル
導き出す	ミチビキダス
導き手	ミチビキテ
導く	ミチビク
導体	ドウタイ
導入	ドウニュウ
導入部	ドウニュウブ
導出	ドウシュツ
導因	ドウイン
導尿	ドウニョウ
導師	ドウシ
導引	ドウイン
導水	ドウスイ
導波管	ドウハカン
導火線	ドウカセン
導管	ドウカン
導線	ドウセン
導通	ドウツウ
導関数	ドウカンスウ
導電	ドウデン
小うるさい	コウルサイ
小がら	コガラ
小ぎたない	コギタナイ
小ぎれ	コギレ
小ぎれい	コギレイ
小さ	チイサ
小さい	チイサイ
小さじ	コサジ
小さな	チイサナ
小さめ	チイサメ
小さ目	チイサメ
小ざかしい	コザカシイ
小じわ	コジワ
小じんまり	コジンマリ
小せがれ	コセガレ
小っちゃい	チッチャイ
小っちゃな	チッチャナ
小っぽけ	チッポケ
小づか	コヅカ
小づち	コヅチ
小ばか	コバカ
小びん	コビン
小ぶり	コブリ
小また	コマタ
小まめ	コマメ
小わき	コワキ
小わっぱ	コワッパ
小エビ	コエビ
小バカ	コバカ
小ブルジョア	ショウブルジョア
小一	ショウイチ
小三	ショウサン
小上がり	コアガリ
小丘	ショウキュウ
小中	ショウチュウ
小中学校	ショウチュウガッコウ
小中学生	ショウチュウガクセイ
小中高	ショウチュウコウ
小中高生	ショウチュウコウセイ
小丸	コマル
小乗	ショウジョウ
小事	ショウジ
小二	ショウニ
小五	ショウゴ
小京都	ショウキョウト
小企業	ショウキギョウ
小休止	ショウキュウシ
小伝	ショウデン
小体	コテイ
小作	コサク
小作り	コヅクリ
小作人	コサクニン
小作料	コサクリョウ
小作権	コサクケン
小作農	コサクノウ
小使	コヅカイ
小使い	コヅカイ
小供	コドモ
小便器	ショウベンキ
小倅	コセガレ
小倉あん	オグラアン
小倉餡	オグラアン
小像	ショウゾウ
小僧	コゾウ
小児がん	ショウニガン
小児ガン	ショウニガン
小児癌	ショウニガン
小児科	ショウニカ
小児科医	ショウニカイ
小党	ショウトウ
小六	ショウロク
小兵	コヒョウ
小内刈	コウチガリ
小円	ショウエン
小冊	ショウサツ
小冊子	ショウサッシ
小冠者	コカンジャ
小出し	コダシ
小分け	コワケ
小切れ	コギレ
小切子	コキリコ
小切手	コギッテ
小判	コバン
小判鮫	コバンザメ
小利	ショウリ
小利口	コリコウ
小刻み	コキザミ
小前提	ショウゼンテイ
小劇場	ショウゲキジョウ
小勇	ショウユウ
小動き	コウゴキ
小動物	ショウドウブツ
小勢	コゼイ
小包	コヅツミ
小包み	コヅツミ
小匙	コサジ
小千鳥	コチドリ
小半	コナカラ
小半日	コハンニチ
小半時	コハントキ
小卒	ショウソツ
小口現金	コグチゲンキン
小史	ショウシ
小吉	ショウキチ
小名	ショウミョウ
小吏	ショウリ
小味	コアジ
小咄	コバナシ
小品	ショウヒン
小唄	コウタ
小啄木鳥	コゲラ
小商い	コアキナイ
小問	ショウモン
小善	ショウゼン
小喧しい	コヤカマシイ
小器	ショウキ
小噺	コバナシ
小四	ショウヨン
小回り	コマワリ
小国	ショウコク
小国民	ショウコクミン
小坊主	コボウズ
小型	コガタ
小型化	コガタカ
小型機	コガタキ
小型犬	コガタケン
小型自動車	コガタジドウシャ
小型車	コガタシャ
小場	コバ
小塊	ショウカイ
小声	コゴエ
小売	コウリ
小売り	コウリ
小売価格	コウリカカク
小売商	コウリショウ
小売店	コウリテン
小売業	コウリギョウ
小変	ショウヘン
小夜	サヨ
小天地	ショウテンチ
小天狗	コテング
小太り	コブトリ
小太刀	コダチ
小太鼓	コダイコ
小奇麗	コギレイ
小女子	コウナゴ
小委	ショウイ
小娘	コムスメ
小婢	ショウヒ
小子	ショウシ
小孔	ショウコウ
小学	ショウガク
小学校	ショウガッコウ
小学生	ショウガクセイ
小学部	ショウガクブ
小宅	ショウタク
小宇宙	ショウウチュウ
小官	ショウカン
小宴	ショウエン
小寒	ショウカン
小屋掛	コヤガケ
小屋掛け	コヤガケ
小屋組	コヤグミ
小屋組み	コヤグミ
小山	コヤマ
小山羊	コヤギ
小差	ショウサ
小市民	ショウシミン
小布	コギレ
小幅	コハバ
小座敷	コザシキ
小康	ショウコウ
小引	ショウイン
小弟	ショウテイ
小弯	ショウワン
小彎	ショウワン
小当たり	コアタリ
小当り	コアタリ
小形	コガタ
小役人	コヤクニン
小心	ショウシン
小恥ずかしい	コハズカシイ
小悪魔	コアクマ
小惑星	ショウワクセイ
小意気	コイキ
小慾	ショウヨク
小憎らしい	コニクラシイ
小憩	ショウケイ
小成	ショウセイ
小我	ショウガ
小戻す	コモドス
小手先	コテサキ
小手毬	コデマリ
小手調べ	コテシラベ
小技	コワザ
小括	ショウカツ
小括弧	ショウカッコ
小指	コユビ
小振り	コブリ
小揚	コアゲ
小揚げ	コアゲ
小揺るぎ	コユルギ
小数	ショウスウ
小数点	ショウスウテン
小敵	ショウテキ
小文字	コモジ
小料理	コリョウリ
小料理屋	コリョウリヤ
小旅行	ショウリョコウ
小春	コハル
小春日和	コハルビヨリ
小景	ショウケイ
小智	ショウチ
小暑	ショウショ
小曲	ショウキョク
小書き	コガキ
小札	コザネ
小机	コヅクエ
小松	コマツ
小松菜	コマツナ
小楊枝	コヨウジ
小楢	コナラ
小楯	コダテ
小槌	コヅチ
小欲	ショウヨク
小歌	コウタ
小正月	コショウガツ
小母	オバ
小水	ショウスイ
小水葱	コナギ
小汚い	コギタナイ
小江戸	コエド
小法廷	ショウホウテイ
小海老	コエビ
小満	ショウマン
小滝	コダキ
小潮	コシオ
小火器	ショウカキ
小為替	コガワセ
小照	ショウショウ
小煩い	コウルサイ
小熊	コグマ
小熊座	コグマザ
小爪	コヅメ
小父	オジ
小片	ショウヘン
小物	コモノ
小物入れ	コモノイレ
小犬	コイヌ
小狐	コギツネ
小狐座	コギツネザ
小猫	コネコ
小猿	コザル
小獅子	コジシ
小獅子座	コジシザ
小玉	コダマ
小球	ショウキュウ
小理屈	コリクツ
小瓶	コビン
小生	ショウセイ
小田巻	オダマキ
小男	コオトコ
小町	コマチ
小異	ショウイ
小癪	コシャク
小発作	ショウホッサ
小白鳥	コハクチョウ
小百合	サユリ
小百姓	コビャクショウ
小皺	コジワ
小皿	コザラ
小知	ショウチ
小石	コイシ
小破	ショウハ
小社	ショウシャ
小祠	ショウシ
小祥	ショウショウ
小稿	ショウコウ
小突く	コヅク
小窓	コマド
小競り合い	コゼリアイ
小競合い	コゼリアイ
小策	ショウサク
小箱	コバコ
小篆	ショウテン
小篇	ショウヘン
小粋	コイキ
小粒	コツブ
小糠	コヌカ
小糠雨	コヌカアメ
小紋	コモン
小紙	ショウシ
小細工	コザイク
小結	コムスビ
小綬鶏	コジュケイ
小綺麗	コギレイ
小編	ショウヘン
小羊	コヒツジ
小者	コモノ
小耳	コミミ
小股	コマタ
小肥り	コブトリ
小胆	ショウタン
小胞	ショウホウ
小胞体	ショウホウタイ
小脇	コワキ
小脳	ショウノウ
小腰	コゴシ
小腸	ショウチョウ
小腹	コバラ
小膝	コヒザ
小臭木	コクサギ
小臼歯	ショウキュウシ
小舅	コジュウト
小舞	コマイ
小船	コブネ
小芋	コイモ
小芝居	コシバイ
小荷物	コニモツ
小菊	コギク
小菜葱	コナギ
小菜蛾	コナガ
小著	ショウチョ
小葱	コネギ
小蒲	コガマ
小蔭	コカゲ
小藩	ショウハン
小蜂	コバチ
小蝦	コエビ
小蝿	コバエ
小袋	コブクロ
小袖	コソデ
小袖料	コソデリョウ
小見出し	コミダシ
小規模	ショウキボ
小言	コゴト
小計	ショウケイ
小誌	ショウシ
小説	ショウセツ
小説化	ショウセツカ
小説家	ショウセツカ
小論	ショウロン
小論文	ショウロンブン
小豆梨	アズキナシ
小豆粥	アズキガユ
小豆色	アズキイロ
小豚	コブタ
小賀玉の木	オガタマノキ
小賢しい	コザカシイ
小走り	コバシリ
小足	コアシ
小躍り	コオドリ
小身	ショウシン
小農	ショウノウ
小逕	ショウケイ
小過	ショウカ
小道	コミチ
小道具	コドウグ
小遣い帳	コヅカイチョウ
小遣帳	コヅカイチョウ
小部屋	コベヤ
小酌	ショウシャク
小量	ショウリョウ
小金	コガネ
小鉢	コバチ
小鉤	コハゼ
小銃	ショウジュウ
小銭	コゼニ
小鍋	コナベ
小門	コモン
小閑	ショウカン
小間使	コマヅカイ
小間使い	コマヅカイ
小間切れ	コマギレ
小間物	コマモノ
小間結び	コマムスビ
小降り	コブリ
小陰唇	ショウインシン
小隊	ショウタイ
小隊長	ショウタイチョウ
小難	ショウナン
小額	ショウガク
小顔	コガオ
小食	ショウショク
小首	コクビ
小馬	コウマ
小馬座	コウマザ
小馬鹿	コバカ
小高い	コダカイ
小鬢	コビン
小鬼	コオニ
小鳥	コトリ
小鳴き	ササナキ
小鴨	コガモ
小鷹	コタカ
小麦	コムギ
小麦粉	コムギコ
小麦色	コムギイロ
小鼻	コバナ
少々	ショウショウ
少し	スコシ
少しく	スコシク
少ない	スクナイ
少なめ	スクナメ
少佐	ショウサ
少国民	ショウコクミン
少壮	ショウソウ
少女子	オトメゴ
少婢	ショウヒ
少子	ショウシ
少子化	ショウシカ
少子高齢化	ショウシコウレイカ
少将	ショウショウ
少尉	ショウイ
少少	ショウショウ
少年	ショウネン
少年兵	ショウネンヘイ
少年団	ショウネンダン
少年期	ショウネンキ
少年法	ショウネンホウ
少年院	ショウネンイン
少弟	ショウテイ
少慾	ショウヨク
少憩	ショウケイ
少数	ショウスウ
少数派	ショウスウハ
少数者	ショウスウシャ
少敵	ショウテキ
少時	ショウジ
少林寺拳法	ショウリンジケンポウ
少欲	ショウヨク
少水	ショウスイ
少考	ショウコウ
少量	ショウリョウ
少閑	ショウカン
少陰	ショウイン
少陽	ショウヨウ
少雨	ショウウ
少額	ショウガク
少食	ショウショク
尖み	コスミ
尖み付け	コスミツケ
尖む	コスム
尖らす	トガラス
尖り声	トガリゴエ
尖兵	センペイ
尖圭	センケイ
尖塔	セントウ
尖屋根	トンガリヤネ
尖形	センケイ
尖端	センタン
尖足	センソク
尖部	センブ
尖鋭	センエイ
尖頭	セントウ
尖鼠	トガリネズミ
尚かつ	ナオカツ
尚さら	ナオサラ
尚且つ	ナオカツ
尚古	ショウコ
尚尚	ナオナオ
尚早	ショウソウ
尚更	ナオサラ
尚武	ショウブ
尠い	スクナイ
尠ない	スクナイ
尠少	センショウ
尤める	トガメル
尤度	ユウド
尤物	ユウブツ
尨大	ボウダイ
尨毛	ムクゲ
尨犬	ムクイヌ
就任	シュウニン
就任式	シュウニンシキ
就労	シュウロウ
就労ビザ	シュウロウビザ
就労時間	シュウロウジカン
就園	シュウエン
就学	シュウガク
就学前教育	シュウガクゼンキョウイク
就学率	シュウガクリツ
就学生	シュウガクセイ
就寝	シュウシン
就巣	シュウソウ
就床	シュウショウ
就役	シュウエキ
就業	シュウギョウ
就業日数	シュウギョウニッスウ
就業時間	シュウギョウジカン
就業機会	シュウギョウキカイ
就業率	シュウギョウリツ
就業者	シュウギョウシャ
就業規則	シュウギョウキソク
就活	シュウカツ
就眠	シュウミン
就縛	シュウバク
就職	シュウショク
就職先	シュウショクサキ
就職氷河期	シュウショクヒョウガキ
就職活動	シュウショクカツドウ
就職率	シュウショクリツ
就職者	シュウショクシャ
就職難	シュウショクナン
就航	シュウコウ
就蓐	シュウジョク
就褥	シュウジョク
就農	シュウノウ
尸位	シイ
尺八	シャクハチ
尺取	シャクトリ
尺取虫	シャクトリムシ
尺度	シャクド
尺沢	シャクタク
尺蛾	シャクガ
尺貫法	シャッカンホウ
尺骨	シャッコツ
尻からげ	シリカラゲ
尻ごみ	シリゴミ
尻すぼまり	シリスボマリ
尻すぼみ	シリスボミ
尻っぺた	シリッペタ
尻っぽ	シリッポ
尻ぬぐい	シリヌグイ
尻もち	シリモチ
尻上がり	シリアガリ
尻上り	シリアガリ
尻下がり	シリサガリ
尻切れ	シリキレ
尻取り	シリトリ
尻当て	シリアテ
尻抜け	シリヌケ
尻押し	シリオシ
尻拭い	シリヌグイ
尻癖	シリクセ
尻目	シリメ
尻窄まり	シリスボマリ
尻繋	シリガイ
尻肉	シリニク
尻腐れ	シリグサレ
尻軽	シリガル
尻込み	シリゴミ
尻重	シリオモ
尻隠し	シリカクシ
尻餅	シリモチ
尻餠	シリモチ
尻馬	シリウマ
尻鰭	シリビレ
尼僧	ニソウ
尼法師	アマホウシ
尼鷺	アマサギ
尽きる	ツキル
尽くす	ツクス
尽す	ツクス
尽れる	スガレル
尽力	ジンリョク
尽忠	ジンチュウ
尽日	ジンジツ
尽未来	ジンミライ
尽瘁	ジンスイ
尾け回す	ツケマワス
尾っぽ	オッポ
尾てい骨	ビテイコツ
尾ひれ	オヒレ
尾びれ	オビレ
尾ヒレ	オヒレ
尾根	オネ
尾灯	ビトウ
尾白鷲	オジロワシ
尾端	ビタン
尾節	ビセツ
尾索類	ビサクルイ
尾翼	ビヨク
尾肉	オニク
尾花	オバナ
尾部	ビブ
尾錠	ビジョウ
尾長	オナガ
尾長鶏	オナガドリ
尾頭付	オカシラツキ
尾頭付き	オカシラツキ
尾骨	ビコツ
尾骶骨	ビテイコツ
尿中	ニョウチュウ
尿器	ニョウキ
尿失禁	ニョウシッキン
尿崩症	ニョウホウショウ
尿意	ニョウイ
尿検査	ニョウケンサ
尿毒症	ニョウドクショウ
尿漏れ	ニョウモレ
尿瓶	シビン
尿石	ニョウセキ
尿管	ニョウカン
尿糖	ニョウトウ
尿素	ニョウソ
尿結石	ニョウケッセキ
尿膜	ニョウマク
尿路	ニョウロ
尿道	ニョウドウ
尿道炎	ニョウドウエン
尿酸	ニョウサン
尿量	ニョウリョウ
尿閉	ニョウヘイ
局内	キョクナイ
局勢	キョクセイ
局名	キョクメイ
局員	キョクイン
局在	キョクザイ
局地	キョクチ
局地的	キョクチテキ
局報	キョクホウ
局外	キョクガイ
局外者	キョクガイシャ
局所	キョクショ
局所麻酔	キョクショマスイ
局方	キョクホウ
局留	キョクドメ
局留め	キョクドメ
局番	キョクバン
局紙	キョクシ
局舎	キョクシャ
局部	キョクブ
局部麻酔	キョクブマスイ
局長	キョクチョウ
局限	キョクゲン
局面	キョクメン
屁こき	ヘコキ
屁っ放り	ヘッピリ
屁放き	ヘコキ
屁理屈	ヘリクツ
居あき	イアキ
居あわせる	イアワセル
居すくむ	イスクム
居すわる	イスワル
居ずまい	イズマイ
居つく	イツク
居丈高	イタケダカ
居並ぶ	イナラブ
居中	キョチュウ
居付く	イツク
居住	キョジュウ
居住い	イズマイ
居住まい	イズマイ
居住区	キョジュウク
居住国	キョジュウコク
居住地	キョジュウチ
居住性	キョジュウセイ
居住権	キョジュウケン
居住者	キョジュウシャ
居候	イソウロウ
居合	イアイ
居合い	イアイ
居合す	イアワス
居合せる	イアワセル
居合わす	イアワス
居合わせる	イアワセル
居坐る	イスワル
居城	キョジョウ
居場所	イバショ
居士	コジ
居宅	キョタク
居室	キョシツ
居常	キョジョウ
居座り	イスワリ
居座る	イスワル
居待ち	イマチ
居待ち月	イマチヅキ
居待月	イマチヅキ
居心地	イゴコチ
居抜き	イヌキ
居据わる	イスワル
居木	イギ
居残り	イノコリ
居残る	イノコル
居流れる	イナガレル
居然	キョゼン
居玉	イギョク
居留	キョリュウ
居留地	キョリュウチ
居留守	イルス
居留民	キョリュウミン
居直り強盗	イナオリゴウトウ
居直る	イナオル
居眠り	イネムリ
居眠る	イネムル
居着く	イツク
居睡り	イネムリ
居空き	イアキ
居続け	イツヅケ
居職	イジョク
居酒屋	イザカヤ
居間	イマ
居飛車	イビシャ
居食い	イグイ
屈する	クッスル
屈みこむ	カガミコム
屈伏	クップク
屈伸	クッシン
屈伸性	クッシンセイ
屈光性	クッコウセイ
屈強	クッキョウ
屈従	クツジュウ
屈性	クッセイ
屈托	クッタク
屈折	クッセツ
屈折率	クッセツリツ
屈折角	クッセツカク
屈折計	クッセツケイ
屈折語	クッセツゴ
屈指	クッシ
屈撓	クットウ
屈曲	クッキョク
屈曲位	クッキョクイ
屈服	クップク
屈狸	クズリ
屈筋	クッキン
屈腱炎	クッケンエン
屈葬	クッソウ
屈託	クッタク
屈起	クッキ
屈辱	クツジョク
届く	トドク
届け	トドケ
届ける	トドケル
届け先	トドケサキ
届け出で	トドケイデ
届け出でる	トドケイデル
届け出る	トドケデル
届け済み	トドケズミ
届け物	トドケモノ
届出印	トドケデイン
届出書	トドケデショ
屋上	オクジョウ
屋上庭園	オクジョウテイエン
屋上緑化	オクジョウリョクカ
屋並	ヤナミ
屋並み	ヤナミ
屋体	ヤタイ
屋内	オクナイ
屋台	ヤタイ
屋台店	ヤタイミセ
屋台骨	ヤタイボネ
屋号	ヤゴウ
屋形	ヤカタ
屋形船	ヤカタブネ
屋戸	ヤド
屋敷	ヤシキ
屋敷町	ヤシキマチ
屋敷神	ヤシキガミ
屋根	ヤネ
屋根屋	ヤネヤ
屋根替え	ヤネガエ
屋根板	ヤネイタ
屋根瓦	ヤネガワラ
屋根裏	ヤネウラ
屋舎	オクシャ
屍体	シタイ
屍姦	シカン
屍斑	シハン
屍毒	シドク
屍肉	シニク
屍臭	シシュウ
屍蝋	シロウ
屍骸	シガイ
屍鬼	シキ
屎尿	シニョウ
屏息	ヘイソク
屏禁	ヘイキン
屏風	ビョウブ
屏風絵	ビョウブエ
屑かご	クズカゴ
屑入れ	クズイレ
屑屋	クズヤ
屑物	クズモノ
屑篭	クズカゴ
屑籠	クズカゴ
屑糸	クズイト
屑繭	クズマユ
屑鉄	クズテツ
展く	ヒラク
展げる	ヒロゲル
展べる	ノベル
展墓	テンボ
展延	テンエン
展性	テンセイ
展望	テンボウ
展望台	テンボウダイ
展望車	テンボウシャ
展示	テンジ
展示会	テンジカイ
展示場	テンジジョウ
展示室	テンジシツ
展示物	テンジブツ
展覧	テンラン
展覧会	テンランカイ
展観	テンカン
展開	テンカイ
展開図	テンカイズ
屛風	ビョウブ
属人	ゾクジン
属人法	ゾクジンホウ
属僚	ゾクリョウ
属名	ゾクメイ
属吏	ゾクリ
属国	ゾッコク
属国化	ゾッコクカ
属地	ゾクチ
属官	ゾッカン
属島	ゾクトウ
属州	ゾクシュウ
属性	ゾクセイ
属望	ショクボウ
属格	ゾッカク
属目	ショクモク
属託	ショクタク
属音	ゾクオン
属領	ゾクリョウ
屠場	トジョウ
屠所	トショ
屠殺	トサツ
屠牛	トギュウ
屠畜	トチク
屠腹	トフク
屠蘇	トソ
屠蘇散	トソサン
屡々	シバシバ
層倍	ソウバイ
層別	ソウベツ
層化	ソウカ
層序	ソウジョ
層序学	ソウジョガク
層楼	ソウロウ
層流	ソウリュウ
層状	ソウジョウ
層理	ソウリ
層積雲	ソウセキウン
層群	ソウグン
層雲	ソウウン
履きかえる	ハキカエル
履きつぶす	ハキツブス
履きもの	ハキモノ
履き古し	ハキフルシ
履き古す	ハキフルス
履き心地	ハキゴコチ
履き捨てる	ハキステル
履き替える	ハキカエル
履き潰す	ハキツブス
履き物	ハキモノ
履き違える	ハキチガエル
履く	ハク
履む	フム
履修	リシュウ
履帯	リタイ
履歴	リレキ
履歴書	リレキショ
履物	ハキモノ
履習	リシュウ
履行	リコウ
履践	リセン
履違える	ハキチガエル
屯する	タムロスル
屯営	トンエイ
屯所	トンショ
屯服	トンプク
屯田	トンデン
屯田兵	トンデンヘイ
山々	ヤマヤマ
山あい	ヤマアイ
山いも	ヤマイモ
山うど	ヤマウド
山おろし	ヤマオロシ
山かけ	ヤマカケ
山ぎわ	ヤマギワ
山ごもり	ヤマゴモリ
山すそ	ヤマスソ
山なみ	ヤマナミ
山なり	ヤマナリ
山の手	ヤマノテ
山の日	ヤマノヒ
山の神	ヤマノカミ
山の端	ヤマノハ
山の背	ヤマノセ
山の芋	ヤマノイモ
山はだ	ヤマハダ
山ひだ	ヤマヒダ
山びこ	ヤマビコ
山べ	ヤマベ
山ほど	ヤマホド
山ろく	サンロク
山上	サンジョウ
山並	ヤマナミ
山並み	ヤマナミ
山仕事	ヤマシゴト
山伏	ヤマブシ
山伝い	ヤマヅタイ
山住み	ヤマズミ
山体	サンタイ
山偏	ヤマヘン
山側	ヤマガワ
山元	ヤマモト
山内	サンナイ
山冠	ヤマカンムリ
山出し	ヤマダシ
山刀	ヤマガタナ
山分け	ヤマワケ
山勘	ヤマカン
山卸	ヤマオロシ
山口	ヤマグチ
山号	サンゴウ
山名	サンメイ
山吹	ヤマブキ
山吹き色	ヤマブキイロ
山吹色	ヤマブキイロ
山啄木鳥	ヤマゲラ
山国	ヤマグニ
山地	サンチ
山型	ヤマガタ
山場	ヤマバ
山塊	サンカイ
山塞	サンサイ
山奥	ヤマオク
山守	ヤマモリ
山容	サンヨウ
山寨	サンサイ
山寺	ヤマデラ
山小屋	ヤマゴヤ
山山	ヤマヤマ
山岳	サンガク
山岳部	サンガクブ
山崩れ	ヤマクズレ
山嶺	サンレイ
山嶽	サンガク
山巓	サンテン
山師	ヤマシ
山帰来	サンキライ
山幸	ヤマサチ
山彙	サンイ
山彦	ヤマビコ
山径	サンケイ
山懐	ヤマフトコロ
山房	サンボウ
山折り	ヤマオリ
山掛け	ヤマカケ
山月	サンゲツ
山本	ヤマモト
山村	サンソン
山杜鵑	ヤマホトトギス
山林	サンリン
山査子	サンザシ
山栗	ヤマグリ
山桃	ヤマモモ
山桑	ヤマグワ
山桜	ヤマザクラ
山梨	ヤマナシ
山椒藻	サンショウモ
山椒魚	サンショウウオ
山楂子	サンザシ
山歩き	ヤマアルキ
山毛欅	ブナ
山水画	サンスイガ
山沿い	ヤマゾイ
山津波	ヤマツナミ
山海	サンカイ
山漆	ヤマウルシ
山火事	ヤマカジ
山焼き	ヤマヤキ
山犬	ヤマイヌ
山狩り	ヤマガリ
山独活	ヤマウド
山猫	ヤマネコ
山猫座	ヤマネコザ
山猿	ヤマザル
山獏	ヤマバク
山男	ヤマオトコ
山番	ヤマバン
山登り	ヤマノボリ
山百合	ヤマユリ
山盛	ヤマモリ
山盛り	ヤマモリ
山砦	サンサイ
山砲	サンポウ
山程	ヤマホド
山稜	サンリョウ
山稼ぎ	ヤマカセギ
山積	サンセキ
山積み	ヤマヅミ
山立	ヤマダチ
山籠もり	ヤマゴモリ
山籠り	ヤマゴモリ
山系	サンケイ
山紫陽花	ヤマアジサイ
山繭蛾	ヤママユガ
山羊	ヤギ
山羊ひげ	ヤギヒゲ
山羊乳	ヤギニュウ
山羊座	ヤギザ
山羊髭	ヤギヒゲ
山翡翠	ヤマセミ
山肌	ヤマハダ
山育ち	ヤマソダチ
山背	ヤマセ
山腹	サンプク
山芋	ヤマイモ
山荒し	ヤマアラシ
山荒らし	ヤマアラシ
山荘	サンソウ
山菜	サンサイ
山葵	ワサビ
山葵大根	ワサビダイコン
山葵漬	ワサビヅケ
山葵漬け	ワサビヅケ
山蟻	ヤマアリ
山行	サンコウ
山裾	ヤマスソ
山襞	ヤマヒダ
山詞	ヤマコトバ
山賊	サンゾク
山越え	ヤマゴエ
山越し	ヤマゴシ
山躑躅	ヤマツツジ
山辺	ヤマベ
山里	ヤマザト
山野	サンヤ
山野草	サンヤソウ
山鉾	ヤマボコ
山門	サンモン
山開き	ヤマビラキ
山際	ヤマギワ
山雀	ヤマガラ
山雪	ヤマユキ
山霊	サンレイ
山頂	サンチョウ
山顚	サンテン
山顛	サンテン
山颪	ヤマオロシ
山駕籠	ヤマカゴ
山高帽	ヤマタカボウ
山高帽子	ヤマタカボウシ
山鯨	ヤマクジラ
山鳥茸	ヤマドリタケ
山鳩	ヤマバト
山鳴らし	ヤマナラシ
山鳴り	ヤマナリ
山鶉	ヤマウズラ
山麓	サンロク
山鼬	ヤマイタチ
屹度	キット
屹然	キツゼン
屹立	キツリツ
岌々	キュウキュウ
岐れる	ワカレル
岐阜提灯	ギフヂョウチン
岡っ引き	オカッピキ
岡場所	オカバショ
岡惚れ	オカボレ
岡持ち	オカモチ
岡焼き	オカヤキ
岡目	オカメ
岡目八目	オカメハチモク
岩のり	イワノリ
岩体	ガンタイ
岩場	イワバ
岩塊	ガンカイ
岩塩坑	ガンエンコウ
岩壁	ガンペキ
岩室	イワムロ
岩屋	イワヤ
岩層	ガンソウ
岩山	イワヤマ
岩床	ガンショウ
岩戸	イワト
岩木	イワキ
岩根	イワネ
岩梅	イワウメ
岩棚	イワダナ
岩海苔	イワノリ
岩清水	イワシミズ
岩漿	ガンショウ
岩煙草	イワタバコ
岩燕	イワツバメ
岩狸	イワダヌキ
岩田帯	イワタオビ
岩登り	イワノボリ
岩盤	ガンバン
岩盤浴	ガンバンヨク
岩石	ガンセキ
岩石圏	ガンセキケン
岩石学	ガンセキガク
岩礁	ガンショウ
岩穴	イワアナ
岩窟	ガンクツ
岩組	イワグミ
岩組み	イワグミ
岩絵	イワエ
岩綿	ガンメン
岩肌	イワハダ
岩脈	ガンミャク
岩苦菜	イワニガナ
岩茸	イワタケ
岩蓮華	イワレンゲ
岩蔭	イワカゲ
岩虫	イワムシ
岩蟹	イワガニ
岩角	イワカド
岩鏡	イワカガミ
岩陰	イワカゲ
岩雲雀	イワヒバリ
岩頭	ガントウ
岩風呂	イワブロ
岩高蘭	ガンコウラン
岩魚	イワナ
岩鷓鴣	イワシャコ
岳人	ガクジン
岳樺	ダケカンバ
岳父	ガクフ
岸べ	キシベ
岸壁	ガンペキ
岸辺	キシベ
峙つ	ソバダツ
峠越え	トウゲゴエ
峠道	トウゲミチ
峡湾	キョウワン
峡谷	キョウコク
峡部	キョウブ
峡間	キョウカン
峨々	ガガ
峨峨	ガガ
峭刻	ショウコク
峰々	ミネミネ
峰巒	ホウラン
峰打ち	ミネウチ
峰頭	ホウトウ
島々	シマジマ
島くとぅば	シマクトゥバ
島しょ	トウショ
島じま	シマジマ
島クトゥバ	シマクトゥバ
島主	トウシュ
島伝い	シマヅタイ
島内	トウナイ
島台	シマダイ
島名	トウメイ
島唄	シマウタ
島四国	シマシコク
島国根性	シマグニコンジョウ
島外	トウガイ
島山	シマヤマ
島嶼	トウショ
島嶼国	トウショコク
島巡り	シマメグリ
島弧	トウコ
島影	シマカゲ
島根	シマネ
島梟	シマフクロウ
島民	トウミン
島流し	シマナガシ
島田	シマダ
島破り	シマヤブリ
島育ち	シマソダチ
島豆腐	シマドウフ
島陰	シマカゲ
峻別	シュンベツ
峻刻	シュンコク
峻厳	シュンゲン
峻峭	シュンショウ
峻嶮	シュンケン
峻嶺	シュンレイ
峻拒	シュンキョ
峻烈	シュンレツ
峻険	シュンケン
崇めたてる	アガメタテル
崇める	アガメル
崇め立てる	アガメタテル
崇拝	スウハイ
崇敬	スウケイ
崇高	スウコウ
崎嶇	キク
崖っぷち	ガケップチ
崖っ縁	ガケップチ
崖崩れ	ガケクズレ
崖道	ガケミチ
崛起	クッキ
崩し	クズシ
崩し字	クズシジ
崩し書き	クズシガキ
崩じる	ホウジル
崩す	クズス
崩ずる	ホウズル
崩れ	クズレ
崩れる	クズレル
崩れ去る	クズレサル
崩れ掛かる	クズレカカル
崩れ落ちる	クズレオチル
崩壊	ホウカイ
崩御	ホウギョ
崩折れる	クズオレル
崩潰	ホウカイ
崩落	ホウラク
嵌まりこむ	ハマリコム
嵌まり役	ハマリヤク
嵌まり込む	ハマリコム
嵌まる	ハマル
嵌め合い	ハメアイ
嵌め込み	ハメコミ
嵌め込む	ハメコム
嵌りこむ	ハマリコム
嵌り役	ハマリヤク
嵌る	ハマル
嵌入	カンニュウ
嵌頓	カントン
嵐気	ランキ
嵩じる	コウジル
嵩ずる	コウズル
嵩む	カサム
嵩上げ	カサアゲ
嵩張る	カサバル
嶮しい	ケワシイ
嶮岨	ケンソ
嶮峻	ケンシュン
嶮難	ケンナン
巌松	ガンショウ
巌窟	ガンクツ
巌頭	ガントウ
巍々	ギギ
巍峨	ギガ
巍巍	ギギ
巍然	ギゼン
川あそび	カワアソビ
川かます	カワカマス
川っぷち	カワップチ
川べ	カワベ
川べり	カワベリ
川エビ	カワエビ
川上	カワカミ
川下	カワシモ
川下り	カワクダリ
川伝い	カワヅタイ
川八目	カワヤツメ
川口	カワグチ
川向かい	カワムカイ
川向こう	カワムコウ
川尻	カワジリ
川岸	カワギシ
川崎病	カワサキビョウ
川幅	カワハバ
川底	カワゾコ
川明かり	カワアカリ
川明り	カワアカリ
川止め	カワドメ
川水雲	カワモズク
川沿い	カワゾイ
川波	カワナミ
川流れ	カワナガレ
川海老	カワエビ
川漁	カワリョウ
川瀬	カワセ
川猟	カワリョウ
川獺	カワウソ
川穴子	カワアナゴ
川端	カワバタ
川竹	カワタケ
川筋	カワスジ
川芎	センキュウ
川虫	カワムシ
川蜷	カワニナ
川蜻蛉	カワトンボ
川蝉	カワセミ
川螻蛄	カワゲラ
川越え	カワゴエ
川越し	カワゴシ
川辺	カワベ
川遊び	カワアソビ
川釣り	カワヅリ
川開き	カワビラキ
川霧	カワギリ
川風	カワカゼ
川鯥	カワムツ
川鼠	カワネズミ
州兵	シュウヘイ
州内	シュウナイ
州外	シュウガイ
州歌	シュウカ
州民	シュウミン
州法	シュウホウ
州浜草	スハマソウ
州牧	シュウボク
州知事	シュウチジ
州税	シュウゼイ
州立	シュウリツ
州議会	シュウギカイ
州都	シュウト
巡らす	メグラス
巡り	メグリ
巡りあう	メグリアウ
巡りあわせ	メグリアワセ
巡り合い	メグリアイ
巡り合せ	メグリアワセ
巡り合わせ	メグリアワセ
巡り歩く	メグリアルク
巡る	メグル
巡回	ジュンカイ
巡察	ジュンサツ
巡幸	ジュンコウ
巡廻	ジュンカイ
巡拝	ジュンパイ
巡査	ジュンサ
巡査長	ジュンサチョウ
巡検	ジュンケン
巡業	ジュンギョウ
巡歴	ジュンレキ
巡洋艦	ジュンヨウカン
巡演	ジュンエン
巡狩	ジュンシュ
巡礼	ジュンレイ
巡航	ジュンコウ
巡行	ジュンコウ
巡見使	ジュンケンシ
巡視	ジュンシ
巡視船	ジュンシセン
巡視艇	ジュンシテイ
巡覧	ジュンラン
巡遊	ジュンユウ
巡邏	ジュンラ
巡錫	ジュンシャク
巣くう	スクウ
巣ごもり	スゴモリ
巣ごもる	スゴモル
巣作り	スヅクリ
巣喰う	スクウ
巣引き	スビキ
巣窟	ソウクツ
巣立ち	スダチ
巣立つ	スダツ
巣箱	スバコ
巣篭もり	スゴモリ
巣籠もり	スゴモリ
巣籠り	スゴモリ
巣籠る	スゴモル
巣離れ	スバナレ
巣食う	スクウ
工む	タクム
工事	コウジ
工事中	コウジチュウ
工事費	コウジヒ
工人	コウジン
工作	コウサク
工作員	コウサクイン
工作室	コウサクシツ
工作物	コウサクブツ
工作船	コウサクセン
工兵	コウヘイ
工具	コウグ
工具箱	コウグバコ
工務	コウム
工務店	コウムテン
工匠	コウショウ
工区	コウク
工員	コウイン
工場長	コウジョウチョウ
工大	コウダイ
工学者	コウガクシャ
工学部	コウガクブ
工工四	クンクンシイ
工廠	コウショウ
工房	コウボウ
工手	コウシュ
工数	コウスウ
工数管理	コウスウカンリ
工料	コウリョウ
工期	コウキ
工業	コウギョウ
工業デザイン	コウギョウデザイン
工業化	コウギョウカ
工業国	コウギョウコク
工業地域	コウギョウチイキ
工業地帯	コウギョウチタイ
工業意匠	コウギョウイショウ
工業港	コウギョウコウ
工業用水	コウギョウヨウスイ
工業製品	コウギョウセイヒン
工業都市	コウギョウトシ
工業高校	コウギョウコウコウ
工業高等専門学校	コウギョウコウトウセンモンガッコウ
工法	コウホウ
工率	コウリツ
工科	コウカ
工程	コウテイ
工程表	コウテイヒョウ
工種	コウシュ
工船	コウセン
工芸	コウゲイ
工芸品	コウゲイヒン
工芸家	コウゲイカ
工費	コウヒ
工賃	コウチン
工部	コウブ
工銭	コウセン
工順	コウジュン
左うちわ	ヒダリウチワ
左きき	ヒダリキキ
左ぎっちょ	ヒダリギッチョ
左はし	ヒダリハシ
左上	ヒダリウエ
左下	ヒダリシタ
左中間	サチュウカン
左傾	サケイ
左傾化	サケイカ
左利き	ヒダリキキ
左右対称	サユウタイショウ
左右非対称	サユウヒタイショウ
左向き	ヒダリムキ
左回り	ヒダリマワリ
左団扇	ヒダリウチワ
左図	サズ
左大臣	サダイジン
左奥	ヒダリオク
左寄せ	ヒダリヨセ
左寄り	ヒダリヨリ
左岸	サガン
左巻き	ヒダリマキ
左後ろ	ヒダリウシロ
左心室	サシンシツ
左心房	サシンボウ
左房	サボウ
左打ち	ヒダリウチ
左打者	ヒダリダシャ
左払い	ヒダリハライ
左投げ	ヒダリナゲ
左折	サセツ
左方	サホウ
左旋性	サセンセイ
左書き	ヒダリガキ
左様	サヨウ
左横	ヒダリヨコ
左派	サハ
左目	ヒダリメ
左直	サチョク
左義長	サギチョウ
左翼	サヨク
左翼手	サヨクシュ
左耳	ヒダリミミ
左肩	ヒダリカタ
左胸	ヒダリムネ
左脚	ヒダリアシ
左脳	サノウ
左腎	サジン
左舷	サゲン
左表	サヒョウ
左袒	サタン
左褄	ヒダリヅマ
左記	サキ
左辺	サヘン
左遣い	ヒダリヅカイ
左遷	サセン
左隅	ヒダリスミ
巧い	ウマイ
巧く	ウマク
巧み	タクミ
巧む	タクム
巧妙	コウミョウ
巧手	コウシュ
巧拙	コウセツ
巧緻	コウチ
巧言	コウゲン
巧遅	コウチ
巨きい	オオキイ
巨万	キョマン
巨乳	キョニュウ
巨人	キョジン
巨人症	キョジンショウ
巨体	キョタイ
巨像	キョゾウ
巨億	キョオク
巨利	キョリ
巨刹	キョサツ
巨匠	キョショウ
巨嘴鳥座	キョシチョウザ
巨塔	キョトウ
巨大	キョダイ
巨大児	キョダイジ
巨大波	キョダイハ
巨富	キョフ
巨岩	キョガン
巨峰	キョホウ
巨巌	キョガン
巨弾	キョダン
巨悪	キョアク
巨擘	キョハク
巨星	キョセイ
巨木	キョボク
巨核球	キョカクキュウ
巨根	キョコン
巨樹	キョジュ
巨歩	キョホ
巨漢	キョカン
巨獣	キョジュウ
巨石	キョセキ
巨砲	キョホウ
巨礫	キョレキ
巨神	キョシン
巨竜	キョリュウ
巨舶	キョハク
巨船	キョセン
巨艦	キョカン
巨蟹宮	キョカイキュウ
巨視	キョシ
巨視的	キョシテキ
巨象	キョゾウ
巨財	キョザイ
巨費	キョヒ
巨資	キョシ
巨躯	キョク
巨軀	キョク
巨額	キョガク
巨魁	キョカイ
巨鯨	キョゲイ
巨龍	キョリュウ
巫女舞	ミコマイ
巫山戯	フザケ
巫山戯る	フザケル
巫祝	フシュク
巫者	フシャ
巫術	フジュツ
巫覡	フゲキ
差しあげる	サシアゲル
差しあたり	サシアタリ
差しいれ	サシイレ
差しいれる	サシイレル
差しかえ	サシカエ
差しかかる	サシカカル
差しこむ	サシコム
差しさわり	サシサワリ
差しだす	サシダス
差しで	サシデ
差し上げ	サシアゲ
差し上げる	サシアゲル
差し上る	サシノボル
差し付ける	サシツケル
差し伸べる	サシノベル
差し傘	サシガサ
差し入れ	サシイレ
差し入れる	サシイレル
差し出る	サシデル
差し前	サシマエ
差し合い	サシアイ
差し向い	サシムカイ
差し向かい	サシムカイ
差し向かう	サシムカウ
差し向ける	サシムケル
差し含む	サシグム
差し回す	サシマワス
差し固める	サシカタメル
差し延べる	サシノベル
差し引き	サシヒキ
差し引く	サシヒク
差し当たり	サシアタリ
差し当たる	サシアタル
差し当る	サシアタル
差し戻す	サシモドス
差し手	サシテ
差し押え	サシオサエ
差し押える	サシオサエル
差し押さえ	サシオサエ
差し押さえる	サシオサエル
差し担い	サシニナイ
差し招く	サシマネク
差し挟む	サシハサム
差し掛かる	サシカカル
差し掛け	サシカケ
差し掛ける	サシカケル
差し掛る	サシカカル
差し控える	サシヒカエル
差し換え	サシカエ
差し換える	サシカエル
差し支え	サシツカエ
差し支える	サシツカエル
差し料	サシリョウ
差し昇る	サシノボル
差し替え	サシカエ
差し替える	サシカエル
差し止め	サシトメ
差し止める	サシトメル
差し歯	サシバ
差し毛	サシゲ
差し水	サシミズ
差し油	サシアブラ
差し渡し	サシワタシ
差し湯	サシユ
差し潮	サシシオ
差し物	サシモノ
差し立て	サシタテ
差し立てる	サシタテル
差し紙	サシガミ
差し縄	サシナワ
差し繰る	サシクル
差し置く	サシオク
差し薬	サシグスリ
差し覗く	サシノゾク
差し許す	サシユルス
差し越える	サシコエル
差し越す	サシコス
差し足	サシアシ
差し身	サシミ
差し込み	サシコミ
差し込む	サシコム
差し迫る	サシセマル
差し違える	サシチガエル
差し遣わす	サシツカワス
差し金	サシガネ
差し障り	サシサワリ
差し障る	サシサワル
差し響く	サシヒビク
差す	サス
差っ引く	サッピク
差上げる	サシアゲル
差上る	サシノボル
差付ける	サシツケル
差伸べる	サシノベル
差入れ	サシイレ
差入れる	サシイレル
差出す	サシダス
差出る	サシデル
差出人	サシダシニン
差分	サブン
差別化	サベツカ
差別的	サベツテキ
差別語	サベツゴ
差前	サシマエ
差動	サドウ
差向い	サシムカイ
差向ける	サシムケル
差回す	サシマワス
差固める	サシカタメル
差延	サエン
差延べる	サシノベル
差引	サシヒキ
差引き	サシヒキ
差引く	サシヒク
差引支給額	サシヒキシキュウガク
差当たり	サシアタリ
差当たる	サシアタル
差当り	サシアタリ
差当る	サシアタル
差戻す	サシモドス
差押	サシオサエ
差押え	サシオサエ
差押える	サシオサエル
差押さえ	サシオサエ
差押さえる	サシオサエル
差招く	サシマネク
差掛け	サシカケ
差掛ける	サシカケル
差控える	サシヒカエル
差換え	サシカエ
差換える	サシカエル
差損	サソン
差支え	サシツカエ
差支える	サシツカエル
差料	サシリョウ
差替	サシカエ
差替え	サシカエ
差替える	サシカエル
差止	サシトメ
差止め	サシトメ
差止める	サシトメル
差歯	サシバ
差物	サシモノ
差略	サリャク
差異	サイ
差益	サエキ
差立て	サシタテ
差立てる	サシタテル
差等	サトウ
差置く	サシオク
差越える	サシコエル
差込	サシコミ
差込み	サシコミ
差込む	サシコム
差迫る	サシセマル
差違	サイ
差違え	サシチガエ
差違える	サシチガエル
差遣	サケン
差遣わす	サシツカワス
差配	サハイ
差閊え	サシツカエ
差障り	サシサワリ
差集合	サシュウゴウ
差音	サオン
差額	サガク
己が	オノガ
己がじし	オノガジシ
己れ	オノレ
己惚れる	ウヌボレル
已む	ヤム
已むない	ヤムナイ
已むなく	ヤムナク
已める	ヤメル
已上	イジョウ
已後	イゴ
已然形	イゼンケイ
巴戦	トモエセン
巴投	トモエナゲ
巴投げ	トモエナゲ
巴瓦	トモエガワラ
巴豆	ハズ
巷説	コウセツ
巷談	コウダン
巷間	コウカン
巻き	マキ
巻きあげ	マキアゲ
巻きあげる	マキアゲル
巻きこむ	マキコム
巻きす	マキス
巻きずし	マキズシ
巻きつく	マキツク
巻きつける	マキツケル
巻きひげ	マキヒゲ
巻きもどす	マキモドス
巻きタバコ	マキタバコ
巻き上がる	マキアガル
巻き上げ	マキアゲ
巻き上げる	マキアゲル
巻き付く	マキツク
巻き付ける	マキツケル
巻き取り	マキトリ
巻き取る	マキトル
巻き寿司	マキズシ
巻き尺	マキジャク
巻き帯	マキオビ
巻き戻し	マキモドシ
巻き戻す	マキモドス
巻き揚げ	マキアゲ
巻き揚げる	マキアゲル
巻き替え	マキカエ
巻き毛	マキゲ
巻き添い	マキゾイ
巻き添え	マキゾエ
巻き煙草	マキタバコ
巻き爪	マキヅメ
巻き物	マキモノ
巻き狩り	マキガリ
巻き立て	マキタテ
巻き簀	マキス
巻き簾	マキス
巻き紙	マキガミ
巻き網	マキアミ
巻き舌	マキジタ
巻き落とし	マキオトシ
巻き藁	マキワラ
巻き貝	マキガイ
巻き起こす	マキオコス
巻き起こる	マキオコル
巻き起す	マキオコス
巻き起る	マキオコル
巻き込み	マキコミ
巻き込む	マキコム
巻き返し	マキカエシ
巻き返す	マキカエス
巻き雲	マキグモ
巻き髪	マキガミ
巻き鬚	マキヒゲ
巻き鮨	マキズシ
巻く	マク
巻上げる	マキアゲル
巻付く	マキツク
巻付ける	マキツケル
巻取り	マキトリ
巻取る	マキトル
巻寿司	マキズシ
巻尺	マキジャク
巻層雲	ケンソウウン
巻末	カンマツ
巻毛	マキゲ
巻添え	マキゾエ
巻煙草	マキタバコ
巻物	マキモノ
巻狩	マキガリ
巻狩り	マキガリ
巻積雲	ケンセキウン
巻紙	マキガミ
巻網	マキアミ
巻線	マキセン
巻繊汁	ケンチンジル
巻舌	マキジタ
巻藁	マキワラ
巻貝	マキガイ
巻起こす	マキオコス
巻起こる	マキオコル
巻起す	マキオコス
巻込み	マキコミ
巻込む	マキコム
巻返し	マキカエシ
巻頭	カントウ
巻首	カンシュ
巻髪	マキガミ
巻鮨	マキズシ
巾木	ハバキ
巾着網	キンチャクアミ
巾着草	キンチャクソウ
市バス	シバス
市上	シジョウ
市会	シカイ
市会議員	シカイギイン
市価	シカ
市債	シサイ
市内	シナイ
市制	シセイ
市勢	シセイ
市区	シク
市区町村	シクチョウソン
市区町村名	シクチョウソンメイ
市名	シメイ
市営	シエイ
市営バス	シエイバス
市営住宅	シエイジュウタク
市域	シイキ
市報	シホウ
市場シェア	シジョウシェア
市場価格	シジョウカカク
市場分析	シジョウブンセキ
市場性	シジョウセイ
市場調査	シジョウチョウサ
市塵	シジン
市壁	シヘキ
市外	シガイ
市子	イチコ
市庁	シチョウ
市庁舎	シチョウシャ
市庭	イチバ
市役所	シヤクショ
市政	シセイ
市日	イチビ
市有	シユウ
市有地	シユウチ
市松	イチマツ
市民	シミン
市民権	シミンケン
市民法	シミンホウ
市民派	シミンハ
市民税	シミンゼイ
市況	シキョウ
市町	シチョウ
市町村	シチョウソン
市町村税	シチョウソンゼイ
市税	シゼイ
市章	シショウ
市街	シガイ
市街化	シガイカ
市街化区域	シガイカクイキ
市街化調整区域	シガイカチョウセイクイキ
市街地	シガイチ
市街戦	シガイセン
市警	シケイ
市議	シギ
市議会	シギカイ
市議会議員	シギカイギイン
市販	シハン
市販薬	シハンヤク
市費	シヒ
市道	シドウ
市邑	シユウ
市部	シブ
市鎮	シチン
市長	シチョウ
市長選	シチョウセン
市長選挙	シチョウセンキョ
市門	シモン
市電	シデン
布おむつ	ヌノオムツ
布きれ	ヌノキレ
布く	シク
布オムツ	ヌノオムツ
布包み	ヌノヅツミ
布告	フコク
布子	ヌノコ
布帛	フハク
布幅	ヌノハバ
布引	ヌノビキ
布引き	ヌノビキ
布張り	ヌノバリ
布御襁褓	ヌノオムツ
布教	フキョウ
布教師	フキョウシ
布海苔	フノリ
布片	フヘン
布目	ヌノメ
布石	フセキ
布線	フセン
布置	フチ
布衍	フエン
布袋腹	ホテイバラ
布袋葵	ホテイアオイ
布袋蘭	ホテイラン
布製	ヌノセイ
布設	フセツ
布達	フタツ
布陣	フジン
帆前船	ホマエセン
帆座	ホザ
帆影	ホカゲ
帆掛け船	ホカケブネ
帆柱	ホバシラ
帆桁	ホゲタ
帆檣	ハンショウ
帆立	ホタテ
帆綱	ホヅナ
帆走	ハンソウ
希土	キド
希土類	キドルイ
希少	キショウ
希少性	キショウセイ
希少種	キショウシュ
希少糖	キショウトウ
希書	キショ
希望	キボウ
希望小売価格	キボウコウリカカク
希望者	キボウシャ
希望退職	キボウタイショク
希薄	キハク
希酸	キサン
希釈	キシャク
希釈熱	キシャクネツ
帝京	テイキョウ
帝位	テイイ
帝冠	テイカン
帝制	テイセイ
帝劇	テイゲキ
帝国	テイコク
帝国主義	テイコクシュギ
帝國	テイコク
帝大	テイダイ
帝室	テイシツ
帝宮	テイキュウ
帝展	テイテン
帝座	テイザ
帝廟	テイビョウ
帝揚羽	ミカドアゲハ
帝政	テイセイ
帝業	テイギョウ
帝権	テイケン
帝王	テイオウ
帝王学	テイオウガク
帝都	テイト
帥先	ソッセン
師事	シジ
師伝	シデン
師傅	シフ
師僧	シソウ
師匠	シショウ
師友	シユウ
師団	シダン
師団長	シダンチョウ
師弟	シテイ
師恩	シオン
師父	シフ
師管	シカン
師範	シハン
師範代	シハンダイ
師範学校	シハンガッコウ
師表	シヒョウ
師説	シセツ
師資	シシ
師道	シドウ
師部	シブ
師長	シチョウ
席がえ	セキガエ
席上	セキジョウ
席亭	セキテイ
席入り	セキイリ
席巻	セッケン
席捲	セッケン
席数	セキスウ
席料	セキリョウ
席替え	セキガエ
席次	セキジ
席次表	セキジヒョウ
席画	セキガ
席順	セキジュン
席題	セキダイ
席駄	セキダ
帯のこ	オビノコ
帯ひも	オビヒモ
帯びる	オビル
帯出	タイシュツ
帯剣	タイケン
帯同	タイドウ
帯地	オビジ
帯域	タイイキ
帯域幅	タイイキハバ
帯封	オビフウ
帯揚げ	オビアゲ
帯板	オビイタ
帯枕	オビマクラ
帯止め	オビドメ
帯水層	タイスイソウ
帯状回	タイジョウカイ
帯留	オビドメ
帯留め	オビドメ
帯番組	オビバングミ
帯皮	オビカワ
帯祝い	オビイワイ
帯紐	オビヒモ
帯紙	オビガミ
帯芯	オビシン
帯金	オビガネ
帯電	タイデン
帯革	オビカワ
帰する	キスル
帰りがけ	カエリガケ
帰りしな	カエリシナ
帰り支度	カエリジタク
帰り着く	カエリツク
帰り荷	カエリニ
帰り道	カエリミチ
帰り際	カエリギワ
帰る	カエル
帰れ	カエレ
帰一	キイツ
帰京	キキョウ
帰任	キニン
帰伏	キフク
帰休	キキュウ
帰依	キエ
帰化	キカ
帰去来	キキョライ
帰参	キサン
帰命	キミョウ
帰営	キエイ
帰国	キコク
帰国子女	キコクシジョ
帰国者	キコクシャ
帰城	キジョウ
帰塁	キルイ
帰天	キテン
帰宅	キタク
帰宅部	キタクブ
帰属	キゾク
帰島	キトウ
帰巣性	キソウセイ
帰巣本能	キソウホンノウ
帰帆	キハン
帰心	キシン
帰投	キトウ
帰日	キニチ
帰服	キフク
帰朝	キチョウ
帰村	キソン
帰来	キライ
帰東	キトウ
帰校	キコウ
帰洛	キラク
帰港	キコウ
帰省	キセイ
帰着	キチャク
帰社	キシャ
帰米	キベイ
帰納	キノウ
帰納法	キノウホウ
帰納的	キノウテキ
帰結	キケツ
帰臥	キガ
帰航	キコウ
帰艦	キカン
帰謬法	キビュウホウ
帰責	キセキ
帰路	キロ
帰農	キノウ
帰途	キト
帰還	キカン
帰還兵	キカンヘイ
帰郷	キキョウ
帰阪	キハン
帰陣	キジン
帰隊	キタイ
帰雁	キガン
帰順	キジュン
帰館	キカン
帳元	チョウモト
帳台	チョウダイ
帳合	チョウアイ
帳場	チョウバ
帳尻	チョウジリ
帳幕	チョウバク
帳消し	チョウケシ
帳票	チョウヒョウ
帳簿	チョウボ
帳面面	チョウメンヅラ
帷子	カタビラ
帷幄	イアク
帷幕	イバク
常々	ツネヅネ
常とう	ジョウトウ
常とう句	ジョウトウク
常世	トコヨ
常世の国	トコヨノクニ
常事	ジョウジ
常人	ジョウジン
常任	ジョウニン
常任理事国	ジョウニンリジコク
常会	ジョウカイ
常住	ジョウジュウ
常体	ジョウタイ
常例	ジョウレイ
常備	ジョウビ
常備薬	ジョウビヤク
常備軍	ジョウビグン
常務	ジョウム
常勝	ジョウショウ
常勤	ジョウキン
常勤講師	ジョウキンコウシ
常同症	ジョウドウショウ
常圧	ジョウアツ
常在	ジョウザイ
常在菌	ジョウザイキン
常夏	トコナツ
常夜灯	ジョウヤトウ
常夜燈	ジョウヤトウ
常套	ジョウトウ
常套句	ジョウトウク
常套語	ジョウトウゴ
常客	ジョウキャク
常宿	ジョウヤド
常居所	ジョウキョショ
常常	ツネヅネ
常得意	ジョウトクイ
常態	ジョウタイ
常態化	ジョウタイカ
常数	ジョウスウ
常春	トコハル
常時	ジョウジ
常民	ジョウミン
常法	ジョウホウ
常温	ジョウオン
常用	ジョウヨウ
常用漢字	ジョウヨウカンジ
常盆	ジョウボン
常磁性	ジョウジセイ
常磐	トキワ
常磐木	トキワギ
常節	トコブシ
常緑	ジョウリョク
常緑樹	ジョウリョクジュ
常置	ジョウチ
常習	ジョウシュウ
常習犯	ジョウシュウハン
常習者	ジョウシュウシャ
常設	ジョウセツ
常設展	ジョウセツテン
常設館	ジョウセツカン
常談	ジョウダン
常識	ジョウシキ
常識的	ジョウシキテキ
常軌	ジョウキ
常連	ジョウレン
常連客	ジョウレンキャク
常道	ジョウドウ
常闇	トコヤミ
常雇い	ジョウヤトイ
常食	ジョウショク
常飲	ジョウイン
常駐	ジョウチュウ
帽子	ボウシ
帽章	ボウショウ
幄舎	アクシャ
幅ったい	ハバッタイ
幅とび	ハバトビ
幅利き	ハバキキ
幅員	フクイン
幅寄せ	ハバヨセ
幅広い	ハバヒロイ
幅木	ハバキ
幅跳び	ハバトビ
幅飛び	ハバトビ
幇助	ホウジョ
幌馬車	ホロバシャ
幔幕	マンマク
幕あき	マクアキ
幕の内	マクノウチ
幕僚	バクリョウ
幕僚長	バクリョウチョウ
幕内	マクウチ
幕切れ	マクギレ
幕吏	バクリ
幕営	バクエイ
幕尻	マクジリ
幕屋	マクヤ
幕府	バクフ
幕引き	マクヒキ
幕政	バクセイ
幕末	バクマツ
幕板	マクイタ
幕臣	バクシン
幕舎	バクシャ
幕軍	バクグン
幕開き	マクアキ
幕開け	マクアケ
幕領	バクリョウ
幣制	ヘイセイ
幣帛	ヘイハク
幣束	ヘイソク
幣殿	ヘイデン
幣物	ヘイモツ
干あがる	ヒアガル
干からびる	ヒカラビル
干しのり	ホシノリ
干し固める	ホシカタメル
干し場	ホシバ
干し柿	ホシガキ
干し殺す	ホシコロス
干し海老	ホシエビ
干し海苔	ホシノリ
干し物	ホシモノ
干し肉	ホシニク
干し芋	ホシイモ
干す	ホス
干ばつ	カンバツ
干ぼし	ヒボシ
干る	ヒル
干上がる	ヒアガル
干上る	ヒアガル
干与	カンヨ
干乾し	ヒボシ
干割れ	ヒワレ
干割れる	ヒワレル
干城	カンジョウ
干天	カンテン
干姜	カンキョウ
干害	カンガイ
干戈	カンカ
干拓	カンタク
干拓地	カンタクチ
干枯らびる	ヒカラビル
干柿	ホシガキ
干海苔	ホシノリ
干涸びる	ヒカラビル
干涸らびる	ヒカラビル
干渉	カンショウ
干渉性	カンショウセイ
干渉計	カンショウケイ
干満	カンマン
干潟	ヒガタ
干犯	カンパン
干瓢	カンピョウ
干菓子	ヒガシ
干葉	ヒバ
干魃	カンバツ
干鰯	ホシカ
平々	ヘイヘイ
平か	タイラカ
平たい	ヒラタイ
平たん	ヘイタン
平ったい	ヒラッタイ
平べったい	ヒラベッタイ
平らか	タイラカ
平らぐ	タイラグ
平らげる	タイラゲル
平仄	ヒョウソク
平仮名	ヒラガナ
平伏	ヘイフク
平伏す	ヒレフス
平作	ヘイサク
平侍	ヒラザムライ
平価	ヘイカ
平俗	ヘイゾク
平信	ヘイシン
平凡	ヘイボン
平分	ヘイブン
平削り	ヒラケズリ
平原	ヘイゲン
平取	ヒラトリ
平叙文	ヘイジョブン
平和学	ヘイワガク
平和的	ヘイワテキ
平土間	ヒラドマ
平均値	ヘイキンチ
平均台	ヘイキンダイ
平均律	ヘイキンリツ
平均点	ヘイキンテン
平均率	ヘイキンリツ
平均的	ヘイキンテキ
平坦	ヘイタン
平場	ヒラバ
平声	ヒョウショウ
平安	ヘイアン
平定	ヘイテイ
平家蟹	ヘイケガニ
平屋	ヒラヤ
平屋建て	ヒラヤダテ
平屋根	ヒラヤネ
平屋造り	ヒラヤヅクリ
平常	ヘイジョウ
平幕	ヒラマク
平平	ヘイヘイ
平年	ヘイネン
平年値	ヘイネンチ
平底	ヒラゾコ
平復	ヘイフク
平手	ヒラテ
平打	ヒラウチ
平打ち	ヒラウチ
平政	ヒラマサ
平方	ヘイホウ
平方センチメートル	ヘイホウセンチメートル
平方ミリメートル	ヘイホウミリメートル
平方メートル	ヘイホウメートル
平方和	ヘイホウワ
平方数	ヘイホウスウ
平方根	ヘイホウコン
平明	ヘイメイ
平易	ヘイイ
平時	ヘイジ
平曲	ヘイキョク
平服	ヘイフク
平板	ヘイバン
平民	ヘイミン
平気	ヘイキ
平水	ヘイスイ
平泳ぎ	ヒラオヨギ
平淡	ヘイタン
平温	ヘイオン
平準	ヘイジュン
平準化	ヘイジュンカ
平滑	ヘイカツ
平然	ヘイゼン
平熱	ヘイネツ
平爪	ヒラヅメ
平版	ヘイハン
平瓦	ヒラガワラ
平瓮	ヒラカ
平生	ヘイゼイ
平癒	ヘイユ
平皿	ヒラザラ
平目筋	ヒラメキン
平積み	ヒラヅミ
平穏	ヘイオン
平筆	ヒラフデ
平等	ビョウドウ
平等権	ビョウドウケン
平米	ヘイベイ
平素	ヘイソ
平絹	ヒラギヌ
平織	ヒラオリ
平織り	ヒラオリ
平置き	ヒラオキ
平胸類	ヘイキョウルイ
平脈	ヘイミャク
平臥	ヘイガ
平茸	ヒラタケ
平草	ヒラクサ
平虫	ヒラムシ
平行	ヘイコウ
平行棒	ヘイコウボウ
平行線	ヘイコウセン
平行調	ヘイコウチョウ
平衡	ヘイコウ
平角	ヘイカク
平語	ヘイゴ
平謝り	ヒラアヤマリ
平野	ヘイヤ
平鍋	ヒラナベ
平静	ヘイセイ
平面	ヘイメン
平面図	ヘイメンズ
平面波	ヘイメンハ
平面的	ヘイメンテキ
平面角	ヘイメンカク
平面鏡	ヘイメンキョウ
平鯛	ヘダイ
平麺	ヒラメン
年おいる	トシオイル
年かさ	トシカサ
年がい	トシガイ
年ごろ	トシゴロ
年の功	トシノコウ
年の市	トシノイチ
年の暮	トシノクレ
年の暮れ	トシノクレ
年の瀬	トシノセ
年上	トシウエ
年下	トシシタ
年中組	ネンチュウグミ
年代	ネンダイ
年代記	ネンダイキ
年令	ネンレイ
年休	ネンキュウ
年会	ネンカイ
年会費	ネンカイヒ
年余	ネンヨ
年俸	ネンポウ
年俸制	ネンポウセイ
年内	ネンナイ
年刊	ネンカン
年初	ネンショ
年別	ネンベツ
年利	ネンリ
年功	ネンコウ
年功序列	ネンコウジョレツ
年功序列制度	ネンコウジョレツセイド
年収	ネンシュウ
年取り	トシトリ
年取る	トシトル
年号	ネンゴウ
年商	ネンショウ
年回り	トシマワリ
年報	ネンポウ
年増女	トシマオンナ
年央	ネンオウ
年女	トシオンナ
年始	ネンシ
年始状	ネンシジョウ
年子	トシゴ
年季	ネンキ
年季明け	ネンキアケ
年寄る	トシヨル
年寄株	トシヨリカブ
年少	ネンショウ
年少扶養控除	ネンショウフヨウコウジョ
年層	ネンソウ
年嵩	トシカサ
年差	ネンサ
年平均	ネンヘイキン
年度	ネンド
年度替わり	ネンドガワリ
年度末	ネンドマツ
年式	ネンシキ
年弱	トシヨワ
年強	トシヅヨ
年忌	ネンキ
年忘れ	トシワスレ
年払い	ネンバライ
年掛け	ネンガケ
年数	ネンスウ
年月日	ネンガッピ
年期	ネンキ
年末	ネンマツ
年末年始	ネンマツネンシ
年末年始休暇	ネンマツネンシキュウカ
年末調整	ネンマツチョウセイ
年来	ネンライ
年次	ネンジ
年次休暇	ネンジキュウカ
年次有給休暇	ネンジユウキュウキュウカ
年波	トシナミ
年率	ネンリツ
年玉	トシダマ
年生	ネンセイ
年産	ネンサン
年甲斐	トシガイ
年男	トシオトコ
年神	トシガミ
年祭	ネンサイ
年税	ネンゼイ
年端	トシハ
年給	ネンキュウ
年老い	トシオイ
年老いる	トシオイル
年若	トシワカ
年表	ネンピョウ
年譜	ネンプ
年貢	ネング
年賀	ネンガ
年賀状	ネンガジョウ
年賦	ネンプ
年越	トシコシ
年越し	トシコシ
年輩	ネンパイ
年輪	ネンリン
年配	ネンパイ
年金	ネンキン
年金保険	ネンキンホケン
年金制度	ネンキンセイド
年金受給者	ネンキンジュキュウシャ
年金手帳	ネンキンテチョウ
年金証書	ネンキンショウショ
年金額	ネンキンガク
年鑑	ネンカン
年長	ネンチョウ
年長者	ネンチョウシャ
年間	ネンカン
年間パスポート	ネンカンパスポート
年間所得	ネンカンショトク
年限	ネンゲン
年頃	トシゴロ
年額	ネンガク
年齢	ネンレイ
年齢制限	ネンレイセイゲン
年齢層	ネンレイソウ
年齢給	ネンレイキュウ
幸い	サイワイ
幸せ者	シアワセモノ
幸便	コウビン
幸先	サイサキ
幸水	コウスイ
幸甚	コウジン
幸福	コウフク
幸福感	コウフクカン
幸若	コウワカ
幸運	コウウン
幸運児	コウウンジ
幹事	カンジ
幹事長	カンジチョウ
幹竹	カラタケ
幹竹割り	カラタケワリ
幹糸	ミキイト
幹細胞	カンサイボウ
幹線	カンセン
幹部	カンブ
幹音	カンオン
幻像	ゲンゾウ
幻味	ゲンミ
幻夢	ゲンム
幻妖	ゲンヨウ
幻影	ゲンエイ
幻怪	ゲンカイ
幻惑	ゲンワク
幻想	ゲンソウ
幻想曲	ゲンソウキョク
幻想的	ゲンソウテキ
幻日	ゲンジツ
幻滅	ゲンメツ
幻灯	ゲントウ
幻灯機	ゲントウキ
幻燈	ゲントウ
幻獣	ゲンジュウ
幻聴	ゲンチョウ
幻肢	ゲンシ
幻肢痛	ゲンシツウ
幻術	ゲンジュツ
幻視	ゲンシ
幻覚	ゲンカク
幻覚剤	ゲンカクザイ
幻触	ゲンショク
幼き	オサナキ
幼けない	イトケナイ
幼な妻	オサナヅマ
幼な子	オサナゴ
幼体	ヨウタイ
幼保	ヨウホ
幼保園	ヨウホエン
幼児教育	ヨウジキョウイク
幼児期	ヨウジキ
幼児語	ヨウジゴ
幼友達	オサナトモダチ
幼君	ヨウクン
幼女	ヨウジョ
幼妻	オサナヅマ
幼子	オサナゴ
幼少	ヨウショウ
幼少期	ヨウショウキ
幼帝	ヨウテイ
幼年	ヨウネン
幼弱	ヨウジャク
幼心	オサナゴコロ
幼木	ヨウボク
幼根	ヨウコン
幼気	イタイケ
幼獣	ヨウジュウ
幼生	ヨウセイ
幼稚	ヨウチ
幼稚園	ヨウチエン
幼稚園バス	ヨウチエンバス
幼童	ヨウドウ
幼者	ヨウシャ
幼芽	ヨウガ
幼若	ヨウジャク
幼虫	ヨウチュウ
幼顔	オサナガオ
幼魚	ヨウギョ
幼鳥	ヨウチョウ
幼齢	ヨウレイ
幽か	カスカ
幽体	ユウタイ
幽冥	ユウメイ
幽囚	ユウシュウ
幽境	ユウキョウ
幽婉	ユウエン
幽室	ユウシツ
幽寂	ユウジャク
幽居	ユウキョ
幽愁	ユウシュウ
幽明	ユウメイ
幽暗	ユウアン
幽栖	ユウセイ
幽棲	ユウセイ
幽玄	ユウゲン
幽界	ユウカイ
幽窓	ユウソウ
幽艶	ユウエン
幽谷	ユウコク
幽遠	ユウエン
幽邃	ユウスイ
幽門	ユウモン
幽閉	ユウヘイ
幽雅	ユウガ
幽霊	ユウレイ
幽霊屋敷	ユウレイヤシキ
幽霊船	ユウレイセン
幽霊語	ユウレイゴ
幽静	ユウセイ
幽鬼	ユウキ
幽魂	ユウコン
幽鳥	ユウチョウ
幾つ	イクツ
幾ばく	イクバク
幾ら	イクラ
幾久しい	イクヒサシイ
幾久しく	イクヒサシク
幾何学	キカガク
幾分	イクブン
幾多	イクタ
庁内	チョウナイ
庁舎	チョウシャ
広い	ヒロイ
広がり	ヒロガリ
広がる	ヒロガル
広く	ヒロク
広さ	ヒロサ
広し	ヒロシ
広びろ	ヒロビロ
広まり	ヒロマリ
広まる	ヒロマル
広め	ヒロメ
広める	ヒロメル
広博	コウハク
広口	ヒロクチ
広告	コウコク
広告主	コウコクヌシ
広告代理店	コウコクダイリテン
広告塔	コウコクトウ
広告板	コウコクバン
広告業	コウコクギョウ
広告費	コウコクヒ
広域	コウイキ
広報	コウホウ
広報官	コウホウカン
広報室	コウホウシツ
広報活動	コウホウカツドウ
広報誌	コウホウシ
広場	ヒロバ
広壮	コウソウ
広大	コウダイ
広小路	ヒロコウジ
広帯域	コウタイイキ
広幅	ヒロハバ
広東語	カントンゴ
広汎	コウハン
広漠	コウバク
広狭	コウキョウ
広範	コウハン
広範囲	コウハンイ
広縁	ヒロエン
広義	コウギ
広聴	コウチョウ
広背筋	コウハイキン
広葉樹	コウヨウジュ
広葉樹林	コウヨウジュリン
広袤	コウボウ
広角	コウカク
広言	コウゲン
広軌	コウキ
広遠	コウエン
広量	コウリョウ
広間	ヒロマ
広闊	コウカツ
庄園	ショウエン
庄屋	ショウヤ
庄屋拳	ショウヤケン
庇い手	カバイテ
庇護	ヒゴ
庇護権	ヒゴケン
庇髪	ヒサシガミ
床しい	ユカシイ
床ずれ	トコズレ
床の間	トコノマ
床上	ユカウエ
床上げ	トコアゲ
床上浸水	ユカウエシンスイ
床下	ユカシタ
床下浸水	ユカシタシンスイ
床入り	トコイリ
床几	ショウギ
床屋	トコヤ
床山	トコヤマ
床店	トコミセ
床払い	トコバライ
床擦れ	トコズレ
床敷	トコシキ
床暖	ユカダン
床暖房	ユカダンボウ
床机	ショウギ
床材	ユカザイ
床柱	トコバシラ
床脇	トコワキ
床虱	トコジラミ
床見世	トコミセ
床運動	ユカウンドウ
床関数	ユカカンスウ
床離れ	トコバナレ
床面	ユカメン
床面積	ユカメンセキ
床頭	ショウトウ
床飾り	トコカザリ
序で	ツイデ
序の口	ジョノクチ
序ノ口	ジョノクチ
序列	ジョレツ
序奏	ジョソウ
序幕	ジョマク
序数	ジョスウ
序数詞	ジョスウシ
序文	ジョブン
序曲	ジョキョク
序次	ジョジ
序盤	ジョバン
序盤戦	ジョバンセン
序破急	ジョハキュウ
序章	ジョショウ
序言	ジョゲン
序説	ジョセツ
序論	ジョロン
底なし	ソコナシ
底ぬけ	ソコヌケ
底ばい	ソコバイ
底上げ	ソコアゲ
底値	ソコネ
底光り	ソコビカリ
底入れ	ソコイレ
底冷え	ソコビエ
底割れ	ソコワレ
底力	ソコヂカラ
底土	ソコツチ
底地	ソコチ
底堅い	ソコガタイ
底引き網	ソコビキアミ
底引網	ソコビキアミ
底意	ソコイ
底意地	ソコイジ
底打ち	ソコウチ
底抜け	ソコヌケ
底曳き網	ソコビキアミ
底曳網	ソコビキアミ
底止	テイシ
底流	テイリュウ
底無し	ソコナシ
底物	ソコモノ
底生	テイセイ
底盤	テイバン
底積み	ソコヅミ
底翳	ソコヒ
底荷	ソコニ
底角	テイカク
底豆	ソコマメ
底質	テイシツ
底辺	テイヘン
底辺層	テイヘンソウ
底辺校	テイヘンコウ
底這い	ソコバイ
底部	テイブ
底面	テイメン
底革	ソコガワ
底魚	ソコウオ
庖厨	ホウチュウ
庖廚	ホウチュウ
店さき	ミセサキ
店じまい	ミセジマイ
店だし	ミセダシ
店主	テンシュ
店仕舞	ミセジマイ
店仕舞い	ミセジマイ
店借り	タナガリ
店先	ミセサキ
店内	テンナイ
店出し	ミセダシ
店卸	タナオロシ
店卸し	タナオロシ
店名	テンメイ
店売り	ミセウリ
店外	テンガイ
店屋物	テンヤモノ
店晒し	タナザラシ
店棚	ミセダナ
店構え	ミセガマエ
店番	ミセバン
店立て	タナダテ
店舗	テンポ
店舗名	テンポメイ
店請け	タナウケ
店賃	タナチン
店鋪	テンポ
店長	テンチョウ
店開き	ミセビラキ
店頭	テントウ
店頭株	テントウカブ
店頭販売	テントウハンバイ
庚申待	コウシンマチ
庚申草	コウシンソウ
府下	フカ
府会	フカイ
府内	フナイ
府営	フエイ
府庁	フチョウ
府庫	フコ
府政	フセイ
府民	フミン
府民税	フミンゼイ
府省	フショウ
府県	フケン
府県制	フケンセイ
府県税	フケンゼイ
府知事	フチジ
府税	フゼイ
府立	フリツ
府警	フケイ
府議	フギ
府議会	フギカイ
府議会議員	フギカイギイン
府連	フレン
府道	フドウ
度する	ドスル
度なし	ドナシ
度合	ドアイ
度合い	ドアイ
度外れ	ドハズレ
度外れる	ドハズレル
度外視	ドガイシ
度忘れ	ドワスレ
度無し	ドナシ
度盛り	ドモリ
度目	ドメ
度肝	ドギモ
度胆	ドギモ
度胸	ドキョウ
度重なる	タビカサナル
度量	ドリョウ
度量衡	ドリョウコウ
座す	ザス
座する	ザスル
座りこむ	スワリコム
座りだこ	スワリダコ
座り心地	スワリゴコチ
座り方	スワリカタ
座り直す	スワリナオス
座り胼胝	スワリダコ
座り込み	スワリコミ
座り込む	スワリコム
座る	スワル
座わる	スワル
座下	ザカ
座中	ザチュウ
座主	ザス
座乗	ザジョウ
座付	ザツキ
座付き	ザツキ
座位	ザイ
座像	ザゾウ
座元	ザモト
座入り	ザイリ
座剤	ザザイ
座卓	ザタク
座員	ザイン
座学	ザガク
座屈	ザクツ
座州	ザス
座布団	ザブトン
座席	ザセキ
座席数	ザセキスウ
座席番号	ザセキバンゴウ
座所	ザショ
座持ち	ザモチ
座敷	ザシキ
座敷牢	ザシキロウ
座椅子	ザイス
座業	ザギョウ
座標	ザヒョウ
座標軸	ザヒョウジク
座浴	ザヨク
座礁	ザショウ
座禅	ザゼン
座禅草	ザゼンソウ
座繰り	ザグリ
座職	ザショク
座臥	ザガ
座興	ザキョウ
座蒲団	ザブトン
座薬	ザヤク
座視	ザシ
座談	ザダン
座談会	ザダンカイ
座金	ザガネ
座長	ザチョウ
座面	ザメン
座食	ザショク
座骨	ザコツ
座高	ザコウ
庫内	コナイ
庫裏	クリ
庫裡	クリ
庭いじり	ニワイジリ
庭づくり	ニワヅクリ
庭下駄	ニワゲタ
庭仕事	ニワシゴト
庭先	ニワサキ
庭内	テイナイ
庭前	テイゼン
庭口	ニワグチ
庭園	テイエン
庭場	ニワバ
庭師	ニワシ
庭弄り	ニワイジリ
庭木	ニワキ
庭木戸	ニワキド
庭桜	ニワザクラ
庭梅	ニワウメ
庭植え	ニワウエ
庭球	テイキュウ
庭球場	テイキュウジョウ
庭番	ニワバン
庭石	ニワイシ
庭訓	テイキン
庵点	イオリテン
庶出	ショシュツ
庶務	ショム
庶子	ショシ
庶幾	ショキ
庶政	ショセイ
庶民	ショミン
庶民的	ショミンテキ
庶流	ショリュウ
庶物	ショブツ
康福	コウフク
庸愚	ヨウグ
廃す	ハイス
廃する	ハイスル
廃める	ヤメル
廃り	スタリ
廃る	スタル
廃れる	スタレル
廃プラ	ハイプラ
廃人	ハイジン
廃仏	ハイブツ
廃位	ハイイ
廃兵	ハイヘイ
廃刀令	ハイトウレイ
廃刊	ハイカン
廃合	ハイゴウ
廃品	ハイヒン
廃園	ハイエン
廃坑	ハイコウ
廃城	ハイジョウ
廃墟	ハイキョ
廃娼	ハイショウ
廃嫡	ハイチャク
廃学	ハイガク
廃寺	ハイジ
廃屋	ハイオク
廃山	ハイザン
廃帝	ハイテイ
廃材	ハイザイ
廃村	ハイソン
廃校	ハイコウ
廃案	ハイアン
廃棄	ハイキ
廃棄物	ハイキブツ
廃業	ハイギョウ
廃止	ハイシ
廃残	ハイザン
廃水	ハイスイ
廃油	ハイユ
廃液	ハイエキ
廃滅	ハイメツ
廃炉	ハイロ
廃熱	ハイネツ
廃物	ハイブツ
廃用牛	ハイヨウギュウ
廃番	ハイバン
廃疾	ハイシツ
廃盤	ハイバン
廃石	ハイセキ
廃絶	ハイゼツ
廃線	ハイセン
廃置	ハイチ
廃船	ハイセン
廃艦	ハイカン
廃藩	ハイハン
廃虚	ハイキョ
廃語	ハイゴ
廃車	ハイシャ
廃退	ハイタイ
廃道	ハイドウ
廃部	ハイブ
廃都	ハイト
廃酸	ハイサン
廃鉱	ハイコウ
廃除	ハイジョ
廃頽	ハイタイ
廉価	レンカ
廉価版	レンカバン
廉売	レンバイ
廉恥	レンチ
廉恥心	レンチシン
廉潔	レンケツ
廉直	レンチョク
廊下	ロウカ
廐舎	キュウシャ
廓清	カクセイ
廚子	ズシ
廟堂	ビョウドウ
廟宇	ビョウウ
廟所	ビョウショ
廟議	ビョウギ
廠舎	ショウシャ
延々	エンエン
延いては	ヒイテハ
延ばす	ノバス
延び	ノビ
延びる	ノビル
延び延び	ノビノビ
延び率	ノビリツ
延べ	ノベ
延べる	ノベル
延べ人員	ノベジンイン
延べ坪	ノベツボ
延べ床面積	ノベユカメンセキ
延べ払い	ノベバライ
延べ日数	ノベニッスウ
延べ板	ノベイタ
延べ棒	ノベボウ
延べ竿	ノベザオ
延べ金	ノベガネ
延べ面積	ノベメンセキ
延人員	ノベジンイン
延伸	エンシン
延命草	エンメイソウ
延坪	ノベツボ
延年	エンネン
延床面積	ノベユカメンセキ
延延	エンエン
延引	エンイン
延性	エンセイ
延払い	ノベバライ
延日数	ノベニッスウ
延期	エンキ
延棒	ノベボウ
延泊	エンパク
延滞	エンタイ
延滞料	エンタイリョウ
延滞料金	エンタイリョウキン
延滞税	エンタイゼイ
延滞金	エンタイキン
延焼	エンショウ
延発	エンパツ
延着	エンチャク
延納	エンノウ
延線	エンセン
延縄	ハエナワ
延繞	エンニョウ
延金	ノベガネ
延長	エンチョウ
延長コード	エンチョウコード
延長戦	エンチョウセン
延面積	ノベメンセキ
延髄	エンズイ
延齢	エンレイ
延齢草	エンレイソウ
廷丁	テイテイ
廷内	テイナイ
廷吏	テイリ
廷臣	テイシン
建ち並ぶ	タチナラブ
建てこむ	タテコム
建てつけ	タテツケ
建てなおす	タテナオス
建て主	タテヌシ
建て付け	タテツケ
建て前	タテマエ
建て坪	タテツボ
建て場	タテバ
建て増し	タテマシ
建て増す	タテマス
建て売り	タテウリ
建て替え	タテカエ
建て替える	タテカエル
建て物	タテモノ
建て直し	タテナオシ
建て直す	タテナオス
建て網	タテアミ
建て込む	タテコム
建ぺい率	ケンペイリツ
建主	タテヌシ
建仁	ケンニン
建値	タテネ
建具	タテグ
建前	タテマエ
建国	ケンコク
建国記念の日	ケンコクキネンノヒ
建坪	タテツボ
建場	タテバ
建増し	タテマシ
建売	タテウリ
建売り	タテウリ
建学	ケンガク
建屋	タテヤ
建替え	タテカエ
建材	ケンザイ
建機	ケンキ
建水	ケンスイ
建玉	タテギョク
建白	ケンパク
建直し	タテナオシ
建直す	タテナオス
建碑	ケンピ
建策	ケンサク
建築	ケンチク
建築史	ケンチクシ
建築基準法	ケンチクキジュンホウ
建築士	ケンチクシ
建築学	ケンチクガク
建築家	ケンチクカ
建築業	ケンチクギョウ
建築物	ケンチクブツ
建築資材	ケンチクシザイ
建網	タテアミ
建艦	ケンカン
建蔽率	ケンペイリツ
建言	ケンゲン
建設	ケンセツ
建設族	ケンセツゾク
建設業	ケンセツギョウ
建設業者	ケンセツギョウシャ
建設的	ケンセツテキ
建設省	ケンセツショウ
建議	ケンギ
建軍	ケングン
建造	ケンゾウ
建造物	ケンゾウブツ
廻し	マワシ
廻し蹴り	マワシゲリ
廻す	マワス
廻らす	メグラス
廻り合い	メグリアイ
廻り合せ	メグリアワセ
廻り合わせ	メグリアワセ
廻り道	マワリミチ
廻向	エコウ
廻国	カイコク
廻天	カイテン
廻廊	カイロウ
廻心	エシン
廻文	カイブン
廻旋	カイセン
廻漕	カイソウ
廻状	カイジョウ
廻章	カイショウ
廻航	カイコウ
廻船	カイセン
廻覧	カイラン
廻転	カイテン
廻送	カイソウ
弁え	ワキマエ
弁える	ワキマエル
弁じる	ベンジル
弁じ立てる	ベンジタテル
弁ずる	ベンズル
弁事	ベンジ
弁償	ベンショウ
弁別	ベンベツ
弁別的	ベンベツテキ
弁務官	ベンムカン
弁口	ベンコウ
弁士	ベンシ
弁座	ベンザ
弁当	ベントウ
弁当屋	ベントウヤ
弁当箱	ベントウバコ
弁慶草	ベンケイソウ
弁明	ベンメイ
弁済	ベンサイ
弁理	ベンリ
弁理士	ベンリシ
弁疏	ベンソ
弁神論	ベンシンロン
弁膜	ベンマク
弁舌	ベンゼツ
弁解	ベンカイ
弁証	ベンショウ
弁証学	ベンショウガク
弁証法	ベンショウホウ
弁証論	ベンショウロン
弁説	ベンゼツ
弁論	ベンロン
弁論部	ベンロンブ
弁護	ベンゴ
弁護人	ベンゴニン
弁護団	ベンゴダン
弁護士	ベンゴシ
弁難	ベンナン
弁髪	ベンパツ
弁鰓類	ベンサイルイ
弄くり回す	イジクリマワス
弄くる	イジクル
弄する	ロウスル
弄び物	モテアソビモノ
弄ぶ	モテアソブ
弄りまわす	イジリマワス
弄り回す	イジリマワス
弄火	ロウカ
弄花	ロウカ
弊害	ヘイガイ
弊履	ヘイリ
弊店	ヘイテン
弊政	ヘイセイ
弊村	ヘイソン
弊社	ヘイシャ
弊習	ヘイシュウ
弊衣	ヘイイ
弊風	ヘイフウ
式典	シキテン
式内社	シキナイシャ
式台	シキダイ
式場	シキジョウ
式年	シキネン
式微	シキビ
式日	シキジツ
式服	シキフク
式次	シキジ
式次第	シキシダイ
式法	シキホウ
式目	シキモク
式辞	シキジ
式部	シキブ
弑する	シイスル
弓なり	ユミナリ
弓のこ	ユミノコ
弓偏	ユミヘン
弓兵	キュウヘイ
弓勢	ユンゼイ
弓取	ユミトリ
弓取り	ユミトリ
弓取式	ユミトリシキ
弓引く	ユミヒク
弓張	ユミハリ
弓張り	ユミハリ
弓張り提灯	ユミハリヂョウチン
弓張り月	ユミハリヅキ
弓張提灯	ユミハリヂョウチン
弓張月	ユミハリヅキ
弓懸	ユガケ
弓手	ユンデ
弓状	キュウジョウ
弓術	キュウジュツ
弓道	キュウドウ
弓道場	キュウドウジョウ
弓鋸	ユミノコ
弓馬	キュウバ
弔い合戦	トムライガッセン
弔する	チョウスル
弔事	チョウジ
弔合戦	トムライガッセン
弔問	チョウモン
弔意	チョウイ
弔慰	チョウイ
弔慰金	チョウイキン
弔文	チョウブン
弔旗	チョウキ
弔歌	チョウカ
弔砲	チョウホウ
弔花	チョウカ
弔詞	チョウシ
弔詩	チョウシ
弔辞	チョウジ
弔銃	チョウジュウ
弔鐘	チョウショウ
弔電	チョウデン
引かす	ヒカス
引きあう	ヒキアウ
引きあげる	ヒキアゲル
引きあわせる	ヒキアワセル
引きいれる	ヒキイレル
引きうける	ヒキウケル
引きおこす	ヒキオコス
引きおろす	ヒキオロス
引きかえす	ヒキカエス
引きかえる	ヒキカエル
引きがね	ヒキガネ
引きこむ	ヒキコム
引きこもり	ヒキコモリ
引きこもる	ヒキコモル
引きさがる	ヒキサガル
引きさく	ヒキサク
引きしぼる	ヒキシボル
引きしまる	ヒキシマル
引きしめる	ヒキシメル
引きずり	ヒキズリ
引きずる	ヒキズル
引きたつ	ヒキタツ
引きたてる	ヒキタテル
引きだす	ヒキダス
引きちぎる	ヒキチギル
引きつぐ	ヒキツグ
引きつけ	ヒキツケ
引きつける	ヒキツケル
引きつづく	ヒキツヅク
引きつり	ヒキツリ
引きつる	ヒキツル
引きつれる	ヒキツレル
引きとめる	ヒキトメル
引きとる	ヒキトル
引きぬく	ヒキヌク
引きのばし	ヒキノバシ
引きのばす	ヒキノバス
引きはがす	ヒキハガス
引きはなす	ヒキハナス
引きはらう	ヒキハラウ
引きひも	ヒキヒモ
引きまわす	ヒキマワス
引きむしる	ヒキムシル
引きもどす	ヒキモドス
引きよせる	ヒキヨセル
引きわたす	ヒキワタス
引き上げ	ヒキアゲ
引き上げる	ヒキアゲル
引き下がる	ヒキサガル
引き下げ	ヒキサゲ
引き下げる	ヒキサゲル
引き下る	ヒキサガル
引き下ろす	ヒキオロス
引き付け	ヒキツケ
引き付ける	ヒキツケル
引き伸し	ヒキノバシ
引き伸す	ヒキノバス
引き伸ばし	ヒキノバシ
引き伸ばす	ヒキノバス
引き倒す	ヒキタオス
引き入れる	ヒキイレル
引き写し	ヒキウツシ
引き写す	ヒキウツス
引き出し	ヒキダシ
引き出す	ヒキダス
引き出物	ヒキデモノ
引き分け	ヒキワケ
引き分ける	ヒキワケル
引き切る	ヒキキル
引き剝がす	ヒキハガス
引き剝ぐ	ヒキハグ
引き剥がす	ヒキハガス
引き剥ぐ	ヒキハグ
引き千切る	ヒキチギル
引き去る	ヒキサル
引き取り	ヒキトリ
引き取る	ヒキトル
引き受け	ヒキウケ
引き受ける	ヒキウケル
引き合い	ヒキアイ
引き合せる	ヒキアワセル
引き合わせ	ヒキアワセ
引き吊り	ヒキツリ
引き回し	ヒキマワシ
引き回す	ヒキマワス
引き寄せる	ヒキヨセル
引き幕	ヒキマク
引き延し	ヒキノバシ
引き延す	ヒキノバス
引き延ばし	ヒキノバシ
引き延ばす	ヒキノバス
引き廻し	ヒキマワシ
引き廻す	ヒキマワス
引き当て	ヒキアテ
引き当てる	ヒキアテル
引き戸	ヒキド
引き戻す	ヒキモドス
引き抜き	ヒキヌキ
引き抜く	ヒキヌク
引き据える	ヒキスエル
引き揃え	ヒキソロエ
引き揚げ	ヒキアゲ
引き揚げる	ヒキアゲル
引き換え	ヒキカエ
引き換える	ヒキカエル
引き摺り	ヒキズリ
引き摺る	ヒキズル
引き攣り	ヒキツリ
引き攣る	ヒキツル
引き攣れる	ヒキツレル
引き放つ	ヒキハナツ
引き数	ヒキスウ
引き明け	ヒキアケ
引き時	ヒキドキ
引き替え	ヒキカエ
引き替える	ヒキカエル
引き札	ヒキフダ
引き止める	ヒキトメル
引き比べる	ヒキクラベル
引き毟る	ヒキムシル
引き波	ヒキナミ
引き渡し	ヒキワタシ
引き渡す	ヒキワタス
引き潮	ヒキシオ
引き物	ヒキモノ
引き直す	ヒキナオス
引き眉	ヒキマユ
引き破る	ヒキヤブル
引き移る	ヒキウツル
引き窓	ヒキマド
引き立つ	ヒキタツ
引き立て	ヒキタテ
引き立てる	ヒキタテル
引き立て役	ヒキタテヤク
引き算	ヒキザン
引き篭もり	ヒキコモリ
引き篭もる	ヒキコモル
引き篭り	ヒキコモリ
引き篭る	ヒキコモル
引き籠もり	ヒキコモリ
引き籠もる	ヒキコモル
引き籠り	ヒキコモリ
引き籠る	ヒキコモル
引き紐	ヒキヒモ
引き結ぶ	ヒキムスブ
引き絞る	ヒキシボル
引き継ぎ	ヒキツギ
引き継ぐ	ヒキツグ
引き続き	ヒキツヅキ
引き続く	ヒキツヅク
引き綱	ヒキヅナ
引き網	ヒキアミ
引き綿	ヒキワタ
引き締まる	ヒキシマル
引き締め	ヒキシメ
引き締める	ヒキシメル
引き締る	ヒキシマル
引き舟	ヒキフネ
引き船	ヒキフネ
引き菓子	ヒキガシ
引き落し	ヒキオトシ
引き落す	ヒキオトス
引き落とし	ヒキオトシ
引き落とす	ヒキオトス
引き裂く	ヒキサク
引き起こす	ヒキオコス
引き起す	ヒキオコス
引き越す	ヒキコス
引き込み線	ヒキコミセン
引き込む	ヒキコム
引き返し	ヒキカエシ
引き返す	ヒキカエス
引き連れる	ヒキツレル
引き金	ヒキガネ
引き釣り	ヒキヅリ
引き鉄	ヒキガネ
引き開ける	ヒキアケル
引き降ろす	ヒキオロス
引き際	ヒキギワ
引き離す	ヒキハナス
引き馬	ヒキウマ
引く手	ヒクテ
引け値	ヒケネ
引け時	ヒケドキ
引け目	ヒケメ
引け際	ヒケギワ
引っ	ヒッ
引っかかり	ヒッカカリ
引っかかる	ヒッカカル
引っかく	ヒッカク
引っかけ	ヒッカケ
引っかける	ヒッカケル
引っかぶる	ヒッカブル
引っくるめる	ヒックルメル
引っこし	ヒッコシ
引っこす	ヒッコス
引っこむ	ヒッコム
引っこめる	ヒッコメル
引っこ抜く	ヒッコヌク
引っさげる	ヒッサゲル
引っさらう	ヒッサラウ
引ったくり	ヒッタクリ
引ったくる	ヒッタクル
引っつかむ	ヒッツカム
引っぱがす	ヒッパガス
引っぱたく	ヒッパタク
引っぱる	ヒッパル
引っぺがす	ヒッペガス
引っ下げる	ヒッサゲル
引っ付く	ヒッツク
引っ付ける	ヒッツケル
引っ剥ぐ	ヒッパグ
引っ叩く	ヒッパタク
引っ張り	ヒッパリ
引っ張る	ヒッパル
引っ手繰り	ヒッタクリ
引っ手繰る	ヒッタクル
引っ抱える	ヒッカカエル
引っ括める	ヒックルメル
引っ括る	ヒッククル
引っ捕える	ヒットラエル
引っ捕まえる	ヒッツカマエル
引っ捕らえる	ヒットラエル
引っ掛かり	ヒッカカリ
引っ掛かる	ヒッカカル
引っ掛け	ヒッカケ
引っ掛ける	ヒッカケル
引っ掛り	ヒッカカリ
引っ掛る	ヒッカカル
引っ掴む	ヒッツカム
引っ掻く	ヒッカク
引っ提げる	ヒッサゲル
引っ搔く	ヒッカク
引っ攣り	ヒッツリ
引っ立てる	ヒッタテル
引っ被る	ヒッカブル
引っ詰め	ヒッツメ
引っ詰める	ヒッツメル
引っ越し	ヒッコシ
引っ越す	ヒッコス
引っ込ます	ヒッコマス
引っ込み	ヒッコミ
引っ込む	ヒッコム
引っ込める	ヒッコメル
引っ返す	ヒッカエス
引ん剥く	ヒンムク
引上げ	ヒキアゲ
引上げる	ヒキアゲル
引下がる	ヒキサガル
引下げ	ヒキサゲ
引下げる	ヒキサゲル
引下る	ヒキサガル
引付け	ヒキツケ
引付ける	ヒキツケル
引伸す	ヒキノバス
引伸ばし	ヒキノバシ
引伸ばす	ヒキノバス
引伸機	ヒキノバシキ
引例	インレイ
引入れる	ヒキイレル
引写し	ヒキウツシ
引出し	ヒキダシ
引出す	ヒキダス
引出物	ヒキデモノ
引分け	ヒキワケ
引分ける	ヒキワケル
引力	インリョク
引去る	ヒキサル
引取	ヒキトリ
引取り	ヒキトリ
引取る	ヒキトル
引受	ヒキウケ
引受け	ヒキウケ
引受ける	ヒキウケル
引受人	ヒキウケニン
引合	ヒキアイ
引合い	ヒキアイ
引喩	インユ
引回し	ヒキマワシ
引回す	ヒキマワス
引寄せる	ヒキヨセル
引導	インドウ
引幕	ヒキマク
引延す	ヒキノバス
引延ばし	ヒキノバシ
引延ばす	ヒキノバス
引廻し	ヒキマワシ
引廻す	ヒキマワス
引張	ヒッパリ
引張り	ヒッパリ
引張る	ヒッパル
引当	ヒキアテ
引当て	ヒキアテ
引当てる	ヒキアテル
引当金	ヒキアテキン
引戸	ヒキド
引戻す	ヒキモドス
引手	ヒキテ
引抜き	ヒキヌキ
引抜く	ヒキヌク
引接	インセツ
引揚	ヒキアゲ
引揚げ	ヒキアゲ
引揚げる	ヒキアゲル
引揚者	ヒキアゲシャ
引換	ヒキカエ
引換え	ヒキカエ
引換える	ヒキカエル
引換券	ヒキカエケン
引換証	ヒキカエショウ
引摺り	ヒキズリ
引摺る	ヒキズル
引攣り	ヒキツリ
引攣れる	ヒキツレル
引数	ヒキスウ
引明け	ヒキアケ
引時	ヒキドキ
引替	ヒキカエ
引替え	ヒキカエ
引替える	ヒキカエル
引札	ヒキフダ
引止める	ヒキトメル
引汐	ヒキシオ
引決	インケツ
引波	ヒキナミ
引渡	ヒキワタシ
引渡し	ヒキワタシ
引渡す	ヒキワタス
引潮	ヒキシオ
引火	インカ
引火点	インカテン
引照	インショウ
引率	インソツ
引用	インヨウ
引用元	インヨウモト
引用文	インヨウブン
引用符	インヨウフ
引留める	ヒキトメル
引目	ヒキメ
引直す	ヒキナオス
引眉	ヒキマユ
引窓	ヒキマド
引立つ	ヒキタツ
引立て	ヒキタテ
引立てる	ヒキタテル
引立て役	ヒキタテヤク
引立役	ヒキタテヤク
引算	ヒキザン
引篭もり	ヒキコモリ
引篭もる	ヒキコモル
引篭り	ヒキコモリ
引篭る	ヒキコモル
引籠もり	ヒキコモリ
引籠もる	ヒキコモル
引籠り	ヒキコモリ
引籠る	ヒキコモル
引絞る	ヒキシボル
引継	ヒキツギ
引継ぎ	ヒキツギ
引継ぐ	ヒキツグ
引続き	ヒキツヅキ
引続く	ヒキツヅク
引綱	ヒキヅナ
引網	ヒキアミ
引締まる	ヒキシマル
引締め	ヒキシメ
引締める	ヒキシメル
引致	インチ
引舟	ヒキフネ
引航	インコウ
引船	ヒキフネ
引落	ヒキオトシ
引落す	ヒキオトス
引落とし	ヒキオトシ
引落とす	ヒキオトス
引裂く	ヒキサク
引見	インケン
引証	インショウ
引責	インセキ
引起こす	ヒキオコス
引起す	ヒキオコス
引越	ヒッコシ
引越し	ヒッコシ
引越す	ヒッコス
引込む	ヒキコム
引込線	ヒキコミセン
引返し	ヒキカエシ
引返す	ヒキカエス
引退	インタイ
引連れる	ヒキツレル
引金	ヒキガネ
引鉄	ヒキガネ
引離す	ヒキハナス
弗化	フッカ
弗素	フッソ
弗酸	フッサン
弘い	ヒロイ
弘まる	ヒロマル
弘め	ヒロメ
弘める	ヒロメル
弘報	コウホウ
弘大	コウダイ
弘法	グホウ
弘済会	コウサイカイ
弘誓	グゼイ
弟分	オトウトブン
弟切草	オトギリソウ
弟姫	オトヒメ
弟子入り	デシイリ
弟弟子	オトウトデシ
弥々	イヨイヨ
弥助	ヤスケ
弥増さる	イヤマサル
弥増す	イヤマス
弥弥	イヨイヨ
弥撒	ミサ
弥次	ヤジ
弥次る	ヤジル
弥次郎兵衛	ヤジロベエ
弥次馬	ヤジウマ
弥漫	ビマン
弥猛	ヤタケ
弥縫	ビホウ
弥陀	ミダ
弦月	ゲンゲツ
弦楽	ゲンガク
弦楽器	ゲンガッキ
弦歌	ゲンカ
弧光	ココウ
弧度	コド
弧形	コケイ
弧灯	コトウ
弧状	コジョウ
弧線	コセン
弩兵	ドヘイ
弩弓	ドキュウ
弩級	ドキュウ
弩級艦	ドキュウカン
弯曲	ワンキョク
弱々しい	ヨワヨワシイ
弱い	ヨワイ
弱まり	ヨワマリ
弱まる	ヨワマル
弱み	ヨワミ
弱める	ヨワメル
弱り目	ヨワリメ
弱る	ヨワル
弱体	ジャクタイ
弱体化	ジャクタイカ
弱冠	ジャッカン
弱冷房車	ジャクレイボウシャ
弱冷車	ジャクレイシャ
弱化	ジャッカ
弱卒	ジャクソツ
弱味	ヨワミ
弱国	ジャッコク
弱小	ジャクショウ
弱年	ジャクネン
弱弱しい	ヨワヨワシイ
弱志	ジャクシ
弱拍	ジャクハク
弱敵	ジャクテキ
弱材料	ヨワザイリョウ
弱毒	ジャクドク
弱毒化	ジャクドクカ
弱気	ヨワキ
弱火	ヨワビ
弱点	ジャクテン
弱者	ジャクシャ
弱肉強食	ジャクニクキョウショク
弱腰	ヨワゴシ
弱虫	ヨワムシ
弱行	ジャッコウ
弱視	ジャクシ
弱起	ジャッキ
弱輩	ジャクハイ
弱酸	ジャクサン
弱酸性	ジャクサンセイ
弱電	ジャクデン
弱震	ジャクシン
弱齢	ジャクレイ
張っ倒す	ハッタオス
張りあい	ハリアイ
張りあう	ハリアウ
張りあげる	ハリアゲル
張りかえる	ハリカエル
張りこむ	ハリコム
張りだす	ハリダス
張りつく	ハリツク
張りつける	ハリツケル
張りつめる	ハリツメル
張りぼて	ハリボテ
張りめぐらす	ハリメグラス
張り上げる	ハリアゲル
張り付く	ハリツク
張り付け	ハリツケ
張り付ける	ハリツケル
張り倒す	ハリタオス
張り出し	ハリダシ
張り出す	ハリダス
張り切る	ハリキル
張り合い	ハリアイ
張り合わせる	ハリアワセル
張り子	ハリコ
張り巡らす	ハリメグラス
張り店	ハリミセ
張り手	ハリテ
張り抜き	ハリヌキ
張り替え	ハリカエ
張り替える	ハリカエル
張り札	ハリフダ
張り渡す	ハリワタス
張り物	ハリモノ
張り番	ハリバン
張り紙	ハリガミ
張り綱	ハリヅナ
張り腰	ハリコシ
張り裂ける	ハリサケル
張り見世	ハリミセ
張り詰める	ハリツメル
張り込み	ハリコミ
張り込む	ハリコム
張り飛ばす	ハリトバス
張付く	ハリツク
張付け	ハリツケ
張付ける	ハリツケル
張倒す	ハリタオス
張出	ハリダシ
張出し	ハリダシ
張出す	ハリダス
張力	チョウリョク
張合	ハリアイ
張合い	ハリアイ
張子	ハリコ
張店	ハリミセ
張手	ハリテ
張抜き	ハリヌキ
張替え	ハリカエ
張本人	チョウホンニン
張板	ハリイタ
張物	ハリモノ
張番	ハリバン
張紙	ハリガミ
張裂ける	ハリサケル
張見世	ハリミセ
張込み	ハリコミ
張込む	ハリコム
強いて	シイテ
強いる	シイル
強か	シタタカ
強か者	シタタカモノ
強がり	ツヨガリ
強がる	ツヨガル
強さ	ツヨサ
強じん	キョウジン
強ち	アナガチ
強ばり	コワバリ
強ばる	コワバル
強まる	ツヨマル
強み	ツヨミ
強め	ツヨメ
強める	ツヨメル
強健	キョウケン
強兵	キョウヘイ
強制	キョウセイ
強制力	キョウセイリョク
強制的	キョウセイテキ
強制送還	キョウセイソウカン
強剛	キョウゴウ
強力粉	キョウリキコ
強化	キョウカ
強化米	キョウカマイ
強味	ツヨミ
強固	キョウコ
強国	キョウコク
強圧	キョウアツ
強壮	キョウソウ
強壮剤	キョウソウザイ
強大	キョウダイ
強奪	ゴウダツ
強姦	ゴウカン
強姦罪	ゴウカンザイ
強姦魔	ゴウカンマ
強度	キョウド
強弁	キョウベン
強引	ゴウイン
強弩	キョウド
強弱	キョウジャク
強張り	コワバリ
強張る	コワバル
強心剤	キョウシンザイ
強情	ゴウジョウ
強意	キョウイ
強慢	ゴウマン
強慾	ゴウヨク
強打	キョウダ
強打者	キョウダシャ
強拍	キョウハク
強振	キョウシン
強攻	キョウコウ
強暴	キョウボウ
強権	キョウケン
強欲	ゴウヨク
強殺	ゴウサツ
強毒	キョウドク
強毒性	キョウドクセイ
強火	ツヨビ
強烈	キョウレツ
強的	ゴウテキ
強皮症	キョウヒショウ
強盗	ゴウトウ
強盗犯	ゴウトウハン
強盗罪	ゴウトウザイ
強直	キョウチョク
強硬	キョウコウ
強硬派	キョウコウハ
強硬論	キョウコウロン
強磁性	キョウジセイ
強精	キョウセイ
強精剤	キョウセイザイ
強縮	キョウシュク
強肩	キョウケン
強腰	ツヨゴシ
強膜	キョウマク
強膜炎	キョウマクエン
強行	キョウコウ
強行軍	キョウコウグン
強襲	キョウシュウ
強要	キョウヨウ
強記	キョウキ
強訴	ゴウソ
強調	キョウチョウ
強談	ゴウダン
強談判	コワダンパン
強請り取る	ユスリトル
強豪	キョウゴウ
強豪校	キョウゴウコウ
強辯	キョウベン
強迫	キョウハク
強迫症	キョウハクショウ
強運	キョウウン
強酸	キョウサン
強電	キョウデン
強震	キョウシン
強靭	キョウジン
強靱	キョウジン
強音	キョウオン
強風	キョウフウ
強風域	キョウフウイキ
強風注意報	キョウフウチュウイホウ
弾き出す	ハジキダス
弾き初め	ヒキゾメ
弾き唄い	ヒキウタイ
弾き手	ヒキテ
弾き歌い	ヒキウタイ
弾き語り	ヒキガタリ
弾き返す	ハジキカエス
弾き音	ハジキオン
弾き飛ばす	ハジキトバス
弾き鳴らす	ヒキナラス
弾け豆	ハジケマメ
弾け飛ぶ	ハジケトブ
弾じる	ダンジル
弾ずる	ダンズル
弾み	ハズミ
弾み車	ハズミグルマ
弾む	ハズム
弾よけ	タマヨケ
弾丸	ダンガン
弾倉	ダンソウ
弾傷	タマキズ
弾力	ダンリョク
弾力性	ダンリョクセイ
弾劾	ダンガイ
弾圧	ダンアツ
弾奏	ダンソウ
弾帯	ダンタイ
弾幕	ダンマク
弾性	ダンセイ
弾性波	ダンセイハ
弾性率	ダンセイリツ
弾正	ダンジョウ
弾片	ダンペン
弾琴	ダンキン
弾痕	ダンコン
弾着	ダンチャク
弾着点	ダンチャクテン
弾薬	ダンヤク
弾語り	ヒキガタリ
弾速	ダンソク
弾道	ダンドウ
弾道学	ダンドウガク
弾道弾	ダンドウダン
弾除け	タマヨケ
弾雨	ダンウ
弾頭	ダントウ
彎入	ワンニュウ
彎曲	ワンキョク
彎月	ワンゲツ
当せん	トウセン
当たり	アタリ
当たりくじ	アタリクジ
当たりさわり	アタリサワリ
当たり外れ	アタリハズレ
当たり屋	アタリヤ
当たり年	アタリドシ
当たり役	アタリヤク
当たり散らす	アタリチラス
当たり狂言	アタリキョウゲン
当たり籤	アタリクジ
当たり負け	アタリマケ
当たり鉢	アタリバチ
当たり障り	アタリサワリ
当たる	アタル
当ったり前	アッタリマエ
当て	アテ
当てこすり	アテコスリ
当てこする	アテコスル
当てこむ	アテコム
当てずっぽう	アテズッポウ
当てつけ	アテツケ
当てつける	アテツケル
当てど	アテド
当てはずれ	アテハズレ
当てはまる	アテハマル
当てはめる	アテハメル
当てもの	アテモノ
当てる	アテル
当てレコ	アテレコ
当て付け	アテツケ
当て付ける	アテツケル
当て外れ	アテハズレ
当て字	アテジ
当て嵌まる	アテハマル
当て嵌める	アテハメル
当て推量	アテズイリョウ
当て擦り	アテコスリ
当て擦る	アテコスル
当て物	アテモノ
当て身	アテミ
当て込む	アテコム
当て逃げ	アテニゲ
当て馬	アテウマ
当に	マサニ
当り	アタリ
当りくじ	アタリクジ
当りさわり	アタリサワリ
当り屋	アタリヤ
当り年	アタリドシ
当り散らす	アタリチラス
当り籤	アタリクジ
当り鉢	アタリバチ
当り障り	アタリサワリ
当世	トウセイ
当世風	トウセイフウ
当主	トウシュ
当事	トウジ
当事国	トウジコク
当事者	トウジシャ
当人	トウニン
当代	トウダイ
当会	トウカイ
当分	トウブン
当初	トウショ
当前	トウゼン
当否	トウヒ
当地	トウチ
当夜	トウヤ
当季	トウキ
当家	トウケ
当寺	トウジ
当局	トウキョク
当局者	トウキョクシャ
当山	トウザン
当帰	トウキ
当年	トウネン
当店	トウテン
当座	トウザ
当座しのぎ	トウザシノギ
当座凌ぎ	トウザシノギ
当座帳	トウザチョウ
当座貸越	トウザカシコシ
当座預金	トウザヨキン
当惑	トウワク
当意即妙	トウイソクミョウ
当推量	アテズイリョウ
当方	トウホウ
当日	トウジツ
当日券	トウジツケン
当時	トウジ
当月	トウゲツ
当期	トウキ
当期純利益	トウキジュンリエキ
当来	トウライ
当校	トウコウ
当歳	トウサイ
当為	トウイ
当然	トウゼン
当用	トウヨウ
当用漢字	トウヨウカンジ
当番	トウバン
当直	トウチョク
当確	トウカク
当社	トウシャ
当社比	トウシャヒ
当節	トウセツ
当籤	トウセン
当職	トウショク
当落	トウラク
当薬	トウヤク
当行	トウコウ
当該	トウガイ
当路	トウロ
当身	アテミ
当選	トウセン
当選確実	トウセンカクジツ
当選者	トウセンシャ
当量	トウリョウ
当限	トウギリ
当院	トウイン
当面	トウメン
当館	トウカン
彗星	スイセイ
彙報	イホウ
彝族	イゾク
彡旁	サンヅクリ
形づくる	カタチヅクル
形どる	カタドル
形なし	カタナシ
形代	カタシロ
形作る	カタチヅクル
形勝	ケイショウ
形勢	ケイセイ
形声	ケイセイ
形容	ケイヨウ
形容句	ケイヨウク
形容詞	ケイヨウシ
形崩れ	カタクズレ
形式	ケイシキ
形式上	ケイシキジョウ
形式的	ケイシキテキ
形式知	ケイシキチ
形式美	ケイシキビ
形影	ケイエイ
形態	ケイタイ
形態学	ケイタイガク
形態素	ケイタイソ
形態論	ケイタイロン
形成	ケイセイ
形成体	ケイセイタイ
形成外科	ケイセイゲカ
形成層	ケイセイソウ
形成期	ケイセイキ
形振り	ナリフリ
形木	カタギ
形気	カタギ
形無し	カタナシ
形状	ケイジョウ
形而上	ケイジジョウ
形而上学	ケイジジョウガク
形而下	ケイジカ
形臨	ケイリン
形見分け	カタミワケ
形象	ケイショウ
形象化	ケイショウカ
形貌	ケイボウ
形質	ケイシツ
形跡	ケイセキ
形造る	カタチヅクル
形骸	ケイガイ
形骸化	ケイガイカ
彩り	イロドリ
彩る	イロドル
彩層	サイソウ
彩度	サイド
彩画	サイガ
彩管	サイカン
彩雲	サイウン
彩飾	サイショク
彫りこむ	ホリコム
彫りつける	ホリツケル
彫り上げ	ホリアゲ
彫り上げる	ホリアゲル
彫り刻む	ホリキザム
彫り師	ホリシ
彫り物	ホリモノ
彫り込む	ホリコム
彫上げ	ホリアゲ
彫像	チョウゾウ
彫刻	チョウコク
彫刻具座	チョウコクグザ
彫刻刀	チョウコクトウ
彫刻室座	チョウコクシツザ
彫刻家	チョウコクカ
彫塑	チョウソ
彫工	チョウコウ
彫師	ホリシ
彫心鏤骨	チョウシンルコツ
彫漆	チョウシツ
彫物	ホリモノ
彫琢	チョウタク
彫金	チョウキン
彫金師	チョウキンシ
彭湃	ホウハイ
彰徳	ショウトク
影像	エイゾウ
影印	エイイン
影印本	エイインボン
影武者	カゲムシャ
影法師	カゲボウシ
影画	カゲエ
影絵	カゲエ
影踏み	カゲフミ
影身	カゲミ
影送り	カゲオクリ
影響	エイキョウ
影響下	エイキョウカ
影響力	エイキョウリョク
彷彿	ホウフツ
彷徨	ホウコウ
彷徨う	サマヨウ
彷徨く	ウロツク
役する	エキスル
役だつ	ヤクダツ
役どころ	ヤクドコロ
役まわり	ヤクマワリ
役不足	ヤクブソク
役人	ヤクニン
役作り	ヤクヅクリ
役僧	ヤクソウ
役儀	ヤクギ
役割	ヤクワリ
役割り	ヤクワリ
役割分担	ヤクワリブンタン
役割語	ヤクワリゴ
役務	エキム
役名	ヤクメイ
役向き	ヤクムキ
役員	ヤクイン
役員会	ヤクインカイ
役員報酬	ヤクインホウシュウ
役員賞与	ヤクインショウヨ
役回り	ヤクマワリ
役場	ヤクバ
役夫	エキフ
役宅	ヤクタク
役得	ヤクトク
役替え	ヤクガエ
役柄	ヤクガラ
役満	ヤクマン
役牌	ヤクハイ
役牛	エキギュウ
役畜	エキチク
役目	ヤクメ
役立つ	ヤクダツ
役立てる	ヤクダテル
役者	ヤクシャ
役者絵	ヤクシャエ
役職	ヤクショク
役職名	ヤクショクメイ
役職手当	ヤクショクテアテ
彼の世	アノヨ
彼れ	アレ
彼女	カノジョ
彼岸	ヒガン
彼岸会	ヒガンエ
彼式	アレシキ
彼我	ヒガ
彼是	アレコレ
彼氏	カレシ
往々	オウオウ
往なす	イナス
往ぬ	イヌ
往事	オウジ
往信	オウシン
往年	オウネン
往往	オウオウ
往復	オウフク
往復乗車券	オウフクジョウシャケン
往復切符	オウフクキップ
往復航空券	オウフクコウクウケン
往日	オウジツ
往昔	オウセキ
往時	オウジ
往来	オウライ
往査	オウサ
往生	オウジョウ
往生際	オウジョウギワ
往者	オウシャ
往航	オウコウ
往訪	オウホウ
往診	オウシン
往路	オウロ
往返	オウヘン
往還	オウカン
征く	ユク
征する	セイスル
征伐	セイバツ
征圧	セイアツ
征夷	セイイ
征夷大将軍	セイイタイショウグン
征戦	セイセン
征服	セイフク
征服者	セイフクシャ
征東	セイトウ
征矢	ソヤ
征衣	セイイ
征西	セイセイ
征討	セイトウ
征途	セイト
征韓論	セイカンロン
径庭	ケイテイ
径行	ケイコウ
径路	ケイロ
待たす	マタス
待ち	マチ
待ちあぐむ	マチアグム
待ちあわせ	マチアワセ
待ちあわせる	マチアワセル
待ちかまえる	マチカマエル
待ちくたびれる	マチクタビレル
待ちこがれる	マチコガレル
待ちのぞむ	マチノゾム
待ちぶせ	マチブセ
待ちぼうけ	マチボウケ
待ちわびる	マチワビル
待ち人	マチビト
待ち伏せ	マチブセ
待ち伏せる	マチブセル
待ち侘びる	マチワビル
待ち倦む	マチアグム
待ち受け	マチウケ
待ち受ける	マチウケル
待ち合い	マチアイ
待ち合せ	マチアワセ
待ち合せる	マチアワセル
待ち合わせ	マチアワセ
待ち合わせる	マチアワセル
待ち明かす	マチアカス
待ち暮らす	マチクラス
待ち望む	マチノゾム
待ち構える	マチカマエル
待ち焦がれる	マチコガレル
待ち草臥れる	マチクタビレル
待ち設ける	マチモウケル
待ち針	マチバリ
待つ	マツ
待人	マチビト
待伏せ	マチブセ
待受け	マチウケ
待受ける	マチウケル
待合	マチアイ
待合い	マチアイ
待合せ	マチアワセ
待合わせ	マチアワセ
待合室	マチアイシツ
待合所	マチアイジョ
待命	タイメイ
待宵	マツヨイ
待望	タイボウ
待望む	マチノゾム
待構える	マチカマエル
待機	タイキ
待機児童	タイキジドウ
待機電力	タイキデンリョク
待設ける	マチモウケル
待遇	タイグウ
待避	タイヒ
待避線	タイヒセン
待針	マチバリ
律する	リッスル
律令制	リツリョウセイ
律動	リツドウ
律呂	リツリョ
律師	リッシ
律法	リッポウ
律詩	リッシ
律語	リツゴ
律速	リッソク
後かたづけ	アトカタヅケ
後がま	アトガマ
後じさり	アトジサリ
後じさる	アトジサル
後ずさり	アトズサリ
後ずさる	アトズサル
後づけ	アトヅケ
後の世	ノチノヨ
後の祭り	アトノマツリ
後ほど	ノチホド
後らす	オクラス
後らせる	オクラセル
後れ	オクレ
後れる	オクレル
後れ毛	オクレゲ
後ろ	ウシロ
後ろあし	ウシロアシ
後ろぐらい	ウシログライ
後ろだて	ウシロダテ
後ろめたい	ウシロメタイ
後ろ倒し	ウシロダオシ
後ろ側	ウシロガワ
後ろ前	ウシロマエ
後ろ向き	ウシロムキ
後ろ姿	ウシロスガタ
後ろ影	ウシロカゲ
後ろ手	ウシロデ
後ろ指	ウシロユビ
後ろ明き	ウシロアキ
後ろ暗い	ウシログライ
後ろ楯	ウシロダテ
後ろ盾	ウシロダテ
後ろ脚	ウシロアシ
後ろ襟	ウシロエリ
後ろ足	ウシロアシ
後ろ鉢巻	ウシロハチマキ
後ろ鉢巻き	ウシロハチマキ
後ろ髪	ウシロガミ
後事	コウジ
後人	コウジン
後仏	ゴブツ
後仕舞	アトジマイ
後付	アトヅケ
後付け	アトヅケ
後代	コウダイ
後件	コウケン
後任	コウニン
後任者	コウニンシャ
後作	アトサク
後便	コウビン
後側	ウシロガワ
後備	コウビ
後先	アトサキ
後光	ゴコウ
後光効果	ゴコウコウカ
後出	コウシュツ
後出し	アトダシ
後列	コウレツ
後刻	ゴコク
後半	コウハン
後半期	コウハンキ
後半生	コウハンセイ
後厄	アトヤク
後口	アトクチ
後向き	ウシロムキ
後味	アトアジ
後嗣	コウシ
後回し	アトマワシ
後図	コウト
後場	ゴバ
後塵	コウジン
後壁	コウヘキ
後夜	ゴヤ
後天	コウテン
後天性	コウテンセイ
後天性免疫不全症候群	コウテンセイメンエキフゼンショウコウグン
後天的	コウテンテキ
後始末	アトシマツ
後姿	ウシロスガタ
後学	コウガク
後室	コウシツ
後宮	コウキュウ
後家	ゴケ
後尾	コウビ
後屈	コウクツ
後山	アトヤマ
後席	コウセキ
後年	コウネン
後庭	コウテイ
後悔	コウカイ
後患	コウカン
後成説	コウセイセツ
後戯	コウギ
後戻り	アトモドリ
後房	コウボウ
後押し	アトオシ
後指	ウシロユビ
後掲	コウケイ
後援	コウエン
後援会	コウエンカイ
後攻	コウコウ
後攻め	アトゼメ
後日談	ゴジツダン
後景	コウケイ
後書	アトガキ
後書き	アトガキ
後月	アトゲツ
後期	コウキ
後期高齢者医療制度	コウキコウレイシャイリョウセイド
後来	コウライ
後架	コウカ
後根	コウコン
後棒	アトボウ
後段	コウダン
後注	コウチュウ
後流	コウリュウ
後添い	ノチゾイ
後添え	ノチゾエ
後片付け	アトカタヅケ
後略	コウリャク
後発	コウハツ
後発医薬品	コウハツイヤクヒン
後発品	コウハツヒン
後発薬	コウハツヤク
後発開発途上国	コウハツカイハツトジョウコク
後目	シリメ
後程	ノチホド
後端	コウタン
後篇	コウヘン
後納	コウノウ
後継ぎ	アトツギ
後継者	コウケイシャ
後続	コウゾク
後編	コウヘン
後縁	コウエン
後置	コウチ
後翅	コウシ
後者	コウシャ
後背	コウハイ
後背位	コウハイイ
後背地	コウハイチ
後胤	コウイン
後臼歯	コウキュウシ
後葉	コウヨウ
後衛	コウエイ
後裔	コウエイ
後見人	コウケンニン
後記	コウキ
後詰め	ゴヅメ
後車	コウシャ
後転	コウテン
後輩	コウハイ
後込み	シリゴミ
後述	コウジュツ
後追い	アトオイ
後退	コウタイ
後送	コウソウ
後進	コウシン
後進国	コウシンコク
後逸	コウイツ
後遺症	コウイショウ
後部	コウブ
後部席	コウブセキ
後部座席	コウブザセキ
後金	アトキン
後釜	アトガマ
後鉢巻	ウシロハチマキ
後門	コウモン
後陣痛	コウジンツウ
後難	コウナン
後面	コウメン
後項	コウコウ
後頭	コウトウ
後頭葉	コウトウヨウ
後頭部	コウトウブ
後頭骨	コウトウコツ
後顧	コウコ
後髪	ウシロガミ
後鰓類	コウサイルイ
徐々	ジョジョ
徐か	シズカ
徐に	オモムロニ
徐ろに	オモムロニ
徐冷	ジョレイ
徐徐	ジョジョ
徐脈	ジョミャク
徐航	ジョコウ
徐行	ジョコウ
徒ら	イタズラ
徒党	トトウ
徒刑	トケイ
徒労	トロウ
徒労感	トロウカン
徒口	ムダグチ
徒名	アダナ
徒吠え	ムダボエ
徒士	カチ
徒士組	カチグミ
徒弟	トテイ
徒心	アダゴコロ
徒情	アダナサケ
徒情け	アダナサケ
徒手	トシュ
徒手空拳	トシュクウケン
徒桜	アダザクラ
徒歩圏	トホケン
徒死	トシ
徒渉	トショウ
徒爾	トジ
徒疎か	アダオロソカ
徒競走	トキョウソウ
徒組	カチグミ
徒行	トコウ
徒話	ムダバナシ
徒費	トヒ
徒足	ムダアシ
徒輩	トハイ
徒遣い	ムダヅカイ
徒長	トチョウ
徒飯	ムダメシ
徒骨	ムダボネ
従える	シタガエル
従三位	ジュサンミ
従事	ジュウジ
従事者	ジュウジシャ
従価税	ジュウカゼイ
従僕	ジュウボク
従兄弟煮	イトコニ
従前	ジュウゼン
従卒	ジュウソツ
従士	ジュウシ
従容	ショウヨウ
従属	ジュウゾク
従属国	ジュウゾクコク
従属的	ジュウゾクテキ
従属節	ジュウゾクセツ
従来	ジュウライ
従業	ジュウギョウ
従業員	ジュウギョウイン
従業員持ち株会	ジュウギョウインモチカブカイ
従業員持株会	ジュウギョウインモチカブカイ
従業員数	ジュウギョウインスウ
従業者	ジュウギョウシャ
従物	ジュウブツ
従犯	ジュウハン
従軍	ジュウグン
従量	ジュウリョウ
従量制	ジュウリョウセイ
従量税	ジュウリョウゼイ
従順	ジュウジュン
得々	トクトク
得する	トクスル
得てして	エテシテ
得体	エタイ
得分	トクブン
得喪	トクソウ
得失	トクシツ
得度	トクド
得得	トクトク
得心	トクシン
得意	トクイ
得意先	トクイサキ
得意分野	トクイブンヤ
得意客	トクイキャク
得意技	トクイワザ
得意気	トクイゲ
得意満面	トクイマンメン
得意顔	トクイガオ
得手	エテ
得手勝手	エテカッテ
得業士	トクギョウシ
得点	トクテン
得点圏	トクテンケン
得点板	トクテンバン
得点王	トクテンオウ
得点者	トクテンシャ
得物	エモノ
得用	トクヨウ
得票	トクヒョウ
得票数	トクヒョウスウ
得票率	トクヒョウリツ
得策	トクサク
得道	トクドウ
徘徊	ハイカイ
御す	ギョス
御する	ギョスル
御の字	オンノジ
御一人様	オヒトリサマ
御一新	ゴイッシン
御三	オサン
御三どん	オサンドン
御三家	ゴサンケ
御上	オカミ
御上手	オジョウズ
御下がり	オサガリ
御下げ	オサゲ
御不浄	ゴフジョウ
御世	ミヨ
御世話	オセワ
御世辞	オセジ
御中元	オチュウゲン
御丸	オマル
御仁	ゴジン
御仏前	ゴブツゼン
御任せ	オマカセ
御会式	オエシキ
御伴	オトモ
御伽	オトギ
御伽の国	オトギノクニ
御伽噺	オトギバナシ
御伽話	オトギバナシ
御供え	オソナエ
御偉方	オエラガタ
御免	ゴメン
御八つ	オヤツ
御典医	ゴテンイ
御冠	オカンムリ
御出で	オイデ
御出座	オデマシ
御出掛け	オデカケ
御出来	オデキ
御利益	ゴリヤク
御前橘	ゴゼンタチバナ
御勧め	オススメ
御化け	オバケ
御化け屋敷	オバケヤシキ
御厠	オカワ
御参り	オマイリ
御古	オフル
御召し物	オメシモノ
御堂	ミドウ
御墨付き	オスミツキ
御多分	ゴタブン
御大	オンタイ
御大層	ゴタイソウ
御太鼓	オタイコ
御奨め	オススメ
御嬢	オジョウ
御嬢様	オジョウサマ
御子様	オコサマ
御存じ	ゴゾンジ
御存知	ゴゾンジ
御宅	オタク
御宇	ギョウ
御客様	オキャクサマ
御家人	ゴケニン
御家流	オイエリュウ
御家芸	オイエゲイ
御巡り	オマワリ
御布施	オフセ
御店者	オタナモノ
御府内	ゴフナイ
御座い	ゴザイ
御座る	ゴザル
御座成り	オザナリ
御座敷	オザシキ
御座船	ゴザブネ
御当地	ゴトウチ
御影石	ミカゲイシ
御御籤	オミクジ
御復習い	オサライ
御意	ギョイ
御慶	ギョケイ
御成	オナリ
御成り	オナリ
御所車	ゴショグルマ
御手元	オテモト
御手前	オテマエ
御手許	オテモト
御手許金	オテモトキン
御披露目	オヒロメ
御揃い	オソロイ
御握り	オニギリ
御数	オカズ
御料	ゴリョウ
御料地	ゴリョウチ
御料車	ゴリョウシャ
御新規	ゴシンキ
御新香	オシンコ
御日様	オヒサマ
御時世	ゴジセイ
御曹司	オンゾウシ
御曹子	オンゾウシ
御朱印	ゴシュイン
御朱印船	ゴシュインセン
御来光	ゴライコウ
御来迎	ゴライゴウ
御構い	オカマイ
御機嫌	ゴキゲン
御欠き	オカキ
御歳暮	オセイボ
御歴々	オレキレキ
御歴歴	オレキレキ
御殻	オカラ
御殿	ゴテン
御殿医	ゴテンイ
御沙汰	ゴサタ
御河童	オカッパ
御法度	ゴハット
御洒落	オシャレ
御浚い	オサライ
御湿	オシメ
御漏らし	オモラシ
御無沙汰	ゴブサタ
御猪口	オチョコ
御玉	オタマ
御玉杓子	オタマジャクシ
御璽	ギョジ
御産	オサン
御用	ゴヨウ
御用人	ゴヨウニン
御用邸	ゴヨウテイ
御百度	オヒャクド
御目見得	オメミエ
御相撲さん	オスモウサン
御真影	ゴシンエイ
御社	オンシャ
御祝い	オイワイ
御神体	ゴシンタイ
御神火	ゴジンカ
御神籤	オミクジ
御神輿	オミコシ
御神酒	オミキ
御祭	オマツリ
御祭り	オマツリ
御祭り騒ぎ	オマツリサワギ
御稲荷さん	オイナリサン
御節	オセチ
御節介	オセッカイ
御節料理	オセチリョウリ
御籤	ミクジ
御粗末	オソマツ
御結び	オムスビ
御絞り	オシボリ
御絵描き	オエカキ
御絵書き	オエカキ
御羽車	オハグルマ
御者	ギョシャ
御腹	オナカ
御膝下	オヒザモト
御膝元	オヒザモト
御膳立て	オゼンダテ
御自身	ゴジシン
御苑	ギョエン
御苦労	ゴクロウ
御茶	オチャ
御茶子	オチャコ
御茶漬	オチャヅケ
御茶漬け	オチャヅケ
御菓子	オカシ
御萩	オハギ
御蔭参り	オカゲマイリ
御蔭様	オカゲサマ
御薄	オウス
御薦め	オススメ
御袋	オフクロ
御製	ギョセイ
御襁褓	オムツ
御見舞	オミマイ
御見舞い	オミマイ
御覧	ゴラン
御言	ミコト
御託	ゴタク
御託宣	ゴタクセン
御詠	ギョエイ
御詠歌	ゴエイカ
御負け	オマケ
御足	オアシ
御足労	ゴソクロウ
御転婆	オテンバ
御輿	ミコシ
御辞儀	オジギ
御迎え	オムカエ
御遊	ギョユウ
御邪魔	オジャマ
御都合主義	ゴツゴウシュギ
御釣り	オツリ
御陀仏	オダブツ
御陰	オカゲ
御陰様	オカゲサマ
御雛様	オヒナサマ
御霊代	ミタマシロ
御面相	ゴメンソウ
御題目	オダイモク
御願い	オネガイ
御飯粒	ゴハンツブ
御飯蒸し	ゴハンムシ
御馳走	ゴチソウ
御魂	ミタマ
復しゅう	フクシュウ
復す	フクス
復する	フクスル
復交	フッコウ
復位	フクイ
復元	フクゲン
復元力	フクゲンリョク
復党	フクトウ
復円	フクエン
復刊	フッカン
復刻	フッコク
復原	フクゲン
復原力	フクゲンリョク
復古	フッコ
復号	フクゴウ
復命	フクメイ
復員	フクイン
復唱	フクショウ
復姓	フクセイ
復学	フクガク
復帰	フッキ
復帰作	フッキサク
復文	フクブン
復旧	フッキュウ
復業	フクギョウ
復水器	フクスイキ
復活祭	フッカツサイ
復籍	フクセキ
復縁	フクエン
復習	フクシュウ
復職	フクショク
復興	フッコウ
復興大臣	フッコウダイジン
復興庁	フッコウチョウ
復興特別所得税	フッコウトクベツショトクゼイ
復航	フッコウ
復誦	フクショウ
復調	フクチョウ
復讎	フクシュウ
復讐	フクシュウ
復讐劇	フクシュウゲキ
復讐心	フクシュウシン
復路	フクロ
復辟	フクヘキ
復配	フクハイ
復顔	フクガン
循守	ジュンシュ
循環	ジュンカン
循環器	ジュンカンキ
循環器科	ジュンカンキカ
循環系	ジュンカンケイ
循行	ジュンコウ
徭役	ヨウエキ
微々	ビビ
微か	カスカ
微乳	ビニュウ
微傷	ビショウ
微光	ビコウ
微分	ビブン
微分係数	ビブンケイスウ
微分学	ビブンガク
微力	ビリョク
微動	ビドウ
微化石	ビカセキ
微吟	ビギン
微塵切り	ミジンギリ
微塵子	ミジンコ
微塵粉	ミジンコ
微増	ビゾウ
微小	ビショウ
微小管	ビショウカン
微小重力	ビショウジュウリョク
微少	ビショウ
微差	ビサ
微弱	ビジャク
微微	ビビ
微恙	ビヨウ
微惑星	ビワクセイ
微意	ビイ
微減	ビゲン
微熱	ビネツ
微物	ビブツ
微生物	ビセイブツ
微睡み	マドロミ
微睡む	マドロム
微禄	ビロク
微積分	ビセキブン
微笑	ビショウ
微笑ましい	ホホエマシイ
微笑み返す	ホホエミカエス
微粉	ビフン
微粒	ビリュウ
微粒子	ビリュウシ
微糖	ビトウ
微細	ビサイ
微罪	ビザイ
微苦笑	ビクショウ
微行	ビコウ
微衷	ビチュウ
微視	ビシ
微視的	ビシテキ
微調整	ビチョウセイ
微賎	ビセン
微賤	ビセン
微速	ビソク
微酔	ビスイ
微醺	ビクン
微量	ビリョウ
微雨	ビウ
微震	ビシン
微音	ビオン
徳俵	トクダワラ
徳分	トクブン
徳利蜂	トックリバチ
徳化	トッカ
徳器	トッキ
徳性	トクセイ
徳操	トクソウ
徳政	トクセイ
徳政令	トクセイレイ
徳望	トクボウ
徳用	トクヨウ
徳目	トクモク
徳義	トクギ
徳育	トクイク
徳行	トッコウ
徴す	シルス
徴する	チョウスル
徴候	チョウコウ
徴傭	チョウヨウ
徴兵	チョウヘイ
徴兵令	チョウヘイレイ
徴兵制	チョウヘイセイ
徴募	チョウボ
徴収	チョウシュウ
徴求	チョウキュウ
徴用	チョウヨウ
徴発	チョウハツ
徴税	チョウゼイ
徴表	チョウヒョウ
徴証	チョウショウ
徴集	チョウシュウ
徹する	テッスル
徹る	トオル
徹マン	テツマン
徹夜	テツヤ
徹宵	テッショウ
徹底	テッテイ
徹底的	テッテイテキ
徹甲	テッコウ
徹甲弾	テッコウダン
徹見	テッケン
徹頭徹尾	テットウテツビ
心あたり	ココロアタリ
心がけ	ココロガケ
心がける	ココロガケル
心がまえ	ココロガマエ
心くばり	ココロクバリ
心づかい	ココロヅカイ
心づく	ココロヅク
心づくし	ココロヅクシ
心づけ	ココロヅケ
心づもり	ココロヅモリ
心ない	ココロナイ
心なし	ココロナシ
心の友	ココロノトモ
心ばえ	ココロバエ
心ぼそい	ココロボソイ
心もとない	ココロモトナイ
心やり	ココロヤリ
心ゆく	ココロユク
心不全	シンフゼン
心事	シンジ
心付	ココロヅケ
心付く	ココロヅク
心付け	ココロヅケ
心任せ	ココロマカセ
心停止	シンテイシ
心像	シンゾウ
心切り	シンキリ
心劣り	ココロオトリ
心労	シンロウ
心勝り	ココロマサリ
心友	シンユウ
心嚢	シンノウ
心因	シンイン
心因性	シンインセイ
心土	シンド
心地よい	ココチヨイ
心境	シンキョウ
心変り	ココロガワリ
心変わり	ココロガワリ
心外	シンガイ
心外膜炎	シンガイマクエン
心太	トコロテン
心字池	シンジイケ
心安らか	ココロヤスラカ
心室	シンシツ
心尖	シンセン
心弱い	ココロヨワイ
心強い	ココロヅヨイ
心当たり	ココロアタリ
心当て	ココロアテ
心当り	ココロアタリ
心待ち	ココロマチ
心後れ	ココロオクレ
心得顔	ココロエガオ
心性	シンセイ
心悸	シンキ
心情	シンジョウ
心意	シンイ
心意気	ココロイキ
心慮	シンリョ
心懸け	ココロガケ
心懸ける	ココロガケル
心成し	ココロナシ
心房	シンボウ
心所	シンジョ
心技	シンギ
心技体	シンギタイ
心拍	シンパク
心拍数	シンパクスウ
心拍計	シンパクケイ
心持	ココロモチ
心持ち	ココロモチ
心掛け	ココロガケ
心掛ける	ココロガケル
心服	シンプク
心材	シンザイ
心柄	ココロガラ
心柱	シンバシラ
心棒	シンボウ
心構え	ココロガマエ
心機	シンキ
心機一転	シンキイッテン
心残り	ココロノコリ
心気	シンキ
心気症	シンキショウ
心添え	ココロゾエ
心無い	ココロナイ
心猿	シンエン
心理	シンリ
心理士	シンリシ
心理学	シンリガク
心理戦	シンリセン
心理状態	シンリジョウタイ
心理的	シンリテキ
心痛	シンツウ
心療内科	シンリョウナイカ
心的	シンテキ
心的外傷	シンテキガイショウ
心的外傷後ストレス障害	シンテキガイショウゴストレスショウガイ
心眼	シンガン
心礎	シンソ
心祝い	ココロイワイ
心神	シンシン
心移り	ココロウツリ
心積もり	ココロヅモリ
心積り	ココロヅモリ
心穏やか	ココロオダヤカ
心立て	ココロダテ
心筋	シンキン
心筋炎	シンキンエン
心筋症	シンキンショウ
心細い	ココロボソイ
心組み	ココログミ
心線	シンセン
心肝	シンカン
心胆	シンタン
心腹	シンプク
心膜	シンマク
心膜炎	シンマクエン
心臓	シンゾウ
心臓学	シンゾウガク
心臓死	シンゾウシ
心臓病	シンゾウビョウ
心苦しい	ココログルシイ
心血	シンケツ
心行く	ココロユク
心術	シンジュツ
心裏	シンリ
心裡	シンリ
心覚え	ココロオボエ
心許ない	ココロモトナイ
心許無い	ココロモトナイ
心証	シンショウ
心象	シンショウ
心身症	シンシンショウ
心遣い	ココロヅカイ
心遣り	ココロヤリ
心配	シンパイ
心配り	ココロクバリ
心配事	シンパイゴト
心配性	シンパイショウ
心酔	シンスイ
心障	シンショウ
心雑音	シンザツオン
心電図	シンデンズ
心霊	シンレイ
心霊主義	シンレイシュギ
心霊術	シンレイジュツ
心音	シンオン
心頭	シントウ
心頼み	ココロダノミ
心願	シンガン
心髄	シンズイ
心魂	シンコン
必する	ヒッスル
必ず	カナラズ
必中	ヒッチュウ
必修	ヒッシュウ
必備	ヒツビ
必勝	ヒッショウ
必勝法	ヒッショウホウ
必定	ヒツジョウ
必携	ヒッケイ
必敗	ヒッパイ
必死	ヒッシ
必殺	ヒッサツ
必殺技	ヒッサツワザ
必滅	ヒツメツ
必然	ヒツゼン
必然性	ヒツゼンセイ
必然的	ヒツゼンテキ
必用	ヒツヨウ
必着	ヒッチャク
必竟	ヒッキョウ
必置	ヒッチ
必罰	ヒツバツ
必聴	ヒッチョウ
必至	ヒッシ
必衰	ヒッスイ
必要	ヒツヨウ
必要不可欠	ヒツヨウフカケツ
必要事項	ヒツヨウジコウ
必要性	ヒツヨウセイ
必要悪	ヒツヨウアク
必要書類	ヒツヨウショルイ
必要最小限	ヒツヨウサイショウゲン
必要条件	ヒツヨウジョウケン
必要経費	ヒツヨウケイヒ
必見	ヒッケン
必読	ヒツドク
必読書	ヒツドクショ
必達	ヒッタツ
必需	ヒツジュ
必需品	ヒツジュヒン
必須条件	ヒッスジョウケン
必食	ヒッショク
忌まわしい	イマワシイ
忌ま忌ましい	イマイマシイ
忌み	イミ
忌みきらう	イミキラウ
忌みことば	イミコトバ
忌み名	イミナ
忌み言葉	イミコトバ
忌み詞	イミコトバ
忌む	イム
忌中	キチュウ
忌寸	イミキ
忌引	キビキ
忌引き	キビキ
忌引き休暇	キビキキュウカ
忌引休暇	キビキキュウカ
忌憚	キタン
忌言葉	イミコトバ
忌詞	イミコトバ
忌避	キヒ
忍ばせる	シノバセル
忍び	シノビ
忍びこむ	シノビコム
忍びやか	シノビヤカ
忍びよる	シノビヨル
忍び会い	シノビアイ
忍び入る	シノビイル
忍び出る	シノビデル
忍び刀	シノビガタナ
忍び寄る	シノビヨル
忍び泣き	シノビナキ
忍び泣く	シノビナク
忍び笑い	シノビワライ
忍び足	シノビアシ
忍び込む	シノビコム
忍び返し	シノビガエシ
忍び逢い	シノビアイ
忍び音	シノビネ
忍ぶ	シノブ
忍受	ニンジュ
忍従	ニンジュウ
忍摺	シノブズリ
忍法	ニンポウ
忍者	ニンジャ
忍耐	ニンタイ
忍耐力	ニンタイリョク
忍苦	ニンク
忍術	ニンジュツ
忍辱	ニンニク
忍込む	シノビコム
忍返し	シノビガエシ
忖度	ソンタク
志す	ココロザス
志半ば	ココロザシナカバ
志向	シコウ
志向性	シコウセイ
志士	シシ
志学	シガク
志操	シソウ
志望	シボウ
志望校	シボウコウ
志望者	シボウシャ
志気	シキ
志願	シガン
志願兵	シガンヘイ
志願者	シガンシャ
忘れかける	ワスレカケル
忘れな草	ワスレナグサ
忘れる	ワスレル
忘れん坊	ワスレンボウ
忘れ去る	ワスレサル
忘れ形見	ワスレガタミ
忘れ草	ワスレグサ
忘れ霜	ワスレジモ
忘八	ボウハチ
忘却	ボウキャク
忘失	ボウシツ
忘年	ボウネン
忘年会	ボウネンカイ
忘恩	ボウオン
忘我	ボウガ
忙がしい	イソガシイ
忙しない	セワシナイ
忙中	ボウチュウ
忙殺	ボウサツ
応える	コタエル
応じる	オウジル
応ずる	オウズル
応供	オウグ
応分	オウブン
応力	オウリョク
応募	オウボ
応募者	オウボシャ
応召	オウショウ
応報	オウホウ
応変	オウヘン
応対	オウタイ
応射	オウシャ
応待	オウタイ
応急	オウキュウ
応急手当	オウキュウテアテ
応急手当て	オウキュウテアテ
応戦	オウセン
応手	オウシュ
応接	オウセツ
応接室	オウセツシツ
応接間	オウセツマ
応援	オウエン
応援団	オウエンダン
応援歌	オウエンカ
応札	オウサツ
応用	オウヨウ
応用プログラム	オウヨウプログラム
応用力	オウヨウリョク
応用編	オウヨウヘン
応相談	オウソウダン
応竜	オウリュウ
応答	オウトウ
応訴	オウソ
応諾	オウダク
応身	オウジン
応酬	オウシュウ
応需	オウジュ
忝い	カタジケナイ
忝ない	カタジケナイ
忠信	チュウシン
忠僕	チュウボク
忠勇	チュウユウ
忠勤	チュウキン
忠君	チュウクン
忠告	チュウコク
忠実やか	マメヤカ
忠実忠実しい	マメマメシイ
忠心	チュウシン
忠愛	チュウアイ
忠烈	チュウレツ
忠犬	チュウケン
忠節	チュウセツ
忠義	チュウギ
忠義立て	チュウギダテ
忠臣	チュウシン
忠良	チュウリョウ
忠言	チュウゲン
忠誠	チュウセイ
忠誠心	チュウセイシン
忠霊	チュウレイ
忠霊塔	チュウレイトウ
忠魂	チュウコン
忠魂碑	チュウコンヒ
快事	カイジ
快作	カイサク
快便	カイベン
快刀	カイトウ
快刀乱麻	カイトウランマ
快勝	カイショウ
快哉	カイサイ
快報	カイホウ
快弁	カイベン
快復	カイフク
快悦	カイエツ
快感	カイカン
快打	カイダ
快投	カイトウ
快挙	カイキョ
快方	カイホウ
快晴	カイセイ
快楽主義	カイラクシュギ
快気	カイキ
快気祝	カイキイワイ
快活	カイカツ
快演	カイエン
快漢	カイカン
快濶	カイカツ
快男児	カイダンジ
快癒	カイユ
快眠	カイミン
快絶	カイゼツ
快美	カイビ
快調	カイチョウ
快諾	カイダク
快走	カイソウ
快足	カイソク
快速	カイソク
快速列車	カイソクレッシャ
快適	カイテキ
快闊	カイカツ
快音	カイオン
快食	カイショク
念々	ネンネン
念い	オモイ
念じる	ネンジル
念ずる	ネンズル
念入り	ネンイリ
念力	ネンリキ
念念	ネンネン
念押し	ネンオシ
念持仏	ネンジブツ
念晴し	ネンバラシ
念晴らし	ネンバラシ
念書	ネンショ
念頭	ネントウ
念願	ネンガン
忸怩	ジクジ
忽ち	タチマチ
忽焉	コツエン
忿懣	フンマン
怏々	オウオウ
怏怏	オウオウ
怒りくるう	イカリクルウ
怒りんぼ	オコリンボ
怒りんぼう	オコリンボウ
怒りん坊	オコリンボウ
怒り狂う	イカリクルウ
怒り肩	イカリガタ
怒り顔	イカリガオ
怒号	ドゴウ
怒声	ドセイ
怒張	ドチョウ
怒気	ドキ
怒涛	ドトウ
怒濤	ドトウ
怒髪天	ドハツテン
怒鳴りちらす	ドナリチラス
怒鳴りつける	ドナリツケル
怒鳴り付ける	ドナリツケル
怒鳴り声	ドナリゴエ
怒鳴り散らす	ドナリチラス
怒鳴り立てる	ドナリタテル
怒鳴り込む	ドナリコム
怒鳴る	ドナル
怖々	コワゴワ
怖い	コワイ
怖ける	オジケル
怖じけ	オジケ
怖じける	オジケル
怖じる	オジル
怖じ気	オジケ
怖る	オソル
怖れ	オソレ
怖れる	オソレル
怖ろしい	オソロシイ
怖怖	コワゴワ
怜悧	レイリ
思い	オモイ
思いあがり	オモイアガリ
思いあがる	オモイアガル
思いあたる	オモイアタル
思いあまる	オモイアマル
思いいたる	オモイイタル
思いうかべる	オモイウカベル
思いきり	オモイキリ
思いきる	オモイキル
思いこがれる	オモイコガレル
思いこみ	オモイコミ
思いこむ	オモイコム
思いすごし	オモイスゴシ
思いたつ	オモイタツ
思いだす	オモイダス
思いちがい	オモイチガイ
思いっきり	オモイッキリ
思いっ切り	オモイッキリ
思いつき	オモイツキ
思いつく	オモイツク
思いつめる	オモイツメル
思いとどまる	オモイトドマル
思いなおす	オモイナオス
思いなす	オモイナス
思いのほか	オモイノホカ
思いの丈	オモイノタケ
思いの外	オモイノホカ
思いふける	オモイフケル
思いめぐらす	オモイメグラス
思いやり	オモイヤリ
思いやる	オモイヤル
思いわずらう	オモイワズラウ
思い上がり	オモイアガリ
思い上がる	オモイアガル
思い乱れる	オモイミダレル
思い付き	オモイツキ
思い付く	オモイツク
思い余る	オモイアマル
思い入る	オモイイル
思い入れ	オモイイレ
思い出す	オモイダス
思い切り	オモイキリ
思い切る	オモイキル
思い到る	オモイイタル
思い及ぶ	オモイオヨブ
思い合せる	オモイアワセル
思い合わせる	オモイアワセル
思い回す	オモイマワス
思い定める	オモイサダメル
思い寄る	オモイヨル
思い巡らす	オモイメグラス
思い当たる	オモイアタル
思い当る	オモイアタル
思い思い	オモイオモイ
思い悩む	オモイナヤム
思い惑う	オモイマドウ
思い描く	オモイエガク
思い断つ	オモイタツ
思い止どまる	オモイトドマル
思い残す	オモイノコス
思い浮かぶ	オモイウカブ
思い浮かべる	オモイウカベル
思い浮べる	オモイウカベル
思い焦がれる	オモイコガレル
思い焦れる	オモイコガレル
思い留まる	オモイトドマル
思い直す	オモイナオス
思い知らす	オモイシラス
思い知る	オモイシル
思い立つ	オモイタツ
思い者	オモイモノ
思い耽る	オモイフケル
思い至る	オモイイタル
思い見る	オモイミル
思い設ける	オモイモウケル
思い詰める	オモイツメル
思い起こす	オモイオコス
思い起す	オモイオコス
思い込み	オモイコミ
思い込む	オモイコム
思い返す	オモイカエス
思い迷う	オモイマヨウ
思い過ごし	オモイスゴシ
思い過ごす	オモイスゴス
思い違い	オモイチガイ
思い遣り	オモイヤリ
思い遣る	オモイヤル
思う	オモウ
思うさま	オモウサマ
思う様	オモウサマ
思える	オモエル
思しい	オボシイ
思しき	オボシキ
思しめし	オボシメシ
思しめす	オボシメス
思し召し	オボシメシ
思し召す	オボシメス
思す	オボス
思わく	オモワク
思わく買い	オモワクガイ
思わしい	オモワシイ
思出す	オモイダス
思召	オボシメシ
思召し	オボシメシ
思弁	シベン
思念	シネン
思惑買い	オモワクガイ
思惑違い	オモワクチガイ
思想	シソウ
思想家	シソウカ
思想犯	シソウハン
思慕	シボ
思慮	シリョ
思料	シリョウ
思春期	シシュンキ
思潮	シチョウ
思索	シサク
思考	シコウ
思考力	シコウリョク
思量	シリョウ
怠けもの	ナマケモノ
怠ける	ナマケル
怠け癖	ナマケグセ
怠け者	ナマケモノ
怠り	オコタリ
怠る	オコタル
怠惰	タイダ
怠慢	タイマン
怠業	タイギョウ
怠納	タイノウ
怡々	イイ
怡悦	イエツ
怡然	イゼン
急かす	セカス
急かせる	セカセル
急がす	イソガス
急きたてる	セキタテル
急きょ	キュウキョ
急き立てる	セキタテル
急き込む	セキコム
急ぎ	イソギ
急ぎ足	イソギアシ
急く	セク
急ぐ	イソグ
急ごしらえ	キュウゴシラエ
急テンポ	キュウテンポ
急ピッチ	キュウピッチ
急上昇	キュウジョウショウ
急伸	キュウシン
急使	キュウシ
急便	キュウビン
急信	キュウシン
急停車	キュウテイシャ
急先鋒	キュウセンポウ
急冷	キュウレイ
急劇	キュウゲキ
急務	キュウム
急募	キュウボ
急勾配	キュウコウバイ
急告	キュウコク
急報	キュウホウ
急場	キュウバ
急増	キュウゾウ
急変	キュウヘン
急峻	キュウシュン
急度	キット
急性	キュウセイ
急患	キュウカン
急成長	キュウセイチョウ
急所	キュウショ
急拵え	キュウゴシラエ
急接近	キュウセッキン
急斜面	キュウシャメン
急旋回	キュウセンカイ
急死	キュウシ
急派	キュウハ
急流	キュウリュウ
急浮上	キュウフジョウ
急減	キュウゲン
急湍	キュウタン
急激	キュウゲキ
急用	キュウヨウ
急病	キュウビョウ
急病人	キュウビョウニン
急登	キュウトウ
急落	キュウラク
急行	キュウコウ
急行列車	キュウコウレッシャ
急行券	キュウコウケン
急行料金	キュウコウリョウキン
急襲	キュウシュウ
急角度	キュウカクド
急設	キュウセツ
急足	イソギアシ
急転	キュウテン
急転直下	キュウテンチョッカ
急迫	キュウハク
急追	キュウツイ
急送	キュウソウ
急逝	キュウセイ
急速	キュウソク
急造	キュウゾウ
急進	キュウシン
急進主義	キュウシンシュギ
急進主義者	キュウシンシュギシャ
急進的	キュウシンテキ
急遽	キュウキョ
急降下	キュウコウカ
急難	キュウナン
急雨	キュウウ
急須	キュウス
急騰	キュウトウ
性交	セイコウ
性交渉	セイコウショウ
性典	セイテン
性分	ショウブン
性別	セイベツ
性同一性	セイドウイツセイ
性同一性障害	セイドウイツセイショウガイ
性向	セイコウ
性善説	セイゼンセツ
性器	セイキ
性夢	セイム
性奴隷	セイドレイ
性差	セイサ
性差別	セイサベツ
性役割	セイヤクワリ
性徴	セイチョウ
性急	セイキュウ
性悪説	セイアクセツ
性情	セイジョウ
性愛	セイアイ
性感	セイカン
性感帯	セイカンタイ
性慾	セイヨク
性懲り	ショウコリ
性戯	セイギ
性技	セイギ
性教育	セイキョウイク
性格	セイカク
性格検査	セイカクケンサ
性格的	セイカクテキ
性欲	セイヨク
性比	セイヒ
性毛	セイモウ
性淘汰	セイトウタ
性犯罪	セイハンザイ
性状	セイジョウ
性生活	セイセイカツ
性病	セイビョウ
性癖	セイヘキ
性的	セイテキ
性的マイノリティ	セイテキマイノリティ
性的マイノリティー	セイテキマイノリティー
性的少数者	セイテキショウスウシャ
性細胞	セイサイボウ
性能	セイノウ
性腺	セイセン
性自認	セイジニン
性行	セイコウ
性行為	セイコウイ
性質	セイシツ
性転換	セイテンカン
性道徳	セイドウトク
性風俗	セイフウゾク
怨じる	エンジル
怨ずる	エンズル
怨み	ウラミ
怨みごと	ウラミゴト
怨みつらみ	ウラミツラミ
怨み言	ウラミゴト
怨む	ウラム
怨めしい	ウラメシイ
怨嗟	エンサ
怨念	オンネン
怨恨	エンコン
怨敵	オンテキ
怨望	エンボウ
怨色	エンショク
怨言	エンゲン
怨霊	オンリョウ
怪しむ	アヤシム
怪事	カイジ
怪人	カイジン
怪傑	カイケツ
怪優	カイユウ
怪光	カイコウ
怪奇	カイキ
怪我	ケガ
怪我人	ケガニン
怪文書	カイブンショ
怪死	カイシ
怪気炎	カイキエン
怪演	カイエン
怪漢	カイカン
怪火	カイカ
怪物	カイブツ
怪猫	カイビョウ
怪獣	カイジュウ
怪異	カイイ
怪盗	カイトウ
怪石	カイセキ
怪童	カイドウ
怪聞	カイブン
怪腕	カイワン
怪訝	ケゲン
怪談	カイダン
怪談物	カイダンモノ
怪音	カイオン
怪魔	カイマ
怪魚	カイギョ
怫然	フツゼン
怯え	オビエ
怯える	オビエル
怯む	ヒルム
怯夫	キョウフ
怯懦	キョウダ
怱々	ソウソウ
怱卒	ソウソツ
怱忙	ソウボウ
怱怱	ソウソウ
怺える	コラエル
恁麼	インモ
恁麽	インモ
恃み	タノミ
恃む	タノム
恋々	レンレン
恋いこがれる	コイコガレル
恋い焦がれる	コイコガレル
恋う	コウ
恋しい	コイシイ
恋する	コイスル
恋ばな	コイバナ
恋わずらい	コイワズライ
恋人	コイビト
恋仇	コイガタキ
恋仲	コイナカ
恋占い	コイウラナイ
恋女房	コイニョウボウ
恋心	コイゴコロ
恋恋	レンレン
恋愛	レンアイ
恋愛運	レンアイウン
恋慕	レンボ
恋敵	コイガタキ
恋文	コイブミ
恋模様	コイモヨウ
恋焦がれる	コイコガレル
恋煩い	コイワズライ
恋物語	コイモノガタリ
恋猫	コイネコ
恋着	レンチャク
恋草	コイグサ
恋衣	コイゴロモ
恋路	コイジ
恋風	コイカゼ
恍け	トボケ
恍ける	トボケル
恍け顔	トボケガオ
恍惚	コウコツ
恐い	コワイ
恐らく	オソラク
恐る	オソル
恐る恐る	オソルオソル
恐れ	オソレ
恐れいる	オソレイル
恐れおののく	オソレオノノク
恐れる	オソレル
恐れ入る	オソレイル
恐れ慄く	オソレオノノク
恐れ戦く	オソレオノノク
恐れ気	オソレゲ
恐ろしい	オソロシイ
恐喝	キョウカツ
恐喝罪	キョウカツザイ
恐嚇	キョウカク
恐妻	キョウサイ
恐妻家	キョウサイカ
恐怖心	キョウフシン
恐怖感	キョウフカン
恐怖症	キョウフショウ
恐悦	キョウエツ
恐惶	キョウコウ
恐慌	キョウコウ
恐懼	キョウク
恐持て	コワモテ
恐水病	キョウスイビョウ
恐竜	キョウリュウ
恐縮	キョウシュク
恐龍	キョウリュウ
恒久	コウキュウ
恒例	コウレイ
恒常	コウジョウ
恒常性	コウジョウセイ
恒常的	コウジョウテキ
恒心	コウシン
恒数	コウスウ
恒星	コウセイ
恒星年	コウセイネン
恒星時	コウセイジ
恒星系	コウセイケイ
恒星船	コウセイセン
恒温	コウオン
恒温動物	コウオンドウブツ
恒産	コウサン
恒真式	コウシンシキ
恒等	コウトウ
恒等式	コウトウシキ
恕する	ジョスル
恙ない	ツツガナイ
恙む	ツツム
恙無い	ツツガナイ
恙虫	ツツガムシ
恟々	キョウキョウ
恢弘	カイコウ
恢復	カイフク
恣意	シイ
恣意性	シイセイ
恣意的	シイテキ
恤む	メグム
恥かしい	ハズカシイ
恥さらし	ハジサラシ
恥しい	ハズカシイ
恥じ	ハジ
恥じらい	ハジライ
恥じらう	ハジラウ
恥じる	ハジル
恥じ入る	ハジイル
恥ずい	ハズイ
恥ずかしい	ハズカシイ
恥ずかしめる	ハズカシメル
恥らい	ハジライ
恥らう	ハジラウ
恥丘	チキュウ
恥入る	ハジイル
恥垢	チコウ
恥晒し	ハジサラシ
恥曝し	ハジサラシ
恥毛	チモウ
恥辱	チジョク
恥部	チブ
恥骨	チコツ
恨み	ウラミ
恨みがましい	ウラミガマシイ
恨みごと	ウラミゴト
恨みつらみ	ウラミツラミ
恨み節	ウラミブシ
恨み言	ウラミゴト
恨み辛み	ウラミツラミ
恨む	ウラム
恨めしい	ウラメシイ
恨事	コンジ
恩人	オンジン
恩借	オンシャク
恩典	オンテン
恩命	オンメイ
恩威	オンイ
恩寵	オンチョウ
恩師	オンシ
恩幸	オンコウ
恩恵	オンケイ
恩情	オンジョウ
恩給	オンキュウ
恩義	オンギ
恩誼	オンギ
恩讎	オンシュウ
恩讐	オンシュウ
恩賜	オンシ
恩賞	オンショウ
恩赦	オンシャ
恩返し	オンガエシ
恩顧	オンコ
恫喝	ドウカツ
恬淡	テンタン
恬澹	テンタン
恬然	テンゼン
恭しい	ウヤウヤシイ
恭倹	キョウケン
恭悦	キョウエツ
恭敬	キョウケイ
恭謙	キョウケン
恭賀	キョウガ
恭賀新年	キョウガシンネン
恭順	キョウジュン
息せき	イキセキ
息つぎ	イキツギ
息づかい	イキヅカイ
息づく	イキヅク
息づまる	イキヅマル
息ぬき	イキヌキ
息の根	イキノネ
息まく	イキマク
息む	イキム
息休め	イキヤスメ
息切れ	イキギレ
息吹	イブキ
息吹き	イブキ
息女	ソクジョ
息子	ムスコ
息巻く	イキマク
息張る	イキバル
息急き	イキセキ
息抜き	イキヌキ
息災	ソクサイ
息継ぎ	イキツギ
息苦しい	イキグルシイ
息衝く	イキヅク
息詰まり	イキヅマリ
息詰まる	イキヅマル
息遣い	イキヅカイ
恰幅	カップク
恰度	チョウド
恵まれる	メグマレル
恵み	メグミ
恵む	メグム
恵与	ケイヨ
恵投	ケイトウ
恵方	エホウ
恵比寿講	エビスコウ
恵比寿顔	エビスガオ
恵比須講	エビスコウ
恵比須顔	エビスガオ
恵沢	ケイタク
恵贈	ケイゾウ
恵雨	ケイウ
悃願	コンガン
悄れる	シオレル
悄気る	ショゲル
悄気込む	ショゲコム
悄気返る	ショゲカエル
悄然	ショウゼン
悉く	コトゴトク
悉曇	シッタン
悉曇学	シッタンガク
悉皆	シッカイ
悋嗇	リンショク
悋気	リンキ
悍しい	オゾマシイ
悍ましい	オゾマシイ
悍婦	カンプ
悍馬	カンバ
悔い	クイ
悔いる	クイル
悔い改め	クイアラタメ
悔い改める	クイアラタメル
悔しまぎれ	クヤシマギレ
悔し泣き	クヤシナキ
悔し涙	クヤシナミダ
悔し紛れ	クヤシマギレ
悔み	クヤミ
悔む	クヤム
悔やみ	クヤミ
悔やむ	クヤム
悔恨	カイコン
悔悛	カイシュン
悔悟	カイゴ
悔改め	クイアラタメ
悔改める	クイアラタメル
悔過	ケカ
悖る	モトル
悖反	ハイハン
悖徳	ハイトク
悖戻	ハイレイ
悖理	ハイリ
悚然	ショウゼン
悟り	サトリ
悟り世代	サトリセダイ
悟る	サトル
悟入	ゴニュウ
悟性	ゴセイ
悟道	ゴドウ
悟達	ゴタツ
悠々	ユウユウ
悠久	ユウキュウ
悠悠	ユウユウ
悠揚	ユウヨウ
悠然	ユウゼン
悠遠	ユウエン
悠長	ユウチョウ
患い付く	ワズライツク
患家	カンカ
患畜	カンチク
患者	カンジャ
患者負担	カンジャフタン
患部	カンブ
患難	カンナン
悦ばしい	ヨロコバシイ
悦び	ヨロコビ
悦ぶ	ヨロコブ
悦楽	エツラク
悧口	リコウ
悧巧	リコウ
悩ましい	ナヤマシイ
悩ます	ナヤマス
悩み	ナヤミ
悩みごと	ナヤミゴト
悩み事	ナヤミゴト
悩む	ナヤム
悩める	ナヤメル
悩乱	ノウラン
悩殺	ノウサツ
悪あがき	ワルアガキ
悪がしこい	ワルガシコイ
悪し	アシ
悪しい	アシイ
悪しからず	アシカラズ
悪しき	アシキ
悪じゃれ	ワルジャレ
悪ずれ	ワルズレ
悪たれ	アクタレ
悪たれる	アクタレル
悪だくみ	ワルダクミ
悪どい	アクドイ
悪のり	ワルノリ
悪びれる	ワルビレル
悪ふざけ	ワルフザケ
悪む	ニクム
悪らつ	アクラツ
悪ノリ	ワルノリ
悪乗り	ワルノリ
悪事	アクジ
悪人	アクニン
悪例	アクレイ
悪僧	アクソウ
悪党	アクトウ
悪化	アッカ
悪友	アクユウ
悪因	アクイン
悪因悪果	アクインアッカ
悪因縁	アクインネン
悪報	アクホウ
悪場	ワルバ
悪声	アクセイ
悪夢	アクム
悪天	アクテン
悪天候	アクテンコウ
悪太郎	アクタロウ
悪女	アクジョ
悪妻	アクサイ
悪婆	アクバ
悪婦	アクフ
悪寒	オカン
悪巧み	ワルダクミ
悪平等	アクビョウドウ
悪弊	アクヘイ
悪影響	アクエイキョウ
悪役	アクヤク
悪徒	アクト
悪循環	アクジュンカン
悪徳	アクトク
悪念	アクネン
悪性黒色腫	アクセイコクショクシュ
悪怯れる	ワルビレル
悪意	アクイ
悪態	アクタイ
悪戦	アクセン
悪戦苦闘	アクセンクトウ
悪戯っ子	イタズラッコ
悪戯好き	イタズラズキ
悪戯心	イタズラゴコロ
悪戯書き	イタズラガキ
悪戯者	イタズラモノ
悪所	アクショ
悪手	アクシュ
悪才	アクサイ
悪投	アクトウ
悪擦れ	ワルズレ
悪政	アクセイ
悪文	アクブン
悪書	アクショ
悪材料	アクザイリョウ
悪条件	アクジョウケン
悪果	アッカ
悪法	アクホウ
悪洒落	ワルジャレ
悪液質	アクエキシツ
悪漢	アッカン
悪玉菌	アクダマキン
悪用	アクヨウ
悪疫	アクエキ
悪疾	アクシツ
悪病	アクビョウ
悪相	アクソウ
悪税	アクゼイ
悪童	アクドウ
悪筆	アクヒツ
悪縁	アクエン
悪罵	アクバ
悪習	アクシュウ
悪者	ワルモノ
悪臭	アクシュウ
悪虐	アクギャク
悪衣	アクイ
悪評	アクヒョウ
悪賢い	ワルガシコイ
悪質	アクシツ
悪質性	アクシツセイ
悪趣	アクシュ
悪趣味	アクシュミ
悪足掻き	ワルアガキ
悪路	アクロ
悪辣	アクラツ
悪逆	アクギャク
悪遊び	ワルアソビ
悪運	アクウン
悪道	アクドウ
悪酔	ワルヨイ
悪酔い	ワルヨイ
悪銭	アクセン
悪露	オロ
悪風	アクフウ
悪騒ぎ	ワルサワギ
悪魔	アクマ
悪魔学	アクマガク
悲しい	カナシイ
悲しみ	カナシミ
悲しむ	カナシム
悲傷	ヒショウ
悲劇	ヒゲキ
悲劇的	ヒゲキテキ
悲哀	ヒアイ
悲喜	ヒキ
悲喜劇	ヒキゲキ
悲嘆	ヒタン
悲報	ヒホウ
悲境	ヒキョウ
悲壮	ヒソウ
悲壮感	ヒソウカン
悲恋	ヒレン
悲惨	ヒサン
悲愁	ヒシュウ
悲愴	ヒソウ
悲憤	ヒフン
悲曲	ヒキョク
悲歌	ヒカ
悲歎	ヒタン
悲況	ヒキョウ
悲泣	ヒキュウ
悲痛	ヒツウ
悲観	ヒカン
悲観主義	ヒカンシュギ
悲観主義者	ヒカンシュギシャ
悲観的	ヒカンテキ
悲観論者	ヒカンロンシャ
悲話	ヒワ
悲調	ヒチョウ
悲運	ヒウン
悲酸	ヒサン
悲願	ヒガン
悲鳴	ヒメイ
悴む	カジカム
悵然	チョウゼン
悶々	モンモン
悶え	モダエ
悶える	モダエル
悶悶	モンモン
悶死	モンシ
悶絶	モンゼツ
悼み悲しむ	イタミカナシム
悼む	イタム
悼惜	トウセキ
悼辞	トウジ
悽惨	セイサン
悽愴	セイソウ
情け	ナサケ
情け深い	ナサケブカイ
情シス	ジョウシス
情事	ジョウジ
情交	ジョウコウ
情動	ジョウドウ
情勢	ジョウセイ
情合	ジョウアイ
情合い	ジョウアイ
情味	ジョウミ
情報	ジョウホウ
情報セキュリティ	ジョウホウセキュリティ
情報共有	ジョウホウキョウユウ
情報処理	ジョウホウショリ
情報化	ジョウホウカ
情報学	ジョウホウガク
情報学部	ジョウホウガクブ
情報局	ジョウホウキョク
情報弱者	ジョウホウジャクシャ
情報戦	ジョウホウセン
情報格差	ジョウホウカクサ
情報検索	ジョウホウケンサク
情報源	ジョウホウゲン
情報漏えい	ジョウホウロウエイ
情報科学	ジョウホウカガク
情報筋	ジョウホウスジ
情報網	ジョウホウモウ
情報誌	ジョウホウシ
情報通	ジョウホウツウ
情報通信技術	ジョウホウツウシンギジュツ
情報量	ジョウホウリョウ
情夫	ジョウフ
情婦	ジョウフ
情宜	ジョウギ
情実	ジョウジツ
情弱	ジョウジャク
情形	ジョウケイ
情念	ジョウネン
情意	ジョウイ
情愛	ジョウアイ
情感	ジョウカン
情態	ジョウタイ
情慾	ジョウヨク
情操	ジョウソウ
情景	ジョウケイ
情欲	ジョウヨク
情歌	ジョウカ
情死	ジョウシ
情況	ジョウキョウ
情深い	ナサケブカイ
情火	ジョウカ
情炎	ジョウエン
情熱	ジョウネツ
情熱的	ジョウネツテキ
情状	ジョウジョウ
情状酌量	ジョウジョウシャクリョウ
情理	ジョウリ
情痴	ジョウチ
情緒的	ジョウチョテキ
情義	ジョウギ
情話	ジョウワ
情誼	ジョウギ
情調	ジョウチョウ
情趣	ジョウシュ
惑い	マドイ
惑う	マドウ
惑わす	マドワス
惑乱	ワクラン
惑星	ワクセイ
惑星系	ワクセイケイ
惑溺	ワクデキ
惘れる	アキレル
惚け茄子	ボケナス
惚れ薬	ホレグスリ
惚れ込む	ホレコム
惚気	ノロケ
惚気る	ノロケル
惚気話	ノロケバナシ
惜しい	オシイ
惜しみない	オシミナイ
惜しみなく	オシミナク
惜しみ無い	オシミナイ
惜しみ無く	オシミナク
惜しむ	オシム
惜別	セキベツ
惜敗	セキハイ
惜春	セキシュン
惣菜	ソウザイ
惣門	ソウモン
惣領	ソウリョウ
惣領制	ソウリョウセイ
惧れる	オソレル
惨い	ムゴイ
惨たらしい	ムゴタラシイ
惨め	ミジメ
惨事	サンジ
惨劇	サンゲキ
惨害	サンガイ
惨忍	ザンニン
惨憺	サンタン
惨死	ザンシ
惨殺	ザンサツ
惨況	サンキョウ
惨澹	サンタン
惨烈	サンレツ
惨状	サンジョウ
惨禍	サンカ
惨苦	サンク
惨落	サンラク
惨虐	ザンギャク
惰力	ダリョク
惰弱	ダジャク
惰性	ダセイ
惰気	ダキ
惰眠	ダミン
想い	オモイ
想い到る	オモイイタル
想い描く	オモイエガク
想う	オモウ
想像	ソウゾウ
想像力	ソウゾウリョク
想到	ソウトウ
想定	ソウテイ
想定内	ソウテイナイ
想定外	ソウテイガイ
想念	ソウネン
想望	ソウボウ
想起	ソウキ
惶懼	コウク
惹きつける	ヒキツケル
惹き寄せる	ヒキヨセル
惹き起こす	ヒキオコス
惹き起す	ヒキオコス
惹く	ヒク
惹句	ジャック
惹起	ジャッキ
惻隠	ソクイン
愁い	ウレイ
愁い顔	ウレイガオ
愁える	ウレエル
愁傷	シュウショウ
愁嘆	シュウタン
愁嘆場	シュウタンバ
愁歎	シュウタン
愁然	シュウゼン
愁眉	シュウビ
愁色	シュウショク
愁訴	シュウソ
愈々	イヨイヨ
愉しい	タノシイ
愉しみ	タノシミ
愉しむ	タノシム
愉快	ユカイ
愉快犯	ユカイハン
愉悦	ユエツ
愉楽	ユラク
愍れみ	アワレミ
愍れむ	アワレム
愍然	ビンゼン
愍笑	ビンショウ
意中	イチュウ
意力	イリョク
意匠	イショウ
意匠権	イショウケン
意向	イコウ
意向形	イコウケイ
意味	イミ
意味あい	イミアイ
意味合	イミアイ
意味合い	イミアイ
意味論	イミロン
意嚮	イコウ
意図	イト
意図的	イトテキ
意固地	イコジ
意地	イジ
意地っ張り	イジッパリ
意地悪	イジワル
意外	イガイ
意外性	イガイセイ
意字	イジ
意志	イシ
意志力	イシリョク
意思	イシ
意思決定	イシケッテイ
意想外	イソウガイ
意慾	イヨク
意欲	イヨク
意欲的	イヨクテキ
意気投合	イキトウゴウ
意気揚々	イキヨウヨウ
意気消沈	イキショウチン
意気軒昂	イキケンコウ
意気込み	イキゴミ
意符	イフ
意義	イギ
意臨	イリン
意表	イヒョウ
意見	イケン
意見書	イケンショ
意訳	イヤク
意識	イシキ
意識的	イシキテキ
意趣	イシュ
意馬	イバ
愕く	オドロク
愕然	ガクゼン
愚か	オロカ
愚かしい	オロカシイ
愚か者	オロカモノ
愚作	グサク
愚僧	グソウ
愚兄	グケイ
愚劣	グレツ
愚問	グモン
愚図	グズ
愚図つく	グズツク
愚図る	グズル
愚図愚図	グズグズ
愚夫	グフ
愚妹	グマイ
愚妻	グサイ
愚姉	グシ
愚弄	グロウ
愚弟	グテイ
愚形	グケイ
愚息	グソク
愚挙	グキョ
愚昧	グマイ
愚暗	グアン
愚案	グアン
愚母	グボ
愚民	グミン
愚父	グフ
愚物	グブツ
愚生	グセイ
愚痴	グチ
愚痴る	グチル
愚直	グチョク
愚禿	グトク
愚答	グトウ
愚策	グサク
愚管	グカン
愚老	グロウ
愚考	グコウ
愚者	グシャ
愚蒙	グモウ
愚行	グコウ
愚見	グケン
愚説	グセツ
愚論	グロン
愚連隊	グレンタイ
愚鈍	グドン
愚闇	グアン
愛おしい	イトオシイ
愛おしむ	イトオシム
愛がん	アイガン
愛くるしい	アイクルシイ
愛しあう	アイシアウ
愛しき	イトシキ
愛し子	イトシゴ
愛す	アイス
愛する	アイスル
愛でたい	メデタイ
愛でたし	メデタシ
愛でる	メデル
愛らしい	アイラシイ
愛人	アイジン
愛児	アイジ
愛刀	アイトウ
愛別離苦	アイベツリク
愛吟	アイギン
愛唱	アイショウ
愛国	アイコク
愛国心	アイコクシン
愛国歌	アイコクカ
愛国者	アイコクシャ
愛執	アイシュウ
愛好	アイコウ
愛好会	アイコウカイ
愛好家	アイコウカ
愛好者	アイコウシャ
愛妓	アイギ
愛妻	アイサイ
愛妻家	アイサイカ
愛妾	アイショウ
愛娘	マナムスメ
愛婿	アイセイ
愛嬌者	アイキョウモノ
愛嬢	アイジョウ
愛寵	アイチョウ
愛弟子	マナデシ
愛徳	アイトク
愛心	アイシン
愛念	アイネン
愛息	アイソク
愛情	アイジョウ
愛慕	アイボ
愛慾	アイヨク
愛憎	アイゾウ
愛憐	アイレン
愛撫	アイブ
愛書	アイショ
愛書家	アイショカ
愛染	アイゼン
愛校	アイコウ
愛機	アイキ
愛欲	アイヨク
愛液	アイエキ
愛煙家	アイエンカ
愛犬	アイケン
愛犬家	アイケンカ
愛猫	アイビョウ
愛玩	アイガン
愛玩犬	アイガンケン
愛用	アイヨウ
愛社	アイシャ
愛神	アイシン
愛称	アイショウ
愛翫	アイガン
愛聴	アイチョウ
愛育	アイイク
愛蔵	アイゾウ
愛誦	アイショウ
愛読	アイドク
愛読書	アイドクショ
愛護	アイゴ
愛車	アイシャ
愛郷	アイキョウ
愛郷心	アイキョウシン
愛酒	アイシュ
愛重	アイチョウ
愛顧	アイコ
愛飲	アイイン
愛馬	アイバ
愛鳥	アイチョウ
感ける	カマケル
感じ	カンジ
感じとる	カンジトル
感じる	カンジル
感じ入る	カンジイル
感じ取る	カンジトル
感ずる	カンズル
感づく	カンヅク
感付く	カンヅク
感作	カンサ
感佩	カンパイ
感傷	カンショウ
感傷的	カンショウテキ
感光	カンコウ
感光度	カンコウド
感光性	カンコウセイ
感光板	カンコウバン
感光紙	カンコウシ
感冒	カンボウ
感動	カンドウ
感動的	カンドウテキ
感動詞	カンドウシ
感化	カンカ
感化院	カンカイン
感取	カンシュ
感受	カンジュ
感受性	カンジュセイ
感吟	カンギン
感嘆	カンタン
感嘆文	カンタンブン
感嘆符	カンタンフ
感嘆詞	カンタンシ
感奮	カンプン
感官	カンカン
感度	カンド
感得	カントク
感心	カンシン
感性	カンセイ
感恩	カンオン
感情	カンジョウ
感情労働	カンジョウロウドウ
感情的	カンジョウテキ
感情移入	カンジョウイニュウ
感情論	カンジョウロン
感想	カンソウ
感想戦	カンソウセン
感想文	カンソウブン
感慨	カンガイ
感慨無量	カンガイムリョウ
感懐	カンカイ
感服	カンプク
感染	カンセン
感染る	ウツル
感染リスク	カンセンリスク
感染例	カンセンレイ
感染力	カンセンリョク
感染性	カンセンセイ
感染源	カンセンゲン
感染爆発	カンセンバクハツ
感染症	カンセンショウ
感染者	カンセンシャ
感歎	カンタン
感泣	カンキュウ
感涙	カンルイ
感激	カンゲキ
感無量	カンムリョウ
感熱紙	カンネツシ
感状	カンジョウ
感知	カンチ
感知器	カンチキ
感興	カンキョウ
感覚	カンカク
感覚器	カンカクキ
感覚器官	カンカクキカン
感覚点	カンカクテン
感覚論	カンカクロン
感触	カンショク
感謝	カンシャ
感謝状	カンシャジョウ
感謝祭	カンシャサイ
感銘	カンメイ
感電	カンデン
感震	カンシン
愧じる	ハジル
愧死	キシ
愧赧	キタン
慄え	フルエ
慄える	フルエル
慄き	オノノキ
慄く	オノノク
慄然	リツゼン
慇懃	インギン
慈しみ	イツクシミ
慈しむ	イツクシム
慈善	ジゼン
慈善事業	ジゼンジギョウ
慈善市	ジゼンイチ
慈善活動	ジゼンカツドウ
慈姑	クワイ
慈恵	ジケイ
慈悲	ジヒ
慈愛	ジアイ
慈母	ジボ
慈父	ジフ
慈雨	ジウ
慈養	ジヨウ
態々	ワザワザ
態と	ワザト
態勢	タイセイ
態度	タイド
態態	ワザワザ
態様	タイヨウ
慌しい	アワタダシイ
慌ただしい	アワタダシイ
慌てふためく	アワテフタメク
慌てる	アワテル
慌て者	アワテモノ
慎しみ	ツツシミ
慎ましい	ツツマシイ
慎ましやか	ツツマシヤカ
慎み	ツツシミ
慎み深い	ツツシミブカイ
慎む	ツツシム
慎重	シンチョウ
慓悍	ヒョウカン
慕い寄る	シタイヨル
慕わしい	シタワシイ
慕情	ボジョウ
慙恚	ザンイ
慙死	ザンシ
慟哭	ドウコク
慢じる	マンジル
慢ずる	マンズル
慢心	マンシン
慢性	マンセイ
慢性疲労症候群	マンセイヒロウショウコウグン
慢性病	マンセイビョウ
慢性的	マンセイテキ
慣らし	ナラシ
慣らす	ナラス
慣れ	ナレ
慣れる	ナレル
慣れ親しむ	ナレシタシム
慣わし	ナラワシ
慣わす	ナラワス
慣例	カンレイ
慣性	カンセイ
慣性系	カンセイケイ
慣手段	カンシュダン
慣熟	カンジュク
慣用	カンヨウ
慣用句	カンヨウク
慣用名	カンヨウメイ
慣用語	カンヨウゴ
慣用音	カンヨウオン
慣習	カンシュウ
慣習法	カンシュウホウ
慣行	カンコウ
慥か	タシカ
慥かめる	タシカメル
慧敏	ケイビン
慧日	エニチ
慨する	ガイスル
慨世	ガイセイ
慨嘆	ガイタン
慨歎	ガイタン
慨然	ガイゼン
慫慂	ショウヨウ
慮外	リョガイ
慰み	ナグサミ
慰み物	ナグサミモノ
慰み者	ナグサミモノ
慰む	ナグサム
慰め	ナグサメ
慰めあう	ナグサメアウ
慰める	ナグサメル
慰め顔	ナグサメガオ
慰労	イロウ
慰労会	イロウカイ
慰労金	イロウキン
慰問	イモン
慰問袋	イモンブクロ
慰安	イアン
慰安会	イアンカイ
慰安婦	イアンフ
慰安旅行	イアンリョコウ
慰撫	イブ
慰留	イリュウ
慰藉	イシャ
慰藉料	イシャリョウ
慰謝	イシャ
慰謝料	イシャリョウ
慰霊	イレイ
慰霊碑	イレイヒ
慰霊祭	イレイサイ
慶び	ヨロコビ
慶ぶ	ヨロコブ
慶事	ケイジ
慶兆	ケイチョウ
慶庵	ケイアン
慶弔	ケイチョウ
慶弔休暇	ケイチョウキュウカ
慶弔見舞金	ケイチョウミマイキン
慶春	ケイシュン
慶祝	ケイシュク
慶福	ケイフク
慶賀	ケイガ
慷慨	コウガイ
慾望	ヨクボウ
憂い顔	ウレイガオ
憂うつ	ユウウツ
憂える	ウレエル
憂き目	ウキメ
憂き身	ウキミ
憂さ	ウサ
憂さ晴し	ウサバラシ
憂さ晴らし	ウサバラシ
憂わしい	ウレワシイ
憂国	ユウコク
憂心	ユウシン
憂思	ユウシ
憂患	ユウカン
憂悶	ユウモン
憂愁	ユウシュウ
憂慮	ユウリョ
憂憤	ユウフン
憂戚	ユウセキ
憂欝	ユウウツ
憂目	ウキメ
憂色	ユウショク
憂苦	ユウク
憂身	ウキミ
憂鬱	ユウウツ
憎々しい	ニクニクシイ
憎しみ	ニクシミ
憎っくき	ニックキ
憎み合い	ニクミアイ
憎む	ニクム
憎らしい	ニクラシイ
憎悪	ゾウオ
憎憎しい	ニクニクシイ
憐み	アワレミ
憐れみ	アワレミ
憐れむ	アワレム
憐察	レンサツ
憐情	レンジョウ
憐愍	レンビン
憐憫	レンビン
憑き物	ツキモノ
憑依	ヒョウイ
憑坐	ヨリマシ
憑拠	ヒョウキョ
憑物	ツキモノ
憑霊	ヒョウレイ
憔悴	ショウスイ
憖い	ナマジイ
憚り	ハバカリ
憚る	ハバカル
憤まん	フンマン
憤り	イキドオリ
憤悶	フンモン
憤慨	フンガイ
憤懣	フンマン
憤死	フンシ
憤激	フンゲキ
憤然	フンゼン
憧れる	アコガレル
憧憬れる	アコガレル
憩い	イコイ
憩う	イコウ
憩室	ケイシツ
憫れみ	アワレミ
憫れむ	アワレム
憫察	ビンサツ
憫然	ビンゼン
憫笑	ビンショウ
憬れ	アコガレ
憬れる	アコガレル
憮然	ブゼン
憲兵	ケンペイ
憲政	ケンセイ
憲法上	ケンポウジョウ
憲法学	ケンポウガク
憲法改正	ケンポウカイセイ
憲法記念日	ケンポウキネンビ
憲章	ケンショウ
憶う	オモウ
憶える	オボエル
憶念	オクネン
憶測	オクソク
憶病	オクビョウ
憶見	オッケン
憶説	オクセツ
憾み	ウラミ
憾む	ウラム
懇々	コンコン
懇切	コンセツ
懇到	コントウ
懇命	コンメイ
懇情	コンジョウ
懇意	コンイ
懇懇	コンコン
懇書	コンショ
懇篤	コントク
懇親	コンシン
懇親会	コンシンカイ
懇話	コンワ
懇話会	コンワカイ
懇談	コンダン
懇談会	コンダンカイ
懇請	コンセイ
懇願	コンガン
懊悩	オウノウ
懐う	オモウ
懐かし	ナツカシ
懐かしい	ナツカシイ
懐かしむ	ナツカシム
懐ける	ナツケル
懐こい	ナツコイ
懐っこい	ナツッコイ
懐メロ	ナツメロ
懐中時計	カイチュウドケイ
懐中物	カイチュウモノ
懐中電灯	カイチュウデントウ
懐事情	フトコロジジョウ
懐刀	フトコロガタナ
懐剣	カイケン
懐古	カイコ
懐妊	カイニン
懐手	フトコロデ
懐旧	カイキュウ
懐柔	カイジュウ
懐炉	カイロ
懐疑	カイギ
懐疑派	カイギハ
懐疑的	カイギテキ
懐疑論	カイギロン
懐石	カイセキ
懐胎	カイタイ
懐郷	カイキョウ
懦夫	ダフ
懦弱	ダジャク
懲らしめ	コラシメ
懲らしめる	コラシメル
懲らす	コラス
懲りる	コリル
懲り懲り	コリゴリ
懲役	チョウエキ
懲役刑	チョウエキケイ
懲悪	チョウアク
懲戒	チョウカイ
懲戒免職	チョウカイメンショク
懲戒処分	チョウカイショブン
懲戒解雇	チョウカイカイコ
懲罰	チョウバツ
懲罰的	チョウバツテキ
懶ける	ナマケル
懶け者	ナマケモノ
懸かり	カカリ
懸かる	カカル
懸け仏	カケボトケ
懸け橋	カケハシ
懸け紙	カケガミ
懸け隔たる	カケヘダタル
懸け隔てる	カケヘダテル
懸け離れる	カケハナレル
懸り	カカリ
懸る	カカル
懸仏	カケボトケ
懸吊	ケンチョウ
懸命	ケンメイ
懸垂	ケンスイ
懸垂線	ケンスイセン
懸子	カケゴ
懸崖	ケンガイ
懸巣	カケス
懸想	ケソウ
懸案	ケンアン
懸橋	カケハシ
懸濁	ケンダク
懸濁液	ケンダクエキ
懸物	カケモノ
懸紙	カケガミ
懸絶	ケンゼツ
懸腕	ケンワン
懸詞	カケコトバ
懸賞	ケンショウ
懸賞金	ケンショウキン
懸軍	ケングン
懸隔	ケンカク
懸隔たる	カケヘダタル
懸隔てる	カケヘダテル
懸離れる	カケハナレル
懺悔録	ザンゲロク
懺法	センボウ
懼る	オソル
懼れる	オソレル
懾伏	ショウフク
懿徳	イトク
戌の日	イヌノヒ
戌亥	イヌイ
戌年	イヌドシ
戍る	マモル
戎克	ジャンク
戎馬	ジュウバ
成しとげる	ナシトゲル
成し遂げる	ナシトゲル
成す	ナス
成り	ナリ
成りあがる	ナリアガル
成りかわる	ナリカワル
成りさがる	ナリサガル
成りすまし	ナリスマシ
成りすます	ナリスマス
成りゆき	ナリユキ
成り上がり	ナリアガリ
成り上がる	ナリアガル
成り上る	ナリアガル
成り下がる	ナリサガル
成り下る	ナリサガル
成り代る	ナリカワル
成り代わる	ナリカワル
成り変わる	ナリカワル
成り掛かる	ナリカカル
成り掛ける	ナリカケル
成り済まし	ナリスマシ
成り済ます	ナリスマス
成り立ち	ナリタチ
成り立つ	ナリタツ
成り行き	ナリユキ
成り込む	ナリコム
成り金	ナリキン
成る	ナル
成る可く	ナルベク
成る程	ナルホド
成れの果て	ナレノハテ
成上がる	ナリアガル
成上り	ナリアガリ
成上る	ナリアガル
成下がる	ナリサガル
成人	セイジン
成人の日	セイジンノヒ
成人年齢	セイジンネンレイ
成人式	セイジンシキ
成人病	セイジンビョウ
成仏	ジョウブツ
成体	セイタイ
成分	セイブン
成功	セイコウ
成功率	セイコウリツ
成功者	セイコウシャ
成功裏	セイコウリ
成句	セイク
成否	セイヒ
成員	セイイン
成因	セイイン
成型	セイケイ
成型肉	セイケイニク
成女	セイジョ
成婚	セイコン
成就	ジョウジュ
成層	セイソウ
成層圏	セイソウケン
成層火山	セイソウカザン
成年	セイネン
成年年齢	セイネンネンレイ
成年式	セイネンシキ
成年後見制度	セイネンコウケンセイド
成年者	セイネンシャ
成形	セイケイ
成文	セイブン
成文律	セイブンリツ
成文法	セイブンホウ
成書	セイショ
成果	セイカ
成果主義	セイカシュギ
成果物	セイカブツ
成果給	セイカキュウ
成案	セイアン
成業	セイギョウ
成済まし	ナリスマシ
成済ます	ナリスマス
成熟	セイジュク
成牛	セイギュウ
成犬	セイケン
成獣	セイジュウ
成程	ナルホド
成立	セイリツ
成立ち	ナリタチ
成立つ	ナリタツ
成算	セイサン
成約	セイヤク
成績	セイセキ
成績表	セイセキヒョウ
成績証明書	セイセキショウメイショ
成育	セイイク
成膜	セイマク
成虫	セイチュウ
成行	ナリユキ
成行き	ナリユキ
成語	セイゴ
成跡	セイセキ
成道	ジョウドウ
成金	ナリキン
成銀	ナリギン
成長	セイチョウ
成長株	セイチョウカブ
成長率	セイチョウリツ
成香	ナリキョウ
成魚	セイギョ
成鳥	セイチョウ
成鶏	セイケイ
我々	ワレワレ
我が	ワガ
我がまま	ワガママ
我が侭	ワガママ
我が儘	ワガママ
我が国	ワガクニ
我が社	ワガシャ
我が輩	ワガハイ
我われ	ワレワレ
我を張る	ガヲハル
我侭	ワガママ
我儘	ワガママ
我利	ガリ
我執	ガシュウ
我意	ガイ
我慢	ガマン
我我	ワレワレ
我楽多	ガラクタ
我欲	ガヨク
我武者羅	ガムシャラ
我流	ガリュウ
我田引水	ガデンインスイ
我褒め	ワレボメ
我見	ガケン
我輩	ワガハイ
我鳴り立てる	ガナリタテル
我鳴る	ガナル
戒め	イマシメ
戒める	イマシメル
戒厳	カイゲン
戒厳令	カイゲンレイ
戒名	カイミョウ
戒告	カイコク
戒壇	カイダン
戒律	カイリツ
戒心	カイシン
戒慎	カイシン
戒行	カイギョウ
戒護	カイゴ
或る	アル
戛然	カツゼン
戦いごっこ	タタカイゴッコ
戦き	オノノキ
戦ぐ	ソヨグ
戦わす	タタカワス
戦中	センチュウ
戦乱	センラン
戦争	センソウ
戦争画	センソウガ
戦備	センビ
戦債	センサイ
戦傷	センショウ
戦列	センレツ
戦利品	センリヒン
戦前	センゼン
戦力	センリョク
戦力外	センリョクガイ
戦功	センコウ
戦務	センム
戦勝	センショウ
戦勝国	センショウコク
戦区	センク
戦友	センユウ
戦史	センシ
戦国	センゴク
戦地	センチ
戦域	センイキ
戦塵	センジン
戦士	センシ
戦局	センキョク
戦役	センエキ
戦後	センゴ
戦後派	センゴハ
戦意	センイ
戦慄	センリツ
戦慄く	ワナナク
戦技	センギ
戦捷	センショウ
戦敗	センパイ
戦旗	センキ
戦時	センジ
戦時下	センジカ
戦時中	センジチュウ
戦果	センカ
戦槌	センツイ
戦機	センキ
戦歴	センレキ
戦死	センシ
戦歿	センボツ
戦没	センボツ
戦没者	センボツシャ
戦況	センキョウ
戦法	センポウ
戦渦	センカ
戦火	センカ
戦災	センサイ
戦爆	センバク
戦犯	センパン
戦略	センリャク
戦略上	センリャクジョウ
戦略的	センリャクテキ
戦病死	センビョウシ
戦禍	センカ
戦端	センタン
戦線	センセン
戦績	センセキ
戦艦	センカン
戦術	センジュツ
戦術家	センジュツカ
戦訓	センクン
戦記	センキ
戦費	センピ
戦跡	センセキ
戦車	センシャ
戦車兵	センシャヘイ
戦野	センヤ
戦鎚	センツイ
戦間期	センカンキ
戦闘	セントウ
戦闘力	セントウリョク
戦闘員	セントウイン
戦闘帽	セントウボウ
戦闘服	セントウフク
戦闘機	セントウキ
戦闘的	セントウテキ
戦闘艦	セントウカン
戦陣	センジン
戦隊	センタイ
戦雲	センウン
截ち切る	タチキル
截ち割る	タチワル
截つ	タツ
截断機	セツダンキ
截頭	セットウ
戮力	リクリョク
戯け芝居	オドケシバイ
戯らす	ジャラス
戯れ付く	ジャレツク
戯れ歌	ザレウタ
戯作者	ゲサクシャ
戯曲	ギキョク
戯書	ギショ
戯画	ギガ
戯評	ギヒョウ
戯談	ジョウダン
戰い	タタカイ
戴き	イタダキ
戴き物	イタダキモノ
戴く	イタダク
戴ける	イタダケル
戴冠	タイカン
戴冠式	タイカンシキ
戴天	タイテン
戴帽式	タイボウシキ
戸じまり	トジマリ
戸だな	トダナ
戸主	コシュ
戸主権	コシュケン
戸別	コベツ
戸外	コガイ
戸建	コダテ
戸建て	コダテ
戸惑い	トマドイ
戸惑う	トマドウ
戸数	コスウ
戸板	トイタ
戸棚	トダナ
戸籍	コセキ
戸籍法	コセキホウ
戸籍謄本	コセキトウホン
戸締まり	トジマリ
戸締り	トジマリ
戸袋	トブクロ
戸走り	トバシリ
戸車	トグルマ
戸障子	トショウジ
戻し	モドシ
戻す	モドス
戻り	モドリ
戻り値	モドリチ
戻り梅雨	モドリヅユ
戻り道	モドリミチ
戻入	レイニュウ
房中	ボウチュウ
房事	ボウジ
房室	ボウシツ
房水	ボウスイ
房酸塊	フサスグリ
房飾り	フサカザリ
所与	ショヨ
所以	ユエン
所作事	ショサゴト
所信	ショシン
所内	ショナイ
所出	ショシュツ
所労	ショロウ
所務	ショム
所収	ショシュウ
所員	ショイン
所在	ショザイ
所在地	ショザイチ
所場	ショバ
所外	ショガイ
所存	ショゾン
所定	ショテイ
所定労働時間	ショテイロウドウジカン
所属	ショゾク
所属先	ショゾクサキ
所属長	ショゾクチョウ
所帯主	ショタイヌシ
所帯持ち	ショタイモチ
所得控除	ショトクコウジョ
所得税	ショトクゼイ
所得税法	ショトクゼイホウ
所得者	ショトクシャ
所得証明書	ショトクショウメイショ
所得金額	ショトクキンガク
所得顔	トコロエガオ
所思	ショシ
所感	ショカン
所懐	ショカイ
所払い	トコロバライ
所持	ショジ
所持品	ショジヒン
所持者	ショジシャ
所持金	ショジキン
所掌	ショショウ
所書	トコロガキ
所書き	トコロガキ
所有	ショユウ
所有主	ショユウヌシ
所有地	ショユウチ
所有格	ショユウカク
所有権	ショユウケン
所有物	ショユウブツ
所有者	ショユウシャ
所望	ショモウ
所期	ショキ
所柄	トコロガラ
所業	ショギョウ
所狭い	トコロセマイ
所産	ショサン
所用	ショヨウ
所番地	トコロバンチ
所管	ショカン
所蔵	ショゾウ
所蔵品	ショゾウヒン
所行	ショギョウ
所要	ショヨウ
所要時間	ショヨウジカン
所見	ショケン
所記	ショキ
所詮	ショセン
所説	ショセツ
所論	ショロン
所載	ショサイ
所轄	ショカツ
所轄税務署	ショカツゼイムショ
所長	ショチョウ
所領	ショリョウ
所願	ショガン
扁たい	ヒラタイ
扁壺	ヘンコ
扁平	ヘンペイ
扁平上皮がん	ヘンペイジョウヒガン
扁平上皮ガン	ヘンペイジョウヒガン
扁平上皮癌	ヘンペイジョウヒガン
扁平率	ヘンペイリツ
扁平足	ヘンペイソク
扁形	ヘンケイ
扁桃	ヘントウ
扁桃炎	ヘントウエン
扁桃腺	ヘントウセン
扁舟	ヘンシュウ
扁額	ヘンガク
扇ぐ	アオグ
扇動	センドウ
扇動家	センドウカ
扇動者	センドウシャ
扇子	センス
扇情	センジョウ
扇情的	センジョウテキ
扇状地	センジョウチ
扇芭蕉	オウギバショウ
扇風機	センプウキ
扇鷲	オウギワシ
扉絵	トビラエ
手々	テテ
手あか	テアカ
手あそび	テアソビ
手あぶり	テアブリ
手あみ	テアミ
手いっぱい	テイッパイ
手おくれ	テオクレ
手おけ	テオケ
手おの	テオノ
手かぎ	テカギ
手かご	テカゴ
手かせ	テカセ
手がかり	テガカリ
手がき	テガキ
手がける	テガケル
手がら	テガラ
手きびしい	テキビシイ
手ぎわ	テギワ
手ぐし	テグシ
手こずる	テコズル
手こね	テコネ
手ごたえ	テゴタエ
手ごね	テゴネ
手ごめ	テゴメ
手ごろ	テゴロ
手ごわい	テゴワイ
手さぐり	テサグリ
手さげ	テサゲ
手さばき	テサバキ
手ざわり	テザワリ
手じまい	テジマイ
手じまう	テジマウ
手すき	テスキ
手すさび	テスサビ
手すり	テスリ
手ずから	テズカラ
手ずれ	テズレ
手ぜま	テゼマ
手だし	テダシ
手だて	テダテ
手だれ	テダレ
手っ甲	テッコウ
手つき	テツキ
手つだい	テツダイ
手つだう	テツダウ
手づかみ	テヅカミ
手づくり	テヅクリ
手づる	テヅル
手どり	テドリ
手なぐさみ	テナグサミ
手なずける	テナズケル
手なべ	テナベ
手なれる	テナレル
手ぬい	テヌイ
手ぬぐい	テヌグイ
手ぬるい	テヌルイ
手のひら	テノヒラ
手の内	テノウチ
手の平	テノヒラ
手の物	テノモノ
手の甲	テノコウ
手の者	テノモノ
手はず	テハズ
手ばしこい	テバシコイ
手ばなす	テバナス
手ばやい	テバヤイ
手ひどい	テヒドイ
手びき	テビキ
手びねり	テビネリ
手ぶくろ	テブクロ
手ぶら	テブラ
手ぶり	テブリ
手ぶれ	テブレ
手ほどき	テホドキ
手まさぐり	テマサグリ
手まね	テマネ
手まねき	テマネキ
手まめ	テマメ
手みやげ	テミヤゲ
手もと	テモト
手わざ	テワザ
手わたす	テワタス
手カギ	テカギ
手ブレ	テブレ
手一杯	テイッパイ
手不足	テブソク
手並	テナミ
手並み	テナミ
手中	シュチュウ
手乗り	テノリ
手事	テゴト
手交	シュコウ
手仕事	テシゴト
手仕舞	テジマイ
手仕舞い	テジマイ
手仕舞う	テジマウ
手付	テツケ
手付き	テツキ
手付け	テツケ
手付け金	テツケキン
手付金	テツケキン
手代	テダイ
手伝い	テツダイ
手作り	テヅクリ
手作業	テサギョウ
手信号	テシンゴウ
手偏	テヘン
手傷	テキズ
手元	テモト
手先	テサキ
手入れ	テイレ
手入力	テニュウリョク
手兵	シュヘイ
手内職	テナイショク
手写	シュシャ
手出し	テダシ
手分け	テワケ
手切れ	テギレ
手切れ金	テギレキン
手刈り	テガリ
手利き	テキキ
手刷	テズリ
手刷り	テズリ
手前みそ	テマエミソ
手前勝手	テマエガッテ
手前味噌	テマエミソ
手創	テキズ
手加減	テカゲン
手助け	テダスケ
手動	シュドウ
手勢	テゼイ
手厳しい	テキビシイ
手取り額	テドリガク
手口	テグチ
手古摺る	テコズル
手合	テアイ
手合い	テアイ
手合わせ	テアワセ
手合割	テアイワリ
手向かう	テムカウ
手向け	タムケ
手向ける	タムケル
手品	テジナ
手回し	テマワシ
手回り	テマワリ
手土産	テミヤゲ
手垢	テアカ
手堅い	テガタイ
手塩	テシオ
手塩皿	テシオザラ
手奇麗	テギレイ
手妻	テヅマ
手始め	テハジメ
手子摺る	テコズル
手工	シュコウ
手工業	シュコウギョウ
手工芸	シュコウゲイ
手巻	テマキ
手巻き	テマキ
手巾	シュキン
手帖	テチョウ
手帳	テチョウ
手広い	テビロイ
手広く	テビロク
手延べ	テノベ
手弁当	テベントウ
手弄り	テマサグリ
手引	テビキ
手引き	テビキ
手引き書	テビキショ
手引書	テビキショ
手当	テアテ
手当て	テアテ
手形	テガタ
手形交換所	テガタコウカンジョ
手彫	テボリ
手彫り	テボリ
手役	テヤク
手待ち	テマチ
手後れ	テオクレ
手心	テゴコロ
手応え	テゴタエ
手慣らし	テナラシ
手慣れる	テナレル
手慰み	テナグサミ
手懸	テカケ
手懸かり	テガカリ
手懸ける	テガケル
手懸り	テガカリ
手戻り	テモドリ
手打	テウチ
手打ち	テウチ
手抄	シュショウ
手投げ	テナゲ
手折る	タオル
手抜かり	テヌカリ
手抜き	テヌキ
手押し	テオシ
手拍子	テビョウシ
手招き	テマネキ
手招く	テマネク
手拭い	テヌグイ
手拭き	テフキ
手持	テモチ
手持ち	テモチ
手持ちぶさた	テモチブサタ
手持ち無沙汰	テモチブサタ
手持無沙汰	テモチブサタ
手振り	テブリ
手振れ	テブレ
手捌き	テサバキ
手捕り	テドリ
手捷い	テバシコイ
手捻り	テビネリ
手掌	シュショウ
手掛	テカケ
手掛かり	テガカリ
手掛ける	テガケル
手掛り	テガカリ
手探り	テサグリ
手控え	テビカエ
手控える	テビカエル
手掴み	テヅカミ
手描き	テガキ
手提	テサゲ
手提げ	テサゲ
手提げ袋	テサゲブクロ
手提げ金庫	テサゲキンコ
手擦れ	テズレ
手放し	テバナシ
手放す	テバナス
手数料	テスウリョウ
手文庫	テブンコ
手料理	テリョウリ
手旗	テバタ
手早い	テバヤイ
手明き	テアキ
手柄	テガラ
手柄顔	テガラガオ
手柔らか	テヤワラカ
手根骨	シュコンコツ
手桶	テオケ
手植え	テウエ
手業	テワザ
手槍	テヤリ
手櫛	テグシ
手止まり	テドマリ
手段	シュダン
手毬花	テマリバナ
手水場	チョウズバ
手水鉢	チョウズバチ
手汗	テアセ
手沢	シュタク
手法	シュホウ
手洗	テアライ
手洗い	テアライ
手洗い鉢	テアライバチ
手洗鉢	テアライバチ
手洟	テバナ
手活け	テイケ
手淫	シュイン
手渡し	テワタシ
手渡す	テワタス
手漉	テスキ
手漉き	テスキ
手漕ぎ	テコギ
手焙り	テアブリ
手焼き	テヤキ
手牌	テハイ
手狭	テゼマ
手玉	テダマ
手球	テダマ
手生け	テイケ
手疵	テキズ
手痛い	テイタイ
手盛り	テモリ
手直し	テナオシ
手相	テソウ
手真似	テマネ
手短	テミジカ
手短い	テミジカイ
手稿	シュコウ
手立て	テダテ
手筈	テハズ
手筋	テスジ
手答え	テゴタエ
手箒	テボウキ
手管	テクダ
手箱	テバコ
手簡	シュカン
手籠め	テゴメ
手紙	テガミ
手紙文	テガミブン
手細工	テザイク
手継	テツギ
手継ぎ	テツギ
手続	テツヅキ
手続き	テツヅキ
手続き法	テツヅキホウ
手続法	テツヅキホウ
手綱	タヅナ
手綱さばき	タヅナサバキ
手綱捌き	タヅナサバキ
手綺麗	テギレイ
手締め	テジメ
手編み	テアミ
手練れ	テダレ
手縄	テナワ
手縫い	テヌイ
手織	テオリ
手織り	テオリ
手織機	テオリバタ
手繰りよせる	タグリヨセル
手繰り上げる	タグリアゲル
手繰り寄せる	タグリヨセル
手繰り込む	タグリコム
手羽	テバ
手羽元	テバモト
手羽先	テバサキ
手習	テナライ
手習い	テナライ
手翰	シュカン
手腕	シュワン
手芸	シュゲイ
手荒	テアラ
手荒い	テアライ
手荒れ	テアレ
手荷物	テニモツ
手落ち	テオチ
手蔓	テヅル
手薄	テウス
手術室	シュジュツシツ
手袋	テブクロ
手裏剣	シュリケン
手製	テセイ
手解き	テホドキ
手触り	テザワリ
手計算	テケイサン
手討	テウチ
手討ち	テウチ
手記	シュキ
手許	テモト
手詰まり	テヅマリ
手詰め	テヅメ
手詰り	テヅマリ
手話	シュワ
手負い	テオイ
手足れ	テダレ
手足口病	テアシクチビョウ
手跡	シュセキ
手踊り	テオドリ
手蹟	シュセキ
手車	テグルマ
手軽	テガル
手込め	テゴメ
手送り	テオクリ
手透き	テスキ
手造り	テヅクリ
手遅れ	テオクレ
手違い	テチガイ
手酌	テジャク
手配	テハイ
手配り	テクバリ
手配師	テハイシ
手酷い	テヒドイ
手金	テキン
手釣	テヅリ
手釣り	テヅリ
手鉤	テカギ
手錠	テジョウ
手鍋	テナベ
手鏡	テカガミ
手鑑	テカガミ
手長	テナガ
手間どる	テマドル
手間ひま	テマヒマ
手間代	テマダイ
手間取る	テマドル
手間損	テマゾン
手間暇	テマヒマ
手間潰し	テマツブシ
手間賃	テマチン
手間隙	テマヒマ
手隙	テスキ
手際	テギワ
手離し	テバナシ
手離す	テバナス
手離れ	テバナレ
手頃	テゴロ
手順	テジュン
手頸	テクビ
手風琴	テフウキン
手飼い	テガイ
手首	テクビ
手馴し	テナラシ
手馴らし	テナラシ
手馴れる	テナレル
手駒	テゴマ
手鼻	テバナ
才人	サイジン
才取り	サイトリ
才器	サイキ
才女	サイジョ
才媛	サイエン
才子	サイシ
才学	サイガク
才徳	サイトク
才智	サイチ
才槌	サイヅチ
才槌頭	サイヅチアタマ
才気	サイキ
才物	サイブツ
才略	サイリャク
才知	サイチ
才穎	サイエイ
才筆	サイヒツ
才能	サイノウ
才腕	サイワン
才色	サイショク
才色兼備	サイショクケンビ
才芸	サイゲイ
才英	サイエイ
才藻	サイソウ
才覚	サイカク
才走る	サイバシル
才量	サイリョウ
打々	チョウチョウ
打ちあがる	ウチアガル
打ちあわせ	ウチアワセ
打ちおろす	ウチオロス
打ちかえす	ウチカエス
打ちこわす	ウチコワス
打ちしおれる	ウチシオレル
打ちすえる	ウチスエル
打ちたてる	ウチタテル
打ちだし	ウチダシ
打ちだす	ウチダス
打ちっ放し	ウチッパナシ
打ちつける	ウチツケル
打ちつづく	ウチツヅク
打ちとる	ウチトル
打ちどころ	ウチドコロ
打ちならす	ウチナラス
打ちぬく	ウチヌク
打ちひしぐ	ウチヒシグ
打ちひも	ウチヒモ
打ちふるえる	ウチフルエル
打ちまける	ブチマケル
打ちもらす	ウチモラス
打ち上がる	ウチアガル
打ち上る	ウチアガル
打ち下ろし	ウチオロシ
打ち下ろす	ウチオロス
打ち付ける	ウチツケル
打ち伏す	ウチフス
打ち伸ばす	ウチノバス
打ち倒す	ウチタオス
打ち傷	ウチキズ
打ち克つ	ウチカツ
打ち出し	ウチダシ
打ち出す	ウチダス
打ち刀	ウチガタナ
打ち切り	ウチキリ
打ち切る	ウチキル
打ち勝つ	ウチカツ
打ち取る	ウチトル
打ち合い	ウチアイ
打ち合せ	ウチアワセ
打ち合せる	ウチアワセル
打ち合わせ	ウチアワセ
打ち合わせる	ウチアワセル
打ち噛まし	ブチカマシ
打ち噛ます	ブチカマス
打ち固める	ウチカタメル
打ち子	ウチコ
打ち守る	ウチマモル
打ち寄せる	ウチヨセル
打ち崩す	ウチクズス
打ち所	ウチドコロ
打ち手	ウチテ
打ち拉ぐ	ウチヒシグ
打ち振る	ウチフル
打ち捨てる	ウチステル
打ち据える	ウチスエル
打ち掛かる	ウチカカル
打ち掛け	ウチカケ
打ち揚がる	ウチアガル
打ち揚げ	ウチアゲ
打ち揚げる	ウチアゲル
打ち撒ける	ブチマケル
打ち放し	ウチハナシ
打ち方	ウチカタ
打ち棄てる	ウチステル
打ち棒	ウチボウ
打ち欠く	ウチカク
打ち止める	ウチトメル
打ち歩	ウチブ
打ち水	ウチミズ
打ち沈む	ウチシズム
打ち消し	ウチケシ
打ち消す	ウチケス
打ち滅ぼす	ウチホロボス
打ち漏らす	ウチモラス
打ち物	ウチモノ
打ち留め	ウチドメ
打ち直す	ウチナオス
打ち眺める	ウチナガメル
打ち破る	ウチヤブル
打ち立てる	ウチタテル
打ち粉	ウチコ
打ち紐	ウチヒモ
打ち続く	ウチツヅク
打ち荷	ウチニ
打ち萎れる	ウチシオレル
打ち落す	ウチオトス
打ち落とす	ウチオトス
打ち見る	ウチミル
打ち解ける	ウチトケル
打ち負かす	ウチマカス
打ち負ける	ウチマケル
打ち跨がる	ウチマタガル
打ち跨る	ウチマタガル
打ち身	ウチミ
打ち返す	ウチカエス
打ち連れる	ウチツレル
打ち遣る	ウチヤル
打ち間違い	ウチマチガイ
打ち震える	ウチフルエル
打ち首	ウチクビ
打ち鳴らす	ウチナラス
打っこ抜く	ブッコヌク
打っちゃらかす	ウッチャラカス
打っちゃり	ウッチャリ
打っちゃる	ウッチャル
打ってつけ	ウッテツケ
打って付け	ウッテツケ
打っ付け	ブッツケ
打っ付ける	ブッツケル
打っ倒れる	ブッタオレル
打っ切る	ブッキル
打っ叩く	ブッタタク
打っ壊す	ブッコワス
打っ手繰り	ブッタクリ
打っ手繰る	ブッタクル
打っ掛け	ブッカケ
打っ掛ける	ブッカケル
打っ放す	ブッパナス
打っ欠く	ブッカク
打っ殺す	ブッコロス
打っ潰す	ブッツブス
打っ続け	ブッツヅケ
打っ込み	ブッコミ
打っ込む	ブッコム
打っ通し	ブットオシ
打っ飛ばす	ブットバス
打っ魂消る	ブッタマゲル
打つかり	ブツカリ
打つける	ブツケル
打ん投げる	ブンナゲル
打ん殴る	ブンナグル
打上げ	ウチアゲ
打倒	ダトウ
打傷	ウチキズ
打克つ	ウチカツ
打出し	ウチダシ
打出す	ウチダス
打刀	ウチガタナ
打切り	ウチキリ
打切る	ウチキル
打刻	ダコク
打力	ダリョク
打勝つ	ウチカツ
打取る	ウチトル
打合せ	ウチアワセ
打合せる	ウチアワセル
打合わせ	ウチアワセ
打合わせる	ウチアワセル
打席	ダセキ
打席数	ダセキスウ
打感	ダカン
打手	ウチテ
打打	チョウチョウ
打抜き	ウチヌキ
打抜く	ウチヌク
打捨てる	ウチステル
打据える	ウチスエル
打掛	ウチカケ
打掛け	ウチカケ
打揚げ	ウチアゲ
打撃	ダゲキ
打撃戦	ダゲキセン
打撃王	ダゲキオウ
打撲	ダボク
打撲傷	ダボクショウ
打擲	チョウチャク
打放し	ウチハナシ
打数	ダスウ
打明ける	ウチアケル
打楽器	ダガッキ
打止め	ウチドメ
打歩	ウチブ
打殺す	ウチコロス
打毬	ダキュウ
打水	ウチミズ
打法	ダホウ
打消	ウチケシ
打消し	ウチケシ
打消す	ウチケス
打点	ダテン
打物	ウチモノ
打率	ダリツ
打球	ダキュウ
打留め	ウチドメ
打眺める	ウチナガメル
打破る	ウチヤブル
打突	ダトツ
打立てる	ウチタテル
打算	ダサン
打算的	ダサンテキ
打粉	ウチコ
打続く	ウチツヅク
打線	ダセン
打者	ダシャ
打落す	ウチオトス
打製	ダセイ
打見る	ウチミル
打解ける	ウチトケル
打設	ダセツ
打診	ダシン
打診器	ダシンキ
打身	ウチミ
打込む	ウチコム
打返す	ウチカエス
打鍵	ダケン
打開	ダカイ
打電	ダデン
打順	ダジュン
打首	ウチクビ
払いのける	ハライノケル
払いもどし	ハライモドシ
払いもどす	ハライモドス
払い下げ	ハライサゲ
払い下げる	ハライサゲル
払い出し	ハライダシ
払い出す	ハライダス
払い戻し	ハライモドシ
払い戻し金	ハライモドシキン
払い戻す	ハライモドス
払い残し	ハライノコシ
払い清める	ハライキヨメル
払い渡す	ハライワタス
払い物	ハライモノ
払い腰	ハライゴシ
払い落とす	ハライオトス
払い込み	ハライコミ
払い込む	ハライコム
払い退ける	ハライノケル
払い除ける	ハライノケル
払しょく	フッショク
払下げ	ハライサゲ
払出し	ハライダシ
払子	ホッス
払底	フッテイ
払戻	ハライモドシ
払戻し	ハライモドシ
払戻す	ハライモドス
払戻金	ハライモドシキン
払腰	ハライゴシ
払込	ハライコミ
払込み	ハライコミ
托す	タクス
托する	タクスル
托卵	タクラン
托鉢	タクハツ
扞格	カンカク
扠置き	サテオキ
扠置く	サテオク
扣え	ヒカエ
扣える	ヒカエル
扣除	コウジョ
扮する	フンスル
扮装	フンソウ
扮飾	フンショク
扱き下ろす	コキオロス
扱き混ぜる	コキマゼル
扱き落とす	コキオトス
扱き雑ぜる	コキマゼル
扱ぐ	コグ
扱混ぜる	コキマゼル
扶ける	タスケル
扶助	フジョ
扶壁	フヘキ
扶桑	フソウ
扶植	フショク
扶翼	フヨク
扶育	フイク
扶養	フヨウ
扶養家族	フヨウカゾク
扶養控除	フヨウコウジョ
扶養義務	フヨウギム
扶養者	フヨウシャ
扶養親族	フヨウシンゾク
批准	ヒジュン
批判	ヒハン
批判的	ヒハンテキ
批正	ヒセイ
批点	ヒテン
批評	ヒヒョウ
批評家	ヒヒョウカ
批難	ヒナン
扼する	ヤクスル
扼殺	ヤクサツ
承け	ウケ
承ける	ウケル
承る	ウケタマワル
承伏	ショウフク
承前	ショウゼン
承句	ショウク
承引	ショウイン
承服	ショウフク
承知	ショウチ
承知の助	ショウチノスケ
承知之助	ショウチノスケ
承継	ショウケイ
承認	ショウニン
承認印	ショウニンイン
承認者	ショウニンシャ
承諾	ショウダク
承諾書	ショウダクショ
技倆	ギリョウ
技協	ギキョウ
技士	ギシ
技官	ギカン
技工	ギコウ
技巧	ギコウ
技師	ギシ
技師長	ギシチョウ
技法	ギホウ
技癢	ギヨウ
技監	ギカン
技研	ギケン
技科大	ギカダイ
技能	ギノウ
技能士	ギノウシ
技能実習	ギノウジッシュウ
技能実習制度	ギノウジッシュウセイド
技能実習生	ギノウジッシュウセイ
技能者	ギノウシャ
技能賞	ギノウショウ
技芸	ギゲイ
技術	ギジュツ
技術力	ギジュツリョク
技術士	ギジュツシ
技術屋	ギジュツヤ
技術書	ギジュツショ
技術的	ギジュツテキ
技術者	ギジュツシャ
技術面	ギジュツメン
技術革新	ギジュツカクシン
技量	ギリョウ
抄き	スキ
抄く	スク
抄出	ショウシュツ
抄本	ショウホン
抄紙	ショウシ
抄訳	ショウヤク
抄造	ショウゾウ
抄録	ショウロク
抉じる	コジル
抉じ入れる	コジイレル
抉じ開ける	コジアケル
把っ手	トッテ
把持	ハジ
把捉	ハソク
把握	ハアク
抑うつ	ヨクウツ
抑うつ症	ヨクウツショウ
抑え	オサエ
抑えこむ	オサエコム
抑えつける	オサエツケル
抑える	オサエル
抑え付ける	オサエツケル
抑え込み	オサエコミ
抑え込む	オサエコム
抑も	ソモソモ
抑制	ヨクセイ
抑制剤	ヨクセイザイ
抑圧	ヨクアツ
抑揚	ヨクヨウ
抑止	ヨクシ
抑止力	ヨクシリョク
抑留	ヨクリュウ
抑論	ソモソモロン
抑鬱	ヨクウツ
抑鬱症	ヨクウツショウ
抒情	ジョジョウ
抒情歌	ジョジョウカ
抒情詩	ジョジョウシ
抓み	ツマミ
投かん	トウカン
投げ	ナゲ
投げうつ	ナゲウツ
投げかける	ナゲカケル
投げこむ	ナゲコム
投げつける	ナゲツケル
投げやり	ナゲヤリ
投げる	ナゲル
投げ上げる	ナゲアゲル
投げ下ろす	ナゲオロス
投げ与える	ナゲアタエル
投げ付ける	ナゲツケル
投げ倒す	ナゲタオス
投げ入れ	ナゲイレ
投げ入れる	ナゲイレル
投げ出す	ナゲダス
投げ合い	ナゲアイ
投げ売り	ナゲウリ
投げ打つ	ナゲウツ
投げ技	ナゲワザ
投げ捨てる	ナゲステル
投げ掛ける	ナゲカケル
投げ文	ナゲブミ
投げ棄てる	ナゲステル
投げ槍	ナゲヤリ
投げ渡す	ナゲワタス
投げ物	ナゲモノ
投げ縄	ナゲナワ
投げ落とす	ナゲオトス
投げ込み	ナゲコミ
投げ込む	ナゲコム
投げ返す	ナゲカエス
投げ遣り	ナゲヤリ
投げ飛ばす	ナゲトバス
投げ首	ナゲクビ
投じる	トウジル
投ずる	トウズル
投てき	トウテキ
投下	トウカ
投与	トウヨ
投了	トウリョウ
投付ける	ナゲツケル
投企	トウキ
投信	トウシン
投光器	トウコウキ
投入	トウニュウ
投入れ	ナゲイレ
投写	トウシャ
投出	トウシュツ
投函	トウカン
投句	トウク
投合	トウゴウ
投売	ナゲウリ
投売り	ナゲウリ
投宿	トウシュク
投射	トウシャ
投弾	トウダン
投影	トウエイ
投影図	トウエイズ
投影法	トウエイホウ
投扇興	トウセンキョウ
投手	トウシュ
投手力	トウシュリョク
投手戦	トウシュセン
投手陣	トウシュジン
投打	トウダ
投捨てる	ナゲステル
投擲	トウテキ
投映	トウエイ
投書	トウショ
投書欄	トウショラン
投棄	トウキ
投槍	ナゲヤリ
投機	トウキ
投機家	トウキカ
投機師	トウキシ
投機的	トウキテキ
投機筋	トウキスジ
投法	トウホウ
投物	ナゲモノ
投獄	トウゴク
投球	トウキュウ
投石	トウセキ
投石器	トウセキキ
投票	トウヒョウ
投票区	トウヒョウク
投票数	トウヒョウスウ
投票日	トウヒョウビ
投票権	トウヒョウケン
投票率	トウヒョウリツ
投票箱	トウヒョウバコ
投票者	トウヒョウシャ
投稿	トウコウ
投稿者	トウコウシャ
投縄	ナゲナワ
投薬	トウヤク
投融資	トウユウシ
投資	トウシ
投資信託	トウシシンタク
投資家	トウシカ
投資法人	トウシホウジン
投身	トウシン
投込み	ナゲコミ
投遣り	ナゲヤリ
投錨	トウビョウ
投開票	トウカイヒョウ
投降	トウコウ
抗うつ	コウウツ
抗うつ薬	コウウツヤク
抗がん	コウガン
抗がん剤	コウガンザイ
抗する	コウスル
抗ガン	コウガン
抗ガン剤	コウガンザイ
抗ヒスタミン	コウヒスタミン
抗ヒスタミン剤	コウヒスタミンザイ
抗争	コウソウ
抗体	コウタイ
抗体検査	コウタイケンサ
抗力	コウリョク
抗原	コウゲン
抗原検査	コウゲンケンサ
抗告	コウコク
抗命	コウメイ
抗弁	コウベン
抗張力	コウチョウリョク
抗戦	コウセン
抗抵	コウテイ
抗拒	コウキョ
抗日	コウニチ
抗毒素	コウドクソ
抗独	コウドク
抗生	コウセイ
抗生剤	コウセイザイ
抗癌	コウガン
抗癌剤	コウガンザイ
抗老化	コウロウカ
抗菌	コウキン
抗菌性	コウキンセイ
抗菌薬	コウキンヤク
抗血清	コウケッセイ
抗言	コウゲン
抗論	コウロン
抗議	コウギ
抗議文	コウギブン
抗酸菌	コウサンキン
抗鬱	コウウツ
抗鬱剤	コウウツザイ
抗鬱薬	コウウツヤク
折々	オリオリ
折から	オリカラ
折ぐ	ヘグ
折り	オリ
折りえり	オリエリ
折りかえす	オリカエス
折りこむ	オリコム
折りたたみ	オリタタミ
折りたたみ傘	オリタタミガサ
折りたたむ	オリタタム
折り上げ	オリアゲ
折り合い	オリアイ
折り山	オリヤマ
折り戸	オリド
折り敷き	オリシキ
折り敷く	オリシク
折り曲げる	オリマゲル
折り本	オリホン
折り畳み	オリタタミ
折り畳み傘	オリタタミガサ
折り畳み自転車	オリタタミジテンシャ
折り畳む	オリタタム
折り目	オリメ
折り箱	オリバコ
折り紙	オリガミ
折り紙付き	オリガミツキ
折り線	オリセン
折り襟	オリエリ
折り詰め	オリヅメ
折り込み	オリコミ
折り込む	オリコム
折り返し	オリカエシ
折り返す	オリカエス
折り重なる	オリカサナル
折り重ねる	オリカサネル
折り鞄	オリカバン
折り鶴	オリヅル
折る	オル
折れ	オレ
折れる	オレル
折れ口	オレクチ
折れ曲がる	オレマガル
折れ目	オレメ
折れ線	オレセン
折れ込む	オレコム
折れ返る	オレカエル
折れ釘	オレクギ
折中	セッチュウ
折助	オリスケ
折半	セッパン
折句	オリク
折合い	オリアイ
折戸	オリド
折折	オリオリ
折損	セッソン
折曲げる	オリマゲル
折本	オリホン
折檻	セッカン
折畳み	オリタタミ
折畳み傘	オリタタミガサ
折畳む	オリタタム
折畳傘	オリタタミガサ
折目	オリメ
折箱	オリバコ
折節	オリフシ
折紙	オリガミ
折紙付	オリガミツキ
折紙付き	オリガミツキ
折衝	セッショウ
折衷	セッチュウ
折襟	オリエリ
折角	セッカク
折詰	オリヅメ
折詰め	オリヅメ
折込	オリコミ
折込み	オリコミ
折込む	オリコム
折返	オリカエシ
折返し	オリカエシ
折返す	オリカエス
折重なる	オリカサナル
折重ねる	オリカサネル
折電	オリデン
折鶴	オリヅル
抛つ	ナゲウツ
抛り出す	ホウリダス
抛り投げる	ホウリナゲル
抛り込む	ホウリコム
抛擲	ホウテキ
抛棄	ホウキ
抛物	ホウブツ
抛物線	ホウブツセン
抜かす	ヌカス
抜かせ	ヌカセ
抜かり	ヌカリ
抜かる	ヌカル
抜き	ヌキ
抜きとる	ヌキトル
抜きはなつ	ヌキハナツ
抜きんでる	ヌキンデル
抜きん出る	ヌキンデル
抜き付け	ヌキツケ
抜き出す	ヌキダス
抜き出る	ヌキデル
抜き刷	ヌキズリ
抜き刷り	ヌキズリ
抜き去る	ヌキサル
抜き取り検査	ヌキトリケンサ
抜き取る	ヌキトル
抜き合わせる	ヌキアワセル
抜き型	ヌキガタ
抜き差し	ヌキサシ
抜き打ち	ヌキウチ
抜き挿し	ヌキサシ
抜き放す	ヌキハナス
抜き放つ	ヌキハナツ
抜き書き	ヌキガキ
抜き糸	ヌキイト
抜き読み	ヌキヨミ
抜き足	ヌキアシ
抜き身	ヌキミ
抜く	ヌク
抜け	ヌケ
抜けかわる	ヌケカワル
抜けがけ	ヌケガケ
抜ける	ヌケル
抜け上がる	ヌケアガル
抜け代わる	ヌケカワル
抜け作	ヌケサク
抜け出す	ヌケダス
抜け出る	ヌケデル
抜け参り	ヌケマイリ
抜け変わる	ヌケカワル
抜け感	ヌケカン
抜け抜け	ヌケヌケ
抜け替わる	ヌケカワル
抜け殻	ヌケガラ
抜け毛	ヌケゲ
抜け目	ヌケメ
抜け穴	ヌケアナ
抜け荷	ヌケニ
抜け落ちる	ヌケオチル
抜け裏	ヌケウラ
抜け道	ヌケミチ
抜け駆け	ヌケガケ
抜てき	バッテキ
抜作	ヌケサク
抜出す	ヌケダス
抜刀	バットウ
抜刀術	バットウジュツ
抜刷	ヌキズリ
抜刷り	ヌキズリ
抜剣	バッケン
抜去	バッキョ
抜取る	ヌキトル
抜打ち	ヌキウチ
抜書	ヌキガキ
抜書き	ヌキガキ
抜本的	バッポンテキ
抜根	バッコン
抜歯	バッシ
抜殻	ヌケガラ
抜毛症	バツモウショウ
抜爪	バッソウ
抜目	ヌケメ
抜穴	ヌケアナ
抜管	バッカン
抜粋	バッスイ
抜糸	バッシ
抜萃	バッスイ
抜身	ヌキミ
抜道	ヌケミチ
抜針	バッシン
抜錨	バツビョウ
抜駆け	ヌケガケ
択び	エラビ
択ぶ	エラブ
択り	ヨリ
択一	タクイツ
択伐	タクバツ
披く	ヒラク
披歴	ヒレキ
披瀝	ヒレキ
披見	ヒケン
披講	ヒコウ
披露	ヒロウ
披露宴	ヒロウエン
披露目	ヒロメ
抱え	カカエ
抱えこむ	カカエコム
抱える	カカエル
抱え上げる	カカエアゲル
抱え主	カカエヌシ
抱え込む	カカエコム
抱きあう	ダキアウ
抱きあわせ	ダキアワセ
抱きおろす	ダキオロス
抱きかかえる	ダキカカエル
抱きぐせ	ダキグセ
抱きしめる	ダキシメル
抱きすくめる	ダキスクメル
抱きつく	ダキツク
抱きとめる	ダキトメル
抱きまくら	ダキマクラ
抱きよせる	ダキヨセル
抱き上げる	ダキアゲル
抱き下ろす	ダキオロス
抱き付く	ダキツク
抱き合せ	ダキアワセ
抱き合せる	ダキアワセル
抱き合わせ	ダキアワセ
抱き合わせる	ダキアワセル
抱き寄せる	ダキヨセル
抱き寝	ダキネ
抱き抱える	ダキカカエル
抱き枕	ダキマクラ
抱き止める	ダキトメル
抱き留める	ダキトメル
抱き癖	ダキグセ
抱き着く	ダキツク
抱き竦める	ダキスクメル
抱き籠	ダキカゴ
抱き起こす	ダキオコス
抱き起す	ダキオコス
抱き込む	ダキコム
抱っこ	ダッコ
抱っこひも	ダッコヒモ
抱っこ紐	ダッコヒモ
抱主	カカエヌシ
抱卵	ホウラン
抱合	ホウゴウ
抱合せ	ダキアワセ
抱合わせ	ダキアワセ
抱合語	ホウゴウゴ
抱懐	ホウカイ
抱擁	ホウヨウ
抱水	ホウスイ
抱留める	ダキトメル
抱籠	ダキカゴ
抱締める	ダキシメル
抱腹	ホウフク
抱負	ホウフ
抱込む	ダキコム
抵当	テイトウ
抵当権	テイトウケン
抵抗	テイコウ
抵抗力	テイコウリョク
抵抗器	テイコウキ
抵抗性	テイコウセイ
抵抗感	テイコウカン
抵梧	テイゴ
抵牾く	モドク
抵触	テイショク
抹殺	マッサツ
抹消	マッショウ
抹茶	マッチャ
抹香	マッコウ
抹香鯨	マッコウクジラ
押え	オサエ
押えつける	オサエツケル
押える	オサエル
押え付ける	オサエツケル
押え込む	オサエコム
押さえ	オサエ
押さえこむ	オサエコム
押さえつける	オサエツケル
押さえる	オサエル
押さえ付ける	オサエツケル
押さえ棒	オサエボウ
押さえ込み	オサエコミ
押さえ込む	オサエコム
押し	オシ
押しあう	オシアウ
押しあける	オシアケル
押しあげる	オシアゲル
押しあてる	オシアテル
押しいる	オシイル
押しかえす	オシカエス
押しかくす	オシカクス
押しかけ	オシカケ
押しかける	オシカケル
押しかためる	オシカタメル
押しきる	オシキル
押しこくる	オシコクル
押しこみ	オシコミ
押しこむ	オシコム
押しころす	オシコロス
押しずし	オシズシ
押したおす	オシタオス
押したてる	オシタテル
押しだまる	オシダマル
押しつけ	オシツケ
押しつける	オシツケル
押しつつむ	オシツツム
押しつぶす	オシツブス
押しつまる	オシツマル
押しつめる	オシツメル
押しとどめる	オシトドメル
押しながす	オシナガス
押しのける	オシノケル
押しひろげる	オシヒロゲル
押しもどす	オシモドス
押しやる	オシヤル
押しよせる	オシヨセル
押しわける	オシワケル
押しボタン	オシボタン
押し上げ	オシアゲ
押し上げる	オシアゲル
押し下げる	オシサゲル
押し並べて	オシナベテ
押し付け	オシツケ
押し付ける	オシツケル
押し倒し	オシタオシ
押し倒す	オシタオス
押し借り	オシガリ
押し傷	オシキズ
押し入り	オシイリ
押し入る	オシイル
押し入れ	オシイレ
押し入れる	オシイレル
押し出し	オシダシ
押し出す	オシダス
押し分ける	オシワケル
押し切り	オシキリ
押し切る	オシキル
押し動かす	オシウゴカス
押し合い	オシアイ
押し問答	オシモンドウ
押し回し	オシマワシ
押し回す	オシマワス
押し固める	オシカタメル
押し売り	オシウリ
押し寄せる	オシヨセル
押し寿司	オシズシ
押し広げる	オシヒロゲル
押し広める	オシヒロメル
押し引き	オシヒキ
押し当てる	オシアテル
押し戴く	オシイタダク
押し戻す	オシモドス
押し掛け	オシカケ
押し掛ける	オシカケル
押し殺す	オシコロス
押し波	オシナミ
押し流す	オシナガス
押し渡る	オシワタル
押し潰す	オシツブス
押し目	オシメ
押し相撲	オシズモウ
押し破る	オシヤブル
押し立てる	オシタテル
押し紙	オシガミ
押し絵	オシエ
押し縮める	オシチヂメル
押し花	オシバナ
押し葉	オシバ
押し詰まる	オシツマル
押し詰める	オシツメル
押し詰る	オシツマル
押し負ける	オシマケル
押し貸し	オシガシ
押し込み	オシコミ
押し込む	オシコム
押し込める	オシコメル
押し返す	オシカエス
押し迫る	オシセマル
押し退ける	オシノケル
押し通す	オシトオス
押し通る	オシトオル
押し進める	オシススメル
押し遣る	オシヤル
押し釦	オシボタン
押し開く	オシヒラク
押し開ける	オシアケル
押し隠す	オシカクス
押し頂く	オシイタダク
押し鮨	オシズシ
押し麦	オシムギ
押し黙る	オシダマル
押す	オス
押せ押せ	オセオセ
押っ	オッ
押っ付け	オッツケ
押っ広げる	オッピロゲル
押っ立てる	オッタテル
押っ被さる	オッカブサル
押っ被せる	オッカブセル
押っ魂消る	オッタマゲル
押なつ	オウナツ
押上げ	オシアゲ
押上げる	オシアゲル
押下	オウカ
押付ける	オシツケル
押入	オシイレ
押入り	オシイリ
押入る	オシイル
押入れ	オシイレ
押出し	オシダシ
押出す	オシダス
押分ける	オシワケル
押切り	オシキリ
押切る	オシキル
押印	オウイン
押収	オウシュウ
押問答	オシモンドウ
押売	オシウリ
押売り	オシウリ
押寄せる	オシヨセル
押捺	オウナツ
押掛ける	オシカケル
押絵	オシエ
押込み	オシコミ
押込める	オシコメル
押迫る	オシセマル
押送	オウソウ
押韻	オウイン
押鮨	オシズシ
押麦	オシムギ
抽き出し	ヒキダシ
抽せん	チュウセン
抽んでる	ヌキンデル
抽出	チュウシュツ
抽出し	ヒキダシ
抽出法	チュウシュツホウ
抽挿	チュウソウ
抽斗	ヒキダシ
抽籤	チュウセン
抽苔	チュウダイ
抽象	チュウショウ
抽象化	チュウショウカ
抽象画	チュウショウガ
抽象的	チュウショウテキ
抽象論	チュウショウロン
抽送	チュウソウ
抽選	チュウセン
抽選会	チュウセンカイ
担々麺	タンタンメン
担い手	ニナイテ
担ぎ	カツギ
担ぎこむ	カツギコム
担ぎ上げる	カツギアゲル
担ぎ出す	カツギダス
担ぎ屋	カツギヤ
担ぎ棒	カツギボウ
担ぎ込む	カツギコム
担ぐ	カツグ
担任	タンニン
担体	タンタイ
担保	タンポ
担保権	タンポケン
担務	タンム
担当	タントウ
担当医	タントウイ
担当相	タントウショウ
担当者	タントウシャ
担担麺	タンタンメン
担持	タンジ
担架	タンカ
担癌	タンガン
担税	タンゼイ
担税力	タンゼイリョク
拇印	ボイン
拇指	ボシ
拈り	ヒネリ
拈る	ヒネル
拈出	ネンシュツ
拉ぐ	ヒシグ
拉致る	ラチル
拍つ	ウツ
拍出	ハクシュツ
拍動	ハクドウ
拍数	ハクスウ
拍節	ハクセツ
拍車	ハクシャ
拐かす	カドワカス
拐取	カイシュ
拐帯	カイタイ
拒ぎ	フセギ
拒ぐ	フセグ
拒む	コバム
拒否	キョヒ
拒否権	キョヒケン
拒止	キョシ
拒絶	キョゼツ
拒食	キョショク
拒食症	キョショクショウ
拓く	ヒラク
拓本	タクホン
拓植	タクショク
拓殖	タクショク
拗ける	ネジケル
拗じくれる	ネジクレル
拗じる	ネジル
拗ねる	スネル
拗ね者	スネモノ
拗らす	コジラス
拗らせる	コジラセル
拗音	ヨウオン
拘引	コウイン
拘束	コウソク
拘束力	コウソクリョク
拘束時間	コウソクジカン
拘束衣	コウソクイ
拘泥	コウデイ
拘留	コウリュウ
拘禁	コウキン
拘禁刑	コウキンケイ
拘縮	コウシュク
拘置	コウチ
拘置所	コウチショ
拙作	セッサク
拙僧	セッソウ
拙劣	セツレツ
拙宅	セッタク
拙守	セッシュ
拙悪	セツアク
拙技	セツギ
拙攻	セッコウ
拙文	セツブン
拙稿	セッコウ
拙筆	セッピツ
拙策	セッサク
拙者	セッシャ
拙著	セッチョ
拙訳	セツヤク
拙論	セツロン
拙速	セッソク
招き	マネキ
招きよせる	マネキヨセル
招き入れる	マネキイレル
招き寄せる	マネキヨセル
招き猫	マネキネコ
招く	マネク
招じる	ショウジル
招じ入れる	ショウジイレル
招ずる	ショウズル
招へい	ショウヘイ
招喚	ショウカン
招婿婚	ショウセイコン
招宴	ショウエン
招待客	ショウタイキャク
招待状	ショウタイジョウ
招来	ショウライ
招福	ショウフク
招聘	ショウヘイ
招致	ショウチ
招集	ショウシュウ
招魂	ショウコン
拝す	ハイス
拝する	ハイスル
拝み倒す	オガミタオス
拝む	オガム
拝伏	ハイフク
拝借	ハイシャク
拝具	ハイグ
拝受	ハイジュ
拝呈	ハイテイ
拝命	ハイメイ
拝啓	ハイケイ
拝察	ハイサツ
拝廊	ハイロウ
拝復	ハイフク
拝承	ハイショウ
拝殿	ハイデン
拝眉	ハイビ
拝礼	ハイレイ
拝聞	ハイブン
拝聴	ハイチョウ
拝見	ハイケン
拝観	ハイカン
拝観料	ハイカンリョウ
拝読	ハイドク
拝請	ハイショウ
拝謁	ハイエツ
拝謝	ハイシャ
拝賀	ハイガ
拝趨	ハイスウ
拝跪	ハイキ
拝辞	ハイジ
拝送	ハイソウ
拝金	ハイキン
拝領	ハイリョウ
拝顔	ハイガン
拠りどころ	ヨリドコロ
拠り所	ヨリドコロ
拠る	ヨル
拠出	キョシュツ
拠出金	キョシュツキン
拠点	キョテン
拠金	キョキン
拡がり	ヒロガリ
拡がる	ヒロガル
拡げる	ヒロゲル
拡充	カクジュウ
拡声	カクセイ
拡声器	カクセイキ
拡声機	カクセイキ
拡声装置	カクセイソウチ
拡大	カクダイ
拡大鏡	カクダイキョウ
拡幅	カクフク
拡張	カクチョウ
拡張子	カクチョウシ
拡張性	カクチョウセイ
拡張機能	カクチョウキノウ
拡散	カクサン
拡材	カクザイ
拡販	カクハン
括り	ククリ
括り付ける	ククリツケル
括り枕	ククリマクラ
括り染め	ククリゾメ
括る	ククル
括弧	カッコ
括約筋	カツヤクキン
拭い去る	ヌグイサル
拭い取る	ヌグイトル
拭い紙	ヌグイガミ
拭う	ヌグウ
拭きそうじ	フキソウジ
拭き取る	フキトル
拭き拭き	フキフキ
拭き掃除	フキソウジ
拭き消す	フキケス
拭き落す	フキオトス
拭き落とす	フキオトス
拭き込む	フキコム
拭く	フク
拭紙	ヌグイガミ
拮抗	キッコウ
拮抗薬	キッコウヤク
拳々	ケンケン
拳固	ゲンコ
拳士	ケンシ
拳拳	ケンケン
拳法	ケンポウ
拳玉	ケンダマ
拳銃	ケンジュウ
拳闘	ケントウ
拳骨	ゲンコツ
拵え事	コシラエゴト
拵え物	コシラエモノ
拶双魚	サッパ
拷問	ゴウモン
拷器	ゴウキ
拼音	ピンイン
拾い	ヒロイ
拾いあげる	ヒロイアゲル
拾いもの	ヒロイモノ
拾い上げる	ヒロイアゲル
拾い主	ヒロイヌシ
拾い出す	ヒロイダス
拾い屋	ヒロイヤ
拾い歩き	ヒロイアルキ
拾い物	ヒロイモノ
拾い読み	ヒロイヨミ
拾い集める	ヒロイアツメル
拾い食い	ヒロイグイ
拾う	ヒロウ
拾得	シュウトク
拾得物	シュウトクブツ
拾得者	シュウトクシャ
拾遺	シュウイ
拾集	シュウシュウ
拿捕	ダホ
持する	ジスル
持たせる	モタセル
持ち	モチ
持ちあがる	モチアガル
持ちあげる	モチアゲル
持ちあわせ	モチアワセ
持ちあわせる	モチアワセル
持ちかえる	モチカエル
持ちかける	モチカケル
持ちきり	モチキリ
持ちこす	モチコス
持ちこたえる	モチコタエル
持ちこむ	モチコム
持ちなおす	モチナオス
持ちまえ	モチマエ
持ちもの	モチモノ
持ちよる	モチヨル
持ちネタ	モチネタ
持ち上がる	モチアガル
持ち上げる	モチアゲル
持ち上る	モチアガル
持ち主	モチヌシ
持ち出し	モチダシ
持ち出す	モチダス
持ち分	モチブン
持ち切り	モチキリ
持ち前	モチマエ
持ち去る	モチサル
持ち古す	モチフルス
持ち合い	モチアイ
持ち合せ	モチアワセ
持ち合せる	モチアワセル
持ち合わす	モチアワス
持ち合わせ	モチアワセ
持ち合わせる	モチアワセル
持ち味	モチアジ
持ち回り	モチマワリ
持ち回る	モチマワル
持ち堪える	モチコタエル
持ち場	モチバ
持ち変える	モチカエル
持ち寄り	モチヨリ
持ち寄る	モチヨル
持ち崩す	モチクズス
持ち帰り	モチカエリ
持ち帰る	モチカエル
持ち戻り	モチモドリ
持ち手	モチテ
持ち掛ける	モチカケル
持ち換える	モチカエル
持ち方	モチカタ
持ち時間	モチジカン
持ち替える	モチカエル
持ち札	モチフダ
持ち株	モチカブ
持ち株会社	モチカブガイシャ
持ち歌	モチウタ
持ち歩く	モチアルク
持ち添える	モチソエル
持ち点	モチテン
持ち物	モチモノ
持ち玉	モチダマ
持ち球	モチダマ
持ち直す	モチナオス
持ち票	モチヒョウ
持ち腐れ	モチグサレ
持ち船	モチブネ
持ち芸	モチゲイ
持ち越し	モチコシ
持ち越す	モチコス
持ち込み	モチコミ
持ち込む	モチコム
持ち逃げ	モチニゲ
持ち運び	モチハコビ
持ち運ぶ	モチハコブ
持ち金	モチガネ
持ち馬	モチウマ
持ち駒	モチゴマ
持ち高	モチダカ
持つ	モツ
持て	モテ
持てあます	モテアマス
持てなし	モテナシ
持てはやす	モテハヤス
持てる	モテル
持て余す	モテアマス
持て囃す	モテハヤス
持て成し	モテナシ
持て成す	モテナス
持上がる	モチアガル
持上げる	モチアゲル
持上る	モチアガル
持主	モチヌシ
持久	ジキュウ
持久力	ジキュウリョク
持久戦	ジキュウセン
持久走	ジキュウソウ
持仏	ジブツ
持仏堂	ジブツドウ
持出	モチダシ
持出し	モチダシ
持出す	モチダス
持分	モチブン
持切り	モチキリ
持前	モチマエ
持参	ジサン
持参金	ジサンキン
持合	モチアイ
持合せ	モチアワセ
持合わせ	モチアワセ
持味	モチアジ
持回り	モチマワリ
持堪える	モチコタエル
持場	モチバ
持寄り	モチヨリ
持寄る	モチヨル
持崩す	モチクズス
持帰り	モチカエリ
持帰る	モチカエル
持戒	ジカイ
持戻り	モチモドリ
持手	モチテ
持掛ける	モチカケル
持株	モチカブ
持株会社	モチカブガイシャ
持病	ジビョウ
持直す	モチナオス
持碁	ジゴ
持続	ジゾク
持続可能性	ジゾクカノウセイ
持続性	ジゾクセイ
持続的	ジゾクテキ
持薬	ジヤク
持説	ジセツ
持論	ジロン
持越	モチコシ
持越し	モチコシ
持越す	モチコス
持込み	モチコミ
持込む	モチコム
持逃げ	モチニゲ
持運び	モチハコビ
持運ぶ	モチハコブ
持針器	ジシンキ
持駒	モチゴマ
持高	モチダカ
挂甲	ケイコウ
指さし	ユビサシ
指さす	ユビサス
指しゃぶり	ユビシャブリ
指し値	サシネ
指し手	サシテ
指し掛け	サシカケ
指し棒	サシボウ
指し物	サシモノ
指し示す	サシシメス
指す	サス
指ぬき	ユビヌキ
指人形	ユビニンギョウ
指令	シレイ
指使い	ユビヅカイ
指値	サシネ
指先	ユビサキ
指切り	ユビキリ
指南	シナン
指南役	シナンヤク
指南書	シナンショ
指南番	シナンバン
指南車	シナンシャ
指名	シメイ
指向	シコウ
指向性	シコウセイ
指呼	シコ
指図	サシズ
指圧	シアツ
指定	シテイ
指定券	シテイケン
指定席	シテイセキ
指定感染症	シテイカンセンショウ
指定校	シテイコウ
指定都市	シテイトシ
指導	シドウ
指導主事	シドウシュジ
指導力	シドウリョク
指導医	シドウイ
指導員	シドウイン
指導室	シドウシツ
指導者	シドウシャ
指差す	ユビサス
指弾	シダン
指手	サシテ
指折り	ユビオリ
指揮	シキ
指揮官	シキカン
指揮棒	シキボウ
指揮権	シキケン
指揮者	シキシャ
指摘	シテキ
指数	シスウ
指数関数	シスウカンスウ
指標	シヒョウ
指物	サシモノ
指物師	サシモノシ
指環	ユビワ
指相撲	ユビズモウ
指示器	シジキ
指示機	シジキ
指示薬	シジヤク
指示詞	シジシ
指示語	シジゴ
指穴	ユビアナ
指笛	ユビブエ
指紋	シモン
指詰め	ユビツメ
指話法	シワホウ
指輪	ユビワ
指遣い	ユビヅカイ
指間	シカン
指頭	シトウ
指骨	シコツ
按じる	アンジル
按ずる	アンズル
按分	アンブン
按察	アゼチ
按排	アンバイ
按摩	アンマ
按腹	アンプク
按配	アンバイ
挌闘	カクトウ
挍合	キョウゴウ
挑みかかる	イドミカカル
挑み掛かる	イドミカカル
挑む	イドム
挑戦	チョウセン
挑戦者	チョウセンシャ
挑撥	チョウハツ
挑発	チョウハツ
挑発的	チョウハツテキ
挘る	ムシル
挙がる	アガル
挙げる	アゲル
挙げ句	アゲク
挙げ足	アゲアシ
挙上	キョジョウ
挙例	キョレイ
挙党	キョトウ
挙兵	キョヘイ
挙動	キョドウ
挙句	アゲク
挙国	キョコク
挙式	キョシキ
挙手	キョシュ
挙措	キョソ
挙止	キョシ
挙用	キョヨウ
挙示	キョジ
挙筋	キョキン
挙行	キョコウ
挙証	キョショウ
挟まる	ハサマル
挟みこむ	ハサミコム
挟み上げる	ハサミアゲル
挟み付け	ハサミツケ
挟み切る	ハサミキル
挟み打ち	ハサミウチ
挟み撃ち	ハサミウチ
挟み込む	ハサミコム
挟撃	キョウゲキ
挨拶	アイサツ
挨拶まわり	アイサツマワリ
挨拶回り	アイサツマワリ
挨拶文	アイサツブン
挨拶状	アイサツジョウ
挫き	クジキ
挫く	クジク
挫ける	クジケル
挫傷	ザショウ
挫創	ザソウ
挫折	ザセツ
挫折感	ザセツカン
挫滅	ザメツ
挫骨	ザコツ
振う	フルウ
振とう	シントウ
振りあげる	フリアゲル
振りおろす	フリオロス
振りかえる	フリカエル
振りかけ	フリカケ
振りかける	フリカケル
振りかざす	フリカザス
振りかぶる	フリカブル
振りがな	フリガナ
振りしぼる	フリシボル
振りそで	フリソデ
振りたてる	フリタテル
振りほどく	フリホドク
振りまく	フリマク
振りまわす	フリマワス
振りみだす	フリミダス
振りわける	フリワケル
振り上げる	フリアゲル
振り下ろす	フリオロス
振り乱す	フリミダス
振り付け	フリツケ
振り付ける	フリツケル
振り付け師	フリツケシ
振り仮名	フリガナ
振り仰ぐ	フリアオグ
振り出	フリダシ
振り出し	フリダシ
振り出す	フリダス
振り分け	フリワケ
振り分ける	フリワケル
振り切る	フリキル
振り切れる	フリキレル
振り動かす	フリウゴカス
振り合い	フリアイ
振り向く	フリムク
振り向ける	フリムケル
振り回す	フリマワス
振り売り	フリウリ
振り子	フリコ
振り幅	フリハバ
振り当てる	フリアテル
振り捨てる	フリステル
振り掛け	フリカケ
振り掛ける	フリカケル
振り撒く	フリマク
振り放す	フリハナス
振り替	フリカエ
振り替え	フリカエ
振り替える	フリカエル
振り替え休日	フリカエキュウジツ
振り混ぜる	フリマゼル
振り立てる	フリタテル
振り絞る	フリシボル
振り翳す	フリカザス
振り落す	フリオトス
振り落とす	フリオトス
振り袖	フリソデ
振り被る	フリカブル
振り解く	フリホドク
振り起こす	フリオコス
振り起す	フリオコス
振り込み	フリコミ
振り込む	フリコム
振り返る	フリカエル
振り逃げ	フリニゲ
振り降ろす	フリオロス
振り離す	フリハナス
振り飛ばす	フリトバス
振り駒	フリゴマ
振るい落す	フルイオトス
振るい落とす	フルイオトス
振るう	フルウ
振る舞い酒	フルマイザケ
振れる	フレル
振れ取り	フレトリ
振れ幅	フレハバ
振乱す	フリミダス
振付	フリツケ
振付け	フリツケ
振付け師	フリツケシ
振付家	フリツケカ
振付師	フリツケシ
振仮名	フリガナ
振仰ぐ	フリアオグ
振休	フリキュウ
振作	シンサク
振出	フリダシ
振出し	フリダシ
振出す	フリダス
振分け	フリワケ
振分ける	フリワケル
振切る	フリキル
振動	シンドウ
振動子	シンドウシ
振動数	シンドウスウ
振合い	フリアイ
振向く	フリムク
振向ける	フリムケル
振回す	フリマワス
振売	フリウリ
振売り	フリウリ
振幅変調	シンプクヘンチョウ
振当てる	フリアテル
振戦	シンセン
振捨てる	フリステル
振掛け	フリカケ
振放す	フリハナス
振替	フリカエ
振替え	フリカエ
振替える	フリカエル
振替え休日	フリカエキュウジツ
振替休日	フリカエキュウジツ
振盪	シントウ
振粛	シンシュク
振絞る	フリシボル
振興	シンコウ
振袖	フリソデ
振起	シンキ
振起こす	フリオコス
振起す	フリオコス
振込み	フリコミ
振込む	フリコム
振返る	フリカエル
振鈴	シンレイ
振顫	シンセン
挵る	セセル
挺する	テイスル
挺身	テイシン
挺身隊	テイシンタイ
挺進	テイシン
挽き割り	ヒキワリ
挽き物	ヒキモノ
挽き立て	ヒキタテ
挽き肉	ヒキニク
挽き臼	ヒキウス
挽き茶	ヒキチャ
挽割り	ヒキワリ
挽回	バンカイ
挽歌	バンカ
挽物	ヒキモノ
挽肉	ヒキニク
挽臼	ヒキウス
挽茶	ヒキチャ
挾む	ハサム
挿げる	スゲル
挿げ替える	スゲカエル
挿しこむ	サシコム
挿し入れる	サシイレル
挿し替える	サシカエル
挿し絵	サシエ
挿す	サス
挿み	ハサミ
挿む	ハサム
挿れる	イレル
挿入	ソウニュウ
挿入句	ソウニュウク
挿入歌	ソウニュウカ
挿図	ソウズ
挿木	サシキ
挿物	サシモノ
挿秧	ソウオウ
挿管	ソウカン
挿絵	サシエ
挿話	ソウワ
挿頭	カザシ
捉えどころ	トラエドコロ
捉え所	トラエドコロ
捉まる	ツカマル
捉われる	トラワレル
捌かす	ハカス
捌き	サバキ
捌く	サバク
捏ち上げ	デッチアゲ
捏ち上げる	デッチアゲル
捏ね上げる	コネアゲル
捏ね合わせる	コネアワセル
捏ね回す	コネマワス
捏ね粉	コネコ
捏ね返す	コネカエス
捏ね鉢	コネバチ
捏返す	コネカエス
捕える	トラエル
捕そく	ホソク
捕らえる	トラエル
捕らわれ	トラワレ
捕らわれる	トラワレル
捕り手	トリテ
捕り方	トリカタ
捕り物	トリモノ
捕り縄	トリナワ
捕われ	トラワレ
捕われる	トラワレル
捕吏	ホリ
捕囚	ホシュウ
捕捉	ホソク
捕捉剤	ホソクザイ
捕方	トリカタ
捕殺	ホサツ
捕物	トリモノ
捕物帖	トリモノチョウ
捕物帳	トリモノチョウ
捕獲	ホカク
捕獲岩	ホカクガン
捕球	ホキュウ
捕縛	ホバク
捕虜	ホリョ
捕虫	ホチュウ
捕虫網	ホチュウアミ
捕逸	ホイツ
捕食	ホショク
捕食者	ホショクシャ
捕鯨	ホゲイ
捕鯨砲	ホゲイホウ
捕鯨船	ホゲイセン
捕鼠	ホソ
捗々しい	ハカバカシイ
捗る	ハカドル
捗捗しい	ハカバカシイ
捜しあてる	サガシアテル
捜しだす	サガシダス
捜しもの	サガシモノ
捜し出す	サガシダス
捜し回る	サガシマワル
捜し当てる	サガシアテル
捜し求める	サガシモトメル
捜し物	サガシモノ
捜す	サガス
捜査	ソウサ
捜査員	ソウサイン
捜査官	ソウサカン
捜査課	ソウサカ
捜索	ソウサク
捜索者	ソウサクシャ
捥ぎ取る	モギトル
捥ぐ	モグ
捥げる	モゲル
捧ぐ	ササグ
捧げもつ	ササゲモツ
捧げもの	ササゲモノ
捧げる	ササゲル
捧げ持つ	ササゲモツ
捧げ物	ササゲモノ
捧げ銃	ササゲツツ
捧呈	ホウテイ
捧持	ホウジ
捧腹	ホウフク
捧銃	ササゲツツ
捨つ	スツ
捨ておく	ステオク
捨てさる	ステサル
捨てぜりふ	ステゼリフ
捨てばち	ステバチ
捨てる	ステル
捨てアカ	ステアカ
捨てゼリフ	ステゼリフ
捨て仮名	ステガナ
捨て値	ステネ
捨て印	ステイン
捨て去る	ステサル
捨て台詞	ステゼリフ
捨て場	ステバ
捨て売り	ステウリ
捨て子	ステゴ
捨て所	ステドコロ
捨て札	ステフダ
捨て牌	ステハイ
捨て犬	ステイヌ
捨て猫	ステネコ
捨て石	ステイシ
捨て科白	ステゼリフ
捨て置く	ステオク
捨て身	ステミ
捨て金	ステガネ
捨て鉢	ステバチ
捨て駒	ステゴマ
捨印	ステイン
捨売り	ステウリ
捨子	ステゴ
捨札	ステフダ
捨石	ステイシ
捨象	シャショウ
捨鉢	ステバチ
捩じくれる	ネジクレル
捩じり	ネジリ
捩じる	ネジル
捩じれ	ネジレ
捩じれる	ネジレル
捩じ上げる	ネジアゲル
捩じ伏せる	ネジフセル
捩じ倒す	ネジタオス
捩じ切る	ネジキル
捩じ向ける	ネジムケル
捩じ曲がる	ネジマガル
捩じ曲げる	ネジマゲル
捩じ込む	ネジコム
捩伏せる	ネジフセル
捩切る	ネジキル
捩向ける	ネジムケル
捩子	ネジ
捩摺	モジズリ
捩花	ネジバナ
据えつける	スエツケル
据える	スエル
据え付け	スエツケ
据え付ける	スエツケル
据え物	スエモノ
据え置き	スエオキ
据え置き期間	スエオキキカン
据え置く	スエオク
据え膳	スエゼン
据え風呂	スエフロ
据わる	スワル
据付	スエツケ
据付ける	スエツケル
据置き	スエオキ
据置期間	スエオキキカン
据膳	スエゼン
据銃	キョジュウ
据風呂	スエフロ
捲きあげる	マキアゲル
捲き上げる	マキアゲル
捲き揚げる	マキアゲル
捲き起こす	マキオコス
捲き起こる	マキオコル
捲き起す	マキオコス
捲き込む	マキコム
捲く	マク
捲したてる	マクシタテル
捲し上げる	マクシアゲル
捲し立てる	マクシタテル
捲り札	メクリフダ
捲線	マキセン
捷利	ショウリ
捷報	ショウホウ
捷径	ショウケイ
捺す	オス
捺印	ナツイン
捻くり回す	ヒネクリマワス
捻くる	ヒネクル
捻くれる	ヒネクレル
捻くれ者	ヒネクレモノ
捻じくれる	ネジクレル
捻じる	ネジル
捻じれ	ネジレ
捻じれる	ネジレル
捻じ上げる	ネジアゲル
捻じ伏せる	ネジフセル
捻じ切る	ネジキル
捻じ向ける	ネジムケル
捻じ曲がる	ネジマガル
捻じ曲げる	ネジマゲル
捻じ込む	ネジコム
捻り出す	ヒネリダス
捻り回す	ヒネリマワス
捻り殺す	ヒネリコロス
捻り潰す	ヒネリツブス
捻れる	ネジレル
捻出	ネンシュツ
捻子	ネジ
捻挫	ネンザ
捻軍	ネングン
捻転	ネンテン
掃う	ハラウ
掃きだし	ハキダシ
掃きだす	ハキダス
掃きだめ	ハキダメ
掃き出し	ハキダシ
掃き出す	ハキダス
掃き寄せる	ハキヨセル
掃き手	ハキテ
掃き捨てる	ハキステル
掃き清める	ハキキヨメル
掃き溜め	ハキダメ
掃き溜めに鶴	ハキダメニツル
掃き立て	ハキタテ
掃き集める	ハキアツメル
掃出し	ハキダシ
掃出す	ハキダス
掃射	ソウシャ
掃引	ソウイン
掃海	ソウカイ
掃海艇	ソウカイテイ
掃溜	ハキダメ
掃溜め	ハキダメ
掃滅	ソウメツ
掃立て	ハキタテ
掃蕩	ソウトウ
掃討	ソウトウ
掃除	ソウジ
掃除屋	ソウジヤ
掃除機	ソウジキ
授かりもの	サズカリモノ
授かり物	サズカリモノ
授かる	サズカル
授ける	サズケル
授与	ジュヨ
授乳	ジュニュウ
授乳期	ジュニュウキ
授受	ジュジュ
授戒	ジュカイ
授業	ジュギョウ
授業料	ジュギョウリョウ
授権	ジュケン
授爵	ジュシャク
授産	ジュサン
授産所	ジュサンジョ
授章	ジュショウ
授精	ジュセイ
授記	ジュキ
授賞	ジュショウ
授賞式	ジュショウシキ
掌る	ツカサドル
掌中	ショウチュウ
掌大	ショウダイ
掌握	ショウアク
掌理	ショウリ
掌篇	ショウヘン
掌紋	ショウモン
掌編	ショウヘン
掌骨	ショウコツ
掏り替わる	スリカワル
掏る	スル
掏児	スリ
掏摸	スリ
排す	ハイス
排する	ハイスル
排せつ	ハイセツ
排せつ物	ハイセツブツ
排ガス	ハイガス
排中律	ハイチュウリツ
排他	ハイタ
排他的	ハイタテキ
排他的経済水域	ハイタテキケイザイスイイキ
排便	ハイベン
排出	ハイシュツ
排出弁	ハイシュツベン
排出物	ハイシュツブツ
排出量	ハイシュツリョウ
排列	ハイレツ
排卵	ハイラン
排卵日	ハイランビ
排反	ハイハン
排外	ハイガイ
排外的	ハイガイテキ
排尿	ハイニョウ
排撃	ハイゲキ
排斥	ハイセキ
排日	ハイニチ
排気	ハイキ
排気ガス	ハイキガス
排気口	ハイキコウ
排気弁	ハイキベン
排気管	ハイキカン
排気量	ハイキリョウ
排水	ハイスイ
排水路	ハイスイロ
排水量	ハイスイリョウ
排泄	ハイセツ
排泄物	ハイセツブツ
排液	ハイエキ
排煙	ハイエン
排熱	ハイネツ
排球	ハイキュウ
排紙	ハイシ
排菌	ハイキン
排行	ハイコウ
排除	ハイジョ
排雪	ハイセツ
掘さく	クッサク
掘っ建て	ホッタテ
掘っ立て	ホッタテ
掘っ立て柱	ホッタテバシラ
掘りあてる	ホリアテル
掘りおこす	ホリオコス
掘りかえす	ホリカエス
掘りこむ	ホリコム
掘りさげる	ホリサゲル
掘りだす	ホリダス
掘り下げる	ホリサゲル
掘り出す	ホリダス
掘り割り	ホリワリ
掘り崩す	ホリクズス
掘り当てる	ホリアテル
掘り抜く	ホリヌク
掘り起こす	ホリオコス
掘り起す	ホリオコス
掘り込む	ホリコム
掘り返す	ホリカエス
掘り進む	ホリススム
掘る	ホル
掘下げる	ホリサゲル
掘出す	ホリダス
掘削	クッサク
掘削機	クッサクキ
掘削船	クッサクセン
掘割	ホリワリ
掘割り	ホリワリ
掘採	クッサイ
掘立て	ホッタテ
掘立柱	ホッタテバシラ
掘起す	ホリオコス
掘返す	ホリカエス
掘進	クッシン
掘鑿	クッサク
掛かり付け	カカリツケ
掛かり付け医	カカリツケイ
掛かり合い	カカリアイ
掛かり湯	カカリユ
掛けあい	カケアイ
掛けあう	カケアウ
掛けそば	カケソバ
掛け倒れ	カケダオレ
掛け値	カケネ
掛け取り	カケトリ
掛け合い	カケアイ
掛け合せる	カケアワセル
掛け合わす	カケアワス
掛け合わせる	カケアワセル
掛け図	カケズ
掛け声	カケゴエ
掛け売り	カケウリ
掛け字	カケジ
掛け布団	カケブトン
掛け心地	カケゴコチ
掛け技	カケワザ
掛け持ち	カケモチ
掛け持つ	カケモツ
掛け時計	カケドケイ
掛け替える	カケカエル
掛け構い	カケカマイ
掛け橋	カケハシ
掛け汁	カケジル
掛け流し	カケナガシ
掛け渡す	カケワタス
掛け湯	カケユ
掛け物	カケモノ
掛け目	カケメ
掛け直す	カケナオス
掛け矢	カケヤ
掛け矧ぎ	カケハギ
掛け算	カケザン
掛け蒲団	カケブトン
掛け襟	カケエリ
掛け買い	カケガイ
掛け軸	カケジク
掛け違い	カケチガイ
掛け釘	カケクギ
掛け離れる	カケハナレル
掛り付け	カカリツケ
掛り付け医	カカリツケイ
掛り合い	カカリアイ
掛値	カケネ
掛取り	カケトリ
掛取引	カケトリヒキ
掛合い	カケアイ
掛図	カケズ
掛声	カケゴエ
掛売り	カケウリ
掛子	カケゴ
掛布団	カケブトン
掛持ち	カケモチ
掛時計	カケドケイ
掛構い	カケカマイ
掛橋	カケハシ
掛目	カケメ
掛矢	カケヤ
掛算	カケザン
掛紙	カケガミ
掛蒲団	カケブトン
掛蕎麦	カケソバ
掛詞	カケコトバ
掛買い	カケガイ
掛軸	カケジク
掛違い	カケチガイ
掛長	カカリチョウ
掛離れる	カケハナレル
掟破り	オキテヤブリ
掠めとる	カスメトル
掠める	カスメル
掠め取る	カスメトル
掠り	カスリ
掠り傷	カスリキズ
掠る	カスル
掠れる	カスレル
掠れ声	カスレゴエ
掠取	リャクシュ
掠奪	リャクダツ
採りあげる	トリアゲル
採りいれる	トリイレル
採り上げる	トリアゲル
採り入れる	トリイレル
採れたて	トレタテ
採れる	トレル
採便	サイベン
採光	サイコウ
採卵	サイラン
採取	サイシュ
採否	サイヒ
採寸	サイスン
採尿	サイニョウ
採択	サイタク
採捕	サイホ
採掘	サイクツ
採掘権	サイクツケン
採暖	サイダン
採水	サイスイ
採決	サイケツ
採油	サイユ
採火	サイカ
採炭	サイタン
採点	サイテン
採用	サイヨウ
採用枠	サイヨウワク
採用選考	サイヨウセンコウ
採番	サイバン
採石	サイセキ
採石場	サイセキジョウ
採種	サイシュ
採算	サイサン
採納	サイノウ
採草	サイソウ
採薬	サイヤク
採藻	サイソウ
採蜜	サイミツ
採血	サイケツ
採譜	サイフ
採金	サイキン
採鉱	サイコウ
採録	サイロク
採集	サイシュウ
採食	サイショク
採餌	サイジ
探しあてる	サガシアテル
探しだす	サガシダス
探しまわる	サガシマワル
探しもとめる	サガシモトメル
探しもの	サガシモノ
探し出す	サガシダス
探し回る	サガシマワル
探し廻る	サガシマワル
探し当てる	サガシアテル
探し求める	サガシモトメル
探し物	サガシモノ
探す	サガス
探り	サグリ
探り出す	サグリダス
探り合い	サグリアイ
探り回る	サグリマワル
探り当てる	サグリアテル
探り箸	サグリバシ
探り足	サグリアシ
探る	サグル
探信	タンシン
探偵	タンテイ
探偵団	タンテイダン
探偵社	タンテイシャ
探傷	タンショウ
探勝	タンショウ
探掘	タンクツ
探査	タンサ
探査機	タンサキ
探梅	タンバイ
探検	タンケン
探検家	タンケンカ
探求	タンキュウ
探求者	タンキュウシャ
探海灯	タンカイトウ
探測	タンソク
探照灯	タンショウトウ
探知	タンチ
探知器	タンチキ
探知機	タンチキ
探究	タンキュウ
探究心	タンキュウシン
探索	タンサク
探聞	タンブン
探訪	タンボウ
探針	タンシン
探鉱	タンコウ
探険	タンケン
探題	タンダイ
探鳥	タンチョウ
掣肘	セイチュウ
接ぎ台	ツギダイ
接ぎ手	ツギテ
接ぎ木	ツギキ
接ぎ目	ハギメ
接し方	セッシカタ
接する	セッスル
接中辞	セッチュウジ
接伴	セッパン
接写	セッシャ
接収	セッシュウ
接受	セツジュ
接台	ツギダイ
接合	セツゴウ
接合体	セツゴウタイ
接合剤	セツゴウザイ
接合子	セツゴウシ
接吻	セップン
接地	セッチ
接地面	セッチメン
接客	セッキャク
接客婦	セッキャクフ
接客業	セッキャクギョウ
接尾	セツビ
接尾語	セツビゴ
接尾辞	セツビジ
接岸	セツガン
接平面	セツヘイメン
接待	セッタイ
接待婦	セッタイフ
接待費	セッタイヒ
接心	セッシン
接戦	セッセン
接手	ツギテ
接敵	セッテキ
接木	ツギキ
接点	セッテン
接着	セッチャク
接着剤	セッチャクザイ
接種	セッシュ
接種率	セッシュリツ
接続	セツゾク
接続料	セツゾクリョウ
接続法	セツゾクホウ
接続詞	セツゾクシ
接続語	セツゾクゴ
接線	セッセン
接置詞	セッチシ
接舷	セツゲン
接衝	セッショウ
接見	セッケン
接触	セッショク
接触感染	セッショクカンセン
接触者	セッショクシャ
接語	セツゴ
接辞	セツジ
接近	セッキン
接遇	セツグウ
接道	セツドウ
接頭	セットウ
接頭語	セットウゴ
接頭辞	セットウジ
接骨	セッコツ
接骨院	セッコツイン
控えめ	ヒカエメ
控える	ヒカエル
控え壁	ヒカエカベ
控え室	ヒカエシツ
控え帳	ヒカエチョウ
控え目	ヒカエメ
控室	ヒカエシツ
控訴	コウソ
控訴人	コウソニン
控訴審	コウソシン
控除	コウジョ
控除率	コウジョリツ
控除額	コウジョガク
推しはかる	オシハカル
推し広める	オシヒロメル
推し活	オシカツ
推し測る	オシハカル
推し立てる	オシタテル
推し計る	オシハカル
推し進める	オシススメル
推し量る	オシハカル
推す	オス
推力	スイリョク
推参	スイサン
推奨	スイショウ
推定	スイテイ
推定値	スイテイチ
推察	スイサツ
推戴	スイタイ
推挙	スイキョ
推挽	スイバン
推敲	スイコウ
推断	スイダン
推服	スイフク
推測	スイソク
推測る	オシハカル
推理	スイリ
推理力	スイリリョク
推知	スイチ
推称	スイショウ
推移	スイイ
推算	スイサン
推考	スイコウ
推薦	スイセン
推薦人	スイセンニン
推薦書	スイセンショ
推薦枠	スイセンワク
推薦状	スイセンジョウ
推薦者	スイセンシャ
推計	スイケイ
推計学	スイケイガク
推認	スイニン
推論	スイロン
推論式	スイロンシキ
推譲	スイジョウ
推賞	スイショウ
推輓	スイバン
推進	スイシン
推進剤	スイシンザイ
推進力	スイシンリョク
推進器	スイシンキ
推量る	オシハカル
掩う	オオウ
掩体	エンタイ
掩蓋	エンガイ
掩蔽	エンペイ
掩護	エンゴ
措く	オク
措定	ソテイ
措置	ソチ
措辞	ソジ
掬い	スクイ
掬いあげる	スクイアゲル
掬い上げる	スクイアゲル
掬い出す	スクイダス
掬い取る	スクイトル
掬い投げ	スクイナゲ
掬い網	スクイアミ
掬う	スクウ
掬する	キクスル
掲げる	カカゲル
掲出	ケイシュツ
掲揚	ケイヨウ
掲示	ケイジ
掲示板	ケイジバン
掲載	ケイサイ
掲額	ケイガク
掴まえる	ツカマエル
掴ませる	ツカマセル
掴まり立ち	ツカマリダチ
掴み	ツカミ
掴みあう	ツカミアウ
掴みかかる	ツカミカカル
掴み上げる	ツカミアゲル
掴み出す	ツカミダス
掴み取る	ツカミトル
掴み所	ツカミドコロ
掴み掛かる	ツカミカカル
掴む	ツカム
掻いくぐる	カイクグル
掻いつまむ	カイツマム
掻い出す	カイダス
掻い巻	カイマキ
掻い巻き	カイマキ
掻い掘り	カイボリ
掻い摘む	カイツマム
掻い撫で	カイナデ
掻い込む	カイコム
掻きこむ	カキコム
掻きこわす	カキコワス
掻きたてる	カキタテル
掻きまぜる	カキマゼル
掻きまわす	カキマワス
掻きむしる	カキムシル
掻き上げる	カキアゲル
掻き乱す	カキミダス
掻き傷	カキキズ
掻き出す	カキダス
掻き分ける	カキワケル
掻き切る	カキキル
掻き口説く	カキクドク
掻き合せる	カキアワセル
掻き合わせる	カキアワセル
掻き回す	カキマワス
掻き壊す	カキコワス
掻き寄せる	カキヨセル
掻き揚げ	カキアゲ
掻き揚げる	カキアゲル
掻き撫でる	カキナデル
掻き暮れる	カキクレル
掻き曇る	カキクモル
掻き毟る	カキムシル
掻き消える	カキキエル
掻き消す	カキケス
掻き混ぜる	カキマゼル
掻き玉	カキタマ
掻き立てる	カキタテル
掻き落とす	カキオトス
掻き起こす	カキオコス
掻き起す	カキオコス
掻き込む	カキコム
掻き退ける	カキノケル
掻き集める	カキアツメル
掻き雑ぜる	カキマゼル
掻き鳴らす	カキナラス
掻く	カク
掻っさらう	カッサラウ
掻っ切る	カッキル
掻っ払い	カッパライ
掻っ捌く	カッサバク
掻っ穿る	カッポジル
掻っ込む	カッコム
掻器	ソウキ
掻巻	カイマキ
掻巻き	カイマキ
掻払い	カッパライ
掻揚げ	カキアゲ
掻摘む	カイツマム
掻爬	ソウハ
掻玉	カキタマ
掻痒	ソウヨウ
掻痒症	ソウヨウショウ
掻起す	カキオコス
揃い踏み	ソロイブミ
揃う	ソロウ
揃える	ソロエル
揉みあう	モミアウ
揉みくちゃ	モミクチャ
揉みしだく	モミシダク
揉みほぐす	モミホグス
揉み上げ	モミアゲ
揉み出す	モミダス
揉み合い	モミアイ
揉み手	モミデ
揉み洗い	モミアライ
揉み海苔	モミノリ
揉み消し	モミケシ
揉み消す	モミケス
揉み立てる	モミタテル
揉み解す	モミホグス
揉み込む	モミコム
揉み返し	モミカエシ
揉む	モム
揉め	モメ
揉めごと	モメゴト
揉める	モメル
揉め事	モメゴト
揉捻	ジュウネン
揉消す	モミケス
描きだす	エガキダス
描き出す	エガキダス
描き足す	エガキタス
描像	ビョウゾウ
描写	ビョウシャ
描出	ビョウシュツ
描法	ビョウホウ
描画	ビョウガ
描破	ビョウハ
描線	ビョウセン
提げ	サゲ
提げ物	サゲモノ
提げ重	サゲジュウ
提供	テイキョウ
提出	テイシュツ
提出日	テイシュツビ
提出期限	テイシュツキゲン
提出物	テイシュツブツ
提出者	テイシュツシャ
提唱	テイショウ
提喩	テイユ
提子	ヒサゲ
提携	テイケイ
提携先	テイケイサキ
提案	テイアン
提案書	テイアンショ
提灯持ち	チョウチンモチ
提琴	テイキン
提督	テイトク
提示	テイジ
提要	テイヨウ
提言	テイゲン
提訴	テイソ
提議	テイギ
提起	テイキ
提題	テイダイ
插入	ソウニュウ
揖譲	ユウジョウ
揚々	ヨウヨウ
揚がり	アガリ
揚がる	アガル
揚げ	アゲ
揚げかす	アゲカス
揚げひばり	アゲヒバリ
揚げもの	アゲモノ
揚げる	アゲル
揚げ代	アゲダイ
揚げ出し	アゲダシ
揚げ卸し	アゲオロシ
揚げ句	アゲク
揚げ場	アゲバ
揚げ屋	アゲヤ
揚げ巻	アゲマキ
揚げ幕	アゲマク
揚げ床	アゲドコ
揚げ戸	アゲド
揚げ板	アゲイタ
揚げ油	アゲアブラ
揚げ浜	アゲハマ
揚げ滓	アゲカス
揚げ焼き	アゲヤキ
揚げ物	アゲモノ
揚げ玉	アゲダマ
揚げ足	アゲアシ
揚げ鍋	アゲナベ
揚げ雲雀	アゲヒバリ
揚げ餅	アゲモチ
揚げ麩	アゲフ
揚る	アガル
揚代	アゲダイ
揚出し	アゲダシ
揚力	ヨウリョク
揚収	ヨウシュウ
揚句	アゲク
揚屋	アゲヤ
揚巻	アゲマキ
揚幕	アゲマク
揚戸	アゲド
揚揚	ヨウヨウ
揚板	アゲイタ
揚棄	ヨウキ
揚水	ヨウスイ
揚水機	ヨウスイキ
揚浜	アゲハマ
揚羽	アゲハ
揚羽蝶	アゲハチョウ
揚言	ヨウゲン
揚足	アゲアシ
揚重	ヨウジュウ
揚錨	ヨウビョウ
揚鍋	アゲナベ
揚陸	ヨウリク
揚雲雀	アゲヒバリ
換える	カエル
換わり	カワリ
換わる	カワル
換価	カンカ
換喩	カンユ
換地	カンチ
換気	カンキ
換気口	カンキコウ
換気扇	カンキセン
換物	カンブツ
換算率	カンサンリツ
換羽	カンウ
換装	カンソウ
換言	カンゲン
換金	カンキン
握らす	ニギラス
握り	ニギリ
握りあう	ニギリアウ
握りこぶし	ニギリコブシ
握りしめる	ニギリシメル
握りずし	ニギリズシ
握りつぶし	ニギリツブシ
握りつぶす	ニギリツブス
握りばさみ	ニギリバサミ
握りめし	ニギリメシ
握り寿司	ニギリズシ
握り屋	ニギリヤ
握り拳	ニギリコブシ
握り潰し	ニギリツブシ
握り潰す	ニギリツブス
握り箸	ニギリバシ
握り締める	ニギリシメル
握り込む	ニギリコム
握り返す	ニギリカエス
握り鋏	ニギリバサミ
握り飯	ニギリメシ
握り鮨	ニギリズシ
握る	ニギル
握力	アクリョク
握力計	アクリョクケイ
握寿司	ニギリズシ
握手	アクシュ
握手会	アクシュカイ
握把	アクハ
握握	ニギニギ
握飯	ニギリメシ
握鮨	ニギリズシ
揣摩	シマ
揮う	フルウ
揮ごう	キゴウ
揮毫	キゴウ
揮発	キハツ
揮発性	キハツセイ
揮発油	キハツユ
援ける	タスケル
援交	エンコウ
援兵	エンペイ
援助	エンジョ
援助交際	エンジョコウサイ
援助者	エンジョシャ
援引	エンイン
援用	エンヨウ
援護	エンゴ
援軍	エングン
揶揄	ヤユ
揶揄い	カラカイ
揺がす	ユルガス
揺ぎ無い	ユルギナイ
揺さぶり	ユサブリ
揺さぶる	ユサブル
揺さ振り	ユサブリ
揺さ振る	ユサブル
揺すぶる	ユスブル
揺すり	ユスリ
揺すり蚊	ユスリカ
揺すり起こす	ユスリオコス
揺する	ユスル
揺すれる	ユスレル
揺す振る	ユスブル
揺らぎ	ユラギ
揺らぐ	ユラグ
揺らす	ユラス
揺らめき	ユラメキ
揺らめく	ユラメク
揺りかご	ユリカゴ
揺り動かす	ユリウゴカス
揺り戻し	ユリモドシ
揺り戻す	ユリモドス
揺り籃	ユリカゴ
揺り籠	ユリカゴ
揺り落とす	ユリオトス
揺り起こす	ユリオコス
揺り返し	ユリカエシ
揺り返す	ユリカエス
揺る	ユル
揺るがす	ユルガス
揺るぎ	ユルギ
揺るぎない	ユルギナイ
揺るぎ無い	ユルギナイ
揺るぐ	ユルグ
揺れ	ユレ
揺れる	ユレル
揺れ動く	ユレウゴク
揺動	ヨウドウ
揺曳	ヨウエイ
揺籃期	ヨウランキ
揺籠	ユリカゴ
揺蕩	ヨウトウ
損じ	ソンジ
損じる	ソンジル
損する	ソンスル
損ずる	ソンズル
損なう	ソコナウ
損ねる	ソコネル
損保	ソンポ
損傷	ソンショウ
損切り	ソンギリ
損壊	ソンカイ
損失	ソンシツ
損失額	ソンシツガク
損害	ソンガイ
損害保険	ソンガイホケン
損害賠償	ソンガイバイショウ
損害額	ソンガイガク
損得	ソントク
損所	ソンショ
損料	ソンリョウ
損気	ソンキ
損益	ソンエキ
損益計算書	ソンエキケイサンショ
損賠	ソンバイ
損金	ソンキン
搏つ	ウツ
搏動	ハクドウ
搔い摘む	カイツマム
搔い潜る	カイクグル
搔き	カキ
搔きだす	カキダス
搔きまぜる	カキマゼル
搔き上げる	カキアゲル
搔き乱す	カキミダス
搔き出す	カキダス
搔き分ける	カキワケル
搔き切る	カキキル
搔き合せる	カキアワセル
搔き回す	カキマワス
搔き寄せる	カキヨセル
搔き抱く	カキイダク
搔き撫でる	カキナデル
搔き毟る	カキムシル
搔き消える	カキキエル
搔き消す	カキケス
搔き混ぜる	カキマゼル
搔き立てる	カキタテル
搔き落す	カキオトス
搔き起す	カキオコス
搔き退ける	カキノケル
搔き集める	カキアツメル
搔き鳴らす	カキナラス
搔く	カク
搔っ払い	カッパライ
搔器	ソウキ
搔巻	カイマキ
搔敷	カイシキ
搔爬	ソウハ
搔痒	ソウヨウ
搗き立て	ツキタテ
搗ち割り	カチワリ
搗ち割る	カチワル
搗布	カジメ
搗栗	カチグリ
搗精	トウセイ
搦む	カラム
搦めとる	カラメトル
搦める	カラメル
搦め取る	カラメトル
搦め捕る	カラメトル
搩手	チャクシュ
搬入	ハンニュウ
搬出	ハンシュツ
搬送	ハンソウ
搬送波	ハンソウハ
搭乗	トウジョウ
搭乗券	トウジョウケン
搭乗員	トウジョウイン
搭乗橋	トウジョウキョウ
搭乗者	トウジョウシャ
搭載	トウサイ
携える	タズサエル
携る	タズサワル
携わる	タズサワル
携帯	ケイタイ
携帯性	ケイタイセイ
携帯用	ケイタイヨウ
携帯番号	ケイタイバンゴウ
携帯端末	ケイタイタンマツ
携帯電話	ケイタイデンワ
携行	ケイコウ
携行食	ケイコウショク
搾め木	シメギ
搾め滓	シメカス
搾り	シボリ
搾りかす	シボリカス
搾りたて	シボリタテ
搾りとる	シボリトル
搾り上げる	シボリアゲル
搾り出す	シボリダス
搾り取る	シボリトル
搾り器	シボリキ
搾り汁	シボリジル
搾り立て	シボリタテ
搾る	シボル
搾乳	サクニュウ
搾取	サクシュ
搾木	シメギ
搾油	サクユ
摂りこむ	トリコム
摂り入れる	トリイレル
摂動	セツドウ
摂取	セッシュ
摂取量	セッシュリョウ
摂家	セッケ
摂待	セッタイ
摂氏	セッシ
摂理	セツリ
摂生	セッセイ
摂社	セッシャ
摂護腺	セツゴセン
摂関	セッカン
摂関家	セッカンケ
摂食	セッショク
摂餌	セツジ
摑まる	ツカマル
摑み	ツカミ
摑み取る	ツカミトル
摑む	ツカム
摘まみ	ツマミ
摘まみ上げる	ツマミアゲル
摘まむ	ツマム
摘みとり	ツミトリ
摘み上げる	ツマミアゲル
摘み出す	ツマミダス
摘み洗い	ツマミアライ
摘み物	ツマミモノ
摘み草	ツミクサ
摘み菜	ツマミナ
摘み食い	ツマミグイ
摘入	ツミレ
摘出	テキシュツ
摘心	テキシン
摘果	テキカ
摘発	テキハツ
摘示	テキシ
摘芯	テキシン
摘芽	テキガ
摘蕾	テキライ
摘要	テキヨウ
摘記	テッキ
摘録	テキロク
摧く	クダク
摩する	マスル
摩り切り	スリキリ
摩り切る	スリキル
摩り切れる	スリキレル
摩り寄る	スリヨル
摩り替える	スリカエル
摩り替る	スリカワル
摩り替わる	スリカワル
摩れる	スレル
摩天楼	マテンロウ
摩尼	マニ
摩損	マソン
摩擦	マサツ
摩擦力	マサツリョク
摩擦音	マサツオン
摩滅	マメツ
摩砕	マサイ
摩羅	マラ
摩耗	マモウ
摩訶	マカ
摯実	シジツ
摸する	モスル
摸倣	モホウ
摸写	モシャ
摸本	モホン
摸索	モサク
摸造	モゾウ
摺り合せ	スリアワセ
摺り合せる	スリアワセル
摺り合わせ	スリアワセ
摺り合わせる	スリアワセル
摺り寄せる	スリヨセル
摺り抜ける	スリヌケル
摺り替える	スリカエル
摺り本	スリホン
摺り物	スリモノ
摺り箔	スリハク
摺り足	スリアシ
摺り鉢	スリバチ
摺動	シュウドウ
摺物	スリモノ
摺箔	スリハク
摺足	スリアシ
撃ちこむ	ウチコム
撃ちぬく	ウチヌク
撃ち取る	ウチトル
撃ち合い	ウチアイ
撃ち抜く	ウチヌク
撃ち方	ウチカタ
撃ち止める	ウチトメル
撃ち殺す	ウチコロス
撃ち破る	ウチヤブル
撃ち落す	ウチオトス
撃ち落とす	ウチオトス
撃ち込む	ウチコム
撃ち返す	ウチカエス
撃合い	ウチアイ
撃墜	ゲキツイ
撃壌	ゲキジョウ
撃攘	ゲキジョウ
撃柝	ゲキタク
撃止める	ウチトメル
撃殺す	ウチコロス
撃沈	ゲキチン
撃滅	ゲキメツ
撃砕	ゲキサイ
撃破	ゲキハ
撃術	ゲキジュツ
撃退	ゲキタイ
撃針	ゲキシン
撃鉄	ゲキテツ
撒き散らす	マキチラス
撒く	マク
撒水車	サンスイシャ
撓み	タワミ
撓む	タワム
撓垂れる	シナダレル
撓垂れ掛かる	シナダレカカル
撚り合せる	ヨリアワセル
撚り合わせる	ヨリアワセル
撚り糸	ヨリイト
撞球	ドウキュウ
撞着	ドウチャク
撤兵	テッペイ
撤去	テッキョ
撤収	テッシュウ
撤回	テッカイ
撤廃	テッパイ
撤退	テッタイ
撥ねかす	ハネカス
撥ねつける	ハネツケル
撥ねのける	ハネノケル
撥ね上げる	ハネアゲル
撥ね付ける	ハネツケル
撥ね物	ハネモノ
撥ね返す	ハネカエス
撥ね返り	ハネカエリ
撥ね退ける	ハネノケル
撥ね釣瓶	ハネツルベ
撥ね除ける	ハネノケル
撥ね飛ばす	ハネトバス
撥水	ハッスイ
撥音便	ハツオンビン
撥鬢	バチビン
撩乱	リョウラン
撫する	ブスル
撫ぜる	ナゼル
撫であげる	ナデアゲル
撫でさする	ナデサスル
撫でつけ	ナデツケ
撫でつける	ナデツケル
撫でまわす	ナデマワス
撫でる	ナデル
撫で上げる	ナデアゲル
撫で下す	ナデオロス
撫で下ろす	ナデオロス
撫で付け	ナデツケ
撫で付ける	ナデツケル
撫で回す	ナデマワス
撫で摩る	ナデサスル
撫で撫で	ナデナデ
撫で斬り	ナデギリ
撫で牛	ナデウシ
撫で肩	ナデガタ
撫子	ナデシコ
撫斬り	ナデギリ
撫肩	ナデガタ
撫育	ブイク
播く	マク
播種	ハシュ
撮す	ウツス
撮み	ツマミ
撮み出す	ツマミダス
撮む	ツマム
撮りためる	トリタメル
撮り下ろし	トリオロシ
撮り方	トリカタ
撮り直し	トリナオシ
撮り直す	トリナオス
撮り鉄	トリテツ
撮れる	トレル
撮像	サツゾウ
撮像管	サツゾウカン
撮入	サツニュウ
撮影	サツエイ
撮影会	サツエイカイ
撮影機	サツエイキ
撮影者	サツエイシャ
撮要	サツヨウ
撰ぶ	エラブ
撰修	センシュウ
撰文	センブン
撰者	センジャ
撰述	センジュツ
撰進	センシン
撲り倒す	ハリタオス
撲殺	ボクサツ
撲滅	ボクメツ
撹拌機	カクハンキ
擁する	ヨウスル
擁壁	ヨウヘキ
擁立	ヨウリツ
擁護論	ヨウゴロン
擂りつぶす	スリツブス
擂り潰す	スリツブス
擂り胡麻	スリゴマ
擂り身	スリミ
擂り込む	スリコム
擂り鉢	スリバチ
擂り餌	スリエ
擂る	スル
擂れる	スレル
擂潰	ライカイ
擂潰す	スリツブス
擂鉢	スリバチ
擅断	センダン
操り	アヤツリ
操り人形	アヤツリニンギョウ
操る	アヤツル
操人形	アヤツリニンギョウ
操作	ソウサ
操作ミス	ソウサミス
操作性	ソウサセイ
操作方法	ソウサホウホウ
操作盤	ソウサバン
操典	ソウテン
操守	ソウシュ
操業	ソウギョウ
操業短縮	ソウギョウタンシュク
操法	ソウホウ
操演	ソウエン
操短	ソウタン
操練	ソウレン
操縦	ソウジュウ
操縦士	ソウジュウシ
操縦室	ソウジュウシツ
操縦席	ソウジュウセキ
操縦桿	ソウジュウカン
操縦者	ソウジュウシャ
操舵	ソウダ
操舵室	ソウダシツ
操舵手	ソウダシュ
操舵輪	ソウダリン
操船	ソウセン
操艦	ソウカン
操行	ソウコウ
操車	ソウシャ
操車場	ソウシャジョウ
擠陥	セイカン
擡げる	モタゲル
擡頭	タイトウ
擢んでる	ヌキンデル
擤む	カム
擦った揉んだ	スッタモンダ
擦りこむ	スリコム
擦りむく	スリムク
擦り切り	スリキリ
擦り切る	スリキル
擦り切れる	スリキレル
擦り剥く	スリムク
擦り剥ける	スリムケル
擦り半	スリバン
擦り合せ	スリアワセ
擦り合せる	スリアワセル
擦り寄せる	スリヨセル
擦り寄る	スリヨル
擦り抜ける	スリヌケル
擦り替える	スリカエル
擦り替わる	スリカワル
擦り減らす	スリヘラス
擦り減る	スリヘル
擦り疵	スリキズ
擦り落とす	コスリオトス
擦れあう	スレアウ
擦れっ枯らし	スレッカラシ
擦れ擦れ	スレスレ
擦れ違い	スレチガイ
擦切れる	スリキレル
擦剥く	スリムク
擦剥ける	スリムケル
擦半	スリバン
擦寄る	スリヨル
擦抜ける	スリヌケル
擦文	サツモン
擦疵	スリキズ
擦痕	サッコン
擦込む	スリコム
擦過	サッカ
擦過傷	サッカショウ
擬き	モドキ
擬く	モドク
擬す	ギス
擬する	ギスル
擬人	ギジン
擬人化	ギジンカ
擬人観	ギジンカン
擬似	ギジ
擬制	ギセイ
擬勢	ギセイ
擬古	ギコ
擬声語	ギセイゴ
擬態	ギタイ
擬態語	ギタイゴ
擬死	ギシ
擬装	ギソウ
擬製	ギセイ
擬陽性	ギヨウセイ
擬革	ギカク
擬革紙	ギカクシ
擬音	ギオン
擬音語	ギオンゴ
擬餌	ギジ
擬餌針	ギジバリ
擬餌鉤	ギジバリ
擯斥	ヒンセキ
擱く	オク
擱坐	カクザ
擱座	カクザ
擱筆	カクヒツ
擲つ	ナゲウツ
擲る	ナグル
擲弾	テキダン
擲弾兵	テキダンヘイ
擲弾筒	テキダントウ
擽ぐったい	クスグッタイ
擽ぐる	クスグル
擽ったい	クスグッタイ
擽り	クスグリ
擾乱	ジョウラン
攀じる	ヨジル
攀じ登る	ヨジノボル
攀禽類	ハンキンルイ
攘夷	ジョウイ
攘夷論	ジョウイロン
攣る	ツル
攣れる	ツレル
攣縮	レンシュク
攪乳	カクニュウ
攪拌機	カクハンキ
攫む	ツカム
支えあう	ササエアウ
支え感	ツカエカン
支保工	シホコウ
支出	シシュツ
支出額	シシュツガク
支局	シキョク
支川	シセン
支庁	シチョウ
支店	シテン
支店コード	シテンコード
支店名	シテンメイ
支店番号	シテンバンゴウ
支店長	シテンチョウ
支度金	シタクキン
支弁	シベン
支所	シショ
支払い	シハライ
支払い人	シハライニン
支払い回数	シハライカイスウ
支払い方法	シハライホウホウ
支払い日	シハライビ
支払い者	シハライシャ
支払い額	シハライガク
支払利息	シハライリソク
支払方法	シハライホウホウ
支払日	シハライビ
支払者	シハライシャ
支払額	シハライガク
支持	シジ
支持力	シジリョク
支持層	シジソウ
支持率	シジリツ
支持者	シジシャ
支援	シエン
支援策	シエンサク
支援者	シエンシャ
支援金	シエンキン
支族	シゾク
支柱	シチュウ
支流	シリュウ
支点	シテン
支石墓	シセキボ
支社	シシャ
支社長	シシャチョウ
支給	シキュウ
支給品	シキュウヒン
支給額	シキュウガク
支線	シセン
支署	シショ
支脈	シミャク
支藩	シハン
支那学	シナガク
支部	シブ
支部長	シブチョウ
支配	シハイ
支配下	シハイカ
支配人	シハイニン
支配権	シハイケン
支配的	シハイテキ
支配者	シハイシャ
支配階級	シハイカイキュウ
支隊	シタイ
支障	シショウ
支離滅裂	シリメツレツ
攴繞	ボクニョウ
改ざん	カイザン
改まる	アラタマル
改む	アラタム
改め	アラタメ
改めて	アラタメテ
改める	アラタメル
改ページ	カイページ
改作	カイサク
改修	カイシュウ
改元	カイゲン
改刷	カイサツ
改印	カイイン
改号	カイゴウ
改善	カイゼン
改善点	カイゼンテン
改善策	カイゼンサク
改変	カイヘン
改姓	カイセイ
改宗	カイシュウ
改廃	カイハイ
改心	カイシン
改悛	カイシュン
改悟	カイゴ
改悪	カイアク
改憲	カイケン
改新	カイシン
改易	カイエキ
改暦	カイレキ
改札	カイサツ
改札口	カイサツグチ
改札機	カイサツキ
改案	カイアン
改植	カイショク
改正	カイセイ
改正案	カイセイアン
改氏	カイシ
改版	カイハン
改称	カイショウ
改稿	カイコウ
改竄	カイザン
改築	カイチク
改組	カイソ
改編	カイヘン
改編期	カイヘンキ
改良	カイリョウ
改良型	カイリョウガタ
改良点	カイリョウテン
改良版	カイリョウバン
改良種	カイリョウシュ
改葬	カイソウ
改行	カイギョウ
改装	カイソウ
改製	カイセイ
改訂	カイテイ
改訂版	カイテイバン
改訳	カイヤク
改質	カイシツ
改造	カイゾウ
改造車	カイゾウシャ
改進	カイシン
改選	カイセン
改鋳	カイチュウ
改革	カイカク
改革案	カイカクアン
改革派	カイカクハ
改革者	カイカクシャ
改題	カイダイ
攻めあぐむ	セメアグム
攻めこむ	セメコム
攻めたてる	セメタテル
攻めのぼる	セメノボル
攻める	セメル
攻め上る	セメノボル
攻め倦む	セメアグム
攻め入る	セメイル
攻め取る	セメトル
攻め合い	セメアイ
攻め寄せる	セメヨセル
攻め手	セメテ
攻め滅ぼす	セメホロボス
攻め立てる	セメタテル
攻め落す	セメオトス
攻め落とす	セメオトス
攻め込む	セメコム
攻め道具	セメドウグ
攻上る	セメノボル
攻伐	コウバツ
攻勢	コウセイ
攻囲	コウイ
攻城	コウジョウ
攻城戦	コウジョウセン
攻守	コウシュ
攻寄せる	セメヨセル
攻撃	コウゲキ
攻撃力	コウゲキリョク
攻撃機	コウゲキキ
攻撃的	コウゲキテキ
攻撃者	コウゲキシャ
攻撃隊	コウゲキタイ
攻玉	コウギョク
攻略	コウリャク
攻略本	コウリャクボン
攻究	コウキュウ
攻立てる	セメタテル
攻防	コウボウ
放し飼い	ハナシガイ
放ったらかし	ホッタラカシ
放っぽる	ホッポル
放つ	ハナツ
放らつ	ホウラツ
放りこむ	ホウリコム
放りだす	ホウリダス
放りなげる	ホウリナゲル
放り上げる	ホウリアゲル
放り投げる	ホウリナゲル
放り込み	ホウリコミ
放り込む	ホウリコム
放れる	ハナレル
放れ馬	ハナレウマ
放任	ホウニン
放任主義	ホウニンシュギ
放佚	ホウイツ
放光	ホウコウ
放冷	ホウレイ
放出	ホウシュツ
放列	ホウレツ
放卵	ホウラン
放埒	ホウラツ
放埓	ホウラツ
放射	ホウシャ
放射光	ホウシャコウ
放射層	ホウシャソウ
放射性	ホウシャセイ
放射性同位体	ホウシャセイドウイタイ
放射熱	ホウシャネツ
放射状	ホウシャジョウ
放射率	ホウシャリツ
放射線	ホウシャセン
放射線科	ホウシャセンカ
放射線科医	ホウシャセンカイ
放射能	ホウシャノウ
放射計	ホウシャケイ
放尿	ホウニョウ
放心	ホウシン
放念	ホウネン
放恣	ホウシ
放擲	ホウテキ
放散	ホウサン
放映	ホウエイ
放映権	ホウエイケン
放校	ホウコウ
放棄	ホウキ
放楽	ホウラク
放歌	ホウカ
放水	ホウスイ
放水砲	ホウスイホウ
放水路	ホウスイロ
放流	ホウリュウ
放浪	ホウロウ
放浪癖	ホウロウヘキ
放浪者	ホウロウシャ
放漫	ホウマン
放火	ホウカ
放火犯	ホウカハン
放火罪	ホウカザイ
放火魔	ホウカマ
放熱	ホウネツ
放牧	ホウボク
放牧場	ホウボクジョウ
放物	ホウブツ
放物線	ホウブツセン
放生	ホウジョウ
放生会	ホウジョウエ
放精	ホウセイ
放線	ホウセン
放線菌	ホウセンキン
放置	ホウチ
放肆	ホウシ
放胆	ホウタン
放蕩	ホウトウ
放言	ホウゲン
放課	ホウカ
放課後	ホウカゴ
放談	ホウダン
放送	ホウソウ
放送作家	ホウソウサッカ
放送劇	ホウソウゲキ
放送員	ホウソウイン
放送室	ホウソウシツ
放送局	ホウソウキョク
放送枠	ホウソウワク
放送権	ホウソウケン
放送法	ホウソウホウ
放送番組	ホウソウバングミ
放送網	ホウソウモウ
放送衛星	ホウソウエイセイ
放逐	ホウチク
放逸	ホウイツ
放電	ホウデン
放電灯	ホウデントウ
放題	ホウダイ
放鳥	ホウチョウ
放鷹	ホウヨウ
政争	セイソウ
政事	セイジ
政令	セイレイ
政令市	セイレイシ
政令指定都市	セイレイシテイトシ
政体	セイタイ
政党	セイトウ
政労	セイロウ
政務	セイム
政務官	セイムカン
政務次官	セイムジカン
政友	セイユウ
政商	セイショウ
政変	セイヘン
政審	セイシン
政局	セイキョク
政庁	セイチョウ
政府	セイフ
政府筋	セイフスジ
政府米	セイフマイ
政府開発援助	セイフカイハツエンジョ
政情	セイジョウ
政教	セイキョウ
政敵	セイテキ
政柄	セイヘイ
政権	セイケン
政権公約	セイケンコウヤク
政治	セイジ
政治上	セイジジョウ
政治力	セイジリョク
政治史	セイジシ
政治団体	セイジダンタイ
政治学	セイジガク
政治家	セイジカ
政治局	セイジキョク
政治屋	セイジヤ
政治活動	セイジカツドウ
政治犯	セイジハン
政治献金	セイジケンキン
政治的	セイジテキ
政況	セイキョウ
政界	セイカイ
政略	セイリャク
政策	セイサク
政策学	セイサクガク
政経	セイケイ
政経学部	セイケイガクブ
政綱	セイコウ
政見	セイケン
政調	セイチョウ
政調会	セイチョウカイ
政調会長	セイチョウカイチョウ
政談	セイダン
政論	セイロン
政財界	セイザイカイ
政道	セイドウ
故主	コシュ
故事	コジ
故人	コジン
故国	ココク
故地	コチ
故山	コザン
故意	コイ
故意犯	コイハン
故態	コタイ
故旧	コキュウ
故智	コチ
故殺	コサツ
故知	コチ
故紙	コシ
故老	コロウ
故買	コバイ
故障	コショウ
故障者	コショウシャ
故障車	コショウシャ
敏い	サトイ
敏しょう	ビンショウ
敏感	ビンカン
敏感肌	ビンカンハダ
敏捷	ビンショウ
敏捷性	ビンショウセイ
敏活	ビンカツ
敏腕	ビンワン
敏腕家	ビンワンカ
敏速	ビンソク
救い	スクイ
救い上げる	スクイアゲル
救い主	スクイヌシ
救い出す	スクイダス
救う	スクウ
救ける	タスケル
救世主	キュウセイシュ
救出	キュウシュツ
救助	キュウジョ
救助隊	キュウジョタイ
救命	キュウメイ
救命ボート	キュウメイボート
救命具	キュウメイグ
救命救急士	キュウメイキュウキュウシ
救命筏	キュウメイイカダ
救命胴衣	キュウメイドウイ
救命艇	キュウメイテイ
救国	キュウコク
救急	キュウキュウ
救急患者	キュウキュウカンジャ
救急科	キュウキュウカ
救急箱	キュウキュウバコ
救急車	キュウキュウシャ
救急隊	キュウキュウタイ
救恤	キュウジュツ
救援	キュウエン
救援投手	キュウエントウシュ
救民	キュウミン
救癩	キュウライ
救荒	キュウコウ
救荒作物	キュウコウサクモツ
救護	キュウゴ
救護班	キュウゴハン
救貧	キュウヒン
救貧法	キュウヒンホウ
救難	キュウナン
救難機	キュウナンキ
救難船	キュウナンセン
敗ける	マケル
敗る	ヤブル
敗れ	ヤブレ
敗れる	ヤブレル
敗亡	ハイボウ
敗兵	ハイヘイ
敗勢	ハイセイ
敗北	ハイボク
敗北感	ハイボクカン
敗因	ハイイン
敗報	ハイホウ
敗将	ハイショウ
敗戦	ハイセン
敗戦国	ハイセンコク
敗死	ハイシ
敗残	ハイザン
敗滅	ハイメツ
敗着	ハイチャク
敗者	ハイシャ
敗色	ハイショク
敗血症	ハイケツショウ
敗衄	ハイジク
敗訴	ハイソ
敗走	ハイソウ
敗軍	ハイグン
敗退	ハイタイ
教え	オシエ
教えこむ	オシエコム
教えさとす	オシエサトス
教えみちびく	オシエミチビク
教える	オシエル
教え子	オシエゴ
教え導く	オシエミチビク
教え諭す	オシエサトス
教え込む	オシエコム
教え魔	オシエマ
教べん	キョウベン
教わる	オソワル
教主	キョウシュ
教会	キョウカイ
教会史	キョウカイシ
教会員	キョウカイイン
教会堂	キョウカイドウ
教会法	キョウカイホウ
教具	キョウグ
教典	キョウテン
教則	キョウソク
教則本	キョウソクボン
教務	キョウム
教区	キョウク
教卓	キョウタク
教員	キョウイン
教員免許	キョウインメンキョ
教唆	キョウサ
教唆犯	キョウサハン
教団	キョウダン
教場	キョウジョウ
教壇	キョウダン
教委	キョウイ
教官	キョウカン
教宣	キョウセン
教室	キョウシツ
教導	キョウドウ
教師	キョウシ
教師データ	キョウシデータ
教徒	キョウト
教戒	キョウカイ
教戒師	キョウカイシ
教授	キョウジュ
教授会	キョウジュカイ
教授法	キョウジュホウ
教旨	キョウシ
教本	キョウホン
教材	キョウザイ
教条	キョウジョウ
教案	キョウアン
教権	キョウケン
教母	キョウボ
教法	キョウホウ
教派	キョウハ
教父	キョウフ
教王	キョウオウ
教理	キョウリ
教生	キョウセイ
教皇領	キョウコウリョウ
教祖	キョウソ
教科	キョウカ
教科書	キョウカショ
教科用図書	キョウカヨウトショ
教程	キョウテイ
教範	キョウハン
教練	キョウレン
教義	キョウギ
教義学	キョウギガク
教習	キョウシュウ
教習生	キョウシュウセイ
教習車	キョウシュウシャ
教職	キョウショク
教職員	キョウショクイン
教育	キョウイク
教育令	キョウイクレイ
教育保険	キョウイクホケン
教育基本法	キョウイクキホンホウ
教育委員会	キョウイクイインカイ
教育学	キョウイクガク
教育学部	キョウイクガクブ
教育家	キョウイクカ
教育施設	キョウイクシセツ
教育機関	キョウイクキカン
教育法	キョウイクホウ
教育相	キョウイクショウ
教育者	キョウイクシャ
教育課程	キョウイクカテイ
教育費	キョウイクヒ
教育長	キョウイクチョウ
教訓	キョウクン
教誡	キョウカイ
教誨	キョウカイ
教誨師	キョウカイシ
教諭	キョウユ
教護	キョウゴ
教門	キョウモン
教鞭	キョウベン
教頭	キョウトウ
教養	キョウヨウ
教養人	キョウヨウジン
教養学部	キョウヨウガクブ
教養部	キョウヨウブ
敝衣	ヘイイ
敢えて	アエテ
敢えない	アエナイ
敢えなく	アエナク
敢え無い	アエナイ
敢え無く	アエナク
敢て	アエテ
敢ない	アエナイ
敢死	カンシ
敢為	カンイ
敢無く	アエナク
敢然	カンゼン
敢行	カンコウ
敢闘	カントウ
敢闘賞	カントウショウ
散々	サンザン
散じる	サンジル
散ずる	サンズル
散らかす	チラカス
散らかる	チラカル
散らし	チラシ
散らしずし	チラシズシ
散らし寿司	チラシズシ
散らし書き	チラシガキ
散らし鮨	チラシズシ
散らす	チラス
散らばら	チラバラ
散らばる	チラバル
散りぎわ	チリギワ
散りしく	チリシク
散りばめる	チリバメル
散り乱れる	チリミダレル
散り敷く	チリシク
散り残る	チリノコル
散り際	チリギワ
散乱	サンラン
散会	サンカイ
散佚	サンイツ
散光	サンコウ
散兵	サンペイ
散切り	ザンギリ
散剤	サンザイ
散在	サンザイ
散大	サンダイ
散布	サンプ
散弾	サンダン
散弾銃	サンダンジュウ
散散	サンザン
散敷く	チリシク
散文	サンブン
散文的	サンブンテキ
散文詩	サンブンシ
散村	サンソン
散步	サンポ
散歩	サンポ
散歩道	サンポミチ
散水	サンスイ
散水車	サンスイシャ
散漫	サンマン
散発	サンパツ
散瞳	サンドウ
散票	サンピョウ
散積	バラヅミ
散策	サンサク
散花	サンゲ
散茶	サンチャ
散華	サンゲ
散蒔く	バラマク
散薬	サンヤク
散見	サンケン
散財	サンザイ
散逸	サンイツ
散開	サンカイ
散骨	サンコツ
散髪	サンパツ
散髪屋	サンパツヤ
敦厚	トンコウ
敦盛草	アツモリソウ
敬い	ウヤマイ
敬けん	ケイケン
敬す	ケイス
敬する	ケイスル
敬体	ケイタイ
敬具	ケイグ
敬意	ケイイ
敬愛	ケイアイ
敬慕	ケイボ
敬服	ケイフク
敬礼	ケイレイ
敬神	ケイシン
敬称	ケイショウ
敬称略	ケイショウリャク
敬老	ケイロウ
敬老の日	ケイロウノヒ
敬老会	ケイロウカイ
敬虔	ケイケン
敬語	ケイゴ
敬謙	ケイケン
敬譲語	ケイジョウゴ
敬遠	ケイエン
数え	カゾエ
数える	カゾエル
数え上げる	カゾエアゲル
数え年	カゾエドシ
数え方	カゾエカタ
数え歌	カゾエウタ
数え立てる	カゾエタテル
数え込む	カゾエコム
数か国	スウカコク
数か所	スウカショ
数か月	スウカゲツ
数の子	カズノコ
数カ国	スウカコク
数カ所	スウカショ
数カ月	スウカゲツ
数ヵ国	スウカコク
数ヵ月	スウカゲツ
数ヶ国	スウカコク
数ヶ所	スウカショ
数ヶ月	スウカゲツ
数値	スウチ
数値制御	スウチセイギョ
数値化	スウチカ
数分間	スウフンカン
数列	スウレツ
数刻	スウコク
数千	スウセン
数取り	カズトリ
数合せ	カズアワセ
数合わせ	カズアワセ
数多く	カズオオク
数奇屋	スキヤ
数奇者	スキシャ
数字	スウジ
数学者	スウガクシャ
数寄	スキ
数寄屋	スキヤ
数寄者	スキシャ
数年間	スウネンカン
数式	スウシキ
数日間	スウジツカン
数時間	スウジカン
数検	スウケン
数次	スウジ
数段	スウダン
数独	スウドク
数珠つなぎ	ジュズツナギ
数珠繋ぎ	ジュズツナギ
数理	スウリ
数瞬	スウシュン
数種類	スウシュルイ
数等	スウトウ
数箇国	スウカコク
数箇所	スウカショ
数箇月	スウカゲツ
数表	スウヒョウ
数表現	スウヒョウゲン
数表示	スウヒョウジ
数詞	スウシ
数論	スウロン
数週間	スウシュウカン
数量	スウリョウ
数量詞	スウリョウシ
敲き	タタキ
敲く	タタク
整々	セイセイ
整う	トトノウ
整え	トトノエ
整える	トトノエル
整体	セイタイ
整備	セイビ
整備兵	セイビヘイ
整備員	セイビイン
整備士	セイビシ
整列	セイレツ
整合	セイゴウ
整合性	セイゴウセイ
整地	セイチ
整容	セイヨウ
整序	セイジョ
整式	セイシキ
整形	セイケイ
整形外科	セイケイゲカ
整復	セイフク
整復師	セイフクシ
整数	セイスウ
整数型	セイスウガタ
整数論	セイスウロン
整斉	セイセイ
整枝	セイシ
整流	セイリュウ
整流器	セイリュウキ
整流子	セイリュウシ
整流管	セイリュウカン
整然	セイゼン
整版	セイハン
整理	セイリ
整理だんす	セイリダンス
整理券	セイリケン
整理番号	セイリバンゴウ
整理箪笥	セイリダンス
整理解雇	セイリカイコ
整腸	セイチョウ
整腸剤	セイチョウザイ
整腸薬	セイチョウヤク
整調	セイチョウ
整除	セイジョ
整頓	セイトン
整骨	セイコツ
整骨師	セイコツシ
整髪	セイハツ
整髪剤	セイハツザイ
整髪料	セイハツリョウ
敵中	テキチュウ
敵側	テキガワ
敵兵	テキヘイ
敵前	テキゼン
敵営	テキエイ
敵地	テキチ
敵城	テキジョウ
敵塁	テキルイ
敵失	テキシツ
敵娼	アイカタ
敵対	テキタイ
敵対国	テキタイコク
敵対的	テキタイテキ
敵対者	テキタイシャ
敵対視	テキタイシ
敵将	テキショウ
敵弾	テキダン
敵影	テキエイ
敵性	テキセイ
敵情	テキジョウ
敵意	テキイ
敵愾心	テキガイシン
敵手	テキシュ
敵方	テキガタ
敵状	テキジョウ
敵船	テキセン
敵襲	テキシュウ
敵視	テキシ
敵討	カタキウチ
敵討ち	カタキウチ
敵軍	テキグン
敵陣	テキジン
敷きつめる	シキツメル
敷きわら	シキワラ
敷き写し	シキウツシ
敷き布団	シキブトン
敷き物	シキモノ
敷き皮	シキガワ
敷き紙	シキガミ
敷き網	シキアミ
敷き蒲団	シキブトン
敷き藁	シキワラ
敷き詰める	シキツメル
敷き革	シキガワ
敷く	シク
敷わら	シキワラ
敷地	シキチ
敷地内	シキチナイ
敷地権	シキチケン
敷居	シキイ
敷布	シキフ
敷布団	シキブトン
敷延	フエン
敷引	シキビキ
敷板	シキイタ
敷物	シキモノ
敷皮	シキガワ
敷石	シキイシ
敷紙	シキガミ
敷網	シキアミ
敷蒲団	シキブトン
敷藁	シキワラ
敷衍	フエン
敷設	フセツ
敷設船	フセツセン
敷詰める	シキツメル
敷金	シキキン
敷革	シキガワ
斂葬	レンソウ
斃す	タオス
斃れる	タオレル
斃死	ヘイシ
文なし	モンナシ
文中	ブンチュウ
文事	ブンジ
文人画	ブンジンガ
文体	ブンタイ
文体論	ブンタイロン
文例	ブンレイ
文具	ブング
文具店	ブングテン
文典	ブンテン
文勢	ブンセイ
文化	ブンカ
文化の日	ブンカノヒ
文化史	ブンカシ
文化圏	ブンカケン
文化庁	ブンカチョウ
文化的	ブンカテキ
文化祭	ブンカサイ
文化系	ブンカケイ
文化財	ブンカザイ
文化鍋	ブンカナベ
文句	モンク
文名	ブンメイ
文型	ブンケイ
文壇	ブンダン
文士	ブンシ
文字列	モジレツ
文字多重放送	モジタジュウホウソウ
文字式	モジシキ
文字数	モジスウ
文字盤	モジバン
文字絵	モジエ
文学史	ブンガクシ
文学忌	ブンガクキ
文学書	ブンガクショ
文学界	ブンガクカイ
文学的	ブンガクテキ
文学者	ブンガクシャ
文学賞	ブンガクショウ
文学部	ブンガクブ
文学館	ブンガクカン
文官	ブンカン
文尾	ブンビ
文展	ブンテン
文庫	ブンコ
文庫化	ブンコカ
文庫本	ブンコボン
文弱	ブンジャク
文彩	ブンサイ
文意	ブンイ
文房	ブンボウ
文房具	ブンボウグ
文房具店	ブンボウグテン
文才	ブンサイ
文教	ブンキョウ
文教族	ブンキョウゾク
文明	ブンメイ
文明国	ブンメイコク
文書化	ブンショカ
文書通信交通滞在費	ブンショツウシンコウツウタイザイヒ
文末	ブンマツ
文案	ブンアン
文楽	ブンラク
文様	モンヨウ
文武	ブンブ
文武官	ブンブカン
文民	ブンミン
文民統制	ブンミントウセイ
文法	ブンポウ
文法性	ブンポウセイ
文法的	ブンポウテキ
文無し	モンナシ
文物	ブンブツ
文献	ブンケン
文献学	ブンケンガク
文理	ブンリ
文理学部	ブンリガクブ
文相	ブンショウ
文禄	ブンロク
文章体	ブンショウタイ
文章力	ブンショウリョク
文章家	ブンショウカ
文章法	ブンショウホウ
文章語	ブンショウゴ
文章論	ブンショウロン
文章題	ブンショウダイ
文筆	ブンピツ
文筆家	ブンピツカ
文節	ブンセツ
文範	ブンパン
文系	ブンケイ
文脈	ブンミャク
文芸	ブンゲイ
文芸学	ブンゲイガク
文芸家	ブンゲイカ
文芸誌	ブンゲイシ
文苑	ブンエン
文藝	ブンゲイ
文藻	ブンソウ
文蛤	ハマグリ
文語	ブンゴ
文語体	ブンゴタイ
文語文	ブンゴブン
文豪	ブンゴウ
文責	ブンセキ
文通	ブンツウ
文通費	ブンツウヒ
文運	ブンウン
文選	ブンセン
文部	モンブ
文部省	モンブショウ
文部科学大臣	モンブカガクダイジン
文部科学省	モンブカガクショウ
文采	ブンサイ
文鎮	ブンチン
文鎮化	ブンチンカ
文雅	ブンガ
文集	ブンシュウ
文面	ブンメン
文革	ブンカク
文頭	ブントウ
文題	ブンダイ
文飾	ブンショク
文鳥	ブンチョウ
斉う	トトノウ
斉しい	ヒトシイ
斉しく	ヒトシク
斉一	セイイツ
斉唱	セイショウ
斉家	セイカ
斉射	セイシャ
斉整	セイセイ
斎う	イワウ
斎く	イツク
斎主	サイシュ
斎場	サイジョウ
斎戒	サイカイ
斎服	サイフク
斎王	サイオウ
斎食	サイジキ
斑入り	フイリ
斑岩	ハンガン
斑文	ハンモン
斑晶	ハンショウ
斑毛	ブチゲ
斑海豚	マダライルカ
斑点	ハンテン
斑状	ハンジョウ
斑猫	ハンミョウ
斑白	ハンパク
斑紋	ハンモン
斗争	トウソウ
斗掻	トカキ
斗枡	トマス
斗組	マスグミ
斗酒	トシュ
料る	リョウル
料亭	リョウテイ
料地	リョウチ
料率	リョウリツ
料理	リョウリ
料理人	リョウリニン
料理屋	リョウリヤ
料理店	リョウリテン
料理法	リョウリホウ
料理道具	リョウリドウグ
料理酒	リョウリシュ
料理長	リョウリチョウ
料簡	リョウケン
料紙	リョウシ
料金	リョウキン
料金表	リョウキンヒョウ
料飲	リョウイン
斜めむかい	ナナメムカイ
斜め上	ナナメウエ
斜め向い	ナナメムカイ
斜め向かい	ナナメムカイ
斜め読み	ナナメヨミ
斜め顔	ナナメガオ
斜交	シャコウ
斜交い	ハスカイ
斜体	シャタイ
斜光	シャコウ
斜向い	ハスムカイ
斜向かい	ハスムカイ
斜坑	シャコウ
斜塔	シャトウ
斜子	ナナコ
斜子織り	ナナコオリ
斜字	シャジ
斜度	シャド
斜影	シャエイ
斜眼	シャガン
斜筋	シャキン
斜線	シャセン
斜行	シャコウ
斜視	シャシ
斜角	シャカク
斜路	シャロ
斜辺	シャヘン
斜長石	シャチョウセキ
斜陽	シャヨウ
斜陽族	シャヨウゾク
斜面	シャメン
斜頚	シャケイ
斜頸	シャケイ
斟酌	シンシャク
斡旋	アッセン
斡旋料	アッセンリョウ
斤目	キンメ
斤量	キンリョウ
斥ける	シリゾケル
斥候	セッコウ
斥力	セキリョク
斧正	フセイ
斧鉞	フエツ
斧鑿	フサク
斧頭	フトウ
斬りあう	キリアウ
斬りかかる	キリカカル
斬りこむ	キリコム
斬りつける	キリツケル
斬り下げる	キリサゲル
斬り下ろす	キリオロス
斬り伏せる	キリフセル
斬り倒す	キリタオス
斬り刻む	キリキザム
斬り合い	キリアイ
斬り捨て	キリステ
斬り捨てる	キリステル
斬り散らす	キリチラス
斬り死に	キリジニ
斬り殺す	キリコロス
斬り結ぶ	キリムスブ
斬り込み	キリコミ
斬り込む	キリコム
斬り返す	キリカエス
斬れ味	キレアジ
斬合い	キリアイ
斬奸	ザンカン
斬奸状	ザンカンジョウ
斬捨て	キリステ
斬撃	ザンゲキ
斬新	ザンシン
斬殺	ザンサツ
斬罪	ザンザイ
斬首刑	ザンシュケイ
断々乎	ダンダンコ
断じる	ダンジル
断ずる	ダンズル
断ち切り	タチキリ
断ち切る	タチキル
断ち割る	タチワル
断ち物	タチモノ
断ち落とし	タチオトシ
断つ	タツ
断り	コトワリ
断り書き	コトワリガキ
断る	コトワル
断わり	コトワリ
断わる	コトワル
断トツ	ダントツ
断乎	ダンコ
断乳	ダンニュウ
断交	ダンコウ
断切	ダンセツ
断切り	タチキリ
断切る	タチキル
断固	ダンコ
断定	ダンテイ
断層	ダンソウ
断層湖	ダンソウコ
断層面	ダンソウメン
断岩	ダンガン
断崖	ダンガイ
断念	ダンネン
断想	ダンソウ
断捨離	ダンシャリ
断断乎	ダンダンコ
断末魔	ダンマツマ
断案	ダンアン
断橋	ダンキョウ
断機	ダンキ
断水	ダンスイ
断点	ダンテン
断然	ダンゼン
断熱	ダンネツ
断熱性	ダンネツセイ
断熱材	ダンネツザイ
断片	ダンペン
断片化	ダンペンカ
断片的	ダンペンテキ
断獄	ダンゴク
断碑	ダンピ
断種	ダンシュ
断章	ダンショウ
断端	ダンタン
断筆	ダンピツ
断簡	ダンカン
断絶	ダンゼツ
断続	ダンゾク
断続的	ダンゾクテキ
断線	ダンセン
断罪	ダンザイ
断腸	ダンチョウ
断裁	ダンサイ
断裁機	ダンサイキ
断裂	ダンレツ
断言	ダンゲン
断言的	ダンゲンテキ
断郊	ダンコウ
断酒	ダンシュ
断面	ダンメン
断面図	ダンメンズ
断面積	ダンメンセキ
断頭	ダントウ
断頭台	ダントウダイ
断食	ダンジキ
断髪	ダンパツ
断髪式	ダンパツシキ
斯う	コウ
斯かる	カカル
斯く	カク
斯く斯く	カクカク
斯の	コノ
斯学	シガク
斯文	シブン
斯業	シギョウ
斯様	カヨウ
斯界	シカイ
斯道	シドウ
新しい	アタラシイ
新しく	アタラシク
新じゃが	シンジャガ
新た	アラタ
新らしい	アタラシイ
新エネ	シンエネ
新ジャガ	シンジャガ
新世代	シンセダイ
新世界	シンセカイ
新世紀	シンセイキ
新世紀世代	シンセイキセダイ
新京	シンキョウ
新人	シンジン
新人研修	シンジンケンシュウ
新人賞	シンジンショウ
新人類	シンジンルイ
新仮名	シンカナ
新任	シンニン
新体	シンタイ
新体制	シンタイセイ
新体操	シンタイソウ
新体詩	シンタイシ
新作	シンサク
新例	シンレイ
新保守主義	シンホシュシュギ
新修	シンシュウ
新元史	シンゲンシ
新党	シントウ
新入	シンニュウ
新入り	シンイリ
新入幕	シンニュウマク
新入生	シンニュウセイ
新入社員	シンニュウシャイン
新兵	シンペイ
新内	シンナイ
新円	シンエン
新出	シンシュツ
新刀	シントウ
新刊	シンカン
新刊書	シンカンショ
新制	シンセイ
新制度	シンセイド
新券	シンケン
新劇	シンゲキ
新卒	シンソツ
新卒採用	シンソツサイヨウ
新卒者	シンソツシャ
新参	シンザン
新参者	シンザンモノ
新古	シンコ
新古典主義	シンコテンシュギ
新古品	シンコヒン
新古車	シンコシャ
新台	シンダイ
新史	シンシ
新味	シンミ
新品	シンピン
新商品	シンショウヒン
新型	シンガタ
新型うつ病	シンガタウツビョウ
新型インフルエンザ	シンガタインフルエンザ
新型コロナ	シンガタコロナ
新型コロナウィルス	シンガタコロナウィルス
新型コロナウイルス	シンガタコロナウイルス
新型コロナウイルス感染症	シンガタコロナウイルスカンセンショウ
新型鬱病	シンガタウツビョウ
新報	シンポウ
新大陸	シンタイリク
新天地	シンテンチ
新奇	シンキ
新妻	ニイヅマ
新姓	シンセイ
新婚	シンコン
新婚旅行	シンコンリョコウ
新婦	シンプ
新子	シンコ
新字	シンジ
新字体	シンジタイ
新学期	シンガッキ
新宅	シンタク
新宗教	シンシュウキョウ
新官僚	シンカンリョウ
新居	シンキョ
新左翼	シンサヨク
新巻	アラマキ
新巻き	アラマキ
新帝	シンテイ
新平民	シンヘイミン
新年	シンネン
新年会	シンネンカイ
新幹線	シンカンセン
新店舗	シンテンポ
新建材	シンケンザイ
新式	シンシキ
新弟子	シンデシ
新形	シンガタ
新律	シンリツ
新患	シンカン
新感覚	シンカンカク
新憲法	シンケンポウ
新成人	シンセイジン
新技術	シンギジュツ
新撰	シンセン
新政	シンセイ
新教	シンキョウ
新教徒	シンキョウト
新方式	シンホウシキ
新旧	シンキュウ
新星	シンセイ
新春	シンシュン
新暦	シンレキ
新曲	シンキョク
新書	シンショ
新月	シンゲツ
新期	シンキ
新木	アラキ
新本	シンポン
新札	シンサツ
新来	シンライ
新板	シンパン
新枕	ニイマクラ
新柄	シンガラ
新株	シンカブ
新案	シンアン
新植民地主義	シンショクミンチシュギ
新樹	シンジュ
新橋	シンバシ
新機能	シンキノウ
新機軸	シンキジク
新歓	シンカン
新法	シンポウ
新派	シンパ
新涼	シンリョウ
新潮	シンチョウ
新生	シンセイ
新生代	シンセイダイ
新生児	シンセイジ
新生活	シンセイカツ
新生面	シンセイメン
新発売	シンハツバイ
新発見	シンハッケン
新登場	シントウジョウ
新皇	シンノウ
新皮質	シンヒシツ
新盤	シンバン
新着	シンチャク
新知識	シンチシキ
新税	シンゼイ
新種	シンシュ
新穀	シンコク
新築	シンチク
新米	シンマイ
新粉	シンコ
新約	シンヤク
新素材	シンソザイ
新緑	シンリョク
新線	シンセン
新編	シンペン
新聞	シンブン
新聞学	シンブンガク
新聞屋	シンブンヤ
新聞社	シンブンシャ
新聞種	シンブンダネ
新興	シンコウ
新興国	シンコウコク
新興宗教	シンコウシュウキョウ
新船	シンセン
新色	シンショク
新芽	シンメ
新茶	シンチャ
新著	シンチョ
新薬	シンヤク
新藁	シンワラ
新装	シンソウ
新製	シンセイ
新製品	シンセイヒン
新規	シンキ
新規学卒者	シンキガクソツシャ
新規性	シンキセイ
新規登録	シンキトウロク
新規雇用	シンキコヨウ
新訂	シンテイ
新記録	シンキロク
新設	シンセツ
新訳	シンヤク
新語	シンゴ
新説	シンセツ
新調	シンチョウ
新論	シンロン
新譜	シンプ
新貨	シンカ
新車	シンシャ
新造語	シンゾウゴ
新進	シンシン
新進気鋭	シンシンキエイ
新選	シンセン
新郎	シンロウ
新都	シント
新酒	シンシュ
新釈	シンシャク
新鋭	シンエイ
新開	シンカイ
新開地	シンカイチ
新陳代謝	シンチンタイシャ
新雪	シンセツ
新顔	シンガオ
新風	シンプウ
新館	シンカン
新駅	シンエキ
新鮮	シンセン
新鮮味	シンセンミ
斷つ	タツ
方がた	カタガタ
方丈	ホウジョウ
方今	ホウコン
方伯	ホウハク
方位	ホウイ
方位角	ホウイカク
方円	ホウエン
方向	ホウコウ
方向性	ホウコウセイ
方向指示器	ホウコウシジキ
方向舵	ホウコウダ
方向転換	ホウコウテンカン
方図	ホウズ
方墳	ホウフン
方寸	ホウスン
方式	ホウシキ
方形	ホウケイ
方形骨	ホウケイコツ
方案	ホウアン
方正	ホウセイ
方法	ホウホウ
方法論	ホウホウロン
方略	ホウリャク
方眼	ホウガン
方眼紙	ホウガンシ
方程式	ホウテイシキ
方立	ホウダテ
方策	ホウサク
方舟	ハコブネ
方術	ホウジュツ
方角	ホウガク
方解石	ホウカイセキ
方言	ホウゲン
方言学	ホウゲンガク
方途	ホウト
方違え	カタタガエ
方里	ホウリ
方針	ホウシン
方鉛鉱	ホウエンコウ
方陣	ホウジン
方面	ホウメン
方面隊	ホウメンタイ
方音	ホウオン
於ける	オケル
施し	ホドコシ
施し物	ホドコシモノ
施す	ホドコス
施主	セシュ
施政	シセイ
施条	シジョウ
施為	シイ
施物	セモツ
施療	セリョウ
施策	シサク
施米	セマイ
施薬	セヤク
施行令	シコウレイ
施行規則	シコウキソク
施設	シセツ
施釉	セユウ
施錠	セジョウ
施餓鬼	セガキ
旁々	カタガタ
旁証	ボウショウ
旅がらす	タビガラス
旅だつ	タビダツ
旅住い	タビズマイ
旅僧	タビソウ
旅先	タビサキ
旅券	リョケン
旅券法	リョケンホウ
旅商い	タビアキナイ
旅回り	タビマワリ
旅団	リョダン
旅姿	タビスガタ
旅客施設使用料	リョカクシセツシヨウリョウ
旅寝	タビネ
旅役者	タビヤクシャ
旅心	タビゴコロ
旅情	リョジョウ
旅愁	リョシュウ
旅慣れる	タビナレル
旅所	タビショ
旅支度	タビジタク
旅枕	タビマクラ
旅次	リョジ
旅烏	タビガラス
旅疲れ	タビヅカレ
旅程	リョテイ
旅稼ぎ	タビカセギ
旅立ち	タビダチ
旅立つ	タビダツ
旅籠	ハタゴ
旅籠屋	ハタゴヤ
旅興行	タビコウギョウ
旅舎	リョシャ
旅芸人	タビゲイニン
旅行	リョコウ
旅行代理店	リョコウダイリテン
旅行先	リョコウサキ
旅行券	リョコウケン
旅行客	リョコウキャク
旅行家	リョコウカ
旅行業	リョコウギョウ
旅行業者	リョコウギョウシャ
旅行者	リョコウシャ
旅行記	リョコウキ
旅衣	タビゴロモ
旅装	リョソウ
旅費	リョヒ
旅路	タビジ
旅館	リョカン
旋光	センコウ
旋光性	センコウセイ
旋削	センサク
旋回	センカイ
旋回橋	センカイキョウ
旋律	センリツ
旋条	センジョウ
旋毛曲がり	ツムジマガリ
旋法	センポウ
旋盤	センバン
旋網	マキアミ
旋転	センテン
旌表	セイヒョウ
族内婚	ゾクナイコン
族外婚	ゾクガイコン
族称	ゾクショウ
族籍	ゾクセキ
族縁	ゾクエン
族議員	ゾクギイン
族長	ゾクチョウ
旗ざお	ハタザオ
旗亭	キテイ
旗印	ハタジルシ
旗国	キコク
旗幟鮮明	キシセンメイ
旗手	キシュ
旗持	ハタモチ
旗持ち	ハタモチ
旗指物	ハタサシモノ
旗挙	ハタアゲ
旗挙げ	ハタアゲ
旗振り	ハタフリ
旗揚げ	ハタアゲ
旗日	ハタビ
旗本	ハタモト
旗標	ハタジルシ
旗章	キショウ
旗章学	キショウガク
旗竿	ハタザオ
旗艦	キカン
旗艦店	キカンテン
旗行列	ハタギョウレツ
旗袍	チーパオ
旗門	キモン
旗頭	ハタガシラ
旗魚	カジキ
旗魚座	カジキザ
旗鼓	キコ
既倒	キトウ
既出	キシュツ
既刊	キカン
既判力	キハンリョク
既卒	キソツ
既卒者	キソツシャ
既報	キホウ
既婚	キコン
既婚者	キコンシャ
既定	キテイ
既定値	キテイチ
既往	キオウ
既往歴	キオウレキ
既往症	キオウショウ
既得	キトク
既得権	キトクケン
既成	キセイ
既望	キボウ
既決	キケツ
既知	キチ
既約	キヤク
既約分数	キヤクブンスウ
既習	キシュウ
既製	キセイ
既製品	キセイヒン
既製服	キセイフク
既視感	キシカン
既設	キセツ
既訳	キヤク
既読	キドク
既読スルー	キドクスルー
既述	キジュツ
既遂	キスイ
日あたり	ヒアタリ
日かげ	ヒカゲ
日がさ	ヒガサ
日ぐれ	ヒグレ
日ごと	ヒゴト
日ごろ	ヒゴロ
日ざし	ヒザシ
日だまり	ヒダマリ
日でり	ヒデリ
日どり	ヒドリ
日なた	ヒナタ
日なたぼっこ	ヒナタボッコ
日にち	ヒニチ
日の丸	ヒノマル
日の入り	ヒノイリ
日の出	ヒノデ
日の本	ヒノモト
日の目	ヒノメ
日めくり	ヒメクリ
日もち	ヒモチ
日よけ	ヒヨケ
日サロ	ヒサロ
日ソ	ニッソ
日ロ	ニチロ
日不見	ヒミズ
日乾	ヒボシ
日乾し	ヒボシ
日仏	ニチフツ
日付	ヒヅケ
日付け	ヒヅケ
日付変更線	ヒヅケヘンコウセン
日伊	ニチイ
日保ち	ヒモチ
日傭い	ヒヤトイ
日僑	ニッキョウ
日光	ニッコウ
日光浴	ニッコウヨク
日出	ニッシュツ
日切り	ヒギリ
日刊	ニッカン
日刊紙	ニッカンシ
日割	ヒワリ
日割り	ヒワリ
日加	ニッカ
日勤	ニッキン
日印	ニチイン
日参	ニッサン
日収	ニッシュウ
日取り	ヒドリ
日台	ニッタイ
日向ぼこ	ヒナタボコ
日向ぼっこ	ヒナタボッコ
日向水	ヒナタミズ
日向臭い	ヒナタクサイ
日周	ニッシュウ
日和る	ヒヨル
日和下駄	ヒヨリゲタ
日和見	ヒヨリミ
日嗣	ヒツギ
日報	ニッポウ
日増し	ヒマシ
日墨	ニチボク
日変わり	ヒガワリ
日夜	ニチヤ
日射	ニッシャ
日射し	ヒザシ
日射病	ニッシャビョウ
日射量	ニッシャリョウ
日展	ニッテン
日差し	ヒザシ
日帝	ニッテイ
日帰り	ヒガエリ
日帰り旅行	ヒガエリリョコウ
日常	ニチジョウ
日常生活	ニチジョウセイカツ
日常的	ニチジョウテキ
日干	ヒボシ
日干し	ヒボシ
日延べ	ヒノベ
日当たり	ヒアタリ
日当り	ヒアタリ
日払い	ヒバライ
日持ち	ヒモチ
日掛け	ヒガケ
日時	ニチジ
日時計	ヒドケイ
日暦	ヒゴヨミ
日暮らし	ヒグラシ
日暮れ	ヒグレ
日曜	ニチヨウ
日曜日	ニチヨウビ
日替り	ヒガワリ
日替わり	ヒガワリ
日朝	ニッチョウ
日本レコード大賞	ニホンレコードタイショウ
日本兵	ニホンヘイ
日本円	ニホンエン
日本十進分類法	ニホンジッシンブンルイホウ
日本史	ニホンシ
日本型	ニホンガタ
日本学	ニホンガク
日本学者	ニホンガクシャ
日本晴れ	ニホンバレ
日本標準時	ニホンヒョウジュンジ
日本産業規格	ニホンサンギョウキカク
日本画	ニホンガ
日本米	ニホンマイ
日本紙	ニホンシ
日本脳炎	ニホンノウエン
日本舞踊	ニホンブヨウ
日本茶	ニホンチャ
日本製	ニホンセイ
日本車	ニホンシャ
日本酒	ニホンシュ
日本間	ニホンマ
日本食	ニホンショク
日東	ニットウ
日柄	ヒガラ
日欧	ニチオウ
日歩	ヒブ
日毎	ヒゴト
日永	ヒナガ
日没	ニチボツ
日没後	ニチボツゴ
日清	ニッシン
日溜まり	ヒダマリ
日溜り	ヒダマリ
日焼	ヒヤケ
日焼け	ヒヤケ
日焼けサロン	ヒヤケサロン
日照	ニッショウ
日照り	ヒデリ
日照り雨	ヒデリアメ
日照権	ニッショウケン
日独	ニチドク
日独伊	ニチドクイ
日産	ニッサン
日用品	ニチヨウヒン
日盛り	ヒザカリ
日直	ニッチョク
日程	ニッテイ
日程表	ニッテイヒョウ
日章旗	ニッショウキ
日米	ニチベイ
日系	ニッケイ
日給	ニッキュウ
日脚	ヒアシ
日舞	ニチブ
日英	ニチエイ
日華	ニッカ
日葡	ニッポ
日蔭	ヒカゲ
日蘭	ニチラン
日蝕	ニッショク
日西	ニッセイ
日記	ニッキ
日記帳	ニッキチョウ
日誌	ニッシ
日語	ニチゴ
日課	ニッカ
日豪	ニチゴウ
日越	ニチエツ
日足	ヒアシ
日輪	ニチリン
日輪草	ニチリンソウ
日進月歩	ニッシンゲッポ
日配品	ニッパイヒン
日銀券	ニチギンケン
日銀法	ニチギンホウ
日銀短観	ニチギンタンカン
日銭	ヒゼニ
日録	ニチロク
日長	ヒナガ
日附	ヒヅケ
日限	ニチゲン
日除け	ヒヨケ
日陰	ヒカゲ
日陰者	ヒカゲモノ
日雀	ヒガラ
日雇	ヒヤトイ
日雇い	ヒヤトイ
日露	ニチロ
日韓	ニッカン
日頃	ヒゴロ
日額	ニチガク
日食	ニッショク
日鮮	ニッセン
日齢	ニチレイ
旦夕	タンセキ
旦日	タンジツ
旦暮	タンボ
旦那	ダンナ
旦那芸	ダンナゲイ
旧主	キュウシュ
旧交	キュウコウ
旧体制	キュウタイセイ
旧作	キュウサク
旧例	キュウレイ
旧俗	キュウゾク
旧債	キュウサイ
旧冬	キュウトウ
旧制	キュウセイ
旧制度	キュウセイド
旧劇	キュウゲキ
旧友	キュウユウ
旧名	キュウメイ
旧図	キュウト
旧国	キュウコク
旧国名	キュウコクメイ
旧地	キュウチ
旧址	キュウシ
旧型	キュウガタ
旧大陸	キュウタイリク
旧套	キュウトウ
旧好	キュウコウ
旧妻	キュウサイ
旧姓	キュウセイ
旧字	キュウジ
旧字体	キュウジタイ
旧宅	キュウタク
旧家	キュウカ
旧封	キュウホウ
旧居	キュウキョ
旧市	キュウシ
旧市街	キュウシガイ
旧帝大	キュウテイダイ
旧師	キュウシ
旧幕	キュウバク
旧弊	キュウヘイ
旧式	キュウシキ
旧怨	キュウエン
旧恩	キュウオン
旧悪	キュウアク
旧情	キュウジョウ
旧態	キュウタイ
旧慣	キュウカン
旧憲法	キュウケンポウ
旧懐	キュウカイ
旧教	キュウキョウ
旧族	キュウゾク
旧時	キュウジ
旧暦	キュウレキ
旧札	キュウサツ
旧村	キュウソン
旧来	キュウライ
旧株	キュウカブ
旧正月	キュウショウガツ
旧民法	キュウミンポウ
旧法	キュウホウ
旧派	キュウハ
旧物	キュウブツ
旧皮質	キュウヒシツ
旧盆	キュウボン
旧知	キュウチ
旧石器	キュウセッキ
旧称	キュウショウ
旧稿	キュウコウ
旧約	キュウヤク
旧縁	キュウエン
旧習	キュウシュウ
旧聞	キュウブン
旧臘	キュウロウ
旧臣	キュウシン
旧著	キュウチョ
旧蔵	キュウゾウ
旧藩	キュウハン
旧衣	キュウイ
旧観	キュウカン
旧記	キュウキ
旧詠	キュウエイ
旧詩	キュウシ
旧説	キュウセツ
旧誼	キュウギ
旧識	キュウシキ
旧譜	キュウフ
旧跡	キュウセキ
旧蹟	キュウセキ
旧軍	キュウグン
旧遊	キュウユウ
旧道	キュウドウ
旧邦	キュウホウ
旧都	キュウト
旧里	キュウリ
旧離	キュウリ
旧領	キュウリョウ
旧館	キュウカン
旨い	ウマイ
旨から	ウマカラ
旨く	ウマク
旨み	ウマミ
旨味	ウマミ
旨意	シイ
旨煮	ウマニ
早おき	ハヤオキ
早がわり	ハヤガワリ
早じまい	ハヤジマイ
早とちり	ハヤトチリ
早まき	ハヤマキ
早まる	ハヤマル
早め	ハヤメ
早める	ハヤメル
早る	ハヤル
早わかり	ハヤワカリ
早上がり	ハヤアガリ
早世	ソウセイ
早乙女	サオトメ
早仕舞	ハヤジマイ
早仕舞い	ハヤジマイ
早分かり	ハヤワカリ
早分り	ハヤワカリ
早割	ハヤワリ
早咲き	ハヤザキ
早回し	ハヤマワシ
早場米	ハヤバマイ
早変り	ハヤガワリ
早変わり	ハヤガワリ
早天	ソウテン
早婚	ソウコン
早寝	ハヤネ
早少女	サオトメ
早帰り	ハヤガエリ
早弁	ハヤベン
早引き	ハヤビキ
早引け	ハヤビケ
早弾き	ハヤビキ
早慶	ソウケイ
早慶戦	ソウケイセン
早成	ソウセイ
早手回し	ハヤテマワシ
早打ち	ハヤウチ
早技	ハヤワザ
早押し	ハヤオシ
早指し	ハヤザシ
早撃ち	ハヤウチ
早明戦	ソウメイセン
早春	ソウシュン
早晩	ソウバン
早暁	ソウギョウ
早替り	ハヤガワリ
早替わり	ハヤガワリ
早月	サツキ
早朝	ソウチョウ
早期	ソウキ
早期発見	ソウキハッケン
早期診断	ソウキシンダン
早期退職制度	ソウキタイショクセイド
早桶	ハヤオケ
早業	ハヤワザ
早歩き	ハヤアルキ
早死に	ハヤジニ
早漏	ソウロウ
早瀬	ハヤセ
早熟	ソウジュク
早版	ハヤバン
早生まれ	ハヤウマレ
早生れ	ハヤウマレ
早生児	ソウセイジ
早産	ソウザン
早産児	ソウザンジ
早番	ハヤバン
早発	ソウハツ
早目	ハヤメ
早碁	ハヤゴ
早秋	ソウシュウ
早稲	ワセ
早立ち	ハヤダチ
早老	ソウロウ
早老症	ソウロウショウ
早耳	ハヤミミ
早苗	サナエ
早苗饗	サナブリ
早蒔き	ハヤマキ
早蕨	サワラビ
早見	ハヤミ
早見表	ハヤミヒョウ
早計	ソウケイ
早起き	ハヤオキ
早足	ハヤアシ
早退	ソウタイ
早退き	ハヤビキ
早退け	ハヤビケ
早送り	ハヤオクリ
早逝	ソウセイ
早速	サッソク
早道	ハヤミチ
早鐘	ハヤガネ
早霜	ハヤジモ
早食い	ハヤグイ
早飯	ハヤメシ
早馬	ハヤウマ
早駕籠	ハヤカゴ
早鮓	ハヤズシ
旬余	ジュンヨ
旬刊	ジュンカン
旬報	ジュンポウ
旬日	ジュンジツ
旬月	ジュンゲツ
旬間	ジュンカン
旭光	キョッコウ
旭旗	キョッキ
旭日旗	キョクジツキ
旭日章	キョクジツショウ
旱天	カンテン
旱害	カンガイ
旱魃	カンバツ
旺ん	サカン
旺盛	オウセイ
昂じる	コウジル
昂ぶり	タカブリ
昂ぶる	タカブル
昂まる	タカマル
昂り	タカブリ
昂る	タカブル
昂揚	コウヨウ
昂然	コウゼン
昂進	コウシン
昂騰	コウトウ
昆虫	コンチュウ
昆虫学	コンチュウガク
昆虫食	コンチュウショク
昇り	ノボリ
昇りつめる	ノボリツメル
昇り坂	ノボリザカ
昇り竜	ノボリリュウ
昇り詰める	ノボリツメル
昇る	ノボル
昇任	ショウニン
昇叙	ショウジョ
昇圧	ショウアツ
昇圧剤	ショウアツザイ
昇天	ショウテン
昇格	ショウカク
昇段	ショウダン
昇殿	ショウデン
昇汞	ショウコウ
昇汞水	ショウコウスイ
昇温	ショウオン
昇竜	ショウリュウ
昇級	ショウキュウ
昇給	ショウキュウ
昇華	ショウカ
昇降	ショウコウ
昇降機	ショウコウキ
昇降舵	ショウコウダ
昇順	ショウジュン
明かし	アカシ
明かす	アカス
明かり	アカリ
明かり取り	アカリトリ
明かり採り	アカリトリ
明かり窓	アカリマド
明かり障子	アカリショウジ
明き	アキ
明き地	アキチ
明き間	アキマ
明く	アク
明くる	アクル
明くる年	アクルトシ
明くる日	アクルヒ
明け	アケ
明けがた	アケガタ
明けそめる	アケソメル
明けっぴろげ	アケッピロゲ
明けっ広げ	アケッピロゲ
明けっ放し	アケッパナシ
明ける	アケル
明け初める	アケソメル
明け広げ	アケヒロゲ
明け放し	アケハナシ
明け放す	アケハナス
明け放つ	アケハナツ
明け放れる	アケハナレル
明け方	アケガタ
明け暮れ	アケクレ
明け暮れる	アケクレル
明け染める	アケソメル
明け残る	アケノコル
明け渡し	アケワタシ
明け渡す	アケワタス
明け渡る	アケワタル
明け烏	アケガラス
明け番	アケバン
明け荷	アケニ
明け透け	アケスケ
明け離れる	アケハナレル
明し暮らす	アカシクラス
明せき	メイセキ
明らか	アキラカ
明らむ	アカラム
明らめる	アキラメル
明り	アカリ
明りとり	アカリトリ
明りょう	メイリョウ
明り先	アカリサキ
明り取り	アカリトリ
明り採り	アカリトリ
明り窓	アカリマド
明る	アカル
明るい	アカルイ
明るさ	アカルサ
明るみ	アカルミ
明るむ	アカルム
明主	メイシュ
明君	メイクン
明哲	メイテツ
明喩	メイユ
明夜	ミョウヤ
明太	メンタイ
明太子	メンタイコ
明媚	メイビ
明察	メイサツ
明年	ミョウネン
明度	メイド
明後年	ミョウゴネン
明徳	メイトク
明徴	メイチョウ
明快	メイカイ
明所視	メイショシ
明敏	メイビン
明文	メイブン
明文化	メイブンカ
明断	メイダン
明方	アケガタ
明日葉	アシタバ
明星	ミョウジョウ
明春	ミョウシュン
明晩	ミョウバン
明晰	メイセキ
明晰夢	メイセキム
明智	メイチ
明暗	メイアン
明朗	メイロウ
明朝体	ミンチョウタイ
明楽	ミンガク
明清楽	ミンシンガク
明渡	アケワタシ
明渡し	アケワタシ
明渡す	アケワタス
明滅	メイメツ
明澄	メイチョウ
明烏	アケガラス
明王	ミョウオウ
明眸	メイボウ
明瞭	メイリョウ
明知	メイチ
明確	メイカク
明確化	メイカクカ
明礬	ミョウバン
明礬石	ミョウバンセキ
明示	メイジ
明答	メイトウ
明細	メイサイ
明細書	メイサイショ
明細表	メイサイヒョウ
明色	メイショク
明視	メイシ
明解	メイカイ
明言	メイゲン
明記	メイキ
明証	メイショウ
明達	メイタツ
昏々	コンコン
昏れる	クレル
昏倒	コントウ
昏冥	コンメイ
昏昏	コンコン
昏睡	コンスイ
昏迷	コンメイ
易き	ヤスキ
易しい	ヤサシイ
易損品	イソンヒン
易断	エキダン
易者	エキシャ
易行道	イギョウドウ
昔かたぎ	ムカシカタギ
昔なじみ	ムカシナジミ
昔年	セキネン
昔日	セキジツ
昔時	セキジ
昔気質	ムカシカタギ
昔者	ムカシモノ
昔蜥蜴	ムカシトカゲ
昔蜻蛉	ムカシトンボ
昔話	ムカシバナシ
昔語り	ムカシガタリ
昔馴染	ムカシナジミ
昔馴染み	ムカシナジミ
星々	ホシボシ
星あかり	ホシアカリ
星くず	ホシクズ
星ぞら	ホシゾラ
星まつり	ホシマツリ
星列	セイレツ
星占い	ホシウラナイ
星印	ホシジルシ
星取り表	ホシトリヒョウ
星取表	ホシトリヒョウ
星合	ホシアイ
星合い	ホシアイ
星回り	ホシマワリ
星団	セイダン
星図	セイズ
星型	ホシガタ
星学	セイガク
星屎	ホシクソ
星屑	ホシクズ
星座	セイザ
星座図	セイザズ
星形	ホシガタ
星影	ホシカゲ
星斗	セイト
星明かり	ホシアカリ
星明り	ホシアカリ
星星	ホシボシ
星条旗	セイジョウキ
星状体	セイジョウタイ
星祭	ホシマツリ
星祭り	ホシマツリ
星空	ホシゾラ
星章	セイショウ
星系	セイケイ
星群	セイグン
星表	セイヒョウ
星辰	セイシン
星間	セイカン
星雲	セイウン
星雲説	セイウンセツ
星食	セイショク
星鴉	ホシガラス
映しだす	ウツシダス
映し出す	ウツシダス
映じる	エイジル
映す	ウツス
映ずる	エイズル
映り	ウツリ
映りこむ	ウツリコム
映り込み	ウツリコミ
映り込む	ウツリコム
映る	ウツル
映像	エイゾウ
映写	エイシャ
映写幕	エイシャマク
映写機	エイシャキ
映射	エイシャ
映画	エイガ
映画化	エイガカ
映画学	エイガガク
映画界	エイガカイ
映画社	エイガシャ
映画祭	エイガサイ
映画館	エイガカン
映畫	エイガ
春がすみ	ハルガスミ
春まき	ハルマキ
春まつり	ハルマツリ
春もの	ハルモノ
春一番	ハルイチバン
春休み	ハルヤスミ
春作	ハルサク
春先	ハルサキ
春光	シュンコウ
春分	シュンブン
春分の日	シュンブンノヒ
春分点	シュンブンテン
春場所	ハルバショ
春季	シュンキ
春宮	トウグウ
春宵	シュンショウ
春寒	シュンカン
春巻	ハルマキ
春巻き	ハルマキ
春情	シュンジョウ
春愁	シュンシュウ
春日	シュンジツ
春昼	シュンチュウ
春時雨	ハルシグレ
春景色	ハルゲシキ
春暁	シュンギョウ
春暖	シュンダン
春望	シュンボウ
春期	シュンキ
春本	シュンポン
春楡	ハルニレ
春歌	シュンカ
春泥	シュンデイ
春物	ハルモノ
春画	シュンガ
春眠	シュンミン
春着	ハルギ
春祭り	ハルマツリ
春窮	シュンキュウ
春竜胆	ハルリンドウ
春節	シュンセツ
春耕	シュンコウ
春色	シュンショク
春菊	シュンギク
春蒔き	ハルマキ
春蘭	シュンラン
春蝉	ハルゼミ
春遊	シュンユウ
春闘	シュントウ
春陽	シュンヨウ
春雪	シュンセツ
春雷	シュンライ
春霞	ハルガスミ
昧爽	マイソウ
昨冬	サクトウ
昨年	サクネン
昨年度	サクネンド
昨年来	サクネンライ
昨日今日	キノウキョウ
昨春	サクシュン
昨晩	サクバン
昨暁	サクギョウ
昨朝	サクチョウ
昨秋	サクシュウ
昭代	ショウダイ
昭和の日	ショウワノヒ
昭和史	ショウワシ
昭示	ショウジ
是々非々	ゼゼヒヒ
是れ	コレ
是是非非	ゼゼヒヒ
是正	ゼセイ
是認	ゼニン
是非	ゼヒ
昵懇	ジッコン
昵近	ジッキン
昼げ	ヒルゲ
昼ごはん	ヒルゴハン
昼ご飯	ヒルゴハン
昼すぎ	ヒルスギ
昼どき	ヒルドキ
昼ドラ	ヒルドラ
昼メロ	ヒルメロ
昼三	チュウサン
昼下がり	ヒルサガリ
昼下り	ヒルサガリ
昼中	ヒルナカ
昼休み	ヒルヤスミ
昼休憩	ヒルキュウケイ
昼光	チュウコウ
昼光色	チュウコウショク
昼前	ヒルマエ
昼勤	チュウキン
昼夜帯	チュウヤオビ
昼寝	ヒルネ
昼帯	ヒルオビ
昼御飯	ヒルゴハン
昼日中	ヒルヒナカ
昼時	ヒルドキ
昼練	ヒルレン
昼行性	チュウコウセイ
昼行灯	ヒルアンドン
昼過ぎ	ヒルスギ
昼頃	ヒルゴロ
昼顔	ヒルガオ
昼食代	チュウショクダイ
昼食会	チュウショクカイ
昼餉	ヒルゲ
昼餐	チュウサン
時おり	トキオリ
時たま	トキタマ
時どき	トキドキ
時めく	トキメク
時下	ジカ
時事	ジジ
時事問題	ジジモンダイ
時人	ジジン
時代	ジダイ
時代もの	ジダイモノ
時代劇	ジダイゲキ
時代物	ジダイモノ
時代相	ジダイソウ
時代色	ジダイショク
時代遅れ	ジダイオクレ
時代錯誤	ジダイサクゴ
時余	ジヨ
時価	ジカ
時価総額	ジカソウガク
時候	ジコウ
時分	ジブン
時分時	ジブンドキ
時制	ジセイ
時刻	ジコク
時刻表	ジコクヒョウ
時効	ジコウ
時務	ジム
時勢	ジセイ
時化	シケ
時化る	シケル
時報	ジホウ
時好	ジコウ
時季	ジキ
時宜	ジギ
時局	ジキョク
時差	ジサ
時差出勤	ジサシュッキン
時弊	ジヘイ
時数	ジスウ
時文	ジブン
時日	ジジツ
時期	ジキ
時様	ジヨウ
時機	ジキ
時流	ジリュウ
時点	ジテン
時疫	ジエキ
時相	ジソウ
時短	ジタン
時短ハラスメント	ジタンハラスメント
時空	ジクウ
時節	ジセツ
時節がら	ジセツガラ
時節柄	ジセツガラ
時系列	ジケイレツ
時系列分析	ジケイレツブンセキ
時給	ジキュウ
時習	ジシュウ
時艱	ジカン
時角	ジカク
時計台	トケイダイ
時計回り	トケイマワリ
時計塔	トケイトウ
時計学	トケイガク
時計座	トケイザ
時計草	トケイソウ
時評	ジヒョウ
時論	ジロン
時速	ジソク
時運	ジウン
時針	ジシン
時間	ジカン
時間つぶし	ジカンツブシ
時間どおり	ジカンドオリ
時間休	ジカンキュウ
時間切れ	ジカンギレ
時間割	ジカンワリ
時間割り	ジカンワリ
時間外	ジカンガイ
時間外労働	ジカンガイロウドウ
時間外勤務	ジカンガイキンム
時間外協定	ジカンガイキョウテイ
時間差	ジカンサ
時間帯	ジカンタイ
時間旅行	ジカンリョコウ
時間潰し	ジカンツブシ
時間的	ジカンテキ
時間管理	ジカンカンリ
時間給	ジカンキュウ
時間表	ジカンヒョウ
時間軸	ジカンジク
時間通り	ジカンドオリ
時限	ジゲン
時雨れる	シグレル
時雨煮	シグレニ
時鳥	ホトトギス
晋山	シンザン
晏如	アンジョ
晏然	アンゼン
晒しもの	サラシモノ
晒し粉	サラシコ
晒し者	サラシモノ
晒し飴	サラシアメ
晒し餡	サラシアン
晒し首	サラシクビ
晒者	サラシモノ
晒飴	サラシアメ
晒餡	サラシアン
晒首	サラシクビ
晦ます	クラマス
晦冥	カイメイ
晦匿	カイトク
晦渋	カイジュウ
晨り鴨	シノリガモ
晩かん	バンカン
晩ごはん	バンゴハン
晩ご飯	バンゴハン
晩さん	バンサン
晩さん会	バンサンカイ
晩めし	バンメシ
晩メシ	バンメシ
晩冬	バントウ
晩夏	バンカ
晩婚	バンコン
晩婚化	バンコンカ
晩学	バンガク
晩年	バンネン
晩御飯	バンゴハン
晩成	バンセイ
晩方	バンガタ
晩春	バンシュン
晩景	バンケイ
晩期	バンキ
晩柑	バンカン
晩歳	バンサイ
晩涼	バンリョウ
晩産	バンサン
晩産化	バンサンカ
晩発	バンパツ
晩祷	バントウ
晩禱	バントウ
晩秋	バンシュウ
晩節	バンセツ
晩菊	バンギク
晩酌	バンシャク
晩鐘	バンショウ
晩食	バンショク
晩飯	バンメシ
晩餐	バンサン
晩餐会	バンサンカイ
普く	アマネク
普免	フメン
普及	フキュウ
普及版	フキュウバン
普及率	フキュウリツ
普天	フテン
普段	フダン
普段着	フダンギ
普賢	フゲン
普通乗用車	フツウジョウヨウシャ
普通文	フツウブン
普通校	フツウコウ
普通株	フツウカブ
普通法	フツウホウ
普通科	フツウカ
普通紙	フツウシ
普通自動車	フツウジドウシャ
普通車	フツウシャ
普通預金	フツウヨキン
普遍	フヘン
普遍化	フヘンカ
普遍性	フヘンセイ
普遍的	フヘンテキ
普選	フセン
景仰	ケイコウ
景勝	ケイショウ
景勝地	ケイショウチ
景品	ケイヒン
景気動向指数	ケイキドウコウシスウ
景気変動	ケイキヘンドウ
景気後退	ケイキコウタイ
景気循環	ケイキジュンカン
景況	ケイキョウ
景況感	ケイキョウカン
景物	ケイブツ
景観	ケイカン
景観法	ケイカンホウ
景趣	ケイシュ
景雲	ケイウン
晴々しい	ハレバレシイ
晴やか	ハレヤカ
晴らす	ハラス
晴れがましい	ハレガマシイ
晴ればれ	ハレバレ
晴れやか	ハレヤカ
晴れる	ハレル
晴れ上がる	ハレアガル
晴れ女	ハレオンナ
晴れ姿	ハレスガタ
晴れ晴れ	ハレバレ
晴れ晴れしい	ハレバレシイ
晴れ男	ハレオトコ
晴れ着	ハレギ
晴れ間	ハレマ
晴嵐	セイラン
晴朗	セイロウ
晴眼者	セイガンシャ
晴着	ハレギ
晴耕雨読	セイコウウドク
晴間	ハレマ
晴雨	セイウ
晴雨計	セイウケイ
晶出	ショウシュツ
智力	チリョク
智勇	チユウ
智嚢	チノウ
智将	チショウ
智徳	チトク
智慮	チリョ
智歯	チシ
智略	チリャク
智能	チノウ
智謀	チボウ
智識	チシキ
暁光	ギョウコウ
暁天	ギョウテン
暁星	ギョウセイ
暁角	ギョウカク
暁鐘	ギョウショウ
暁霧	ギョウム
暇々	ヒマヒマ
暇つぶし	ヒマツブシ
暇どる	ヒマドル
暇乞	イトマゴイ
暇乞い	イトマゴイ
暇人	ヒマジン
暇取る	ヒマドル
暇暇	ヒマヒマ
暇潰し	ヒマツブシ
暈かす	ボカス
暈け	ボケ
暈ける	ボケル
暈し	ボカシ
暈す	ボカス
暑くるしい	アツクルシイ
暑さ	アツサ
暑中	ショチュウ
暑中休暇	ショチュウキュウカ
暑夏	ショカ
暑熱	ショネツ
暑熱順化	ショネツジュンカ
暑苦しい	アツクルシイ
暖かさ	アタタカサ
暖かみ	アタタカミ
暖冬	ダントウ
暖地	ダンチ
暖帯	ダンタイ
暖房	ダンボウ
暖房機	ダンボウキ
暖機	ダンキ
暖流	ダンリュウ
暖海	ダンカイ
暖炉	ダンロ
暖簾代	ノレンダイ
暖色	ダンショク
暗々	アンアン
暗々裏	アンアンリ
暗がり	クラガリ
暗きょ	アンキョ
暗さ	クラサ
暗たん	アンタン
暗に	アンニ
暗ます	クラマス
暗む	クラム
暗やみ	クラヤミ
暗れる	クレル
暗中	アンチュウ
暗中模索	アンチュウモサク
暗剣殺	アンケンサツ
暗号	アンゴウ
暗号化	アンゴウカ
暗号文	アンゴウブン
暗合	アンゴウ
暗君	アンクン
暗唱	アンショウ
暗喩	アンユ
暗夜	アンヤ
暗室	アンシツ
暗幕	アンマク
暗影	アンエイ
暗愁	アンシュウ
暗愚	アング
暗憺	アンタン
暗所	アンショ
暗暗	アンアン
暗暗裏	アンアンリ
暗槓	アンカン
暗殺	アンサツ
暗殺拳	アンサツケン
暗殺者	アンサツシャ
暗流	アンリュウ
暗涙	アンルイ
暗渠	アンキョ
暗澹	アンタン
暗点	アンテン
暗然	アンゼン
暗礁	アンショウ
暗示	アンジ
暗穴	アンケツ
暗算	アンザン
暗箱	アンバコ
暗紫色	アンシショク
暗緑	アンリョク
暗緑色	アンリョクショク
暗線	アンセン
暗翳	アンエイ
暗色	アンショク
暗褐色	アンカッショク
暗視	アンシ
暗記	アンキ
暗証	アンショウ
暗証番号	アンショウバンゴウ
暗語	アンゴ
暗譜	アンプ
暗赤色	アンセキショク
暗躍	アンヤク
暗転	アンテン
暗部	アンブ
暗闇	クラヤミ
暗闘	アントウ
暗雲	アンウン
暗香	アンコウ
暗鬱	アンウツ
暗黒	アンコク
暗黒期	アンコクキ
暗黒街	アンコクガイ
暗黙	アンモク
暗黙知	アンモクチ
暢気	ノンキ
暢達	チョウタツ
暦年	レキネン
暦数	レキスウ
暦日	レキジツ
暦月	レキゲツ
暦本	レキホン
暦法	レキホウ
暦道	レキドウ
暫く	シバラク
暫し	シバシ
暫らく	シバラク
暫定	ザンテイ
暫定値	ザンテイチ
暫定的	ザンテイテキ
暫時	ザンジ
暮し向き	クラシムキ
暮す	クラス
暮らしむき	クラシムキ
暮らし向き	クラシムキ
暮らす	クラス
暮れなずむ	クレナズム
暮れる	クレル
暮れ掛かる	クレカカル
暮れ掛ける	クレカケル
暮れ方	クレガタ
暮れ残る	クレノコル
暮れ泥む	クレナズム
暮れ行く	クレユク
暮夜	ボヤ
暮方	クレガタ
暮春	ボシュン
暮泥む	クレナズム
暮秋	ボシュウ
暮色	ボショク
暮鐘	ボショウ
暮雨	ボウ
暮雪	ボセツ
暴きたてる	アバキタテル
暴きだす	アバキダス
暴き出す	アバキダス
暴き立てる	アバキタテル
暴く	アバク
暴れまわる	アバレマワル
暴れる	アバレル
暴れん坊	アバレンボウ
暴れ回る	アバレマワル
暴れ川	アバレガワ
暴れ牛	アバレウシ
暴れ狂う	アバレクルウ
暴れ者	アバレモノ
暴れ込む	アバレコム
暴れ馬	アバレウマ
暴利	ボウリ
暴力	ボウリョク
暴力団	ボウリョクダン
暴力的	ボウリョクテキ
暴動	ボウドウ
暴君	ボウクン
暴圧	ボウアツ
暴威	ボウイ
暴富	ボウフ
暴対法	ボウタイホウ
暴徒	ボウト
暴徒化	ボウトカ
暴悪	ボウアク
暴慢	ボウマン
暴戻	ボウレイ
暴投	ボウトウ
暴挙	ボウキョ
暴政	ボウセイ
暴民	ボウミン
暴漢	ボウカン
暴状	ボウジョウ
暴発	ボウハツ
暴落	ボウラク
暴虐	ボウギャク
暴行	ボウコウ
暴行罪	ボウコウザイ
暴言	ボウゲン
暴論	ボウロン
暴走	ボウソウ
暴走族	ボウソウゾク
暴雨	ボウウ
暴露本	バクロボン
暴風圏	ボウフウケン
暴風域	ボウフウイキ
暴風警報	ボウフウケイホウ
暴風雪	ボウフウセツ
暴食	ボウショク
暴飲	ボウイン
暴飲暴食	ボウインボウショク
暴騰	ボウトウ
曇らす	クモラス
曇り声	クモリゴエ
曇り空	クモリゾラ
曇る	クモル
曇天	ドンテン
曖々	アイアイ
曖昧	アイマイ
曖昧性	アイマイセイ
曙光	ショコウ
曙草	アケボノソウ
曜日	ヨウビ
曝く	アバク
曝けだす	サラケダス
曝け出す	サラケダス
曝し	サラシ
曝し者	サラシモノ
曝し首	サラシクビ
曝書	バクショ
曝気	バッキ
曝涼	バクリョウ
曝露	バクロ
曠世	コウセイ
曠劫	コウゴウ
曠古	コウコ
曠職	コウショク
曲々しい	マガマガシイ
曲がり	マガリ
曲がりくねる	マガリクネル
曲がり家	マガリヤ
曲がり目	マガリメ
曲がり角	マガリカド
曲がり道	マガリミチ
曲がる	マガル
曲が曲がしい	マガマガシイ
曲げ	マゲ
曲げる	マゲル
曲げわっぱ	マゲワッパ
曲げ伸ばし	マゲノバシ
曲づくり	キョクヅクリ
曲り	マガリ
曲りくねる	マガリクネル
曲り家	マガリヤ
曲り目	マガリメ
曲り角	マガリカド
曲り道	マガリミチ
曲る	マガル
曲乗り	キョクノリ
曲作り	キョクヅクリ
曲名	キョクメイ
曲家	マガリヤ
曲射	キョクシャ
曲射砲	キョクシャホウ
曲弾き	キョクビキ
曲想	キョクソウ
曲技	キョクギ
曲折	キョクセツ
曲曲しい	マガマガシイ
曲水	キョクスイ
曲浦	キョクホ
曲率	キョクリツ
曲玉	マガタマ
曲目	キョクモク
曲直	キョクチョク
曲筆	キョクヒツ
曲節	キョクセツ
曲線	キョクセン
曲線美	キョクセンビ
曲者	クセモノ
曲舞	クセマイ
曲芸	キョクゲイ
曲解	キョッカイ
曲説	キョクセツ
曲調	キョクチョウ
曲論	キョクロン
曲譜	キョクフ
曲路	キョクロ
曲集	キョクシュウ
曲面	キョクメン
曲順	キョクジュン
曲馬	キョクバ
曳き綱	ヒキヅナ
曳き網	ヒキアミ
曳き船	ヒキフネ
曳く	ヒク
曳光弾	エイコウダン
曳子	ヒキコ
曳山	ヒキヤマ
曳火	エイカ
曳綱	ヒキヅナ
曳網	ヒキアミ
曳航	エイコウ
更々	サラサラ
更かす	フカス
更け	フケ
更ける	フケル
更なる	サラナル
更に	サラニ
更問	サラトイ
更問い	サラトイ
更地	サラチ
更始	コウシ
更年期	コウネンキ
更改	コウカイ
更新	コウシン
更新世	コウシンセイ
更新履歴	コウシンリレキ
更新料	コウシンリョウ
更新日	コウシンビ
更更	サラサラ
更正	コウセイ
更生	コウセイ
更衣室	コウイシツ
更訂	コウテイ
更迭	コウテツ
書きあげる	カキアゲル
書きうつす	カキウツス
書きおくる	カキオクル
書きおとす	カキオトス
書きおろし	カキオロシ
書きかえ	カキカエ
書きかえる	カキカエル
書きかけ	カキカケ
書きことば	カキコトバ
書きこむ	カキコム
書きしるす	カキシルス
書きためる	カキタメル
書きだし	カキダシ
書きだす	カキダス
書きちらす	カキチラス
書きつけ	カキツケ
書きつける	カキツケル
書きつづる	カキツヅル
書きとめる	カキトメル
書きなぐる	カキナグル
書きまちがい	カキマチガイ
書きもの	カキモノ
書き上げる	カキアゲル
書き下す	カキクダス
書き下ろし	カキオロシ
書き下ろす	カキオロス
書き並べる	カキナラベル
書き付け	カキツケ
書き付ける	カキツケル
書き伝える	カキツタエル
書き入れ	カキイレ
書き入れる	カキイレル
書き写す	カキウツス
書き出し	カキダシ
書き出す	カキダス
書き分け	カキワケ
書き分ける	カキワケル
書き初め	カキゾメ
書き判	カキハン
書き割	カキワリ
書き割り	カキワリ
書き加える	カキクワエル
書き取り	カキトリ
書き取る	カキトル
書き味	カキアジ
書き役	カキヤク
書き手	カキテ
書き抜き	カキヌキ
書き抜く	カキヌク
書き捨てる	カキステル
書き掛け	カキカケ
書き換え	カキカエ
書き換える	カキカエル
書き換わる	カキカワル
書き損じ	カキソンジ
書き損じる	カキソンジル
書き損ない	カキソコナイ
書き改める	カキアラタメル
書き散らし	カキチラシ
書き散らす	カキチラス
書き方	カキカタ
書き替え	カキカエ
書き替える	カキカエル
書き残す	カキノコス
書き殴る	カキナグル
書き洩らす	カキモラス
書き流す	カキナガス
書き添える	カキソエル
書き溜める	カキタメル
書き漏らす	カキモラス
書き物	カキモノ
書き物机	カキモノヅクエ
書き直し	カキナオシ
書き直す	カキナオス
書き立てる	カキタテル
書き綴る	カキツヅル
書き置き	カキオキ
書き落す	カキオトス
書き落とす	カキオトス
書き著す	カキアラワス
書き表す	カキアラワス
書き表わす	カキアラワス
書き言葉	カキコトバ
書き記す	カキシルス
書き誤り	カキアヤマリ
書き誤る	カキアヤマル
書き起こし	カキオコシ
書き起こす	カキオコス
書き起し	カキオコシ
書き起す	カキオコス
書き足す	カキタス
書き込み	カキコミ
書き込む	カキコム
書き送る	カキオクル
書き連ねる	カキツラネル
書き違える	カキチガエル
書き間違い	カキマチガイ
書き間違える	カキマチガエル
書き集める	カキアツメル
書き順	カキジュン
書き飛ばす	カキトバス
書く	カク
書下ろし	カキオロシ
書下ろす	カキオロス
書中	ショチュウ
書付	カキツケ
書付け	カキツケ
書付ける	カキツケル
書体	ショタイ
書信	ショシン
書冊	ショサツ
書写	ショシャ
書写す	カキウツス
書出し	カキダシ
書分け	カキワケ
書初	カキゾメ
書初め	カキゾメ
書判	カキハン
書割	カキワリ
書取	カキトリ
書取る	カキトル
書史	ショシ
書名	ショメイ
書契	ショケイ
書字	ショジ
書家	ショカ
書巻	ショカン
書店	ショテン
書庫	ショコ
書式	ショシキ
書役	カキヤク
書房	ショボウ
書抜き	カキヌキ
書抜く	カキヌク
書換え	カキカエ
書換える	カキカエル
書損じ	カキソンジ
書散らし	カキチラシ
書散らす	カキチラス
書斎	ショサイ
書替え	カキカエ
書札	ショサツ
書林	ショリン
書架	ショカ
書棚	ショダナ
書残す	カキノコス
書法	ショホウ
書流	ショリュウ
書淫	ショイン
書添える	カキソエル
書牘	ショトク
書状	ショジョウ
書生	ショセイ
書画	ショガ
書留	カキトメ
書留め	カキトメ
書留める	カキトメル
書留郵便	カキトメユウビン
書痙	ショケイ
書痴	ショチ
書目	ショモク
書箱	ショソウ
書簡	ショカン
書簡文	ショカンブン
書簡集	ショカンシュウ
書籍化	ショセキカ
書紀	ショキ
書置き	カキオキ
書翰	ショカン
書聖	ショセイ
書肆	ショシ
書舗	ショホ
書芸	ショゲイ
書落とす	カキオトス
書見	ショケン
書記	ショキ
書記官	ショキカン
書記局	ショキキョク
書記素	ショキソ
書記長	ショキチョウ
書証	ショショウ
書評	ショヒョウ
書誌	ショシ
書誌学	ショシガク
書跡	ショセキ
書蹟	ショセキ
書込み	カキコミ
書送る	カキオクル
書道	ショドウ
書道家	ショドウカ
書院	ショイン
書院番	ショインバン
書院造	ショインヅクリ
書院造り	ショインヅクリ
書面	ショメン
書類	ショルイ
書風	ショフウ
曹司	ゾウシ
曹達	ソーダ
曹長	ソウチョウ
曹長石	ソウチョウセキ
曼珠沙華	マンジュシャゲ
替え刃	カエバ
替え地	カエチ
替え歌	カエウタ
替え玉	カエダマ
替え着	カエギ
替え紋	カエモン
替え芯	カエシン
替わる	カワル
替刃	カエバ
替地	カエチ
替歌	カエウタ
替玉	カエダマ
替紋	カエモン
替芯	カエシン
最上	サイジョウ
最上位	サイジョウイ
最上級	サイジョウキュウ
最上階	サイジョウカイ
最下	サイカ
最下位	サイカイ
最低価格	サイテイカカク
最低賃金	サイテイチンギン
最低賃金法	サイテイチンギンホウ
最低限	サイテイゲン
最低額	サイテイガク
最優	サイユウ
最優先	サイユウセン
最優秀	サイユウシュウ
最先端	サイセンタン
最初	サイショ
最前	サイゼン
最前列	サイゼンレツ
最前線	サイゼンセン
最北	サイホク
最北端	サイホクタン
最南端	サイナンタン
最古	サイコ
最右	サイウ
最右翼	サイウヨク
最善	サイゼン
最外	サイガイ
最多	サイタ
最多数	サイタスウ
最大	サイダイ
最大値	サイダイチ
最大公約数	サイダイコウヤクスウ
最大化	サイダイカ
最大手	サイオオテ
最大数	サイダイスウ
最大級	サイダイキュウ
最大限	サイダイゲン
最大限度	サイダイゲンド
最安	サイヤス
最安値	サイヤスネ
最寄	モヨリ
最寄り	モヨリ
最寄り駅	モヨリエキ
最寄駅	モヨリエキ
最小	サイショウ
最小値	サイショウチ
最小公倍数	サイショウコウバイスウ
最小化	サイショウカ
最小限	サイショウゲン
最小限度	サイショウゲンド
最少	サイショウ
最尤法	サイユウホウ
最左	サイサ
最年少	サイネンショウ
最年長	サイネンチョウ
最弱	サイジャク
最強	サイキョウ
最後	サイゴ
最後っぺ	サイゴッペ
最後っ屁	サイゴッペ
最後列	サイコウレツ
最後尾	サイコウビ
最恵国	サイケイコク
最悪	サイアク
最愛	サイアイ
最敬礼	サイケイレイ
最新	サイシン
最新作	サイシンサク
最新性	サイシンセイ
最新版	サイシンバン
最早	モハヤ
最期	サイゴ
最東端	サイトウタン
最果て	サイハテ
最深	サイシン
最盛	サイセイ
最盛期	サイセイキ
最短	サイタン
最短距離	サイタンキョリ
最終	サイシュウ
最終便	サイシュウビン
最終値	サイシュウチ
最終回	サイシュウカイ
最終戦	サイシュウセン
最終日	サイシュウビ
最終的	サイシュウテキ
最終章	サイシュウショウ
最終財	サイシュウザイ
最終電車	サイシュウデンシャ
最良	サイリョウ
最西端	サイセイタン
最貧国	サイヒンコク
最賃	サイチン
最賃法	サイチンホウ
最近	サイキン
最速	サイソク
最遠	サイエン
最適	サイテキ
最適化	サイテキカ
最適解	サイテキカイ
最重要	サイジュウヨウ
最重視	サイジュウシ
最長	サイチョウ
最高価格	サイコウカカク
最高峰	サイコウホウ
最高情報責任者	サイコウジョウホウセキニンシャ
最高投資責任者	サイコウトウシセキニンシャ
最高機密	サイコウキミツ
最高潮	サイコウチョウ
最高級	サイコウキュウ
最高経営責任者	サイコウケイエイセキニンシャ
最高裁	サイコウサイ
最高限度	サイコウゲンド
最高額	サイコウガク
最高齢	サイコウレイ
月々	ツキヅキ
月あかり	ツキアカリ
月がさ	ツキガサ
月ぎめ	ツキギメ
月ごと	ツキゴト
月と鼈	ツキトスッポン
月のもの	ツキノモノ
月の物	ツキノモノ
月の輪	ツキノワ
月の障り	ツキノサワリ
月下	ゲッカ
月下香	ゲッカコウ
月並	ツキナミ
月並み	ツキナミ
月代り	ツキガワリ
月代わり	ツキガワリ
月例	ゲツレイ
月例会	ゲツレイカイ
月俸	ゲッポウ
月偏	ツキヘン
月光	ゲッコウ
月光浴	ゲッコウヨク
月内	ゲツナイ
月刊	ゲッカン
月刊誌	ゲッカンシ
月初め	ツキハジメ
月別	ツキベツ
月利	ゲツリ
月割り	ツキワリ
月半ば	ツキナカバ
月卿	ゲッケイ
月参り	ツキマイリ
月収	ゲッシュウ
月商	ゲッショウ
月報	ゲッポウ
月夜茸	ツキヨタケ
月央	ゲツオウ
月始め	ツキハジメ
月平均	ツキヘイキン
月形	ツキガタ
月役	ツキヤク
月後れ	ツキオクレ
月払い	ツキバライ
月掛け	ツキガケ
月旦	ゲッタン
月旦評	ゲッタンヒョウ
月明	ゲツメイ
月明かり	ツキアカリ
月明り	ツキアカリ
月曜	ゲツヨウ
月曜日	ゲツヨウビ
月替り	ツキガワリ
月替わり	ツキガワリ
月月	ツキヅキ
月桂	ゲッケイ
月桂冠	ゲッケイカン
月桂樹	ゲッケイジュ
月桃	ゲットウ
月極め	ツキギメ
月橘	ゲッキツ
月毎	ツキゴト
月毛	ツキゲ
月決め	ツキギメ
月琴	ゲッキン
月産	ゲッサン
月番	ツキバン
月経	ゲッケイ
月経痛	ゲッケイツウ
月給	ゲッキュウ
月給取り	ゲッキュウトリ
月色	ゲッショク
月蝕	ゲッショク
月見	ツキミ
月評	ゲッピョウ
月謝	ゲッシャ
月賦	ゲップ
月越し	ツキゴシ
月足	ツキアシ
月足らず	ツキタラズ
月輪熊	ツキノワグマ
月遅れ	ツキオクレ
月長石	ゲッチョウセキ
月間	ゲッカン
月面	ゲツメン
月面車	ゲツメンシャ
月頃	ツキゴロ
月額	ゲツガク
月食	ゲッショク
月餅	ゲッペイ
月齢	ゲツレイ
有する	ユウスル
有らゆる	アラユル
有り	アリ
有りあまる	アリアマル
有りあわせ	アリアワセ
有りがとう	アリガトウ
有りったけ	アリッタケ
有りっ丈	アリッタケ
有りの侭	アリノママ
有りの儘	アリノママ
有り付く	アリツク
有り体	アリテイ
有り余る	アリアマル
有り切れ	アリギレ
有り合せ	アリアワセ
有り合わせ	アリアワセ
有り合わせる	アリアワセル
有り明け	アリアケ
有り物	アリモノ
有り触れる	アリフレル
有り金	アリガネ
有り難い	アリガタイ
有り難う	アリガトウ
有り難み	アリガタミ
有り難涙	アリガタナミダ
有り難迷惑	アリガタメイワク
有る	アル
有る無し	アルナシ
有れ	アレ
有事	ユウジ
有人	ユウジン
有休	ユウキュウ
有休消化	ユウキュウショウカ
有体物	ユウタイブツ
有余	ユウヨ
有余る	アリアマル
有価	ユウカ
有価証券	ユウカショウケン
有償	ユウショウ
有利	ユウリ
有力	ユウリョク
有功	ユウコウ
有効	ユウコウ
有効性	ユウコウセイ
有効期間	ユウコウキカン
有効期限	ユウコウキゲン
有効求人倍率	ユウコウキュウジンバイリツ
有効票	ユウコウヒョウ
有半	ユウハン
有卦	ウケ
有印	ユウイン
有史	ユウシ
有司	ユウシ
有名	ユウメイ
有名人	ユウメイジン
有名税	ユウメイゼイ
有向	ユウコウ
有吻類	ユウフンルイ
有報	ユウホウ
有塩	ユウエン
有声	ユウセイ
有声化	ユウセイカ
有声音	ユウセイオン
有夫	ユウフ
有婦	ユウフ
有孔	ユウコウ
有害	ユウガイ
有害事象	ユウガイジショウ
有害性	ユウガイセイ
有尾類	ユウビルイ
有平糖	アルヘイトウ
有形	ユウケイ
有心	ウシン
有志	ユウシ
有性	ユウセイ
有情	ウジョウ
有意	ユウイ
有意差	ユウイサ
有意義	ユウイギ
有数	ユウスウ
有料	ユウリョウ
有料会員	ユウリョウカイイン
有料化	ユウリョウカ
有料道路	ユウリョウドウロ
有明	アリアケ
有望	ユウボウ
有期	ユウキ
有期刑	ユウキケイ
有期年金	ユウキネンキン
有期間社員	ユウキカンシャイン
有棘細胞がん	ユウキョクサイボウガン
有棘細胞ガン	ユウキョクサイボウガン
有棘細胞癌	ユウキョクサイボウガン
有標	ユウヒョウ
有権	ユウケン
有権者	ユウケンシャ
有機	ユウキ
有機体	ユウキタイ
有機物	ユウキブツ
有機的	ユウキテキ
有機米	ユウキマイ
有機酸	ユウキサン
有段	ユウダン
有段者	ユウダンシャ
有毒	ユウドク
有毒菌	ユウドクキン
有気音	ユウキオン
有理	ユウリ
有理化	ユウリカ
有理式	ユウリシキ
有理数	ユウリスウ
有産	ユウサン
有用	ユウヨウ
有用性	ユウヨウセイ
有症者	ユウショウシャ
有益	ユウエキ
有神論	ユウシンロン
有税	ユウゼイ
有終	ユウシュウ
有給	ユウキュウ
有給休暇	ユウキュウキュウカ
有給消化	ユウキュウショウカ
有線	ユウセン
有線テレビ	ユウセンテレビ
有縁	ウエン
有罪	ユウザイ
有翼	ユウヨク
有耶無耶	ウヤムヤ
有肺類	ユウハイルイ
有能	ユウノウ
有色	ユウショク
有色人種	ユウショクジンシュ
有色野菜	ユウショクヤサイ
有蓋	ユウガイ
有袋類	ユウタイルイ
有触れる	アリフレル
有識者	ユウシキシャ
有責	ユウセキ
有蹄類	ユウテイルイ
有配	ユウハイ
有閑	ユウカン
有限	ユウゲン
有限会社	ユウゲンガイシャ
有限責任	ユウゲンセキニン
有難い	アリガタイ
有難う	アリガトウ
有難み	アリガタミ
有難味	アリガタミ
有難涙	アリガタナミダ
有難迷惑	アリガタメイワク
有頂天	ウチョウテン
有髪	ウハツ
有鱗類	ユウリンルイ
朋党	ホウトウ
朋輩	ホウバイ
服す	フクス
服する	フクスル
服務	フクム
服喪	フクモ
服地	フクジ
服屋	フクヤ
服属	フクゾク
服役	フクエキ
服役囚	フクエキシュウ
服従	フクジュウ
服毒	フクドク
服用	フクヨウ
服罪	フクザイ
服膺	フクヨウ
服薬	フクヤク
服装	フクソウ
服飾	フクショク
朔望	サクボウ
朔風	サクフウ
朗々	ロウロウ
朗らか	ホガラカ
朗吟	ロウギン
朗唱	ロウショウ
朗報	ロウホウ
朗朗	ロウロウ
朗詠	ロウエイ
朗誦	ロウショウ
朗読	ロウドク
朗読会	ロウドクカイ
望ましい	ノゾマシイ
望み	ノゾミ
望み薄	ノゾミウス
望み見る	ノゾミミル
望む	ノゾム
望外	ボウガイ
望楼	ボウロウ
望蜀	ボウショク
望見	ボウケン
望診	ボウシン
望遠	ボウエン
望遠鏡	ボウエンキョウ
望遠鏡座	ボウエンキョウザ
望遠魚	ボウエンギョ
望郷	ボウキョウ
朝げ	アサゲ
朝ごはん	アサゴハン
朝ご飯	アサゴハン
朝っぱら	アサッパラ
朝なぎ	アサナギ
朝な夕な	アサナユウナ
朝な朝な	アサナアサナ
朝ぼらけ	アサボラケ
朝まだき	アサマダキ
朝めし	アサメシ
朝もや	アサモヤ
朝イチ	アサイチ
朝シャン	アサシャン
朝ドラ	アサドラ
朝メシ	アサメシ
朝一	アサイチ
朝三暮四	チョウサンボシ
朝令暮改	チョウレイボカイ
朝凪	アサナギ
朝刊	チョウカン
朝参り	アサマイリ
朝命	チョウメイ
朝型	アサガタ
朝家	チョウカ
朝寝	アサネ
朝寝坊	アサネボウ
朝市	アサイチ
朝帰り	アサガエリ
朝幕	チョウバク
朝廷	チョウテイ
朝御飯	アサゴハン
朝恩	チョウオン
朝憲	チョウケン
朝政	チョウセイ
朝敵	チョウテキ
朝方	アサガタ
朝日	アサヒ
朝明け	アサアケ
朝晩	アサバン
朝曇り	アサグモリ
朝来	チョウライ
朝活	アサカツ
朝涼	アサスズ
朝涼み	アサスズミ
朝湯	アサユ
朝潮	アサシオ
朝焼	アサヤケ
朝焼け	アサヤケ
朝礼	チョウレイ
朝立ち	アサダチ
朝粥	アサガユ
朝練	アサレン
朝見	チョウケン
朝議	チョウギ
朝貢	チョウコウ
朝賀	チョウガ
朝起き	アサオキ
朝酒	アサザケ
朝野	チョウヤ
朝錬	アサレン
朝間	アサマ
朝霧	アサギリ
朝靄	アサモヤ
朝顔	アサガオ
朝風呂	アサブロ
朝飯前	アサメシマエ
朝餉	アサゲ
朝駆け	アサガケ
朝駈け	アサガケ
朝鮮人	チョウセンジン
朝鮮薊	チョウセンアザミ
朝鮮蛤	チョウセンハマグリ
朝鮮語	チョウセンゴ
期初	キショ
期待	キタイ
期待値	キタイチ
期待感	キタイカン
期待権	キタイケン
期待理論	キタイリロン
期成	キセイ
期末	キマツ
期生	キセイ
期間	キカン
期間中	キカンチュウ
期間工	キカンコウ
期間従業員	キカンジュウギョウイン
期間社員	キカンシャイン
期限	キゲン
期限切れ	キゲンギレ
期首	キシュ
朦々	モウモウ
朦朦	モウモウ
朦朧	モウロウ
朦気	モウキ
朧ろ	オボロ
朧夜	オボロヨ
朧月	オボロヅキ
朧月夜	オボロヅキヨ
朧雲	オボログモ
木々	キギ
木いちご	キイチゴ
木かげ	コカゲ
木ぎれ	キギレ
木くず	キクズ
木こり	キコリ
木ずり	キズリ
木っぱ	コッパ
木っ端	コッパ
木っ葉	コッパ
木づち	キヅチ
木ねじ	モクネジ
木のぼり	キノボリ
木の間	コノマ
木びき	コビキ
木べら	キベラ
木もれ日	コモレビ
木もれ陽	コモレビ
木やり	キヤリ
木ろう	モクロウ
木ネジ	モクネジ
木ベラ	キベラ
木乃伊	ミイラ
木付子	キブシ
木偏	キヘン
木偶の坊	デクノボウ
木像	モクゾウ
木切れ	キギレ
木刻	モッコク
木叢	コムラ
木叩き	キタタキ
木地	キジ
木地師	キジシ
木型	キガタ
木太刀	キダチ
木工芸	モッコウゲイ
木彫り	キボリ
木戸	キド
木戸番	キドバン
木戸銭	キドセン
木挽き	コビキ
木摺り	キズリ
木斛	モッコク
木曜	モクヨウ
木曜日	モクヨウビ
木木	キギ
木本	モクホン
木札	キフダ
木材	モクザイ
木杯	モクハイ
木枠	キワク
木枯	コガラシ
木枯し	コガラシ
木枯らし	コガラシ
木栓	モクセン
木桶	キオケ
木棺	モッカン
木槌	キヅチ
木標	モクヒョウ
木樵	キコリ
木樽	キダル
木殺し	キゴロシ
木毛	モクモウ
木洩れ日	コモレビ
木洩れ陽	コモレビ
木深い	コブカイ
木漏れ日	コモレビ
木漏れ陽	コモレビ
木炭紙	モクタンシ
木版	モクハン
木版画	モクハンガ
木犀	モクセイ
木犀草	モクセイソウ
木琴	モッキン
木登り	キノボリ
木盃	モクハイ
木目細かい	キメコマカイ
木目細やか	キメコマヤカ
木目込	キメコミ
木目込み	キメコミ
木石	ボクセキ
木立	コダチ
木箆	キベラ
木管	モッカン
木管楽器	モッカンガッキ
木箱	キバコ
木精	モクセイ
木組	キグミ
木組み	キグミ
木綿豆腐	モメンドウフ
木耳	キクラゲ
木舞	コマイ
木苺	キイチゴ
木草	キクサ
木蔦	キヅタ
木蔭	コカゲ
木藍	キアイ
木虱	キジラミ
木蝋	モクロウ
木表	キオモテ
木裏	キウラ
木製	モクセイ
木製品	モクセイヒン
木訥	ボクトツ
木賃宿	キチンヤド
木賊	トクサ
木質	モクシツ
木質化	モクシツカ
木走り	キバシリ
木造り	キヅクリ
木道	モクドウ
木遣り	キヤリ
木部	モクブ
木醋	モクサク
木釘	キクギ
木鉢	キバチ
木鋏	キバサミ
木鍬	コクワ
木鐸	ボクタク
木阿弥	モクアミ
木陰	コカゲ
木隠れ	コガクレ
木霊	コダマ
木靴	キグツ
木香	モッコウ
木骨	モッコツ
木魚	モクギョ
木鼠	キネズミ
未だし	イマダシ
未だ未だ	マダマダ
未了	ミリョウ
未使用	ミシヨウ
未使用品	ミシヨウヒン
未入力	ミニュウリョク
未公開	ミコウカイ
未公開株	ミコウカイカブ
未処分	ミショブン
未処理	ミショリ
未分化	ミブンカ
未刊	ミカン
未到	ミトウ
未収	ミシュウ
未収入金	ミシュウニュウキン
未収金	ミシュウキン
未回答	ミカイトウ
未墾	ミコン
未婚	ミコン
未婚者	ミコンシャ
未完	ミカン
未完成	ミカンセイ
未定	ミテイ
未定稿	ミテイコウ
未定義	ミテイギ
未就園児	ミシュウエンジ
未就学	ミシュウガク
未就学児	ミシュウガクジ
未就学児童	ミシュウガクジドウ
未帰還者	ミキカンシャ
未年	ヒツジドシ
未成	ミセイ
未成年	ミセイネン
未払い込み	ミハライコミ
未払い金	ミハライキン
未払費用	ミハライヒヨウ
未払金	ミハライキン
未接種	ミセッシュ
未明	ミメイ
未曽有	ミゾウ
未来	ミライ
未来像	ミライゾウ
未来図	ミライズ
未来学	ミライガク
未来形	ミライケイ
未来志向	ミライシコウ
未来派	ミライハ
未決	ミケツ
未決囚	ミケツシュウ
未決定	ミケッテイ
未決済	ミケッサイ
未決監	ミケツカン
未済	ミサイ
未満	ミマン
未然	ミゼン
未然形	ミゼンケイ
未熟	ミジュク
未熟児	ミジュクジ
未生	ミショウ
未申	ヒツジサル
未申告	ミシンコク
未病	ミビョウ
未発	ミハツ
未発行	ミハッコウ
未発表	ミハッピョウ
未登録	ミトウロク
未登録語	ミトウロクゴ
未着	ミチャク
未知	ミチ
未知数	ミチスウ
未知語	ミチゴ
未確定	ミカクテイ
未確認	ミカクニン
未確認飛行物体	ミカクニンヒコウブッタイ
未納	ミノウ
未経験	ミケイケン
未経験者	ミケイケンシャ
未練	ミレン
未聞	ミモン
未草	ヒツジグサ
未見	ミケン
未解明	ミカイメイ
未解決	ミカイケツ
未記入	ミキニュウ
未設	ミセツ
未詳	ミショウ
未読	ミドク
未踏	ミトウ
未進	ミシン
未遂	ミスイ
未遂罪	ミスイザイ
未達	ミタツ
未開	ミカイ
未開地	ミカイチ
未開拓	ミカイタク
未開発	ミカイハツ
末々	スエズエ
末っ子	スエッコ
末つ方	スエツカタ
末の世	スエノヨ
末代	マツダイ
末代物	マツダイモノ
末女	マツジョ
末娘	スエムスメ
末客	マッキャク
末寺	マツジ
末尾	マツビ
末年	マツネン
末広	スエヒロ
末広がり	スエヒロガリ
末座	マツザ
末恐ろしい	スエオソロシイ
末成り	ウラナリ
末技	マツギ
末摘花	スエツムハナ
末文	マツブン
末日	マツジツ
末期がん	マッキガン
末期ガン	マッキガン
末期癌	マッキガン
末期的	マッキテキ
末木	ウラキ
末末	スエズエ
末梢	マッショウ
末梢的	マッショウテキ
末永く	スエナガク
末法	マッポウ
末派	マッパ
末生り	ウラナリ
末社	マッシャ
末端	マッタン
末筆	マッピツ
末節	マッセツ
末輩	マッパイ
末那	マナ
末那識	マナシキ
末長く	スエナガク
末頃	スエゴロ
末項	マッコウ
末頼もしい	スエタノモシイ
本なり	モトナリ
本に	ホンニ
本の	ホンノ
本の虫	ホンノムシ
本まぐろ	ホンマグロ
本みりん	ホンミリン
本もの	ホンモノ
本アカ	ホンアカ
本アカウント	ホンアカウント
本ボシ	ホンボシ
本マグロ	ホンマグロ
本丸	ホンマル
本予算	ホンヨサン
本人	ホンニン
本人確認	ホンニンカクニン
本人確認書類	ホンニンカクニンショルイ
本人負担	ホンニンフタン
本代	ホンダイ
本件	ホンケン
本会	ホンカイ
本会議	ホンカイギ
本伝	ホンデン
本位	ホンイ
本体	ホンタイ
本作	ホンサク
本俸	ホンポウ
本元	ホンモト
本分	ホンブン
本初	ホンショ
本券	ホンケン
本則	ホンソク
本剤	ホンザイ
本務	ホンム
本占地	ホンシメジ
本厄	ホンヤク
本味醂	ホンミリン
本命	ホンメイ
本員	ホンイン
本営	ホンエイ
本図	ホンズ
本土	ホンド
本坊	ホンボウ
本城	ホンジョウ
本堂	ホンドウ
本場	ホンバ
本場所	ホンバショ
本塁	ホンルイ
本塁打	ホンルイダ
本多髷	ホンダマゲ
本好き	ホンズキ
本妻	ホンサイ
本姓	ホンセイ
本字	ホンジ
本学	ホンガク
本宅	ホンタク
本官	ホンカン
本家	ホンケ
本審査	ホンシンサ
本寺	ホンジ
本尊	ホンゾン
本局	ホンキョク
本山	ホンザン
本島	ホントウ
本市	ホンシ
本年	ホンネン
本年度	ホンネンド
本庁	ホンチョウ
本式	ホンシキ
本心	ホンシン
本懐	ホンカイ
本成り	モトナリ
本戦	ホンセン
本手	ホンテ
本拠	ホンキョ
本拠地	ホンキョチ
本採用	ホンサイヨウ
本支店	ホンシテン
本数	ホンスウ
本日	ホンジツ
本旨	ホンシ
本暦	ホンレキ
本曇り	ホングモリ
本曲	ホンキョク
本書	ホンショ
本月	ホンゲツ
本望	ホンモウ
本朝	ホンチョウ
本木	モトキ
本末	ホンマツ
本来	ホンライ
本校	ホンコウ
本格	ホンカク
本格化	ホンカクカ
本格的	ホンカクテキ
本案	ホンアン
本棚	ホンダナ
本業	ホンギョウ
本極まり	ホンギマリ
本権	ホンケン
本機	ホンキ
本欄	ホンラン
本殿	ホンデン
本決まり	ホンギマリ
本決り	ホンギマリ
本法	ホンポウ
本流	ホンリュウ
本湿地	ホンシメジ
本源	ホンゲン
本物	ホンモノ
本狂言	ホンキョウゲン
本生り	モトナリ
本田	ホンデン
本番	ホンバン
本番環境	ホンバンカンキョウ
本症	ホンショウ
本盗	ホントウ
本省	ホンショウ
本県	ホンケン
本真	ホンマ
本科	ホンカ
本稿	ホンコウ
本章	ホンショウ
本筋	ホンスジ
本管	ホンカン
本箱	ホンバコ
本篇	ホンペン
本籍	ホンセキ
本籍地	ホンセキチ
本籤	ホンクジ
本紙	ホンシ
本給	ホンキュウ
本絹	ホンケン
本線	ホンセン
本編	ホンペン
本縫い	ホンヌイ
本署	ホンショ
本義	ホンギ
本職	ホンショク
本能	ホンノウ
本腰	ホンゴシ
本膳	ホンゼン
本舗	ホンポ
本船渡し	ホンセンワタシ
本艦	ホンカン
本草	ホンゾウ
本草学	ホンゾウガク
本葬	ホンソウ
本藍	ホンアイ
本表	ホンピョウ
本訴	ホンソ
本誌	ホンシ
本読み	ホンヨミ
本論	ホンロン
本譜	ホンプ
本質	ホンシツ
本質的	ホンシツテキ
本身	ホンミ
本通り	ホンドオリ
本道	ホンドウ
本選	ホンセン
本邦	ホンポウ
本邸	ホンテイ
本部	ホンブ
本部長	ホンブチョウ
本醸造	ホンジョウゾウ
本金	ホンキン
本門	ホンモン
本降り	ホンブリ
本院	ホンイン
本陣	ホンジン
本隊	ホンタイ
本震	ホンシン
本音	ホンネ
本項	ホンコウ
本領	ホンリョウ
本題	ホンダイ
本願	ホンガン
本館	ホンカン
本鮪	ホンマグロ
札つき	フダツキ
札びら	サツビラ
札ビラ	サツビラ
札付	フダツキ
札付き	フダツキ
札入れ	サツイレ
札所	フダショ
札束	サツタバ
札止め	フダドメ
朱い	アカイ
朱儒	シュジュ
朱印	シュイン
朱印帳	シュインチョウ
朱印状	シュインジョウ
朱印船	シュインセン
朱唇	シュシン
朱塗	シュヌリ
朱塗り	シュヌリ
朱子学	シュシガク
朱引	シュビキ
朱引き	シュビキ
朱書き	シュガキ
朱欒	ザボン
朱泥	シュデイ
朱漆	シュウルシ
朱点	シュテン
朱盆	シュボン
朱筆	シュヒツ
朱線	シュセン
朱肉	シュニク
朱脣	シュシン
朱鞘	シュザヤ
朴とつ	ボクトツ
朴念仁	ボクネンジン
朴歯	ホオバ
朴直	ボクチョク
朴訥	ボクトツ
机上	キジョウ
机下	キカ
机辺	キヘン
朽ちる	クチル
朽ち木	クチキ
朽ち葉	クチバ
朽廃	キュウハイ
朽葉	クチバ
杆体	カンタイ
杉並木	スギナミキ
杉叢	スギムラ
杉垣	スギガキ
杉材	スギザイ
杉板	スギイタ
杉林	スギバヤシ
杉皮	スギカワ
杉箸	スギバシ
杉苔	スギゴケ
杉菜	スギナ
杉蘚	スギゴケ
李下	リカ
李花	リカ
杏子	アンズ
杏林	キョウリン
材料	ザイリョウ
材料費	ザイリョウヒ
材木	ザイモク
材質	ザイシツ
村々	ムラムラ
村おこし	ムラオコシ
村づくり	ムラヅクリ
村はずれ	ムラハズレ
村人	ムラビト
村会	ソンカイ
村作り	ムラヅクリ
村八分	ムラハチブ
村営	ソンエイ
村境	ムラザカイ
村外れ	ムラハズレ
村娘	ムラムスメ
村役場	ムラヤクバ
村掟	ムラオキテ
村時雨	ムラシグレ
村有	ソンユウ
村村	ムラムラ
村民	ソンミン
村界	ムラザカイ
村社	ソンシャ
村社会	ムラシャカイ
村祭り	ムラマツリ
村立	ソンリツ
村童	ソンドウ
村興し	ムラオコシ
村芝居	ムラシバイ
村落	ソンラク
村議会	ソンギカイ
村費	ソンピ
村起こし	ムラオコシ
村道	ソンドウ
村邑	ソンユウ
村里	ムラザト
村雨	ムラサメ
村高	ムラダカ
杓鴫	シャクシギ
杖術	ジョウジュツ
杖道	ジョウドウ
杜仲	トチュウ
杜漏	ズロウ
杜絶	トゼツ
杜若	カキツバタ
杞憂	キユウ
束の間	ツカノマ
束帯	ソクタイ
束感	タバカン
束縛	ソクバク
束脩	ソクシュウ
束髪	ソクハツ
条令	ジョウレイ
条件	ジョウケン
条件付	ジョウケンツキ
条件付き	ジョウケンツキ
条件分岐	ジョウケンブンキ
条件式	ジョウケンシキ
条件文	ジョウケンブン
条件法	ジョウケンホウ
条例	ジョウレイ
条坊制	ジョウボウセイ
条幅	ジョウフク
条播	ジョウハ
条文	ジョウブン
条理	ジョウリ
条痕	ジョウコン
条目	ジョウモク
条章	ジョウショウ
条約	ジョウヤク
条線	ジョウセン
条虫	ジョウチュウ
条規	ジョウキ
条里制	ジョウリセイ
条項	ジョウコウ
杣人	ソマビト
来あわせる	キアワセル
来い	コイ
来かかる	キカカル
来す	キタス
来たす	キタス
来たる	キタル
来京	ライキョウ
来任	ライニン
来会	ライカイ
来住	ライジュウ
来信	ライシン
来光	ライコウ
来合せる	キアワセル
来合わせる	キアワセル
来園	ライエン
来園者	ライエンシャ
来場者	ライジョウシャ
来夏	ライカ
来季	ライキ
来宅	ライタク
来寇	ライコウ
来局	ライキョク
来島	ライトウ
来年	ライネン
来年度	ライネンド
来庁	ライチョウ
来店	ライテン
来店客	ライテンキャク
来征	ライセイ
来復	ライフク
来意	ライイ
来所	ライショ
来手	キテ
来掛かる	キカカル
来援	ライエン
来攻	ライコウ
来旨	ライシ
来書	ライショ
来月	ライゲツ
来朝	ライチョウ
来期	ライキ
来札	ライサツ
来校	ライコウ
来歴	ライレキ
来泊	ライハク
来演	ライエン
来状	ライジョウ
来由	ライユ
来県	ライケン
来着	ライチャク
来社	ライシャ
来秋	ライシュウ
来簡	ライカン
来署	ライショ
来翰	ライカン
来者	ライシャ
来聴	ライチョウ
来臨	ライリン
来航	ライコウ
来行	ライコウ
来襲	ライシュウ
来観	ライカン
来観者	ライカンシャ
来訪	ライホウ
来訪者	ライホウシャ
来診	ライシン
来談	ライダン
来貢	ライコウ
来賓	ライヒン
来賓席	ライヒンセキ
来車	ライシャ
来迎	ライゴウ
来週	ライシュウ
来遊	ライユウ
来阪	ライハン
来院	ライイン
来集	ライシュウ
来電	ライデン
来館	ライカン
来館者	ライカンシャ
来駕	ライガ
杭打ち	クイウチ
杮板	コケライタ
杯事	サカズキゴト
杯洗	ハイセン
杯盤	ハイバン
東上	トウジョウ
東下り	アズマクダリ
東京圏	トウキョウケン
東京弁	トウキョウベン
東京都議会議員選挙	トウキョウトギカイギインセンキョ
東側	ヒガシガワ
東入	ヒガシイル
東入る	ヒガシイル
東北弁	トウホクベン
東北東	トウホクトウ
東半	トウハン
東半球	ヒガシハンキュウ
東口	ヒガシグチ
東司	トウス
東名	トウメイ
東向き	ヒガシムキ
東回り	ヒガシマワリ
東国	トウゴク
東壁	トウヘキ
東天	トウテン
東奔西走	トウホンセイソウ
東学	トウガク
東宮	トウグウ
東宮職	トウグウショク
東寄り	ヒガシヨリ
東密	トウミツ
東屋	アズマヤ
東岸	トウガン
東廻り	ヒガシマワリ
東征	トウセイ
東日本大震災	ヒガシニホンダイシンサイ
東棟	ヒガシトウ
東歌	アズマウタ
東洋	トウヨウ
東洋区	トウヨウク
東洋史	トウヨウシ
東洋学	トウヨウガク
東洋風	トウヨウフウ
東流	トウリュウ
東海岸	ヒガシカイガン
東漸	トウゼン
東瀛	トウエイ
東琴	アズマゴト
東男	アズマオトコ
東端	トウタン
東経	トウケイ
東縁	トウエン
東航	トウコウ
東菊	アズマギク
東行	トウコウ
東西南北	トウザイナンボク
東西屋	トウザイヤ
東証株価指数	トウショウカブカシスウ
東軍	トウグン
東進	トウシン
東遷	トウセン
東邦	トウホウ
東郊	トウコウ
東部	トウブ
東都	トウト
東雲	シノノメ
東館	ヒガシカン
東麓	トウロク
杵柄	キネヅカ
松かさ	マツカサ
松の内	マツノウチ
松の木	マツノキ
松やに	マツヤニ
松ヤニ	マツヤニ
松原	マツバラ
松塊	マツホド
松山	マツヤマ
松林	マツバヤシ
松果体	ショウカタイ
松果腺	ショウカセン
松根油	ショウコンユ
松濤	ショウトウ
松炭	マツズミ
松煙	ショウエン
松皮	マツカワ
松笠	マツカサ
松籟	ショウライ
松脂	マツヤニ
松葉	マツバ
松葉杖	マツバヅエ
松葉蘭	マツバラン
松藻	マツモ
松藻虫	マツモムシ
松虫	マツムシ
松蝉	マツゼミ
松過ぎ	マツスギ
松露	ショウロ
松韻	ショウイン
松飾	マツカザリ
松飾り	マツカザリ
板きれ	イタキレ
板ずり	イタズリ
板の間	イタノマ
板ばさみ	イタバサミ
板ばね	イタバネ
板ばり	イタバリ
板わさ	イタワサ
板ガラス	イタガラス
板チョコ	イタチョコ
板バネ	イタバネ
板ワサ	イタワサ
板元	ハンモト
板切れ	イタキレ
板前	イタマエ
板厚	イタアツ
板囲い	イタガコイ
板場	イタバ
板塀	イタベイ
板塔婆	イタトウバ
板壁	イタカベ
板子	イタゴ
板寄せ	イタヨセ
板屋	イタヤ
板屋根	イタヤネ
板山葵	イタワサ
板張り	イタバリ
板戸	イタド
板挟み	イタバサミ
板挾み	イタバサミ
板摺り	イタズリ
板敷	イタジキ
板敷き	イタジキ
板書	バンショ
板本	ハンポン
板材	イタザイ
板画	ハンガ
板畳	イタダタミ
板発条	イタバネ
板目	イタメ
板目紙	イタメガミ
板石	イタイシ
板紙	イタガミ
板絵	イタエ
板締	イタジメ
板締め	イタジメ
板葺	イタブキ
板葺き	イタブキ
板行	ハンコウ
板長	イタチョウ
枇杷	ビワ
枉げる	マゲル
析出	セキシュツ
枕ことば	マクラコトバ
枕もと	マクラモト
枕カバー	マクラカバー
枕元	マクラモト
枕営業	マクラエイギョウ
枕屏風	マクラビョウブ
枕席	チンセキ
枕投げ	マクラナゲ
枕探し	マクラサガシ
枕木	マクラギ
枕経	マクラギョウ
枕絵	マクラエ
枕言葉	マクラコトバ
枕許	マクラモト
枕詞	マクラコトバ
枕辺	マクラベ
枕返し	マクラガエシ
枕頭	チントウ
枕飯	マクラメシ
枕飾り	マクラカザリ
林内	リンナイ
林冠	リンカン
林分	リンブン
林務	リンム
林地	リンチ
林家	リンカ
林政	リンセイ
林木	リンボク
林業	リンギョウ
林産	リンサン
林産物	リンサンブツ
林立	リンリツ
林縁	リンエン
林道	リンドウ
林野	リンヤ
林野庁	リンヤチョウ
林鐘	リンショウ
林間	リンカン
枘穴	ホゾアナ
枚挙	マイキョ
枚数	マイスウ
果して	ハタシテ
果し合い	ハタシアイ
果し状	ハタシジョウ
果す	ハタス
果せる	オオセル
果たして	ハタシテ
果たし合い	ハタシアイ
果たし状	ハタシジョウ
果たす	ハタス
果つ	ハツ
果つる	ハツル
果て	ハテ
果てし	ハテシ
果てる	ハテル
果報	カホウ
果報者	カホウモノ
果実	カジツ
果実酒	カジツシュ
果敢	カカン
果敢ない	ハカナイ
果断	カダン
果果しい	ハカバカシイ
果柄	カヘイ
果樹	カジュ
果樹園	カジュエン
果汁	カジュウ
果然	カゼン
果物畑	クダモノバタケ
果物籠	クダモノカゴ
果皮	カヒ
果粒	カリュウ
果糖	カトウ
果肉	カニク
果菜	カサイ
果菜類	カサイルイ
果食	カショク
枝ぶり	エダブリ
枝わかれ	エダワカレ
枝先	エダサキ
枝分かれ	エダワカレ
枝分れ	エダワカレ
枝切り	エダキリ
枝垂れ	シダレ
枝垂れる	シダレル
枝垂れ柳	シダレヤナギ
枝垂れ桃	シダレモモ
枝垂れ桜	シダレザクラ
枝垂れ梅	シダレウメ
枝垂柳	シダレヤナギ
枝垂桜	シダレザクラ
枝変わり	エダガワリ
枝尺	エダシャク
枝打ち	エダウチ
枝折	シオリ
枝折り	シオリ
枝折り戸	シオリド
枝折戸	シオリド
枝振り	エダブリ
枝接ぎ	エダツギ
枝族	シゾク
枝木	エダギ
枝条	シジョウ
枝毛	エダゲ
枝番	エダバン
枝肉	エダニク
枝豆	エダマメ
枝道	エダミチ
枝隊	シタイ
枠内	ワクナイ
枠外	ワクガイ
枠組	ワクグミ
枠組み	ワクグミ
枠線	ワクセン
枠連	ワクレン
枡席	マスセキ
枡形	マスガタ
枡目	マスメ
枡組	マスグミ
枡酒	マスザケ
枢密	スウミツ
枢密院	スウミツイン
枢戸	クルルド
枢機	スウキ
枢要	スウヨウ
枢軸	スウジク
枢軸国	スウジクコク
枯らす	カラス
枯らびる	カラビル
枯れすすき	カレススキ
枯れススキ	カレススキ
枯れ木	カレキ
枯れ枝	カレエダ
枯れ芝	カレシバ
枯れ草	カレクサ
枯れ葉	カレハ
枯れ薄	カレススキ
枯れ野	カレノ
枯枝	カレエダ
枯死	コシ
枯淡	コタン
枯渇	コカツ
枯燥	コソウ
枯節	カレブシ
枯芝	カレシバ
枯葉	カレハ
枯葉剤	カレハザイ
枯葦	カレアシ
枯蘆	カレアシ
枯野	カレノ
枯露柿	コロガキ
枯骨	ココツ
枳実	キジツ
架かる	カカル
架け替える	カケカエル
架け橋	カケハシ
架け渡す	カケワタス
架する	カスル
架台	カダイ
架工歯	カコウシ
架構	カコウ
架装	カソウ
架設	カセツ
架電	カデン
枸杞	クコ
枸櫞	クエン
柄もの	ガラモノ
柄巻	ツカマキ
柄巻き	ツカマキ
柄物	ガラモノ
柄鏡	エカガミ
柄頭	ツカガシラ
柏もち	カシワモチ
柏手	カシワデ
柏槙	ビャクシン
柏餅	カシワモチ
某々	ボウボウ
某国	ボウコク
某所	ボウショ
某日	ボウジツ
某月	ボウゲツ
某某	ボウボウ
某氏	ボウシ
某省	ボウショウ
柑橘	カンキツ
柑橘系	カンキツケイ
柑橘類	カンキツルイ
染まる	ソマル
染みこむ	シミコム
染みつく	シミツク
染みとおる	シミトオル
染み付く	シミツク
染み入る	シミイル
染み出し	シミダシ
染み出す	シミダス
染み出る	シミデル
染み取り	シミトリ
染み抜き	シミヌキ
染み染み	シミジミ
染み着く	シミツク
染み込む	シミコム
染み透る	シミトオル
染み通る	シミトオル
染めあげる	ソメアゲル
染め上がり	ソメアガリ
染め上げる	ソメアゲル
染め付け	ソメツケ
染め付ける	ソメツケル
染め分け	ソメワケ
染め分ける	ソメワケル
染め型	ソメガタ
染め抜く	ソメヌク
染め模様	ソメモヨウ
染め物	ソメモノ
染め直す	ソメナオス
染め粉	ソメコ
染め糸	ソメイト
染め色	ソメイロ
染め返す	ソメカエス
染上げる	ソメアゲル
染井吉野	ソメイヨシノ
染付	ソメツケ
染付く	シミツク
染入る	シミイル
染師	ソメシ
染料	センリョウ
染毛	センモウ
染物	ソメモノ
染筆	センピツ
染織	センショク
染色	センショク
染色体	センショクタイ
染色質	センショクシツ
染込む	シミコム
染透る	シミトオル
染髪	センパツ
柔かい	ヤワラカイ
柔やか	ニコヤカ
柔ら	ヤワラ
柔らか	ヤワラカ
柔らかい	ヤワラカイ
柔らかみ	ヤワラカミ
柔らかめ	ヤワラカメ
柔らぐ	ヤワラグ
柔和	ニュウワ
柔毛	ジュウモウ
柔細胞	ジュウサイボウ
柔組織	ジュウソシキ
柔肌	ヤワハダ
柔術	ジュウジュツ
柔軟	ジュウナン
柔軟剤	ジュウナンザイ
柔軟性	ジュウナンセイ
柔道	ジュウドウ
柔道家	ジュウドウカ
柔道整復師	ジュウドウセイフクシ
柔順	ジュウジュン
柘植	ツゲ
柚子	ユズ
柚子湯	ユズユ
柚柑	ユコウ
柞蚕	サクサン
柩車	キュウシャ
柱廊	チュウロウ
柱時計	ハシラドケイ
柱暦	ハシラゴヨミ
柱状	チュウジョウ
柱石	チュウセキ
柱間	ハシラマ
柱面	チュウメン
柱頭	チュウトウ
柳に風	ヤナギニカゼ
柳多留	ヤナギダル
柳川鍋	ヤナガワナベ
柳樽	ヤナギダル
柳眉	リュウビ
柳葉魚	シシャモ
柳蘭	ヤナギラン
柴刈り	シバカリ
柴垣	シバガキ
柴漬け	シバヅケ
柴胡	サイコ
査収	サシュウ
査問	サモン
査定	サテイ
査察	ササツ
査証	サショウ
査読	サドク
査閲	サエツ
柾目	マサメ
柿の木	カキノキ
柿ピー	カキピー
柿渋	カキシブ
柿色	カキイロ
柿落し	コケラオトシ
柿落とし	コケラオトシ
柿葺	コケラブキ
柿葺き	コケラブキ
柿餅	カキモチ
栂桜	ツガザクラ
栃の木	トチノキ
栃栗毛	トチクリゲ
栃餅	トチモチ
栃麺	トチメン
栄位	エイイ
栄光	エイコウ
栄典	エイテン
栄冠	エイカン
栄枯	エイコ
栄枯盛衰	エイコセイスイ
栄爵	エイシャク
栄職	エイショク
栄花	エイガ
栄華	エイガ
栄誉	エイヨ
栄誉礼	エイヨレイ
栄転	エイテン
栄辱	エイジョク
栄進	エイシン
栄達	エイタツ
栄養	エイヨウ
栄養価	エイヨウカ
栄養分	エイヨウブン
栄養剤	エイヨウザイ
栄養士	エイヨウシ
栄養失調	エイヨウシッチョウ
栄養学	エイヨウガク
栄養物	エイヨウブツ
栄養素	エイヨウソ
栄養補助食品	エイヨウホジョショクヒン
栄養食	エイヨウショク
栓塞	センソク
栓抜	センヌキ
栓抜き	センヌキ
栖む	スム
栖息	セイソク
栗ご飯	クリゴハン
栗御飯	クリゴハン
栗毛	クリゲ
栗石	クリイシ
栗色	クリイロ
栗茸	クリタケ
栗餡	クリアン
栗饅頭	クリマンジュウ
栗鼠	リス
校しゃ	コウシャ
校了	コウリョウ
校倉	アゼクラ
校倉造	アゼクラヅクリ
校倉造り	アゼクラヅクリ
校僕	コウボク
校具	コウグ
校内	コウナイ
校則	コウソク
校勘	コウカン
校務	コウム
校区	コウク
校医	コウイ
校友	コウユウ
校史	コウシ
校名	コウメイ
校地	コウチ
校外	コウガイ
校定	コウテイ
校庭	コウテイ
校旗	コウキ
校本	コウホン
校歌	コウカ
校正	コウセイ
校正者	コウセイシャ
校注	コウチュウ
校章	コウショウ
校紀	コウキ
校舎	コウシャ
校規	コウキ
校訂	コウテイ
校訂版	コウテイバン
校訓	コウクン
校註	コウチュウ
校長	コウチョウ
校門	コウモン
校閲	コウエツ
校風	コウフウ
栩栩	クク
株主	カブヌシ
株主権	カブヌシケン
株主総会	カブヌシソウカイ
株仲間	カブナカマ
株価	カブカ
株価収益率	カブカシュウエキリツ
株価指数	カブカシスウ
株元	カブモト
株分け	カブワケ
株券	カブケン
株安	カブヤス
株屋	カブヤ
株式	カブシキ
株式会社	カブシキガイシャ
株式公開	カブシキコウカイ
株式公開買い付け	カブシキコウカイカイツケ
株式公開買付	カブシキコウカイカイツケ
株式公開買付け	カブシキコウカイカイツケ
株式分割	カブシキブンカツ
株式化	カブシキカ
株式取引所	カブシキトリヒキジョ
株式市場	カブシキシジョウ
株式譲渡	カブシキジョウト
株間	カブマ
株高	カブダカ
栴檀	センダン
核エネルギー	カクエネルギー
核保有	カクホユウ
核兵器	カクヘイキ
核分裂	カクブンレツ
核力	カクリョク
核化学	カクカガク
核反応	カクハンノウ
核問題	カクモンダイ
核型	カクガタ
核実験	カクジッケン
核家族	カクカゾク
核弾頭	カクダントウ
核心	カクシン
核戦争	カクセンソウ
核戦力	カクセンリョク
核戦略	カクセンリャク
核抑止	カクヨクシ
核攻撃	カクコウゲキ
核武装	カクブソウ
核燃料	カクネンリョウ
核爆弾	カクバクダン
核爆発	カクバクハツ
核物質	カクブッシツ
核疑惑	カクギワク
核相	カクソウ
核種	カクシュ
核膜	カクマク
核融合	カクユウゴウ
核質	カクシツ
核軍縮	カクグンシュク
核酸	カクサン
核黄疸	カクオウダン
根がかり	ネガカリ
根くらべ	コンクラベ
根ぐされ	ネグサレ
根こぎ	ネコギ
根こそぎ	ネコソギ
根ざさ	ネザサ
根ざす	ネザス
根っこ	ネッコ
根っ子	ネッコ
根づく	ネヅク
根づまり	ネヅマリ
根まわし	ネマワシ
根もと	ネモト
根上がり	ネアガリ
根上り	ネアガリ
根付	ネツケ
根付く	ネヅク
根出葉	コンシュツヨウ
根分け	ネワケ
根切虫	ネキリムシ
根刮ぎ	ネコソギ
根原	コンゲン
根号	コンゴウ
根合せ	ネアワセ
根合わせ	ネアワセ
根問い	ネドイ
根回し	ネマワシ
根回り	ネマワリ
根城	ネジロ
根基	コンキ
根差す	ネザス
根巻き	ネマキ
根幹	コンカン
根底	コンテイ
根引き	ネビキ
根強い	ネヅヨイ
根性	コンジョウ
根性論	コンジョウロン
根拠	コンキョ
根拠地	コンキョチ
根掛かり	ネガカリ
根掛り	ネガカリ
根接ぎ	ネツギ
根明	ネアカ
根暗	ネクラ
根本主義	コンポンシュギ
根本的	コンポンテキ
根柢	コンテイ
根株	ネカブ
根比べ	コンクラベ
根毛	コンモウ
根気	コンキ
根深	ネブカ
根深い	ネブカイ
根源	コンゲン
根無し	ネナシ
根無し草	ネナシグサ
根石	ネイシ
根競べ	コンクラベ
根笹	ネザサ
根管	コンカン
根粒	コンリュウ
根粒菌	コンリュウキン
根絶	コンゼツ
根絶やし	ネダヤシ
根継ぎ	ネツギ
根締め	ネジメ
根腐	ネグサレ
根腐れ	ネグサレ
根茎	コンケイ
根菜	コンサイ
根菜類	コンサイルイ
根詰まり	ネヅマリ
根負け	コンマケ
根鉢	ネバチ
根限り	コンカギリ
根雪	ネユキ
根音	コンオン
格上	カクウエ
格上げ	カクアゲ
格下	カクシタ
格下げ	カクサゲ
格助詞	カクジョシ
格変化	カクヘンカ
格外	カクガイ
格子戸	コウシド
格子窓	コウシマド
格子縞	コウシジマ
格子造	コウシヅクリ
格子造り	コウシヅクリ
格安	カクヤス
格安航空会社	カクヤスコウクウガイシャ
格安航空券	カクヤスコウクウケン
格差	カクサ
格差婚	カクサコン
格差社会	カクサシャカイ
格幅	カップク
格技	カクギ
格文法	カクブンポウ
格段	カクダン
格率	カクリツ
格納	カクノウ
格納庫	カクノウコ
格言	カクゲン
格調	カクチョウ
格闘	カクトウ
格闘家	カクトウカ
格闘技	カクトウギ
栽培	サイバイ
栽培種	サイバイシュ
栽植	サイショク
桁はずれ	ケタハズレ
桁上げ	ケタアゲ
桁下	ケタシタ
桁外れ	ケタハズレ
桁数	ケタスウ
桁橋	ケタバシ
桁違い	ケタチガイ
桂むき	カツラムキ
桂冠	ケイカン
桂冠詩人	ケイカンシジン
桂剥き	カツラムキ
桂庵	ケイアン
桂成り	ケイナリ
桂皮	ケイヒ
桂花	ケイカ
桂魚	ケツギョ
桃の節句	モモノセック
桃割れ	モモワレ
桃尻	モモジリ
桃山	モモヤマ
桃李	トウリ
桃林	トウリン
桃源	トウゲン
桃源郷	トウゲンキョウ
桃缶	モモカン
桃色	モモイロ
桃花	トウカ
案じる	アンジル
案じ顔	アンジガオ
案ずる	アンズル
案の定	アンノジョウ
案下	アンカ
案件	アンケン
案内人	アンナイニン
案内役	アンナイヤク
案内状	アンナイジョウ
案内者	アンナイシャ
案出	アンシュツ
案分	アンブン
案外	アンガイ
案配	アンバイ
桎梏	シッコク
桐一葉	キリヒトハ
桐塑	トウソ
桐材	キリザイ
桐油	トウユ
桐畑	キリバタケ
桐紋	キリモン
桑原	クワバラ
桑園	ソウエン
桑摘み	クワツミ
桑田	ソウデン
桑苗	ソウビョウ
桑門	ソウモン
桜えび	サクラエビ
桜もち	サクラモチ
桜エビ	サクラエビ
桜人	サクラビト
桜前線	サクラゼンセン
桜吹雪	サクラフブキ
桜月	サクラヅキ
桜木	サクラギ
桜桃忌	オウトウキ
桜樹	オウジュ
桜海老	サクラエビ
桜湯	サクラユ
桜漬け	サクラヅケ
桜煮	サクラニ
桜狩り	サクラガリ
桜祭	サクラマツリ
桜祭り	サクラマツリ
桜紙	サクラガミ
桜肉	サクラニク
桜色	サクライロ
桜草	サクラソウ
桜蝦	サクラエビ
桜襲	サクラガサネ
桜貝	サクラガイ
桜鍋	サクラナベ
桜飯	サクラメシ
桜餅	サクラモチ
桜鯛	サクラダイ
桜鱒	サクラマス
桝目	マスメ
桟俵	サンダワラ
桟道	サンドウ
桧扇	ヒオウギ
桧木	ヒノキ
桧舞台	ヒノキブタイ
桶側胴	オケガワドウ
桶屋	オケヤ
桿体	カンタイ
桿菌	カンキン
梁山泊	リョウザンパク
梁木	リョウボク
梃入れ	テコイレ
梃子	テコ
梃子摺る	テコズル
梃摺る	テコズル
梅に鶯	ウメニウグイス
梅干	ウメボシ
梅干し	ウメボシ
梅擬き	ウメモドキ
梅暦	ウメゴヨミ
梅月	バイゲツ
梅毒	バイドク
梅漬	ウメヅケ
梅漬け	ウメヅケ
梅肉	バイニク
梅色	ウメイロ
梅蕙草	バイケイソウ
梅見	ウメミ
梅酒	ウメシュ
梅酢	ウメズ
梅鉢草	ウメバチソウ
梅雨どき	ツユドキ
梅雨寒	ツユザム
梅雨明け	ツユアケ
梅雨時	ツユドキ
梅雨晴れ	ツユバレ
梅雨空	ツユゾラ
梓巫女	アズサミコ
梓弓	アズサユミ
梗塞	コウソク
梗概	コウガイ
梟将	キョウショウ
梟帥	タケル
梟悪	キョウアク
梟雄	キョウユウ
梟首	キョウシュ
梨園	リエン
梨地	ナシジ
梨子	ナシ
梨子地	ナシジ
梨河豚	ナシフグ
梨狩り	ナシガリ
梨花	リカ
梯団	テイダン
梯子乗り	ハシゴノリ
梯子段	ハシゴダン
梯子車	ハシゴシャ
梯子酒	ハシゴザケ
梯形	テイケイ
梱包	コンポウ
梱包材	コンポウザイ
梱包資材	コンポウシザイ
梳かす	トカス
梳き油	スキアブラ
梳き鋏	スキバサミ
梳毛	ソモウ
梳油	スキアブラ
梵唄	ボンバイ
梵妻	ボンサイ
梵字	ボンジ
梵文	ボンブン
梵語	ボンゴ
梵鐘	ボンショウ
梶の木	カジノキ
梶木	カジキ
梶木座	カジキザ
梶木鮪	カジキマグロ
梶棒	カジボウ
梶苺	カジイチゴ
棄てる	ステル
棄て児	ステゴ
棄て去る	ステサル
棄て子	ステゴ
棄却	キキャク
棄子	ステゴ
棄捐	キエン
棄損	キソン
棄教	キキョウ
棄権	キケン
棄民	キミン
棄老	キロウ
棉花	メンカ
棊子麺	キシメン
棋力	キリョク
棋士	キシ
棋戦	キセン
棋王	キオウ
棋界	キカイ
棋聖	キセイ
棋譜	キフ
棋道	キドウ
棋院	キイン
棋風	キフウ
棍棒	コンボウ
棒々鶏	バンバンジー
棒ぐい	ボウグイ
棒だら	ボウダラ
棒ダラ	ボウダラ
棒先	ボウサキ
棒引き	ボウビキ
棒手振	ボテフリ
棒手振り	ボテフリ
棒暗記	ボウアンキ
棒杙	ボウグイ
棒棒鶏	バンバンジー
棒状	ボウジョウ
棒球	ボウダマ
棒立ち	ボウダチ
棒紅	ボウベニ
棒組	ボウグミ
棒組み	ボウグミ
棒線	ボウセン
棒縞	ボウジマ
棒茶	ボウチャ
棒術	ボウジュツ
棒読み	ボウヨミ
棒針	ボウバリ
棒鋼	ボウコウ
棒高跳	ボウタカトビ
棒鱈	ボウダラ
棕梠	シュロ
棕櫚草	シュロソウ
棗椰子	ナツメヤシ
棘皮動物	キョクヒドウブツ
棘魚	トゲウオ
棚おろし	タナオロシ
棚ざらえ	タナザラエ
棚ざらし	タナザラシ
棚ぼた	タナボタ
棚ボタ	タナボタ
棚上げ	タナアゲ
棚割	タナワリ
棚割り	タナワリ
棚卸	タナオロシ
棚卸し	タナオロシ
棚卸資産	タナオロシシサン
棚引く	タナビク
棚晒し	タナザラシ
棚板	タナイタ
棚機	タナバタ
棚氷	タナゴオリ
棚浚え	タナザラエ
棚田	タナダ
棚雲	タナグモ
棟上げ	ムネアゲ
棟上げ式	ムネアゲシキ
棟割長屋	ムネワリナガヤ
棟木	ムナギ
森々	シンシン
森厳	シンゲン
森林	シンリン
森林地帯	シンリンチタイ
森林帯	シンリンタイ
森林法	シンリンホウ
森林浴	シンリンヨク
森林率	シンリンリツ
森森	シンシン
森羅万象	シンラバンショウ
森閑	シンカン
森青蛙	モリアオガエル
棲み分け	スミワケ
棲み分ける	スミワケル
棲み家	スミカ
棲む	スム
棲処	スミカ
棲家	スミカ
棲息	セイソク
棹さす	サオサス
棹差す	サオサス
棹秤	サオバカリ
棹立ち	サオダチ
棺おけ	カンオケ
棺桶	カンオケ
椀盛	ワンモリ
椀盛り	ワンモリ
椀種	ワンダネ
椀飯	オウバン
椀飯振る舞い	オウバンブルマイ
椀飯振舞	オウバンブルマイ
椀飯振舞い	オウバンブルマイ
椅子	イス
椋の木	ムクノキ
椋鳥	ムクドリ
植えこむ	ウエコム
植えつけ	ウエツケ
植えつける	ウエツケル
植える	ウエル
植え付け	ウエツケ
植え付ける	ウエツケル
植え替え	ウエカエ
植え替える	ウエカエル
植え木	ウエキ
植え込み	ウエコミ
植え込む	ウエコム
植わる	ウワル
植付	ウエツケ
植付け	ウエツケ
植字機	ショクジキ
植木	ウエキ
植木屋	ウエキヤ
植木鉢	ウエキバチ
植林	ショクリン
植栽	ショクサイ
植樹	ショクジュ
植毛	ショクモウ
植民	ショクミン
植民地	ショクミンチ
植物	ショクブツ
植物園	ショクブツエン
植物学	ショクブツガク
植物性	ショクブツセイ
植物油	ショクブツユ
植物界	ショクブツカイ
植物誌	ショクブツシ
植生	ショクセイ
植生図	ショクセイズ
植生帯	ショクセイタイ
植皮	ショクヒ
植込	ウエコミ
植込み	ウエコミ
植込む	ウエコム
椎茸	シイタケ
椎間板	ツイカンバン
椎骨	ツイコツ
検する	ケンスル
検める	アラタメル
検事	ケンジ
検事局	ケンジキョク
検事正	ケンジセイ
検事長	ケンジチョウ
検体	ケンタイ
検使	ケンシ
検便	ケンベン
検修	ケンシュウ
検出	ケンシュツ
検出器	ケンシュツキ
検分	ケンブン
検印	ケンイン
検収	ケンシュウ
検品	ケンピン
検問	ケンモン
検圧	ケンアツ
検地	ケンチ
検字	ケンジ
検定	ケンテイ
検定料	ケンテイリョウ
検察	ケンサツ
検察官	ケンサツカン
検察庁	ケンサツチョウ
検尿	ケンニョウ
検屍	ケンシ
検挙	ケンキョ
検数	ケンスウ
検札	ケンサツ
検束	ケンソク
検査	ケンサ
検査員	ケンサイン
検査役	ケンサヤク
検査数字	ケンサスウジ
検案	ケンアン
検案書	ケンアンショ
検死	ケンシ
検波	ケンパ
検流計	ケンリュウケイ
検温	ケンオン
検温器	ケンオンキ
検潮	ケンチョウ
検番	ケンバン
検疫	ケンエキ
検疫官	ケンエキカン
検疫法	ケンエキホウ
検痰	ケンタン
検眼	ケンガン
検知	ケンチ
検算	ケンザン
検糖計	ケントウケイ
検索	ケンサク
検索エンジン	ケンサクエンジン
検索ロボット	ケンサクロボット
検索条件	ケンサクジョウケン
検索機能	ケンサクキノウ
検索表	ケンサクヒョウ
検視	ケンシ
検視官	ケンシカン
検討	ケントウ
検討中	ケントウチュウ
検討会	ケントウカイ
検診	ケンシン
検証	ケンショウ
検証環境	ケンショウカンキョウ
検認	ケンニン
検身	ケンシン
検車	ケンシャ
検針	ケンシン
検鏡	ケンキョウ
検閲	ケンエツ
検電器	ケンデンキ
検食	ケンショク
椰子	ヤシ
椰子油	ヤシユ
椰子科	ヤシカ
椰子糖	ヤシトウ
椴松	トドマツ
椿事	チンジ
椿油	ツバキアブラ
椿説	チンセツ
楊子	ヨウジ
楊弓	ヨウキュウ
楊弓場	ヨウキュウバ
楊枝	ヨウジ
楓林	フウリン
楓葉	フウヨウ
楔子	ケッシ
楔石	クサビイシ
楕円	ダエン
楕円体	ダエンタイ
楕円形	ダエンケイ
楕円面	ダエンメン
楚々	ソソ
楚楚	ソソ
楢茸	ナラタケ
楤木	タラノキ
楫取	カジトリ
楫取り	カジトリ
楫枕	カジマクラ
業主	ギョウシュ
業前	ワザマエ
業務	ギョウム
業務フロー	ギョウムフロー
業務上	ギョウムジョウ
業務委託	ギョウムイタク
業務委託契約	ギョウムイタクケイヤク
業務提携	ギョウムテイケイ
業務支援	ギョウムシエン
業務災害	ギョウムサイガイ
業務用	ギョウムヨウ
業務遂行	ギョウムスイコウ
業報	ゴウホウ
業容	ギョウヨウ
業師	ワザシ
業態	ギョウタイ
業歴	ギョウレキ
業況	ギョウキョウ
業法	ギョウホウ
業火	ゴウカ
業物	ワザモノ
業界	ギョウカイ
業界人	ギョウカイジン
業界初	ギョウカイハツ
業界標準	ギョウカイヒョウジュン
業界紙	ギョウカイシ
業病	ゴウビョウ
業種	ギョウシュ
業種別	ギョウシュベツ
業績	ギョウセキ
業績不振	ギョウセキフシン
業績主義	ギョウセキシュギ
業績給	ギョウセキキュウ
業績賞与	ギョウセキショウヨ
業者	ギョウシャ
業者販売	ギョウシャハンバイ
業腹	ゴウハラ
業苦	ゴウク
業販	ギョウハン
業革	ギョウカク
楯つく	タテツク
楯状	タテジョウ
楯状地	タテジョウチ
楯突く	タテツク
極々	ゴクゴク
極く	ゴク
極まりない	キワマリナイ
極まり無い	キワマリナイ
極み	キワミ
極めつき	キワメツキ
極めつけ	キワメツケ
極めて	キワメテ
極め付き	キワメツキ
極め所	キメドコロ
極め手	キメテ
極め書	キワメガキ
極め書き	キワメガキ
極め込み	キメコミ
極め込む	キメコム
極り手	キマリテ
極上	ゴクジョウ
極体	キョクタイ
極値	キョクチ
極冠	キョッカン
極刑	キョッケイ
極力	キョクリョク
極北	キョクホク
極印	ゴクイン
極右	キョクウ
極地	キョクチ
極地法	キョクチホウ
極域	キョクイキ
極夜	キョクヤ
極大	キョクダイ
極大値	キョクダイチ
極太	ゴクブト
極小値	キョクショウチ
極少	キョクショウ
極左	キョクサ
極度	キョクド
極性	キョクセイ
極悪	ゴクアク
極悪人	ゴクアクニン
極意	ゴクイ
極暑	ゴクショ
極書	キワメガキ
極書き	キワメガキ
極月	ゴクゲツ
極東	キョクトウ
極板	キョクバン
極極	ゴクゴク
極楽	ゴクラク
極楽浄土	ゴクラクジョウド
極楽鳥	ゴクラクチョウ
極洋	キョクヨウ
極点	キョクテン
極盛	キョクセイ
極相	キョクソウ
極秘	ゴクヒ
極端	キョクタン
極細	ゴクボソ
極致	キョクチ
極薄	ゴクウス
極製	ゴクセイ
極言	キョクゲン
極論	キョクロン
極貧	ゴクヒン
極道	ゴクドウ
極量	キョクリョウ
極限	キョクゲン
極限値	キョクゲンチ
楷書	カイショ
楷書体	カイショタイ
楼上	ロウジョウ
楼主	ロウシュ
楼台	ロウダイ
楼観	ロウカン
楼門	ロウモン
楼閣	ロウカク
楽々	ラクラク
楽しい	タノシイ
楽しみ	タノシミ
楽しむ	タノシム
楽ちん	ラクチン
楽チン	ラクチン
楽典	ガクテン
楽劇	ガクゲキ
楽勝	ラクショウ
楽匠	ガクショウ
楽句	ガック
楽員	ガクイン
楽器	ガッキ
楽団	ガクダン
楽園	ラクエン
楽土	ラクド
楽地	ラクチ
楽壇	ガクダン
楽士	ガクシ
楽天	ラクテン
楽天主義	ラクテンシュギ
楽天地	ラクテンチ
楽天家	ラクテンカ
楽天的	ラクテンテキ
楽天観	ラクテンカン
楽寝	ラクネ
楽屋	ガクヤ
楽屋落ち	ガクヤオチ
楽屋裏	ガクヤウラ
楽師	ガクシ
楽座	ラクザ
楽想	ガクソウ
楽才	ガクサイ
楽曲	ガッキョク
楽書き	ラクガキ
楽楽	ラクラク
楽焼	ラクヤキ
楽焼き	ラクヤキ
楽界	ガッカイ
楽章	ガクショウ
楽箏	ガクソウ
楽節	ガクセツ
楽聖	ガクセイ
楽舞	ガクブ
楽観	ラッカン
楽観主義	ラッカンシュギ
楽観的	ラッカンテキ
楽譜	ガクフ
楽部	ガクブ
楽長	ガクチョウ
楽隊	ガクタイ
楽音	ガクオン
楽髪	ラクガミ
概して	ガイシテ
概ね	オオムネ
概則	ガイソク
概形	ガイケイ
概念	ガイネン
概念化	ガイネンカ
概念図	ガイネンズ
概念的	ガイネンテキ
概念論	ガイネンロン
概括	ガイカツ
概数	ガイスウ
概日リズム	ガイジツリズム
概況	ガイキョウ
概略	ガイリャク
概算	ガイサン
概要	ガイヨウ
概要書	ガイヨウショ
概観	ガイカン
概言	ガイゲン
概評	ガイヒョウ
概説	ガイセツ
概論	ガイロン
榎葉	エノハ
榴弾	リュウダン
榻背	トウハイ
構い付ける	カマイツケル
構える	カマエル
構内	コウナイ
構内通信網	コウナイツウシンモウ
構図	コウズ
構外	コウガイ
構想	コウソウ
構想力	コウソウリョク
構成	コウセイ
構成員	コウセイイン
構成国	コウセイコク
構成要素	コウセイヨウソ
構文	コウブン
構文解析器	コウブンカイセキキ
構文論	コウブンロン
構築	コウチク
構造	コウゾウ
構造体	コウゾウタイ
構造化	コウゾウカ
構造化プログラミング	コウゾウカプログラミング
構造土	コウゾウド
構造式	コウゾウシキ
構造湖	コウゾウコ
構造物	コウゾウブツ
構造的	コウゾウテキ
構造色	コウゾウショク
構音	コウオン
槌音	ツチオト
槍先	ヤリサキ
槍投げ	ヤリナゲ
槍持ち	ヤリモチ
槍烏賊	ヤリイカ
槍玉	ヤリダマ
槍術	ソウジュツ
槍衾	ヤリブスマ
槍襖	ヤリブスマ
槓杆	コウカン
槓桿	コウカン
様変り	サマガワリ
様変わり	サマガワリ
様子	ヨウス
様子見	ヨウスミ
様式	ヨウシキ
様式化	ヨウシキカ
様式美	ヨウシキビ
様態	ヨウタイ
様相	ヨウソウ
標す	シルス
標ぼう	ヒョウボウ
標定	ヒョウテイ
標徴	ヒョウチョウ
標数	ヒョウスウ
標本	ヒョウホン
標本化	ヒョウホンカ
標本抽出	ヒョウホンチュウシュツ
標札	ヒョウサツ
標柱	ヒョウチュウ
標榜	ヒョウボウ
標準	ヒョウジュン
標準偏差	ヒョウジュンヘンサ
標準化	ヒョウジュンカ
標準報酬	ヒョウジュンホウシュウ
標準時	ヒョウジュンジ
標準的	ヒョウジュンテキ
標準語	ヒョウジュンゴ
標的	ヒョウテキ
標目	ヒョウモク
標石	ヒョウセキ
標示	ヒョウジ
標章	ヒョウショウ
標縄	シメナワ
標記	ヒョウキ
標語	ヒョウゴ
標識	ヒョウシキ
標題	ヒョウダイ
標題紙	ヒョウダイシ
標高	ヒョウコウ
樟脳	ショウノウ
模する	モスル
模作	モサク
模倣	モホウ
模倣品	モホウヒン
模倣犯	モホウハン
模写	モシャ
模刻	モコク
模型	モケイ
模式	モシキ
模式図	モシキズ
模擬	モギ
模擬テスト	モギテスト
模擬刀	モギトウ
模擬店	モギテン
模擬試験	モギシケン
模本	モホン
模様	モヨウ
模様替え	モヨウガエ
模範	モハン
模範囚	モハンシュウ
模範的	モハンテキ
模糊	モコ
模索	モサク
模試	モシ
模造	モゾウ
模造刀	モゾウトウ
模造品	モゾウヒン
模造紙	モゾウシ
権利	ケンリ
権利放棄	ケンリホウキ
権利金	ケンリキン
権力	ケンリョク
権力者	ケンリョクシャ
権助	ゴンスケ
権勢	ケンセイ
権原	ケンゲン
権妻	ゴンサイ
権威	ケンイ
権威者	ケンイシャ
権幕	ケンマク
権柄	ケンペイ
権現	ゴンゲン
権現造	ゴンゲンヅクリ
権現造り	ゴンゲンヅクリ
権瑞	ゴンズイ
権益	ケンエキ
権禰宜	ゴンネギ
権能	ケンノウ
権臣	ケンシン
権衡	ケンコウ
権謀	ケンボウ
権貴	ケンキ
権道	ケンドウ
権門	ケンモン
権限	ケンゲン
権限委譲	ケンゲンイジョウ
権高	ケンダカ
横ぎる	ヨコギル
横ぐわえ	ヨコグワエ
横じま	ヨコジマ
横すべり	ヨコスベリ
横ずれ	ヨコズレ
横たえる	ヨコタエル
横たわる	ヨコタワル
横ちょ	ヨコチョ
横っちょ	ヨコッチョ
横っとび	ヨコットビ
横っ腹	ヨコッパラ
横っ跳び	ヨコットビ
横っ面	ヨコッツラ
横っ飛び	ヨコットビ
横づけ	ヨコヅケ
横とじ	ヨコトジ
横とび	ヨコトビ
横どり	ヨコドリ
横なぐり	ヨコナグリ
横にらみ	ヨコニラミ
横ばい	ヨコバイ
横やり	ヨコヤリ
横ヤリ	ヨコヤリ
横丁	ヨコチョウ
横並び	ヨコナラビ
横付け	ヨコヅケ
横兵庫	ヨコヒョウゴ
横切る	ヨコギル
横列	オウレツ
横取り	ヨコドリ
横合	ヨコアイ
横合い	ヨコアイ
横向き	ヨコムキ
横太り	ヨコブトリ
横奪	オウダツ
横好き	ヨコズキ
横帆	オウハン
横幅	ヨコハバ
横恋慕	ヨコレンボ
横抱き	ヨコダキ
横持ち	ヨコモチ
横揺れ	ヨコユレ
横文字	ヨコモジ
横断	オウダン
横断幕	オウダンマク
横断面	オウダンメン
横方向	ヨコホウコウ
横暴	オウボウ
横書き	ヨコガキ
横材	ヨコザイ
横板	ヨコイタ
横架材	オウカザイ
横柄	オウヘイ
横根	ヨコネ
横桟	ヨコザン
横棒	ヨコボウ
横槌	ヨコヅチ
横槍	ヨコヤリ
横歩き	ヨコアルキ
横死	オウシ
横殴り	ヨコナグリ
横流	オウリュウ
横流し	ヨコナガシ
横流れ	ヨコナガレ
横溢	オウイツ
横滑り	ヨコスベリ
横物	ヨコモノ
横町	ヨコチョウ
横目	ヨコメ
横着	オウチャク
横睨み	ヨコニラミ
横筋	ヨコスジ
横糸	ヨコイト
横組	ヨコグミ
横組み	ヨコグミ
横綱	ヨコヅナ
横綴じ	ヨコトジ
横縞	ヨコジマ
横置き	ヨコオキ
横腹	ヨコバラ
横臥	オウガ
横薙	ヨコナギ
横薙ぎ	ヨコナギ
横議	オウギ
横足	ヨコアシ
横距	オウキョ
横跳び	ヨコトビ
横車	ヨコグルマ
横転	オウテン
横軸	ヨコジク
横辷り	ヨコスベリ
横這い	ヨコバイ
横銜え	ヨコグワエ
横長	ヨコナガ
横降り	ヨコブリ
横隊	オウタイ
横隔膜	オウカクマク
横雲	ヨコグモ
横領	オウリョウ
横領罪	オウリョウザイ
横顔	ヨコガオ
横飛び	ヨコトビ
横飯	ヨコメシ
横髪	ヨコガミ
樸直	ボクチョク
樹々	キギ
樹冠	ジュカン
樹勢	ジュセイ
樹医	ジュイ
樹幹	ジュカン
樹形	ジュケイ
樹影	ジュエイ
樹木	ジュモク
樹木医	ジュモクイ
樹木学	ジュモクガク
樹林	ジュリン
樹枝	ジュシ
樹樹	キギ
樹氷	ジュヒョウ
樹海	ジュカイ
樹液	ジュエキ
樹皮	ジュヒ
樹種	ジュシュ
樹脂	ジュシ
樹芸	ジュゲイ
樹葉	ジュヨウ
樹蜂	キバチ
樹間	ジュカン
樹高	ジュコウ
樹齢	ジュレイ
樺の木	カバノキ
樺太鱒	カラフトマス
樺色	カバイロ
樽俎	ソンソ
樽柿	タルガキ
橄欖	カンラン
橅占地	ブナシメジ
橈骨	トウコツ
橋かけ	ハシカケ
橋げた	ハシゲタ
橋上	キョウジョウ
橋台	キョウダイ
橋塔	キョウトウ
橋懸	ハシガカリ
橋懸かり	ハシガカリ
橋掛かり	ハシガカリ
橋掛け	ハシカケ
橋掛り	ハシガカリ
橋本病	ハシモトビョウ
橋杙	ハシグイ
橋杭	ハシグイ
橋板	ハシイタ
橋架	キョウカ
橋桁	ハシゲタ
橋梁	キョウリョウ
橋渡し	ハシワタシ
橋畔	キョウハン
橋脚	キョウキャク
橋頭	キョウトウ
機上	キジョウ
機中泊	キチュウハク
機会	キカイ
機位	キイ
機体	キタイ
機先	キセン
機具	キグ
機内	キナイ
機内モード	キナイモード
機内誌	キナイシ
機内食	キナイショク
機制	キセイ
機動	キドウ
機動力	キドウリョク
機動性	キドウセイ
機動隊	キドウタイ
機器	キキ
機外	キガイ
機嫌	キゲン
機宜	キギ
機密	キミツ
機密事項	キミツジコウ
機密保持契約	キミツホジケイヤク
機密情報	キミツジョウホウ
機密費	キミツヒ
機尾	キビ
機屋	ハタヤ
機巧	キコウ
機帆船	キハンセン
機序	キジョ
機影	キエイ
機微	キビ
機才	キサイ
機捜	キソウ
機敏	キビン
機智	キチ
機材	キザイ
機根	キコン
機械	キカイ
機械化	キカイカ
機械学習	キカイガクシュウ
機械室	キカイシツ
機械的	キカイテキ
機械科	キカイカ
機械語	キカイゴ
機械論	キカイロン
機業	キギョウ
機構	キコウ
機甲	キコウ
機略	キリャク
機知	キチ
機種	キシュ
機種変	キシュヘン
機種変更	キシュヘンコウ
機縁	キエン
機織	ハタオリ
機織り	ハタオリ
機能	キノウ
機能主義	キノウシュギ
機能性	キノウセイ
機能性食品	キノウセイショクヒン
機能拡張	キノウカクチョウ
機能概要	キノウガイヨウ
機能的	キノウテキ
機能美	キノウビ
機能語	キノウゴ
機躡	マネキ
機転	キテン
機軸	キジク
機運	キウン
機銃	キジュウ
機鋒	キホウ
機長	キチョウ
機関区	キカンク
機関士	キカンシ
機関室	キカンシツ
機関砲	キカンホウ
機関紙	キカンシ
機関誌	キカンシ
機関車	キカンシャ
機関銃	キカンジュウ
機関長	キカンチョウ
機雷	キライ
機首	キシュ
橡の木	トチノキ
橢円	ダエン
檀徒	ダント
檀林	ダンリン
檀紙	ダンシ
檀那	ダンナ
檀香	ダンコウ
檄文	ゲキブン
檜扇	ヒオウギ
檜木	ヒノキ
檜林	ヒノキバヤシ
檜皮色	ヒワダイロ
檜皮葺	ヒワダブキ
檜皮葺き	ヒワダブキ
檜葉	ヒバ
檣楼	ショウロウ
檣頭	ショウトウ
檳榔樹	ビンロウジュ
檸檬	レモン
檸檬色	レモンイロ
櫃塗し	ヒツマブシ
櫑子	ライシ
櫓太鼓	ヤグラダイコ
櫓杭	ログイ
櫓櫂	ロカイ
櫓臍	ロベソ
櫛切り	クシギリ
櫛形	クシガタ
櫛比	シッピ
櫛水母	クシクラゲ
櫛目	クシメ
櫛笥	クシゲ
櫛箱	クシバコ
櫛風沐雨	シップウモクウ
櫺子	レンジ
欄外	ランガイ
欄干	ランカン
欄間	ランマ
欝々	ウツウツ
欝憤	ウップン
欝積	ウッセキ
欝蒼	ウッソウ
欝金	ウコン
欠かす	カカス
欠き氷	カキゴオリ
欠く	カク
欠け	カケ
欠ける	カケル
欠け目	カケメ
欠け落ち	カケオチ
欠乏	ケツボウ
欠乏症	ケツボウショウ
欠便	ケツビン
欠勤	ケッキン
欠勤率	ケッキンリツ
欠品	ケッピン
欠員	ケツイン
欠唇	イグチ
欠場	ケツジョウ
欠失	ケッシツ
欠如	ケツジョ
欠字	ケツジ
欠席	ケッセキ
欠指	ケッシ
欠損	ケッソン
欠文	ケツブン
欠本	ケッポン
欠格	ケッカク
欠測	ケッソク
欠点	ケッテン
欠番	ケツバン
欠目	カケメ
欠礼	ケツレイ
欠缺	ケンケツ
欠航	ケッコウ
欠落	ケツラク
欠落ち	カケオチ
欠課	ケッカ
欠講	ケッコウ
欠配	ケッパイ
欠陥	ケッカン
欠食	ケッショク
次々	ツギツギ
次いで	ツイデ
次ぐ	ツグ
次の内閣	ツギノナイカク
次の間	ツギノマ
次世代	ジセダイ
次亜	ジア
次代	ジダイ
次会	ジカイ
次位	ジイ
次作	ジサク
次便	ジビン
次元	ジゲン
次兄	ジケイ
次列	ジレツ
次号	ジゴウ
次善	ジゼン
次回	ジカイ
次回作	ジカイサク
次女	ジジョ
次姉	ジシ
次子	ジシ
次客	ジキャク
次巻	ジカン
次席	ジセキ
次年度	ジネンド
次序	ジジョ
次式	ジシキ
次戦	ジセン
次数	ジスウ
次期	ジキ
次条	ジジョウ
次次	ツギツギ
次点	ジテン
次男	ジナン
次章	ジショウ
次第	シダイ
次葉	ジヨウ
次表	ジヒョウ
次週	ジシュウ
次鋒	ジホウ
次長	ジチョウ
次項	ジコウ
欣ぶ	ヨロコブ
欣喜	キンキ
欣快	キンカイ
欣栄	キンエイ
欣求	ゴング
欣然	キンゼン
欣羨	キンセン
欧亜	オウア
欧化	オウカ
欧字	オウジ
欧文	オウブン
欧米	オウベイ
欧米化	オウベイカ
欧露	オウロ
欧風	オウフウ
欲しい	ホシイ
欲する	ホッスル
欲ばり	ヨクバリ
欲ばる	ヨクバル
欲動	ヨクドウ
欲張り	ヨクバリ
欲張る	ヨクバル
欲得	ヨクトク
欲心	ヨクシン
欲念	ヨクネン
欲情	ヨクジョウ
欲望	ヨクボウ
欲気	ヨクケ
欲求	ヨッキュウ
欲求不満	ヨッキュウフマン
欲目	ヨクメ
欷歔	キキョ
欹てる	ソバダテル
欺く	アザムク
欺す	ダマス
欺まん	ギマン
欺瞞	ギマン
欽定	キンテイ
欽慕	キンボ
款待	カンタイ
歌いあげる	ウタイアゲル
歌いこむ	ウタイコム
歌いだし	ウタイダシ
歌いだす	ウタイダス
歌い上げる	ウタイアゲル
歌い出し	ウタイダシ
歌い出す	ウタイダス
歌い回し	ウタイマワシ
歌い女	ウタイメ
歌い手	ウタイテ
歌い込む	ウタイコム
歌うたい	ウタウタイ
歌仙	カセン
歌劇	カゲキ
歌劇団	カゲキダン
歌劇場	カゲキジョウ
歌口	ウタグチ
歌合	ウタアワセ
歌合せ	ウタアワセ
歌合わせ	ウタアワセ
歌合戦	ウタガッセン
歌唱	カショウ
歌唱力	カショウリョク
歌垣	ウタガキ
歌境	カキョウ
歌壇	カダン
歌姫	ウタヒメ
歌心	ウタゴコロ
歌意	カイ
歌手	カシュ
歌曲	カキョク
歌書	カショ
歌枕	ウタマクラ
歌歌い	ウタウタイ
歌沢	ウタザワ
歌番組	ウタバングミ
歌碑	カヒ
歌稿	カコウ
歌聖	カセイ
歌舞	カブ
歌舞伎	カブキ
歌舞伎者	カブキモノ
歌舞伎踊り	カブキオドリ
歌舞妓	カブキ
歌袋	ウタブクロ
歌言葉	ウタコトバ
歌詠み	ウタヨミ
歌誌	カシ
歌語	カゴ
歌論	カロン
歌謡	カヨウ
歌謡曲	カヨウキョク
歌道	カドウ
歌集	カシュウ
歌題	カダイ
歌風	カフウ
歎き	ナゲキ
歎く	ナゲク
歎じる	タンジル
歎ずる	タンズル
歎声	タンセイ
歎息	タンソク
歎称	タンショウ
歎美	タンビ
歎賞	タンショウ
歎願	タンガン
歓ばす	ヨロコバス
歓び	ヨロコビ
歓ぶ	ヨロコブ
歓呼	カンコ
歓声	カンセイ
歓待	カンタイ
歓心	カンシン
歓楽	カンラク
歓楽街	カンラクガイ
歓談	カンダン
歓迎	カンゲイ
歓迎会	カンゲイカイ
歓送	カンソウ
歔欷	キョキ
止まり木	トマリギ
止む	ヤム
止むない	ヤムナイ
止むなく	ヤムナク
止む無い	ヤムナイ
止む無く	ヤムナク
止めだて	トメダテ
止めど	トメド
止めねじ	トメネジ
止めネジ	トメネジ
止め字	トメジ
止め置き	トメオキ
止め置く	トメオク
止め螺子	トメネジ
止め金	トメガネ
止り木	トマリギ
止宿	シシュク
止揚	シヨウ
止水	シスイ
止水板	シスイバン
止瀉剤	シシャザイ
止瀉薬	シシャヤク
止血	シケツ
止血剤	シケツザイ
止血帯	シケツタイ
止血薬	シケツヤク
止観	シカン
止金	トメガネ
正々	セイセイ
正す	タダス
正に	マサニ
正一位	ショウイチイ
正会員	セイカイイン
正伝	セイデン
正位	セイイ
正使	セイシ
正価	セイカ
正倉	ショウソウ
正値	セイチ
正兵	セイヘイ
正典	セイテン
正典化	セイテンカ
正円	セイエン
正出	セイシュツ
正切	セイセツ
正則	セイソク
正則化	セイソクカ
正副	セイフク
正割	セイカツ
正午	ショウゴ
正反合	セイハンゴウ
正反対	セイハンタイ
正史	セイシ
正号	セイゴウ
正否	セイヒ
正味	ショウミ
正員	セイイン
正坐	セイザ
正報	ショウホウ
正塩	セイエン
正夢	マサユメ
正大	セイダイ
正妃	セイヒ
正妻	セイサイ
正孔	セイコウ
正字	セイジ
正室	セイシツ
正対	セイタイ
正常	セイジョウ
正常位	セイジョウイ
正常化	セイジョウカ
正常終了	セイジョウシュウリョウ
正庁	セイチョウ
正式	セイシキ
正式名	セイシキメイ
正式名称	セイシキメイショウ
正弦	セイゲン
正弦波	セイゲンハ
正当	セイトウ
正当化	セイトウカ
正当性	セイトウセイ
正念	ショウネン
正念場	ショウネンバ
正接	セイセツ
正攻法	セイコウホウ
正教	セイキョウ
正教会	セイキョウカイ
正教員	セイキョウイン
正数	セイスウ
正断層	セイダンソウ
正方	セイホウ
正方形	セイホウケイ
正時	ショウジ
正書	セイショ
正書法	セイショホウ
正月	ショウガツ
正月休み	ショウガツヤスミ
正木	マサキ
正札	ショウフダ
正東	セイトウ
正格	セイカク
正極	セイキョク
正機	ショウキ
正正	セイセイ
正殿	セイデン
正比例	セイヒレイ
正犯	セイハン
正用	セイヨウ
正直	ショウジキ
正看	セイカン
正真	ショウシン
正真正銘	ショウシンショウメイ
正眼	セイガン
正着	セイチャク
正確	セイカク
正確性	セイカクセイ
正社員	セイシャイン
正称	セイショウ
正立	セイリツ
正答	セイトウ
正篇	セイヘン
正系	セイケイ
正経	セイケイ
正統性	セイトウセイ
正統派	セイトウハ
正絹	ショウケン
正続	セイゾク
正編	セイヘン
正義	セイギ
正義感	セイギカン
正装	セイソウ
正西	セイセイ
正見	ショウケン
正規	セイキ
正規労働者	セイキロウドウシャ
正規化	セイキカ
正規品	セイキヒン
正規軍	セイキグン
正規雇用	セイキコヨウ
正視	セイシ
正覚	ショウガク
正覚坊	ショウガクボウ
正解	セイカイ
正解者	セイカイシャ
正訓	セイクン
正誤	セイゴ
正誤表	セイゴヒョウ
正課	セイカ
正調	セイチョウ
正論	セイロン
正負	セイフ
正貨	セイカ
正賓	セイヒン
正転	セイテン
正逆	セイギャク
正選手	セイセンシュ
正邪	セイジャ
正金	ショウキン
正銘	ショウメイ
正門	セイモン
正閏	セイジュン
正電気	セイデンキ
正面図	ショウメンズ
正面玄関	ショウメンゲンカン
正音	セイオン
正風	ショウフウ
正餐	セイサン
正麩	ショウフ
此の	コノ
此の世	コノヨ
此れ	コレ
此れ此れ	コレコレ
此処	ココ
此処彼処	ココカシコ
此処許	ココモト
此岸	シガン
此彼	コレカレ
此方側	コチラガワ
此見よがし	コレミヨガシ
步く	アルク
武事	ブジ
武人	ブジン
武侠	ブキョウ
武備	ブビ
武具	ブグ
武力	ブリョク
武功	ブコウ
武勇	ブユウ
武勇伝	ブユウデン
武勲	ブクン
武名	ブメイ
武器	ブキ
武士団	ブシダン
武士道	ブシドウ
武威	ブイ
武官	ブカン
武家	ブケ
武将	ブショウ
武弁	ブベン
武張る	ブバル
武徳	ブトク
武技	ブギ
武断	ブダン
武烈	ブレツ
武略	ブリャク
武神	ブシン
武者	ムシャ
武者絵	ムシャエ
武臣	ブシン
武芸	ブゲイ
武芸者	ブゲイシャ
武術	ブジュツ
武術家	ブジュツカ
武装	ブソウ
武辺	ブヘン
武運	ブウン
武道	ブドウ
武道場	ブドウジョウ
武道家	ブドウカ
武道館	ブドウカン
武鑑	ブカン
武門	ブモン
武闘	ブトウ
武闘家	ブトウカ
武闘派	ブトウハ
武骨	ブコツ
武鯛	ブダイ
歩き去る	アルキサル
歩き回る	アルキマワル
歩き廻る	アルキマワル
歩き疲れる	アルキツカレル
歩み	アユミ
歩みよる	アユミヨル
歩み入る	アユミイル
歩み去る	アユミサル
歩み合い	アユミアイ
歩み寄り	アユミヨリ
歩み寄る	アユミヨル
歩み板	アユミイタ
歩み足	アユミアシ
歩む	アユム
歩卒	ホソツ
歩合	ブアイ
歩合制	ブアイセイ
歩合給	ブアイキュウ
歩哨	ホショウ
歩容	ホヨウ
歩幅	ホハバ
歩度	ホド
歩廊	ホロウ
歩引き	ブビキ
歩掛り	ブガカリ
歩数	ホスウ
歩数計	ホスウケイ
歩止まり	ブドマリ
歩武	ホブ
歩法	ホホウ
歩測	ホソク
歩留	ブドマリ
歩留まり	ブドマリ
歩留り	ブドマリ
歩荷	ボッカ
歩行器	ホコウキ
歩行者	ホコウシャ
歩行者天国	ホコウシャテンゴク
歩調	ホチョウ
歩速	ホソク
歩道	ホドウ
歩道橋	ホドウキョウ
歪み率	ヒズミリツ
歪曲	ワイキョク
歯がみ	ハガミ
歯がゆい	ハガユイ
歯ぎしり	ハギシリ
歯くそ	ハクソ
歯ぐき	ハグキ
歯ごたえ	ハゴタエ
歯ざわり	ハザワリ
歯なみ	ハナミ
歯ならび	ハナラビ
歯みがき	ハミガキ
歯ブラシ	ハブラシ
歯並	ハナミ
歯並び	ハナラビ
歯並み	ハナミ
歯元	ハモト
歯入れ	ハイレ
歯切り	ハギリ
歯切れ	ハギレ
歯列	シレツ
歯医者	ハイシャ
歯向かう	ハムカウ
歯周	シシュウ
歯周炎	シシュウエン
歯周病	シシュウビョウ
歯噛み	ハガミ
歯嚙み	ハガミ
歯固め	ハガタメ
歯型	ハガタ
歯垢	シコウ
歯学部	シガクブ
歯屎	ハクソ
歯形	ハガタ
歯応え	ハゴタエ
歯抜け	ハヌケ
歯朶	シダ
歯根	シコン
歯槽	シソウ
歯槽骨	シソウコツ
歯止め	ハドメ
歯牙	シガ
歯牙腫	シガシュ
歯状	シジョウ
歯痒い	ハガユイ
歯石	シセキ
歯磨	ハミガキ
歯磨き	ハミガキ
歯磨き粉	ハミガキコ
歯科	シカ
歯科医	シカイ
歯科医師	シカイシ
歯科技工士	シカギコウシ
歯科衛生士	シカエイセイシ
歯肉炎	シニクエン
歯舌	シゼツ
歯芽	シガ
歯触り	ハザワリ
歯車	ハグルマ
歯軋り	ハギシリ
歯面	シメン
歯音	シオン
歯髄	シズイ
歯髄炎	シズイエン
歯鯨	ハクジラ
歯鰹	ハガツオ
歯黒	ハグロ
歯齦	シギン
歳の市	トシノイチ
歳事	サイジ
歳入	サイニュウ
歳出	サイシュツ
歳差	サイサ
歳旦	サイタン
歳時記	サイジキ
歳晩	サイバン
歳月	サイゲツ
歳末	サイマツ
歳次	サイジ
歳歳	サイサイ
歳神	トシガミ
歳計	サイケイ
歳費	サイヒ
歳頃	トシゴロ
歴々	レキレキ
歴る	ヘル
歴世	レキセイ
歴仕	レキシ
歴代	レキダイ
歴任	レキニン
歴史	レキシ
歴史劇	レキシゲキ
歴史学	レキシガク
歴史家	レキシカ
歴史書	レキシショ
歴史画	レキシガ
歴史的	レキシテキ
歴史観	レキシカン
歴女	レキジョ
歴年	レキネン
歴戦	レキセン
歴日	レキジツ
歴朝	レキチョウ
歴歴	レキレキ
歴然	レキゼン
歴程	レキテイ
歴訪	レキホウ
歴遊	レキユウ
歷史	レキシ
歸る	カエル
死がい	シガイ
死す	シス
死する	シスル
死なす	シナス
死にかかる	シニカカル
死にかける	シニカケル
死にぎわ	シニギワ
死にざま	シニザマ
死に体	シニタイ
死に処	シニドコロ
死に別れる	シニワカレル
死に場所	シニバショ
死に変る	シニカワル
死に変わる	シニカワル
死に急ぐ	シニイソグ
死に恥	シニハジ
死に所	シニドコロ
死に掛かる	シニカカル
死に掛ける	シニカケル
死に時	シニドキ
死に様	シニザマ
死に水	シニミズ
死に物狂い	シニモノグルイ
死に目	シニメ
死に神	シニガミ
死に筋	シニスジ
死に絶える	シニタエル
死に花	シニバナ
死に装束	シニショウゾク
死に身	シニミ
死に金	シニガネ
死に際	シニギワ
死に顔	シニガオ
死に馬	シニウマ
死の灰	シノハイ
死中	シチュウ
死亡	シボウ
死亡届	シボウトドケ
死亡時画像診断	シボウジガゾウシンダン
死亡率	シボウリツ
死亡者	シボウシャ
死体	シタイ
死体安置所	シタイアンチジョ
死傷	シショウ
死傷者	シショウシャ
死児	シジ
死出	シデ
死刑	シケイ
死刑囚	シケイシュウ
死別	シベツ
死力	シリョク
死化粧	シニゲショウ
死去	シキョ
死命	シメイ
死因	シイン
死地	シチ
死姦	シカン
死守	シシュ
死屍	シシ
死屍累々	シシルイルイ
死後	シゴ
死文	シブン
死斑	シハン
死時	シニドキ
死有	シウ
死期	シキ
死歿	シボツ
死毒	シドク
死没	シボツ
死活	シカツ
死滅	シメツ
死火山	シカザン
死灰	シカイ
死物	シブツ
死球	シキュウ
死生学	シセイガク
死生観	シセイカン
死界	シカイ
死病	シビョウ
死目	シニメ
死相	シソウ
死神	シニガミ
死票	シヒョウ
死筋	シニスジ
死線	シセン
死罪	シザイ
死者	シシャ
死者数	シシャスウ
死肉	シニク
死胎	シタイ
死脈	シミャク
死腔	シクウ
死臭	シシュウ
死苦	シク
死蔵	シゾウ
死蠟	シロウ
死装束	シニショウゾク
死角	シカク
死語	シゴ
死都	シト
死闘	シトウ
死際	シニギワ
死顔	シニガオ
死馬	シバ
死骸	シガイ
死魔	シマ
歿前	ボツゼン
歿年	ボツネン
歿後	ボツゴ
殄滅	テンメツ
殆ど	ホトンド
殆んど	ホトンド
殉じる	ジュンジル
殉ずる	ジュンズル
殉国	ジュンコク
殉教	ジュンキョウ
殉教者	ジュンキョウシャ
殉死	ジュンシ
殉職	ジュンショク
殉難	ジュンナン
殊に	コトニ
殊の外	コトノホカ
殊勝	シュショウ
殊勲	シュクン
殊勲賞	シュクンショウ
殊更	コトサラ
殊遇	シュグウ
残す	ノコス
残り	ノコリ
残りかす	ノコリカス
残りカス	ノコリカス
残り惜しい	ノコリオシイ
残り湯	ノコリユ
残り滓	ノコリカス
残り火	ノコリビ
残り物	ノコリモノ
残る	ノコル
残丘	ザンキュウ
残任	ザンニン
残余	ザンヨ
残便感	ザンベンカン
残像	ザンゾウ
残光	ザンコウ
残党	ザントウ
残兵	ザンペイ
残刻	ザンコク
残効	ザンコウ
残務	ザンム
残品	ザンピン
残喘	ザンゼン
残土	ザンド
残基	ザンキ
残塁	ザンルイ
残夢	ザンム
残寒	ザンカン
残尿	ザンニョウ
残尿感	ザンニョウカン
残差	ザンサ
残席	ザンセキ
残弾	ザンダン
残影	ザンエイ
残心	ザンシン
残忍	ザンニン
残念	ザンネン
残念会	ザンネンカイ
残念賞	ザンネンショウ
残数	ザンスウ
残敵	ザンテキ
残映	ザンエイ
残暑	ザンショ
残月	ザンゲツ
残材	ザンザイ
残柱	ザンチュウ
残業	ザンギョウ
残業代	ザンギョウダイ
残業手当	ザンギョウテアテ
残機	ザンキ
残欠	ザンケツ
残渣	ザンサ
残照	ザンショウ
残片	ザンペン
残物	ザンブツ
残生	ザンセイ
残留	ザンリュウ
残留孤児	ザンリュウコジ
残痕	ザンコン
残置	ザンチ
残花	ザンカ
残菊	ザンギク
残菜	ザンサイ
残虐	ザンギャク
残部	ザンブ
残酷	ザンコク
残量	ザンリョウ
残金	ザンキン
残闕	ザンケツ
残雪	ザンセツ
残響	ザンキョウ
残額	ザンガク
残飯	ザンパン
残骸	ザンガイ
残高	ザンダカ
殖える	フエル
殖やす	フヤス
殖民	ショクミン
殖民地	ショクミンチ
殖産	ショクサン
殖財	ショクザイ
殪す	タオス
殪れる	タオレル
殯宮	ヒンキュウ
殱滅	センメツ
殲滅	センメツ
殴りあう	ナグリアウ
殴りかかる	ナグリカカル
殴りこみ	ナグリコミ
殴りころす	ナグリコロス
殴りたおす	ナグリタオス
殴りつける	ナグリツケル
殴り付ける	ナグリツケル
殴り倒す	ナグリタオス
殴り合い	ナグリアイ
殴り掛かる	ナグリカカル
殴り書き	ナグリガキ
殴り殺す	ナグリコロス
殴り込み	ナグリコミ
殴り込む	ナグリコム
殴り飛ばす	ナグリトバス
殴る	ナグル
殴打	オウダ
殴殺	オウサツ
段々畑	ダンダンバタケ
段だら	ダンダラ
段どり	ダンドリ
段ボール	ダンボール
段丘	ダンキュウ
段位	ダンイ
段別	タンベツ
段収	タンシュウ
段取り	ダンドリ
段差	ダンサ
段幕	ダンマク
段平	ダンビラ
段歩	タンブ
段段畑	ダンダンバタケ
段組	ダングミ
段組み	ダングミ
段菊	ダンギク
段落	ダンラク
段葛	ダンカズラ
段通	ダンツウ
段違い	ダンチガイ
段階的	ダンカイテキ
段鼻	ダンバナ
殷々	インイン
殷殷	インイン
殷盛	インセイ
殷賑	インシン
殷鑑	インカン
殺ぎ落とす	ソギオトス
殺ぐ	ソグ
殺げる	ソゲル
殺しあう	コロシアウ
殺し屋	コロシヤ
殺し文句	コロシモンク
殺める	アヤメル
殺りく	サツリク
殺る	ヤル
殺人	サツジン
殺人犯	サツジンハン
殺人的	サツジンテキ
殺人罪	サツジンザイ
殺人者	サツジンシャ
殺人鬼	サツジンキ
殺伐	サツバツ
殺傷	サッショウ
殺到	サットウ
殺意	サツイ
殺戮	サツリク
殺気	サッキ
殺法	サッポウ
殺生	セッショウ
殺菌	サッキン
殺菌剤	サッキンザイ
殺菌灯	サッキントウ
殺虫	サッチュウ
殺虫剤	サッチュウザイ
殺陣師	タテシ
殺風景	サップウケイ
殺鼠剤	サッソザイ
殻斗	カクト
殻頂	カクチョウ
殿上	テンジョウ
殿上人	テンジョウビト
殿中	デンチュウ
殿原	トノバラ
殿堂	デンドウ
殿宇	デンウ
殿様	トノサマ
殿様芸	トノサマゲイ
殿様蛙	トノサマガエル
殿筋	デンキン
殿粉	デンプン
殿舎	デンシャ
殿軍	デングン
殿部	デンブ
殿閣	デンカク
毀す	コワス
毀傷	キショウ
毀壊	キカイ
毀損	キソン
毀棄	キキ
毀誉	キヨ
毅然	キゼン
母さま	カアサマ
母の日	ハハノヒ
母ザル	ハハザル
母乳	ボニュウ
母体	ボタイ
母印	ボイン
母国	ボコク
母国語	ボコクゴ
母型	ボケイ
母堂	ボドウ
母子健康手帳	ボシケンコウテチョウ
母子手帳	ボシテチョウ
母子草	ハハコグサ
母家	オモヤ
母岩	ボガン
母性	ボセイ
母性愛	ボセイアイ
母性的	ボセイテキ
母指	ボシ
母数	ボスウ
母斑	ボハン
母方	ハハカタ
母星	ボセイ
母材	ボザイ
母校	ボコウ
母様	カアサマ
母権	ボケン
母樹	ボジュ
母港	ボコウ
母熊	ハハグマ
母物	ハハモノ
母猿	ハハザル
母系	ボケイ
母系制	ボケイセイ
母線	ボセン
母胎	ボタイ
母船	ボセン
母艦	ボカン
母衣	ホロ
母親	ハハオヤ
母語	ボゴ
母貝	ボガイ
母趾	ボシ
母集団	ボシュウダン
母鳥	ハハドリ
毎々	マイマイ
毎トー	マイトー
毎冬	マイフユ
毎分	マイフン
毎号	マイゴウ
毎回	マイカイ
毎夕	マイユウ
毎度	マイド
毎日	マイニチ
毎時	マイジ
毎晩	マイバン
毎期	マイキ
毎次	マイジ
毎毎	マイマイ
毎秒	マイビョウ
毎週	マイシュウ
毎食	マイショク
毒々しい	ドクドクシイ
毒する	ドクスル
毒づく	ドクヅク
毒よけ	ドクヨケ
毒ガス	ドクガス
毒人参	ドクニンジン
毒入り	ドクイリ
毒刃	ドクジン
毒味	ドクミ
毒婦	ドクフ
毒害	ドクガイ
毒性	ドクセイ
毒性学	ドクセイガク
毒手	ドクシュ
毒杯	ドクハイ
毒殺	ドクサツ
毒毒しい	ドクドクシイ
毒液	ドクエキ
毒牙	ドクガ
毒物	ドクブツ
毒物学	ドクブツガク
毒男	ドクオ
毒矢	ドクヤ
毒空木	ドクウツギ
毒突く	ドクヅク
毒筆	ドクヒツ
毒素	ドクソ
毒腺	ドクセン
毒舌	ドクゼツ
毒芹	ドクゼリ
毒草	ドクソウ
毒薬	ドクヤク
毒虫	ドクムシ
毒蛾	ドクガ
毒見	ドクミ
毒親	ドクオヤ
毒除け	ドクヨケ
毒霧	ドクギリ
毒餌	ドクエ
毒魚	ドクギョ
毒麦	ドクムギ
比々	ヒヒ
比する	ヒスル
比べ	クラベ
比べもの	クラベモノ
比べる	クラベル
比べ物	クラベモノ
比丘	ビク
比丘尼	ビクニ
比例代表制	ヒレイダイヒョウセイ
比例区	ヒレイク
比例式	ヒレイシキ
比価	ヒカ
比倫	ヒリン
比喩	ヒユ
比喩的	ヒユテキ
比売知	ヒメジ
比定	ヒテイ
比推力	ヒスイリョク
比比	ヒヒ
比況	ヒキョウ
比熱	ヒネツ
比率	ヒリツ
比翼	ヒヨク
比翼塚	ヒヨクヅカ
比翼連理	ヒヨクレンリ
比肩	ヒケン
比色	ヒショク
比色計	ヒショクケイ
比較	ヒカク
比較的	ヒカクテキ
比較級	ヒカクキュウ
比重	ヒジュウ
比重計	ヒジュウケイ
比隣	ヒリン
比電荷	ヒデンカ
比類	ヒルイ
比高	ヒコウ
毛あな	ケアナ
毛がに	ケガニ
毛がり	ケガリ
毛くず	ケクズ
毛じらみ	ケジラミ
毛せん	モウセン
毛だま	ケダマ
毛づくろい	ケヅクロイ
毛ばり	ケバリ
毛ぶかい	ケブカイ
毛むくじゃら	ケムクジャラ
毛ガニ	ケガニ
毛ジラミ	ケジラミ
毛並	ケナミ
毛並み	ケナミ
毛人	モウジン
毛先	ケサキ
毛刈り	ケガリ
毛包	モウホウ
毛唐	ケトウ
毛嚢	モウノウ
毛嚢炎	モウノウエン
毛嫌い	ケギライ
毛屑	ケクズ
毛布	モウフ
毛帯	モウタイ
毛彫	ケボリ
毛彫り	ケボリ
毛抜き	ケヌキ
毛束	ケタバ
毛染め	ケゾメ
毛根	モウコン
毛槍	ケヤリ
毛様体	モウヨウタイ
毛氈	モウセン
毛深い	ケブカイ
毛玉	ケダマ
毛穴	ケアナ
毛筆	モウヒツ
毛筋	ケスジ
毛管	モウカン
毛糸	ケイト
毛細管	モウサイカン
毛細血管	モウサイケッカン
毛織	ケオリ
毛織り	ケオリ
毛織物	ケオリモノ
毛繕い	ケヅクロイ
毛繻子	ケジュス
毛羽	ケバ
毛羽立つ	ケバダツ
毛脚	ケアシ
毛脛	ケズネ
毛臑	ケズネ
毛色	ケイロ
毛艶	ケヅヤ
毛虫	ケムシ
毛虱	ケジラミ
毛蚕	ケゴ
毛蟹	ケガニ
毛裏	ケウラ
毛見	ケミ
毛質	モウシツ
毛足	ケアシ
毛量	モウリョウ
毛針	ケバリ
毛鉤	ケバリ
毛頭	モウトウ
毛髪	モウハツ
毛黴	ケカビ
毟り取る	ムシリトル
毟る	ムシル
毫も	ゴウモ
毫末	ゴウマツ
毬栗	イガグリ
毬栗頭	イガグリアタマ
毬藻	マリモ
氏名権	シメイケン
氏子	ウジコ
氏寺	ウジデラ
氏族	シゾク
氏神	ウジガミ
氏素姓	ウジスジョウ
氏素性	ウジスジョウ
民主	ミンシュ
民主主義	ミンシュシュギ
民主主義者	ミンシュシュギシャ
民主制	ミンシュセイ
民主化	ミンシュカ
民主的	ミンシュテキ
民事	ミンジ
民事訴訟法	ミンジソショウホウ
民人	ミンジン
民俗	ミンゾク
民俗学	ミンゾクガク
民兵	ミンペイ
民具	ミング
民利	ミンリ
民力	ミンリョク
民営	ミンエイ
民営化	ミンエイカ
民営鉄道	ミンエイテツドウ
民団	ミンダン
民国	ミンコク
民地	ミンチ
民報	ミンポウ
民家	ミンカ
民宿	ミンシュク
民居	ミンキョ
民屋	ミンオク
民工	ミンコウ
民度	ミンド
民心	ミンシン
民情	ミンジョウ
民意	ミンイ
民戸	ミンコ
民放	ミンポウ
民政	ミンセイ
民族	ミンゾク
民族主義	ミンゾクシュギ
民族主義者	ミンゾクシュギシャ
民族学	ミンゾクガク
民族性	ミンゾクセイ
民族的	ミンゾクテキ
民族誌	ミンゾクシ
民族音楽	ミンゾクオンガク
民暴	ミンボウ
民有	ミンユウ
民有地	ミンユウチ
民望	ミンボウ
民本主義	ミンポンシュギ
民業	ミンギョウ
民権	ミンケン
民泊	ミンパク
民法	ミンポウ
民生	ミンセイ
民生委員	ミンセイイイン
民生用	ミンセイヨウ
民画	ミンガ
民福	ミンプク
民芸	ミンゲイ
民芸品	ミンゲイヒン
民衆	ミンシュウ
民訴	ミンソ
民話	ミンワ
民論	ミンロン
民謡	ミンヨウ
民踊	ミンヨウ
民選	ミンセン
民鉄	ミンテツ
民間	ミンカン
民間人	ミンカンジン
民間伝承	ミンカンデンショウ
民間機	ミンカンキ
民間薬	ミンカンヤク
民間防衛	ミンカンボウエイ
民需	ミンジュ
民青	ミンセイ
気おくれ	キオクレ
気おされる	ケオサレル
気がかり	キガカリ
気がね	キガネ
気さく	キサク
気ぜわしい	キゼワシイ
気だて	キダテ
気だるい	ケダルイ
気っぷ	キップ
気っ風	キップ
気つけ	キツケ
気づかい	キヅカイ
気づかう	キヅカウ
気づかわしい	キヅカワシイ
気づき	キヅキ
気づまり	キヅマリ
気のどく	キノドク
気の毒	キノドク
気の病	キノヤマイ
気ばらし	キバラシ
気まぐれ	キマグレ
気まずい	キマズイ
気まま	キママ
気むずかしい	キムズカシイ
気丈	キジョウ
気乗り	キノリ
気付き	キヅキ
気任せ	キマカセ
気休め	キヤスメ
気位	キグライ
気体	キタイ
気侭	キママ
気候	キコウ
気候学	キコウガク
気候帯	キコウタイ
気働き	キバタラキ
気儘	キママ
気兼ね	キガネ
気分	キブン
気分屋	キブンヤ
気分転換	キブンテンカン
気前	キマエ
気力	キリョク
気功	キコウ
気功師	キコウシ
気動車	キドウシャ
気勢	キセイ
気化	キカ
気化器	キカキ
気化熱	キカネツ
気受け	キウケ
気合	キアイ
気合い	キアイ
気品	キヒン
気嚢	キノウ
気団	キダン
気圏	キケン
気圧	キアツ
気圧される	ケオサレル
気圧計	キアツケイ
気変わり	キガワリ
気孔	キコウ
気宇	キウ
気密	キミツ
気密性	キミツセイ
気導	キドウ
気層	キソウ
気嵩	キガサ
気弱	キヨワ
気弱い	キヨワイ
気張る	キバル
気強い	キヅヨイ
気後れ	キオクレ
気心	キゴコロ
気忙しい	キゼワシイ
気性	キショウ
気恥かしい	キハズカシイ
気恥しい	キハズカシイ
気恥ずかしい	キハズカシイ
気息	キソク
気息奄奄	キソクエンエン
気慰み	キナグサミ
気懸り	キガカリ
気抜け	キヌケ
気持	キモチ
気持ち	キモチ
気振り	ケブリ
気掛かり	キガカリ
気掛り	キガカリ
気散じ	キサンジ
気早	キバヤ
気晴し	キバラシ
気晴らし	キバラシ
気柱	キチュウ
気根	キコン
気楽	キラク
気概	キガイ
気構え	キガマエ
気構える	キガマエル
気欝	キウツ
気死	キシ
気泡	キホウ
気流	キリュウ
気海	キカイ
気温	キオン
気炎	キエン
気焔	キエン
気焰	キエン
気球	キキュウ
気疲れ	キヅカレ
気相	キソウ
気短	キミジカ
気短か	キミジカ
気移り	キウツリ
気立て	キダテ
気筒	キトウ
気管	キカン
気管支	キカンシ
気管支炎	キカンシエン
気紛れ	キマグレ
気組み	キグミ
気絶	キゼツ
気胞	キホウ
気胸	キキョウ
気脈	キミャク
気腫	キシュ
気苦労	キグロウ
気落ち	キオチ
気褄	キヅマ
気触れ	カブレ
気触れる	カブレル
気詰まり	キヅマリ
気詰り	キヅマリ
気象	キショウ
気象予報	キショウヨホウ
気象予報士	キショウヨホウシ
気象台	キショウダイ
気象学	キショウガク
気象庁	キショウチョウ
気象衛星	キショウエイセイ
気負い	キオイ
気負い立つ	キオイタツ
気負う	キオウ
気転	キテン
気軽	キガル
気迫	キハク
気迷い	キマヨイ
気送管	キソウカン
気運	キウン
気道	キドウ
気違い水	キチガイミズ
気遣い	キヅカイ
気遣わしい	キヅカワシイ
気配り	キクバリ
気重	キオモ
気量	キリョウ
気鋭	キエイ
気長	キナガ
気門	キモン
気閘	キコウ
気附	キヅケ
気随	キズイ
気障	キザ
気障り	キザワリ
気難しい	キムズカシイ
気音	キオン
気韻	キイン
気高い	ケダカイ
気鬱	キウツ
気魄	キハク
氣功	キコウ
氣持ち	キモチ
水々しい	ミズミズシイ
水あか	ミズアカ
水あげ	ミズアゲ
水あたり	ミズアタリ
水あび	ミズアビ
水あめ	ミズアメ
水いぼ	ミズイボ
水おけ	ミズオケ
水かき	ミズカキ
水かさ	ミズカサ
水がめ	ミズガメ
水がれ	ミズガレ
水きり	ミズキリ
水くさい	ミズクサイ
水くみ	ミズクミ
水け	ミズケ
水こぼし	ミズコボシ
水ごり	ミズゴリ
水しぶき	ミズシブキ
水すまし	ミズスマシ
水たき	ミズタキ
水たまり	ミズタマリ
水っぱな	ミズッパナ
水っ洟	ミズッパナ
水と油	ミズトアブラ
水なす	ミズナス
水の手	ミズノテ
水の泡	ミズノアワ
水はけ	ミズハケ
水びたし	ミズビタシ
水ぶくれ	ミズブクレ
水ぼうそう	ミズボウソウ
水まき	ミズマキ
水まわり	ミズマワリ
水やり	ミズヤリ
水ようかん	ミズヨウカン
水グモ	ミズグモ
水ゴケ	ミズゴケ
水上機	スイジョウキ
水不足	ミズブソク
水中	スイチュウ
水中り	ミズアタリ
水中翼	スイチュウヨク
水中翼船	スイチュウヨクセン
水争い	ミズアラソイ
水仕	ミズシ
水仕事	ミズシゴト
水位	スイイ
水位計	スイイケイ
水俣病	ミナマタビョウ
水先	ミズサキ
水先案内	ミズサキアンナイ
水先案内人	ミズサキアンナイニン
水入り	ミズイリ
水入れ	ミズイレ
水兵	スイヘイ
水兵服	スイヘイフク
水冷	スイレイ
水出し	ミズダシ
水分	スイブン
水切り	ミズキリ
水利	スイリ
水利権	スイリケン
水制	スイセイ
水割り	ミズワリ
水力	スイリョク
水加減	ミズカゲン
水勢	スイセイ
水向日葵	ミズヒマワリ
水呑み	ミズノミ
水周り	ミズマワリ
水和	スイワ
水和物	スイワブツ
水商売	ミズショウバイ
水嚢	スイノウ
水回り	ミズマワリ
水団	スイトン
水圏	スイケン
水圧	スイアツ
水圧機	スイアツキ
水垢	ミズアカ
水垢離	ミズゴリ
水域	スイイキ
水場	ミズバ
水塊	スイカイ
水増し	ミズマシ
水墨	スイボク
水墨画	スイボクガ
水声	スイセイ
水天	スイテン
水太り	ミズブトリ
水害	スイガイ
水密	スイミツ
水屋	ミズヤ
水嵩	ミズカサ
水差	ミズサシ
水差し	ミズサシ
水平	スイヘイ
水平器	スイヘイキ
水平線	スイヘイセン
水平面	スイヘイメン
水引	ミズヒキ
水引き	ミズヒキ
水張り	ミズバリ
水彩	スイサイ
水彩画	スイサイガ
水性塗料	スイセイトリョウ
水戻し	ミズモドシ
水抜き	ミズヌキ
水拭き	ミズブキ
水指	ミズサシ
水捌け	ミズハケ
水掛け論	ミズカケロン
水掛論	ミズカケロン
水掻き	ミズカキ
水揚げ	ミズアゲ
水換え	ミズカエ
水搔き	ミズカキ
水撒き	ミズマキ
水攻め	ミズゼメ
水文	スイモン
水文学	スイモンガク
水族	スイゾク
水明	スイメイ
水明かり	ミズアカリ
水明り	ミズアカリ
水時計	ミズドケイ
水晶体	スイショウタイ
水晶婚式	スイショウコンシキ
水曜	スイヨウ
水曜日	スイヨウビ
水月	スイゲツ
水杯	ミズサカズキ
水枕	ミズマクラ
水枯れ	ミズガレ
水栓	スイセン
水栽培	ミズサイバイ
水桶	ミズオケ
水棲	スイセイ
水楢	ミズナラ
水様	スイヨウ
水様液	スイヨウエキ
水槽	スイソウ
水樽	ミズダル
水死	スイシ
水死体	スイシタイ
水毒	スイドク
水水母	ミズクラゲ
水汲み	ミズクミ
水没	スイボツ
水油	ミズアブラ
水注ぎ	ミズツギ
水泳	スイエイ
水泳帽	スイエイボウ
水泳部	スイエイブ
水洗	スイセン
水洗い	ミズアライ
水流	スイリュウ
水浴	スイヨク
水浴び	ミズアビ
水浸し	ミズビタシ
水涯	スイガイ
水涸れ	ミズガレ
水深	スイシン
水添	スイテン
水温	スイオン
水温計	スイオンケイ
水源	スイゲン
水源地	スイゲンチ
水準	スイジュン
水準器	スイジュンキ
水準点	スイジュンテン
水溜	ミズタマリ
水溜まり	ミズタマリ
水溜り	ミズタマリ
水溶性	スイヨウセイ
水溶液	スイヨウエキ
水滴	スイテキ
水漉し	ミズコシ
水漏れ	ミズモレ
水澄し	ミズスマシ
水澄まし	ミズスマシ
水濠	スイゴウ
水濡れ	ミズヌレ
水火	スイカ
水災	スイサイ
水煮	ミズニ
水爆	スイバク
水爬虫	タガメ
水牛	スイギュウ
水牢	ミズロウ
水物	ミズモノ
水玉	ミズタマ
水玉模様	ミズタマモヨウ
水球	スイキュウ
水理	スイリ
水理学	スイリガク
水琴窟	スイキンクツ
水瓜	スイカ
水瓶座	ミズガメザ
水甕	ミズガメ
水生	スイセイ
水産	スイサン
水産学	スイサンガク
水産学部	スイサンガクブ
水産庁	スイサンチョウ
水産業	スイサンギョウ
水産物	スイサンブツ
水界	スイカイ
水疣	ミズイボ
水疱	スイホウ
水疱瘡	ミズボウソウ
水痘	スイトウ
水白粉	ミズオシロイ
水盃	ミズサカズキ
水盛り	ミズモリ
水盤	スイバン
水着	ミズギ
水石	スイセキ
水碓	ミズウス
水神	スイジン
水禍	スイカ
水禽	スイキン
水秤	ミズバカリ
水稲	スイトウ
水筒	スイトウ
水管	スイカン
水管系	スイカンケイ
水糸	ミズイト
水系	スイケイ
水素	スイソ
水素化	スイソカ
水素水	スイソスイ
水絵	ミズエ
水線	スイセン
水練	スイレン
水羊羹	ミズヨウカン
水耕	スイコウ
水耕法	スイコウホウ
水脹れ	ミズブクレ
水腎症	スイジンショウ
水腐れ	ミズクサレ
水腫	スイシュ
水腹	ミズバラ
水膨れ	ミズブクレ
水臭い	ミズクサイ
水船	ミズブネ
水芭蕉	ミズバショウ
水芸	ミズゲイ
水苔	ミズゴケ
水菓子	ミズガシ
水菜	ミズナ
水落ち	ミズオチ
水葬	スイソウ
水葵	ミズアオイ
水蒸気	スイジョウキ
水蓮	スイレン
水蘚	ミズゴケ
水虫	ミズムシ
水蛇座	ミズヘビザ
水蛸	ミズダコ
水蜘蛛	ミズグモ
水蜜	スイミツ
水蜻蛉	ミズトンボ
水蝋	イボタ
水蝕	スイショク
水貝	ミズガイ
水責め	ミズゼメ
水資源	ミズシゲン
水質	スイシツ
水路	スイロ
水路橋	スイロキョウ
水軍	スイグン
水遁	スイトン
水遊び	ミズアソビ
水運	スイウン
水道代	スイドウダイ
水道光熱費	スイドウコウネツヒ
水道料	スイドウリョウ
水道料金	スイドウリョウキン
水道業	スイドウギョウ
水道水	スイドウスイ
水遣り	ミズヤリ
水都	スイト
水酸化	スイサンカ
水酸化物	スイサンカブツ
水酸基	スイサンキ
水量	スイリョウ
水量計	スイリョウケイ
水鉄砲	ミズデッポウ
水鉛	スイエン
水銀	スイギン
水銀剤	スイギンザイ
水銀柱	スイギンチュウ
水銀灯	スイギントウ
水鏡	ミズカガミ
水門	スイモン
水防	スイボウ
水陸	スイリク
水難	スイナン
水雲	モズク
水雷艇	スイライテイ
水音	ミズオト
水頭	スイトウ
水頭症	スイトウショウ
水飛沫	ミズシブキ
水食	スイショク
水飲み	ミズノミ
水飴	ミズアメ
水餃子	スイギョーザ
水餅	ミズモチ
水魔	スイマ
水鶏	クイナ
水黴	ミズカビ
氷おに	コオリオニ
氷のう	ヒョウノウ
氷る	コオル
氷上	ヒョウジョウ
氷丘	ヒョウキュウ
氷人	ヒョウジン
氷像	ヒョウゾウ
氷冠	ヒョウカン
氷原	ヒョウゲン
氷塊	ヒョウカイ
氷塔	ヒョウトウ
氷壁	ヒョウヘキ
氷小豆	コオリアズキ
氷山	ヒョウザン
氷島	ヒョウトウ
氷床	ヒョウショウ
氷晶	ヒョウショウ
氷晶石	ヒョウショウセキ
氷期	ヒョウキ
氷棚	ヒョウホウ
氷河	ヒョウガ
氷河期	ヒョウガキ
氷河湖	ヒョウガコ
氷海	ヒョウカイ
氷温	ヒョウオン
氷滑り	コオリスベリ
氷瀑	ヒョウバク
氷炭	ヒョウタン
氷点	ヒョウテン
氷点下	ヒョウテンカ
氷片	ヒョウヘン
氷球	ヒョウキュウ
氷盤	ヒョウバン
氷砂糖	コオリザトウ
氷箱	コオリバコ
氷結	ヒョウケツ
氷菓	ヒョウカ
氷菓子	コオリガシ
氷袋	コオリブクロ
氷解	ヒョウカイ
氷詰め	コオリヅメ
氷釈	ヒョウシャク
氷雨	ヒサメ
氷雪	ヒョウセツ
氷霰	コオリアラレ
氷面	ヒョウメン
氷頭	ヒズ
氷食	ヒョウショク
氷鬼	コオリオニ
氷鴨	コオリガモ
永き	ナガキ
永らえる	ナガラエル
永らく	ナガラク
永世	エイセイ
永久就職	エイキュウシュウショク
永久歯	エイキュウシ
永代	エイタイ
永住	エイジュウ
永住権	エイジュウケン
永住者	エイジュウシャ
永別	エイベツ
永劫	エイゴウ
永牢	エイロウ
永生	エイセイ
永眠	エイミン
永続	エイゾク
永続き	ナガツヅキ
永訣	エイケツ
永逝	エイセイ
氾濫	ハンラン
汁け	シルケ
汁だく	ツユダク
汁わん	シルワン
汁椀	シルワン
汁気	シルケ
汁液	ジュウエキ
汁物	シルモノ
求まる	モトマル
求むる	モトムル
求める	モトメル
求人	キュウジン
求人倍率	キュウジンバイリツ
求人広告	キュウジンコウコク
求人情報	キュウジンジョウホウ
求償	キュウショウ
求刑	キュウケイ
求婚	キュウコン
求心	キュウシン
求心力	キュウシンリョク
求愛	キュウアイ
求知心	キュウチシン
求積	キュウセキ
求縁	キュウエン
求職	キュウショク
求職者	キュウショクシャ
求肥	ギュウヒ
汎化	ハンカ
汎愛	ハンアイ
汎用	ハンヨウ
汎用コンピューター	ハンヨウコンピューター
汎用性	ハンヨウセイ
汎用機	ハンヨウキ
汎用的	ハンヨウテキ
汎発	ハンパツ
汎神論	ハンシンロン
汎称	ハンショウ
汎論	ハンロン
汎関数	ハンカンスウ
汐合	シオアイ
汐時	シオドキ
汐汲み	シオクミ
汗かき	アセカキ
汗だく	アセダク
汗っかき	アセッカキ
汗まみれ	アセマミレ
汗みずく	アセミズク
汗みどろ	アセミドロ
汗ジミ	アセジミ
汗取り	アセトリ
汗塗れ	アセマミレ
汗拭き	アセフキ
汗染みる	アセジミル
汗止め	アセドメ
汗水	アセミズ
汗疣	アセモ
汗疱	カンポウ
汗知らず	アセシラズ
汗腺	カンセン
汗臭い	アセクサイ
汗血	カンケツ
汗血馬	カンケツバ
汗顔	カンガン
汗馬	カンバ
汚らしい	キタナラシイ
汚らわしい	ケガラワシイ
汚れもの	ヨゴレモノ
汚れ仕事	ヨゴレシゴト
汚れ役	ヨゴレヤク
汚れ物	ヨゴレモノ
汚れ落とし	ヨゴレオトシ
汚名	オメイ
汚吏	オリ
汚損	オソン
汚染	オセン
汚染水	オセンスイ
汚水	オスイ
汚泥	オデイ
汚涜	オトク
汚液	オエキ
汚点	オテン
汚物	オブツ
汚職	オショク
汚臭	オシュウ
汚行	オコウ
汚辱	オジョク
江上	コウジョウ
江山	コウザン
江戸っ児	エドッコ
江戸っ子	エドッコ
江戸前	エドマエ
江戸紫	エドムラサキ
池亭	チテイ
池塘	チトウ
池水	チスイ
池沼	チショウ
池泉	チセン
池畔	チハン
池蝶貝	イケチョウガイ
汪々	オウオウ
汲々	キュウキュウ
汲みこむ	クミコム
汲みだす	クミダス
汲みとる	クミトル
汲み上げる	クミアゲル
汲み入れる	クミイレル
汲み出す	クミダス
汲み分ける	クミワケル
汲み取り	クミトリ
汲み取る	クミトル
汲み干す	クミホス
汲み立て	クミタテ
汲み置き	クミオキ
汲み込む	クミコム
汲む	クム
汲上げる	クミアゲル
汲出す	クミダス
汲取り	クミトリ
汲取る	クミトル
汲干す	クミホス
汲汲	キュウキュウ
汲置き	クミオキ
決す	ケッス
決する	ケッスル
決まり	キマリ
決まりごと	キマリゴト
決まり事	キマリゴト
決まり手	キマリテ
決まり文句	キマリモンク
決まる	キマル
決めこむ	キメコム
決めつける	キメツケル
決める	キメル
決めゼリフ	キメゼリフ
決め付ける	キメツケル
決め出し	キメダシ
決め台詞	キメゼリフ
決め所	キメドコロ
決め手	キメテ
決め打ち	キメウチ
決め球	キメダマ
決め込む	キメコム
決め顔	キメガオ
決り	キマリ
決り手	キマリテ
決別	ケツベツ
決勝	ケッショウ
決勝戦	ケッショウセン
決勝点	ケッショウテン
決壊	ケッカイ
決定	ケッテイ
決定力	ケッテイリョク
決定戦	ケッテイセン
決定権	ケッテイケン
決定版	ケッテイバン
決定的	ケッテイテキ
決定論	ケッテイロン
決心	ケッシン
決意	ケツイ
決戦	ケッセン
決断	ケツダン
決断力	ケツダンリョク
決死	ケッシ
決死隊	ケッシタイ
決河	ケッカ
決済	ケッサイ
決済方法	ケッサイホウホウ
決潰	ケッカイ
決然	ケツゼン
決着	ケッチャク
決算	ケッサン
決算日	ケッサンビ
決算書	ケッサンショ
決算期	ケッサンキ
決算賞与	ケッサンショウヨ
決行	ケッコウ
決裁	ケッサイ
決裂	ケツレツ
決議	ケツギ
決議文	ケツギブン
決議案	ケツギアン
決起	ケッキ
決込む	キメコム
決選	ケッセン
決選投票	ケッセントウヒョウ
決闘	ケットウ
汽力	キリョク
汽圧	キアツ
汽水	キスイ
汽水湖	キスイコ
汽笛	キテキ
汽缶	キカン
汽船	キセン
汽艇	キテイ
汽鑵	キカン
沁みる	シミル
沁み入る	シミイル
沁み沁み	シミジミ
沁み透る	シミトオル
沃化	ヨウカ
沃土	ヨクド
沃地	ヨクチ
沃度チンキ	ヨードチンキ
沃素	ヨウソ
沃野	ヨクヤ
沈みこむ	シズミコム
沈み込む	シズミコム
沈む	シズム
沈め	シズメ
沈める	シズメル
沈下	チンカ
沈下橋	チンカバシ
沈勇	チンユウ
沈吟	チンギン
沈思	チンシ
沈殿	チンデン
沈殿剤	チンデンザイ
沈没	チンボツ
沈没船	チンボツセン
沈泥	チンデイ
沈淪	チンリン
沈渣	チンサ
沈溺	チンデキ
沈滞	チンタイ
沈潜	チンセン
沈澱	チンデン
沈痛	チンツウ
沈着	チンチャク
沈積	チンセキ
沈積岩	チンセキガン
沈船	チンセン
沈酔	チンスイ
沈金	チンキン
沈降	チンコウ
沈静	チンセイ
沈鬱	チンウツ
沐浴	モクヨク
沐猴	モッコウ
沒落	ボツラク
沓脱ぎ	クツヌギ
沖する	チュウスル
沖アミ	オキアミ
沖スロ	オキスロ
沖仲仕	オキナカシ
沖合	オキアイ
沖合い	オキアイ
沖天	チュウテン
沖波	オキナミ
沖積	チュウセキ
沖積世	チュウセキセイ
沖積層	チュウセキソウ
沖縄学	オキナワガク
沖縄戦	オキナワセン
沖醤蝦	オキアミ
沖釣	オキヅリ
沖釣り	オキヅリ
沙漠	サバク
沙蚕	ゴカイ
沙魚	ハゼ
沛然	ハイゼン
没する	ボッスル
没入	ボツニュウ
没前	ボツゼン
没収	ボッシュウ
没取	ボッシュ
没年	ボツネン
没後	ボツゴ
没我	ボツガ
没書	ボッショ
没落	ボツラク
没薬	モツヤク
没頭	ボットウ
沢がに	サワガニ
沢ガニ	サワガニ
沢水	サワミズ
沢瀉	オモダカ
沢登り	サワノボリ
沢筋	サワスジ
沢胡桃	サワグルミ
沢蟹	サワガニ
沪紙	ロシ
沪過	ロカ
沫雪	アワユキ
沮む	ハバム
沮喪	ソソウ
沮止	ソシ
河原者	カワラモノ
河原鳩	カワラバト
河口港	カコウコウ
河川	カセン
河川法	カセンホウ
河幅	カワハバ
河明かり	カワアカリ
河明り	カワアカリ
河水	カスイ
河流	カリュウ
河海豚	カワイルカ
河清	カセイ
河港	カコウ
河畔	カハン
河神	カシン
河童巻	カッパマキ
河童巻き	カッパマキ
河竹	カワタケ
河系	カケイ
河谷	カコク
河道	カドウ
河風	カワカゼ
河馬	カバ
河鵜	カワウ
河鹿	カジカ
河鹿蛙	カジカガエル
沸々	フツフツ
沸かし湯	ワカシユ
沸かす	ワカス
沸き	ワキ
沸きあがる	ワキアガル
沸きかえる	ワキカエル
沸き上がる	ワキアガル
沸き上る	ワキアガル
沸き出す	ワキダス
沸き出る	ワキデル
沸き立つ	ワキタツ
沸き起こる	ワキオコル
沸き起る	ワキオコル
沸き返る	ワキカエル
沸く	ワク
沸上がる	ワキアガル
沸沸	フツフツ
沸点	フッテン
沸石	フッセキ
沸騰	フットウ
油いため	アブライタメ
油かす	アブラカス
油ぎる	アブラギル
油こし	アブラコシ
油さし	アブラサシ
油そば	アブラソバ
油っこい	アブラッコイ
油ならし	アブラナラシ
油に水	アブラニミズ
油もの	アブラモノ
油井	ユセイ
油分	ユブン
油剤	ユザイ
油化	ユカ
油単	ユタン
油圧	ユアツ
油圧計	ユアツケイ
油売り	アブラウリ
油壺	アブラツボ
油子	アブラコ
油屋	アブラヤ
油層	ユソウ
油差し	アブラサシ
油座	アブラザ
油彩	ユサイ
油性	ユセイ
油性塗料	ユセイトリョウ
油慣らし	アブラナラシ
油抜き	アブラヌキ
油断	ユダン
油染みる	アブラジミル
油桐	アブラギリ
油椰子	アブラヤシ
油槽	ユソウ
油気	アブラケ
油汗	アブラアセ
油汚れ	アブラヨゴレ
油淋鶏	ユーリンチー
油溶性	ユヨウセイ
油滴	ユテキ
油漉し	アブラコシ
油漏れ	アブラモレ
油濁	ユダク
油火	アブラビ
油炒め	アブライタメ
油烟	ユエン
油煙	ユエン
油照り	アブラデリ
油物	アブラモノ
油状	ユジョウ
油田	ユデン
油画	アブラエ
油症	ユショウ
油砂	ユサ
油砥石	アブラトイシ
油粕	アブラカス
油粘土	アブラネンド
油糟	アブラカス
油糧	ユリョウ
油絵	アブラエ
油絵の具	アブラエノグ
油絵具	アブラエノグ
油脂	ユシ
油膜	ユマク
油菜	アブラナ
油菜科	アブラナカ
油蕎麦	アブラソバ
油薬	アブラグスリ
油虫	アブラムシ
油蝉	アブラゼミ
油蝙蝠	アブラコウモリ
油蟹	アブラガニ
油角鮫	アブラツノザメ
油送船	ユソウセン
油障子	アブラショウジ
油頁岩	ユケツガン
油魚	アブラメ
油鮠	アブラハヤ
治まり	オサマリ
治まる	オサマル
治める	オサメル
治りかける	ナオリカケル
治り掛ける	ナオリカケル
治下	チカ
治乱	チラン
治具	ジグ
治効	チコウ
治国	チコク
治外法権	チガイホウケン
治山	チサン
治工具	ジコウグ
治水	チスイ
治産	チサン
治略	チリャク
治病	チビョウ
治療代	チリョウダイ
治療効果	チリョウコウカ
治療薬	チリョウヤク
治療費	チリョウヒ
治療食	チリョウショク
治癒	チユ
治績	チセキ
治者	チシャ
治部煮	ジブニ
治験	チケン
治験薬	チケンヤク
沼気	ショウキ
沼沢	ショウタク
沼海老	ヌマエビ
沼田鰻	ヌタウナギ
沼鰐	ヌマワニ
沿う	ソウ
沿岸	エンガン
沿岸水	エンガンスイ
沿岸流	エンガンリュウ
沿海	エンカイ
沿線	エンセン
沿路	エンロ
沿道	エンドウ
沿革	エンカク
況して	マシテ
況や	イワンヤ
況んや	イワンヤ
泉下	センカ
泉水	センスイ
泉石	センセキ
泉貨	センカ
泉貨紙	センカシ
泉質	センシツ
泊まりがけ	トマリガケ
泊まり掛け	トマリガケ
泊まり番	トマリバン
泊まり込み	トマリコミ
泊まり込む	トマリコム
泊まる	トマル
泊める	トメル
泊りがけ	トマリガケ
泊り客	トマリキャク
泊り掛け	トマリガケ
泊り賃	トマリチン
泊り込み	トマリコミ
泊り込む	トマリコム
泊る	トマル
泊地	ハクチ
泌みる	シミル
泌尿器科	ヒニョウキカ
泌尿器科医	ヒニョウキカイ
法る	ノットル
法事	ホウジ
法人	ホウジン
法人化	ホウジンカ
法人名	ホウジンメイ
法人格	ホウジンカク
法人番号	ホウジンバンゴウ
法人税	ホウジンゼイ
法令	ホウレイ
法令遵守	ホウレイジュンシュ
法令順守	ホウレイジュンシュ
法会	ホウエ
法体系	ホウタイケイ
法例	ホウレイ
法具	ホウグ
法典	ホウテン
法制	ホウセイ
法制史	ホウセイシ
法制局	ホウセイキョク
法制度	ホウセイド
法則	ホウソク
法則性	ホウソクセイ
法務	ホウム
法務官	ホウムカン
法務局	ホウムキョク
法務省	ホウムショウ
法務部	ホウムブ
法医	ホウイ
法医学	ホウイガク
法印	ホウイン
法号	ホウゴウ
法名	ホウミョウ
法哲学	ホウテツガク
法域	ホウイキ
法外	ホウガイ
法学者	ホウガクシャ
法学部	ホウガクブ
法官	ホウカン
法定	ホウテイ
法定代理人	ホウテイダイリニン
法定休日	ホウテイキュウジツ
法定伝染病	ホウテイデンセンビョウ
法定刑	ホウテイケイ
法家	ホウカ
法帖	ホウジョウ
法座	ホウザ
法廷	ホウテイ
法廷画	ホウテイガ
法式	ホウシキ
法律	ホウリツ
法律上	ホウリツジョウ
法律婚	ホウリツコン
法律学	ホウリツガク
法律家	ホウリツカ
法律案	ホウリツアン
法律的	ホウリツテキ
法律違反	ホウリツイハン
法悦	ホウエツ
法意	ホウイ
法改正	ホウカイセイ
法政	ホウセイ
法整備	ホウセイビ
法曹	ホウソウ
法曹界	ホウソウカイ
法服	ホウフク
法案	ホウアン
法楽	ホウラク
法治	ホウチ
法治国	ホウチコク
法源	ホウゲン
法灯	ホウトウ
法王	ホウオウ
法理	ホウリ
法的	ホウテキ
法皇	ホウオウ
法益	ホウエキ
法眼	ホウゲン
法科	ホウカ
法科学	ホウカガク
法秩序	ホウチツジョ
法統	ホウトウ
法網	ホウモウ
法線	ホウセン
法蓮草	ホウレンソウ
法蔵	ホウゾウ
法螺吹き	ホラフキ
法術	ホウジュツ
法被	ハッピ
法要	ホウヨウ
法規	ホウキ
法解釈	ホウカイシャク
法話	ホウワ
法語	ホウゴ
法談	ホウダン
法論	ホウロン
法諺	ホウゲン
法貨	ホウカ
法門	ホウモン
法院	ホウイン
法難	ホウナン
法面	ノリメン
法音	ホウオン
泛かぶ	ウカブ
泛かべる	ウカベル
泛ぶ	ウカブ
泛べる	ウカベル
泛子	ウキ
泛称	ハンショウ
泝る	サカノボル
泡々	アワアワ
泡だち	アワダチ
泡だつ	アワダツ
泡ぶく	アワブク
泡吹	アワブキ
泡姫	アワヒメ
泡盛	アワモリ
泡立ち	アワダチ
泡立つ	アワダツ
泡立器	アワダテキ
泡箱	アワバコ
泡銭	アブクゼニ
泡雪	アワユキ
泡風呂	アワブロ
波うつ	ナミウツ
波しぶき	ナミシブキ
波の花	ナミノハナ
波乗り	ナミノリ
波乱	ハラン
波力	ハリョク
波動	ハドウ
波動関数	ハドウカンスウ
波及	ハキュウ
波型	ナミガタ
波布	ハブ
波布茶	ハブチャ
波布草	ハブソウ
波戸	ハト
波戸場	ハトバ
波打ち際	ナミウチギワ
波打つ	ナミウツ
波打際	ナミウチギワ
波数	ハスウ
波束	ハソク
波板	ナミイタ
波枕	ナミマクラ
波止	ハト
波止場	ハトバ
波浪	ハロウ
波浪注意報	ハロウチュウイホウ
波濤	ハトウ
波瀾	ハラン
波状	ハジョウ
波磔	ハタク
波立つ	ナミダツ
波紋	ハモン
波蝕	ハショク
波路	ナミジ
波長	ハチョウ
波長計	ハチョウケイ
波除け	ナミヨケ
波面	ハメン
波音	ナミオト
波風	ナミカゼ
波飛沫	ナミシブキ
波食	ハショク
波高	ハコウ
泣かす	ナカス
泣かせ	ナカセ
泣き	ナキ
泣きおとす	ナキオトス
泣きさけぶ	ナキサケブ
泣きじゃくる	ナキジャクル
泣きっ面	ナキッツラ
泣きつく	ナキツク
泣きどころ	ナキドコロ
泣きぬれる	ナキヌレル
泣きはらす	ナキハラス
泣きべそ	ナキベソ
泣きぼくろ	ナキボクロ
泣きまね	ナキマネ
泣きやむ	ナキヤム
泣きわめく	ナキワメク
泣き上戸	ナキジョウゴ
泣き付く	ナキツク
泣き伏す	ナキフス
泣き入る	ナキイル
泣き別れ	ナキワカレ
泣き別れる	ナキワカレル
泣き叫ぶ	ナキサケブ
泣き噦る	ナキジャクル
泣き声	ナキゴエ
泣き寝入り	ナキネイリ
泣き崩れる	ナキクズレル
泣き悲しむ	ナキカナシム
泣き所	ナキドコロ
泣き明かす	ナキアカス
泣き明す	ナキアカス
泣き暮す	ナキクラス
泣き暮らす	ナキクラス
泣き止む	ナキヤム
泣き沈む	ナキシズム
泣き濡れる	ナキヌレル
泣き真似	ナキマネ
泣き立てる	ナキタテル
泣き笑い	ナキワライ
泣き縋る	ナキスガル
泣き腫らす	ナキハラス
泣き落し	ナキオトシ
泣き落とし	ナキオトシ
泣き落とす	ナキオトス
泣き虫	ナキムシ
泣き言	ナキゴト
泣き面	ナキツラ
泣き顔	ナキガオ
泣き黒子	ナキボクロ
泣く	ナク
泣く泣く	ナクナク
泣ける	ナケル
泣上戸	ナキジョウゴ
泣付く	ナキツク
泣伏す	ナキフス
泣別れ	ナキワカレ
泣叫ぶ	ナキサケブ
泣声	ナキゴエ
泣寝入り	ナキネイリ
泣崩れる	ナキクズレル
泣暮す	ナキクラス
泣沈む	ナキシズム
泣濡れる	ナキヌレル
泣腫らす	ナキハラス
泣落し	ナキオトシ
泣落とし	ナキオトシ
泣訴	キュウソ
泥々	ドロドロ
泥くさい	ドロクサイ
泥の木	ドロノキ
泥はね	ドロハネ
泥まみれ	ドロマミレ
泥む	ナズム
泥よけ	ドロヨケ
泥んこ	ドロンコ
泥んこ遊び	ドロンコアソビ
泥中	デイチュウ
泥亀	ドロガメ
泥仕合	ドロジアイ
泥団子	ドロダンゴ
泥土	デイド
泥塗れ	ドロマミレ
泥岩	デイガン
泥板岩	デイバンガン
泥柳	ドロヤナギ
泥棒猫	ドロボウネコ
泥沼化	ドロヌマカ
泥泥	ドロドロ
泥洹	ナイオン
泥流	デイリュウ
泥海	ドロウミ
泥深い	ドロブカイ
泥漿	デイショウ
泥濘む	ヌカルム
泥火山	デイカザン
泥炭地	デイタンチ
泥状	デイジョウ
泥田	ドロタ
泥目	ドロメ
泥絵の具	ドロエノグ
泥縄	ドロナワ
泥縄式	ドロナワシキ
泥臭い	ドロクサイ
泥船	ドロブネ
泥落とし	ドロオトシ
泥蜂	ドロバチ
泥試合	ドロジアイ
泥警	ドロケイ
泥足	ドロアシ
泥遊び	ドロアソビ
泥道	ドロミチ
泥酔	デイスイ
泥除け	ドロヨケ
泥障	アオリ
泥靴	ドログツ
泥鰌掬い	ドジョウスクイ
泥鰌汁	ドジョウジル
注ぎいれる	ソソギイレル
注ぎ入れる	ソソギイレル
注ぎ足し	ツギタシ
注ぎ足す	ツギタス
注する	チュウスル
注入	チュウニュウ
注力	チュウリョク
注射	チュウシャ
注射剤	チュウシャザイ
注射器	チュウシャキ
注意	チュウイ
注意事項	チュウイジコウ
注意力	チュウイリョク
注意喚起	チュウイカンキ
注意報	チュウイホウ
注意書き	チュウイガキ
注意点	チュウイテン
注文履歴	チュウモンリレキ
注文日	チュウモンビ
注文書	チュウモンショ
注文者	チュウモンシャ
注水	チュウスイ
注疏	チュウソ
注目	チュウモク
注目度	チュウモクド
注目株	チュウモクカブ
注視	チュウシ
注解	チュウカイ
注記	チュウキ
注連	シメ
注連飾	シメカザリ
注連飾り	シメカザリ
注進	チュウシン
注釈	チュウシャク
泰山木	タイサンボク
泰平	タイヘイ
泰斗	タイト
泰然	タイゼン
泰西	タイセイ
泳がす	オヨガス
泳ぎ	オヨギ
泳ぎだす	オヨギダス
泳ぎ出す	オヨギダス
泳ぎ回る	オヨギマワル
泳ぎ手	オヨギテ
泳ぐ	オヨグ
泳力	エイリョク
泳動	エイドウ
泳法	エイホウ
泳者	エイシャ
洋々	ヨウヨウ
洋がらし	ヨウガラシ
洋なし	ヨウナシ
洋もく	ヨウモク
洋ゲー	ヨウゲー
洋ナシ	ヨウナシ
洋モク	ヨウモク
洋ラン	ヨウラン
洋上	ヨウジョウ
洋刀	ヨウトウ
洋医	ヨウイ
洋品	ヨウヒン
洋品店	ヨウヒンテン
洋字	ヨウジ
洋学校	ヨウガッコウ
洋室	ヨウシツ
洋式	ヨウシキ
洋弓	ヨウキュウ
洋書	ヨウショ
洋服	ヨウフク
洋服ダンス	ヨウフクダンス
洋本	ヨウホン
洋梨	ヨウナシ
洋楽	ヨウガク
洋洋	ヨウヨウ
洋灰	ヨウカイ
洋物	ヨウモノ
洋犬	ヨウケン
洋琴	ヨウキン
洋画	ヨウガ
洋画家	ヨウガカ
洋癖	ヨウヘキ
洋白	ヨウハク
洋種	ヨウシュ
洋紅	ヨウコウ
洋紙	ヨウシ
洋綴じ	ヨウトジ
洋舞	ヨウブ
洋芥子	ヨウガラシ
洋菓子	ヨウガシ
洋蘭	ヨウラン
洋行	ヨウコウ
洋裁	ヨウサイ
洋装	ヨウソウ
洋語	ヨウゴ
洋辛子	ヨウガラシ
洋酒	ヨウシュ
洋銀	ヨウギン
洋間	ヨウマ
洋風	ヨウフウ
洋食	ヨウショク
洋食化	ヨウショクカ
洋食器	ヨウショッキ
洋食屋	ヨウショクヤ
洋食店	ヨウショクテン
洋館	ヨウカン
洋髪	ヨウハツ
洋鵡	ヨウム
洒々	シャシャ
洒洒	シャシャ
洒脱	シャダツ
洒落っ気	シャレッケ
洒落のめす	シャレノメス
洒落本	シャレボン
洒落者	シャレモノ
洒落臭い	シャラクサイ
洒落込む	シャレコム
洗いざらい	アライザライ
洗いざらし	アライザラシ
洗いたて	アライタテ
洗いなおす	アライナオス
洗い上げる	アライアゲル
洗い出し	アライダシ
洗い出す	アライダス
洗い去る	アライサル
洗い場	アライバ
洗い張り	アライハリ
洗い桶	アライオケ
洗い流す	アライナガス
洗い浚い	アライザライ
洗い清める	アライキヨメル
洗い熊	アライグマ
洗い直す	アライナオス
洗い立て	アライタテ
洗い立てる	アライタテル
洗い粉	アライコ
洗い落す	アライオトス
洗い落とす	アライオトス
洗い髪	アライガミ
洗剤	センザイ
洗口液	センコウエキ
洗掘	センクツ
洗替	アライガエ
洗替え	アライガエ
洗浄	センジョウ
洗浄剤	センジョウザイ
洗湯	セントウ
洗濯ばさみ	センタクバサミ
洗濯バサミ	センタクバサミ
洗濯代	センタクダイ
洗濯挟み	センタクバサミ
洗濯板	センタクイタ
洗濯糊	センタクノリ
洗煉	センレン
洗眼	センガン
洗礼	センレイ
洗礼名	センレイメイ
洗米	センマイ
洗練	センレン
洗脳	センノウ
洗車	センシャ
洗錬	センレン
洗面	センメン
洗面台	センメンダイ
洗面器	センメンキ
洗面室	センメンシツ
洗面所	センメンジョ
洗顔	センガン
洗顔料	センガンリョウ
洗骨	センコツ
洛中	ラクチュウ
洛内	ラクナイ
洛北	ラクホク
洛南	ラクナン
洛外	ラクガイ
洛西	ラクセイ
洞くつ	ドウクツ
洞察	ドウサツ
洞察力	ドウサツリョク
洞窟	ドウクツ
洞簫	ドウショウ
洞見	ドウケン
洞門	ドウモン
洟たれ	ハナタレ
洟垂らし	ハナタラシ
洟垂れ	ハナタレ
洟水	ハナミズ
津波	ツナミ
津浪	ツナミ
津液	シンエキ
津軽弁	ツガルベン
洩らす	モラス
洩る	モル
洩れ	モレ
洩れる	モレル
洩れ聞く	モレキク
洪大	コウダイ
洪恩	コウオン
洪水	コウズイ
洪積	コウセキ
洪積世	コウセキセイ
洪積層	コウセキソウ
洪範	コウハン
洵美	ジュンビ
活かす	イカス
活かる	イカル
活きいき	イキイキ
活きる	イキル
活き活き	イキイキ
活き造り	イキヅクリ
活き餌	イキエ
活ける	イケル
活け作り	イケヅクリ
活け花	イケバナ
活け造り	イケヅクリ
活け魚	イケウオ
活じめ	イキジメ
活人画	カツジンガ
活仏	カツブツ
活写	カッシャ
活劇	カツゲキ
活力	カツリョク
活動	カツドウ
活動家	カツドウカ
活動的	カツドウテキ
活塞	カッソク
活字	カツジ
活字体	カツジタイ
活字本	カツジボン
活字離れ	カツジバナレ
活弁	カツベン
活性	カッセイ
活性剤	カッセイザイ
活性化	カッセイカ
活性炭	カッセイタン
活断層	カツダンソウ
活栓	カッセン
活歴	カツレキ
活殺	カッサツ
活気	カッキ
活況	カッキョウ
活溌	カッパツ
活潑	カッパツ
活版	カッパン
活版本	カッパンボン
活物	カツブツ
活用	カツヨウ
活用形	カツヨウケイ
活用語	カツヨウゴ
活画	カツガ
活発	カッパツ
活発化	カッパツカ
活眼	カツガン
活着	カッチャク
活舌	カツゼツ
活路	カツロ
活躍	カツヤク
活量	カツリョウ
洽く	アマネク
派兵	ハヘイ
派出	ハシュツ
派川	ハセン
派手	ハデ
派手やか	ハデヤカ
派手好み	ハデゴノミ
派手婚	ハデコン
派手派手しい	ハデハデシイ
派生	ハセイ
派生的	ハセイテキ
派生語	ハセイゴ
派米	ハベイ
派遣	ハケン
派遣労働	ハケンロウドウ
派遣労働者	ハケンロウドウシャ
派遣社員	ハケンシャイン
派閥	ハバツ
派閥主義	ハバツシュギ
流し	ナガシ
流しこむ	ナガシコム
流し元	ナガシモト
流し出す	ナガシダス
流し台	ナガシダイ
流し場	ナガシバ
流し打ち	ナガシウチ
流し撮り	ナガシドリ
流し板	ナガシイタ
流し目	ナガシメ
流し網	ナガシアミ
流し読み	ナガシヨミ
流し込む	ナガシコム
流し雛	ナガシビナ
流す	ナガス
流ちょう	リュウチョウ
流れ	ナガレ
流れおちる	ナガレオチル
流れもの	ナガレモノ
流れる	ナガレル
流れ下る	ナガレクダル
流れ作業	ナガレサギョウ
流れ出す	ナガレダス
流れ出る	ナガレデル
流れ図	ナガレズ
流れ寄る	ナガレヨル
流れ弾	ナガレダマ
流れ星	ナガレボシ
流れ歩く	ナガレアルク
流れ物	ナガレモノ
流れ着く	ナガレツク
流れ矢	ナガレヤ
流れ者	ナガレモノ
流れ落ちる	ナガレオチル
流れ込む	ナガレコム
流下	リュウカ
流亡	リュウボウ
流会	リュウカイ
流体	リュウタイ
流儀	リュウギ
流入	リュウニュウ
流出	リュウシュツ
流動	リュウドウ
流動体	リュウドウタイ
流動化	リュウドウカ
流動性	リュウドウセイ
流動的	リュウドウテキ
流動資産	リュウドウシサン
流動食	リュウドウショク
流域	リュウイキ
流失	リュウシツ
流寓	リュウグウ
流布	ルフ
流感	リュウカン
流星塵	リュウセイジン
流星群	リュウセイグン
流星雨	リュウセイウ
流暢	リュウチョウ
流木	リュウボク
流水	リュウスイ
流氷	リュウヒョウ
流汗	リュウカン
流派	リュウハ
流浪	ルロウ
流涎	リュウゼン
流涕	リュウテイ
流産	リュウザン
流用	リュウヨウ
流石	サスガ
流紋岩	リュウモンガン
流線	リュウセン
流線型	リュウセンケイ
流線形	リュウセンケイ
流罪	ルザイ
流血	リュウケツ
流行らす	ハヤラス
流行りすたり	ハヤリスタリ
流行り廃り	ハヤリスタリ
流行り物	ハヤリモノ
流行り言葉	ハヤリコトバ
流行る	ハヤル
流行性	リュウコウセイ
流行性感冒	リュウコウセイカンボウ
流行性耳下腺炎	リュウコウセイジカセンエン
流行性角結膜炎	リュウコウセイカクケツマクエン
流行目	ハヤリメ
流行眼	ハヤリメ
流行色	リュウコウショク
流行言葉	ハヤリコトバ
流行語	リュウコウゴ
流行風邪	ハヤリカゼ
流言	リュウゲン
流賊	リュウゾク
流路	リュウロ
流通税	リュウツウゼイ
流速	リュウソク
流量	リュウリョウ
流量計	リュウリョウケイ
流鏑馬	ヤブサメ
流露	リュウロ
流音	リュウオン
流麗	リュウレイ
浄い	キヨイ
浄め	キヨメ
浄める	キヨメル
浄写	ジョウシャ
浄化	ジョウカ
浄化槽	ジョウカソウ
浄土	ジョウド
浄域	ジョウイキ
浄書	ジョウショ
浄水	ジョウスイ
浄水器	ジョウスイキ
浄水場	ジョウスイジョウ
浄火	ジョウカ
浄瑠璃	ジョウルリ
浄罪	ジョウザイ
浄血	ジョウケツ
浄行	ジョウギョウ
浄衣	ジョウエ
浄財	ジョウザイ
浄霊	ジョウレイ
浅い	アサイ
浅はか	アサハカ
浅ましい	アサマシイ
浅め	アサメ
浅傷	アサデ
浅堆	センタイ
浅学	センガク
浅慮	センリョ
浅手	アサデ
浅才	センサイ
浅海	センカイ
浅漬	アサヅケ
浅漬け	アサヅケ
浅瀬	アサセ
浅紫	アサムラサキ
浅縹	アサハナダ
浅葱色	アサギイロ
浅葱裏	アサギウラ
浅薄	センパク
浅蜊	アサリ
浅見	センケン
浅鉢	アサバチ
浅黄	アサギ
浅黒い	アサグロイ
浚渫	シュンセツ
浚渫機	シュンセツキ
浚渫船	シュンセツセン
浜べ	ハマベ
浜伝い	ハマヅタイ
浜手	ハマテ
浜撫子	ハマナデシコ
浜昼顔	ハマヒルガオ
浜木綿	ハマユウ
浜朴	ハマボウ
浜焼き	ハマヤキ
浜簪	ハマカンザシ
浜茄子	ハマナス
浜菅	ハマスゲ
浜菊	ハマギク
浜菜	ハマナ
浜菱	ハマビシ
浜辺	ハマベ
浜防風	ハマボウフウ
浜靫	ハマウツボ
浜風	ハマカゼ
浣腸	カンチョウ
浦島草	ウラシマソウ
浦波	ウラナミ
浦里	ウラザト
浦風	ウラカゼ
浩瀚	コウカン
浩然	コウゼン
浪々	ロウロウ
浪人	ロウニン
浪人生	ロウニンセイ
浪士	ロウシ
浪曲	ロウキョク
浪浪	ロウロウ
浪花節	ナニワブシ
浪費	ロウヒ
浮かす	ウカス
浮かばれる	ウカバレル
浮かびあがる	ウカビアガル
浮かび上がる	ウカビアガル
浮かび上る	ウカビアガル
浮かび出る	ウカビデル
浮かぶ	ウカブ
浮かべる	ウカベル
浮かれる	ウカレル
浮かれ出る	ウカレデル
浮かれ女	ウカレメ
浮かれ歩く	ウカレアルク
浮かれ節	ウカレブシ
浮き	ウキ
浮きあがる	ウキアガル
浮き上がる	ウキアガル
浮き上る	ウキアガル
浮き世	ウキヨ
浮き出す	ウキダス
浮き出る	ウキデル
浮き名	ウキナ
浮き寝	ウキネ
浮き巣	ウキス
浮き彫	ウキボリ
浮き彫り	ウキボリ
浮き橋	ウキハシ
浮き沈み	ウキシズミ
浮き球	ウキダマ
浮き石	ウキイシ
浮き立つ	ウキタツ
浮き織り	ウキオリ
浮き腰	ウキゴシ
浮き舟	ウキフネ
浮き荷	ウキニ
浮き袋	ウキブクロ
浮き貸し	ウキガシ
浮き足	ウキアシ
浮き身	ウキミ
浮き輪	ウキワ
浮き釣り	ウキヅリ
浮き魚	ウキウオ
浮く	ウク
浮つく	ウワツク
浮ばれる	ウカバレル
浮びあがる	ウカビアガル
浮び上がる	ウカビアガル
浮び上る	ウカビアガル
浮び出る	ウカビデル
浮ぶ	ウカブ
浮べる	ウカベル
浮れ女	ウカレメ
浮わつく	ウワツク
浮上	フジョウ
浮上がる	ウキアガル
浮上る	ウキアガル
浮世絵	ウキヨエ
浮人形	ウキニンギョウ
浮体	フタイ
浮出す	ウキダス
浮出る	ウキデル
浮力	フリョク
浮動	フドウ
浮動株	フドウカブ
浮動票	フドウヒョウ
浮図	フト
浮子	ウキ
浮寝	ウキネ
浮屠	フト
浮巣	ウキス
浮彫	ウキボリ
浮彫り	ウキボリ
浮揚	フヨウ
浮桟橋	ウキサンバシ
浮標	フヒョウ
浮橋	ウキハシ
浮気	ウワキ
浮気者	ウワキモノ
浮氷	フヒョウ
浮沈	フチン
浮流	フリュウ
浮浪	フロウ
浮浪人	フロウニン
浮浪者	フロウシャ
浮游	フユウ
浮環	ウキワ
浮腫み	ムクミ
浮腫む	ムクム
浮腰	ウキゴシ
浮舟	ウキフネ
浮草	ウキクサ
浮華	フカ
浮薄	フハク
浮袋	ウキブクロ
浮説	フセツ
浮貸し	ウキガシ
浮足	ウキアシ
浮身	ウキミ
浮輪	ウキワ
浮遊	フユウ
浮遊霊	フユウレイ
浮釣り	ウキヅリ
浮鮴	ウキゴリ
浴す	ヨクス
浴する	ヨクスル
浴びせかける	アビセカケル
浴びせる	アビセル
浴びせ倒し	アビセタオシ
浴びる	アビル
浴場	ヨクジョウ
浴室	ヨクシツ
浴後	ヨクゴ
浴槽	ヨクソウ
浴殿	ヨクデン
浴用	ヨクヨウ
浴衣がけ	ユカタガケ
浴衣地	ユカタジ
浴衣掛け	ユカタガケ
海がめ	ウミガメ
海の日	ウミノヒ
海ほおずき	ウミホオズキ
海ガメ	ウミガメ
海パン	カイパン
海上保安庁	カイジョウホアンチョウ
海中	カイチュウ
海亀	ウミガメ
海事	カイジ
海佐	カイサ
海保	カイホ
海側	ウミガワ
海兵	カイヘイ
海兵団	カイヘイダン
海兵隊	カイヘイタイ
海内	カイダイ
海区	カイク
海千山千	ウミセンヤマセン
海参	イリコ
海台	カイダイ
海員	カイイン
海員学校	カイインガッコウ
海商法	カイショウホウ
海図	カイズ
海国	カイコク
海坂	ウナサカ
海坊主	ウミボウズ
海域	カイイキ
海堡	カイホウ
海境	ウナサカ
海外	カイガイ
海外出張	カイガイシュッチョウ
海外在住	カイガイザイジュウ
海外旅行	カイガイリョコウ
海外版	カイガイバン
海外留学	カイガイリュウガク
海外赴任	カイガイフニン
海外転勤	カイガイテンキン
海外送金	カイガイソウキン
海外駐在員	カイガイチュウザイイン
海容	カイヨウ
海将	カイショウ
海将補	カイショウホ
海尉	カイイ
海岸線	カイガンセン
海峡	カイキョウ
海嶺	カイレイ
海市	カイシ
海幸	ウミサチ
海恕	カイジョ
海戦	カイセン
海手	ウミテ
海技	カイギ
海技士	カイギシ
海抜	カイバツ
海援隊	カイエンタイ
海損	カイソン
海星	ヒトデ
海景	カイケイ
海曹	カイソウ
海松色	ミルイロ
海松貝	ミルガイ
海棠	カイドウ
海棲	カイセイ
海水	カイスイ
海水浴	カイスイヨク
海水浴場	カイスイヨクジョウ
海水温	カイスイオン
海水魚	カイスイギョ
海氷	カイヒョウ
海沿い	ウミゾイ
海況	カイキョウ
海泡石	カイホウセキ
海洋	カイヨウ
海洋学	カイヨウガク
海洋深層水	カイヨウシンソウスイ
海流	カイリュウ
海浜	カイヒン
海浜公園	カイヒンコウエン
海港	カイコウ
海湾	カイワン
海溝	カイコウ
海潮音	カイチョウオン
海烏	ウミガラス
海燕	ウミツバメ
海猫	ウミネコ
海獣	カイジュウ
海王星	カイオウセイ
海生	カイセイ
海産	カイサン
海産物	カイサンブツ
海百合	ウミユリ
海盆	カイボン
海相	カイショウ
海禁	カイキン
海綿体	カイメンタイ
海綿動物	カイメンドウブツ
海綿鉄	カイメンテツ
海緋鯉	ウミヒゴイ
海羊歯	ウミシダ
海老	エビ
海老せんべい	エビセンベイ
海老根	エビネ
海老煎餅	エビセンベイ
海老腰	エビゴシ
海老芋	エビイモ
海老茶	エビチャ
海老責め	エビゼメ
海老錠	エビジョウ
海胆	ウニ
海膨	カイボウ
海自	カイジ
海芋	カイウ
海苔	ノリ
海苔巻	ノリマキ
海苔巻き	ノリマキ
海茸	ウミタケ
海葬	カイソウ
海葱	カイソウ
海藻	カイソウ
海藻類	カイソウルイ
海蘊	モズク
海蘭	ウンラン
海蛇	ウミヘビ
海蛇座	ウミヘビザ
海蛍	ウミホタル
海蜷	ウミニナ
海蝕	カイショク
海警	カイケイ
海豚	イルカ
海豚座	イルカザ
海賊	カイゾク
海賊旗	カイゾクキ
海賊版	カイゾクバン
海賊盤	カイゾクバン
海賊船	カイゾクセン
海軍	カイグン
海軍力	カイグンリョク
海軍機	カイグンキ
海軟風	カイナンプウ
海退	カイタイ
海進	カイシン
海遊び	ウミアソビ
海運	カイウン
海運業	カイウンギョウ
海道	カイドウ
海酸漿	ウミホオズキ
海里	カイリ
海釣り	ウミヅリ
海門	カイモン
海開き	ウミビラキ
海関	カイカン
海防	カイボウ
海陸	カイリク
海陸風	カイリクフウ
海雀	ウミスズメ
海難	カイナン
海鞘	ホヤ
海食	カイショク
海食洞	カイショクドウ
海魔	カイマ
海鮮	カイセン
海鱮	ウミタナゴ
海鳴り	ウミナリ
海鵜	ウミウ
海鼠壁	ナマコカベ
海鼠子	コノコ
海鼠腸	コノワタ
浸かる	ツカル
浸ける	ツケル
浸し物	ヒタシモノ
浸す	ヒタス
浸みこむ	シミコム
浸みる	シミル
浸み入る	シミイル
浸み込む	シミコム
浸入	シンニュウ
浸出	シンシュツ
浸剤	シンザイ
浸水	シンスイ
浸潤	シンジュン
浸炭	シンタン
浸礼	シンレイ
浸蝕	シンショク
浸透	シントウ
浸透圧	シントウアツ
浸食	シンショク
涅槃	ネハン
涅槃会	ネハンエ
涅槃像	ネハンゾウ
消えうせる	キエウセル
消えうせろ	キエウセロ
消えさる	キエサル
消えゆく	キエユク
消え入る	キエイル
消え去る	キエサル
消え失せる	キエウセル
消え失せろ	キエウセロ
消え残る	キエノコル
消え消え	キエギエ
消し	ケシ
消しかす	ケシカス
消しさる	ケシサル
消しつぼ	ケシツボ
消しとぶ	ケシトブ
消しクズ	ケシクズ
消しゴム	ケシゴム
消し去る	ケシサル
消し壺	ケシツボ
消し屑	ケシクズ
消し止める	ケシトメル
消し滓	ケシカス
消し炭	ケシズミ
消し飛ばす	ケシトバス
消し飛ぶ	ケシトブ
消す	ケス
消光	ショウコウ
消化	ショウカ
消化剤	ショウカザイ
消化器	ショウカキ
消化液	ショウカエキ
消化管	ショウカカン
消化腺	ショウカセン
消印	ケシイン
消却	ショウキャク
消去	ショウキョ
消去法	ショウキョホウ
消壺	ケシツボ
消夏	ショウカ
消失	ショウシツ
消息不明	ショウソクフメイ
消息子	ショウソクシ
消息文	ショウソクブン
消息筋	ショウソクスジ
消息通	ショウソクツウ
消散	ショウサン
消極	ショウキョク
消極性	ショウキョクセイ
消極的	ショウキョクテキ
消毒	ショウドク
消毒剤	ショウドクザイ
消毒液	ショウドクエキ
消毒薬	ショウドクヤク
消沈	ショウチン
消泡剤	ショウホウザイ
消滅	ショウメツ
消滅時効	ショウメツジコウ
消火	ショウカ
消火器	ショウカキ
消火栓	ショウカセン
消灯	ショウトウ
消炎	ショウエン
消炎剤	ショウエンザイ
消炭	ケシズミ
消点	ショウテン
消燈	ショウトウ
消石灰	ショウセッカイ
消磁	ショウジ
消磨	ショウマ
消耗品	ショウモウヒン
消耗品費	ショウモウヒンヒ
消耗戦	ショウモウセン
消臭	ショウシュウ
消臭剤	ショウシュウザイ
消費	ショウヒ
消費期限	ショウヒキゲン
消費税	ショウヒゼイ
消費税率	ショウヒゼイリツ
消費者	ショウヒシャ
消費者主義	ショウヒシャシュギ
消費者基本法	ショウヒシャキホンホウ
消費者庁	ショウヒシャチョウ
消費者物価指数	ショウヒシャブッカシスウ
消費財	ショウヒザイ
消費量	ショウヒリョウ
消退	ショウタイ
消長	ショウチョウ
消閑	ショウカン
消防	ショウボウ
消防吏員	ショウボウリイン
消防団	ショウボウダン
消防士	ショウボウシ
消防官	ショウボウカン
消防庁	ショウボウチョウ
消防法	ショウボウホウ
消防組	ショウボウグミ
消防署	ショウボウショ
消防船	ショウボウセン
消防艇	ショウボウテイ
消防車	ショウボウシャ
消雪	ショウセツ
消音	ショウオン
消音器	ショウオンキ
涌かす	ワカス
涌き	ワキ
涌き上がる	ワキアガル
涌き出る	ワキデル
涌き水	ワキミズ
涌き立つ	ワキタツ
涌き起こる	ワキオコル
涌き起る	ワキオコル
涌く	ワク
涌泉	ユウセン
涎掛け	ヨダレカケ
涕泣	テイキュウ
涙ぐましい	ナミダグマシイ
涙ぐむ	ナミダグム
涙まじり	ナミダマジリ
涙もろい	ナミダモロイ
涙型	ナミダガタ
涙堂	ルイドウ
涙声	ナミダゴエ
涙川	ナミダガワ
涙液	ルイエキ
涙混じり	ナミダマジリ
涙目	ナミダメ
涙脆い	ナミダモロイ
涙腺	ルイセン
涙袋	ナミダブクロ
涙道	ルイドウ
涙雨	ナミダアメ
涙顔	ナミダガオ
涜神	トクシン
涜職	トクショク
涯て	ハテ
液体	エキタイ
液冷	エキレイ
液剤	エキザイ
液化	エキカ
液化天然ガス	エキカテンネンガス
液卵	エキラン
液封	エキフウ
液性	エキセイ
液晶	エキショウ
液果	エキカ
液汁	エキジュウ
液浸	エキシン
液溜め	エキダメ
液滴	エキテキ
液漏れ	エキモレ
液状	エキジョウ
液状化	エキジョウカ
液相	エキソウ
液糖	エキトウ
液肥	エキヒ
液胞	エキホウ
液量	エキリョウ
液面	エキメン
涵養	カンヨウ
涸びる	カラビル
涸らす	カラス
涸らびる	カラビル
涸れる	カレル
涸れ川	カレガワ
涸渇	コカツ
涼しい	スズシイ
涼み	スズミ
涼み台	スズミダイ
涼む	スズム
涼やか	スズヤカ
涼味	リョウミ
涼感	リョウカン
涼気	リョウキ
涼秋	リョウシュウ
涼雨	リョウウ
淀み	ヨドミ
淀む	ヨドム
淋巴	リンパ
淋巴液	リンパエキ
淋巴管	リンパカン
淋巴節	リンパセツ
淋巴腺	リンパセン
淋毒	リンドク
淋漓	リンリ
淋疾	リンシツ
淋病	リンビョウ
淋菌	リンキン
淑やか	シトヤカ
淑女	シュクジョ
淑徳	シュクトク
淘げる	ヨナゲル
淘汰	トウタ
淙々	ソウソウ
淙淙	ソウソウ
淡い	アワイ
淡味	タンミ
淡彩	タンサイ
淡水	タンスイ
淡水湖	タンスイコ
淡水魚	タンスイギョ
淡泊	タンパク
淡湖	タンコ
淡白	タンパク
淡竹	ハチク
淡紅色	タンコウショク
淡色	タンショク
淡雪	アワユキ
淡麗	タンレイ
淡黄	タンコウ
淤泥	オデイ
淪落	リンラク
淫する	インスル
淫ら	ミダラ
淫乱	インラン
淫事	インジ
淫佚	インイツ
淫唇	インシン
淫売	インバイ
淫売婦	インバイフ
淫夢	インム
淫奔	インポン
淫婦	インプ
淫楽	インラク
淫欲	インヨク
淫気	インキ
淫水	インスイ
淫液	インエキ
淫猥	インワイ
淫獣	インジュウ
淫祠	インシ
淫蕩	イントウ
淫虐	インギャク
淫行	インコウ
淫裂	インレツ
淫逸	インイツ
淫雨	インウ
淫靡	インビ
淫風	インプウ
淫魔	インマ
深ける	フケル
深さ	フカサ
深ぞり	フカゾリ
深まる	フカマル
深み	フカミ
深める	フカメル
深交	シンコウ
深傷	フカデ
深入り	フカイリ
深切	シンセツ
深刻	シンコク
深刻化	シンコクカ
深剃り	フカゾリ
深化	シンカ
深味	フカミ
深呼吸	シンコキュウ
深夜	シンヤ
深夜便	シンヤビン
深夜族	シンヤゾク
深夜業	シンヤギョウ
深夜残業	シンヤザンギョウ
深奥	シンオウ
深層	シンソウ
深層ウェブ	シンソウウェブ
深層学習	シンソウガクシュウ
深層水	シンソウスイ
深山霧島	ミヤマキリシマ
深山鴉	ミヤマガラス
深度	シンド
深情け	フカナサケ
深意	シンイ
深慮	シンリョ
深憂	シンユウ
深成岩	シンセイガン
深手	フカデ
深更	シンコウ
深沈	シンチン
深沓	フカグツ
深浅	シンセン
深海	シンカイ
深海魚	シンカイギョ
深淵	シンエン
深潭	シンタン
深煎り	フカイリ
深爪	フカヅメ
深甚	シンジン
深皿	フカザラ
深秋	シンシュウ
深窓	シンソウ
深紅色	シンコウショク
深緋	フカヒ
深緑色	フカミドリイロ
深耕	シンコウ
深読み	フカヨミ
深謀	シンボウ
深謀遠慮	シンボウエンリョ
深謝	シンシャ
深追い	フカオイ
深遠	シンエン
深部	シンブ
深酒	フカザケ
深鉢	フカバチ
深鍋	フカナベ
深長	シンチョウ
深閑	シンカン
深間	フカマ
淳朴	ジュンボク
淳良	ジュンリョウ
淵叢	エンソウ
淵源	エンゲン
淵藪	エンソウ
混々	コンコン
混ざりあう	マザリアウ
混ざり物	マザリモノ
混ざる	マザル
混じり	マジリ
混じりあう	マジリアウ
混じりけ	マジリケ
混じり気	マジリケ
混じり物	マジリモノ
混ず	マズ
混ぜかえす	マゼカエス
混ぜこぜ	マゼコゼ
混ぜごはん	マゼゴハン
混ぜご飯	マゼゴハン
混ぜそば	マゼソバ
混ぜっ返す	マゼッカエス
混ぜもの	マゼモノ
混ぜる	マゼル
混ぜ合せる	マゼアワセル
混ぜ合わす	マゼアワス
混ぜ合わせる	マゼアワセル
混ぜ御飯	マゼゴハン
混ぜ書き	マゼガキ
混ぜ物	マゼモノ
混ぜ込む	マゼコム
混ぜ返す	マゼカエス
混とん	コントン
混みあう	コミアウ
混む	コム
混乗	コンジョウ
混乱	コンラン
混交	コンコウ
混交林	コンコウリン
混作	コンサク
混信	コンシン
混入	コンニュウ
混凝土	コンクリート
混合	コンゴウ
混合器	コンゴウキ
混合林	コンゴウリン
混合気	コンゴウキ
混合物	コンゴウブツ
混合薬	コンゴウヤク
混合酒	コンゴウシュ
混同	コンドウ
混和	コンワ
混在	コンザイ
混声	コンセイ
混成	コンセイ
混成岩	コンセイガン
混成語	コンセイゴ
混成酒	コンセイシュ
混戦	コンセン
混植	コンショク
混沌	コントン
混泳	コンエイ
混浴	コンヨク
混淆	コンコウ
混濁	コンダク
混然	コンゼン
混焼	コンショウ
混獲	コンカク
混生	コンセイ
混用	コンヨウ
混種語	コンシュゴ
混紡	コンボウ
混線	コンセン
混色	コンショク
混血	コンケツ
混血児	コンケツジ
混走	コンソウ
混載	コンサイ
混迷	コンメイ
混酸	コンサン
混雑	コンザツ
混食	コンショク
淹れる	イレル
添いとげる	ソイトゲル
添い寝	ソイネ
添い臥し	ソイブシ
添い遂げる	ソイトゲル
添う	ソウ
添えもの	ソエモノ
添える	ソエル
添え字	ソエジ
添え書	ソエガキ
添え書き	ソエガキ
添え木	ソエギ
添え板	ソエイタ
添え物	ソエモノ
添え状	ソエジョウ
添乗	テンジョウ
添乗員	テンジョウイン
添付	テンプ
添付ファイル	テンプファイル
添付書類	テンプショルイ
添削	テンサク
添加	テンカ
添加物	テンカブツ
添字	ソエジ
添寝	ソイネ
添景	テンケイ
添書き	ソエガキ
添木	ソエギ
添水	ソウズ
添物	ソエモノ
添遂げる	ソイトゲル
添附	テンプ
清々	セイセイ
清々しい	スガスガシイ
清い	キヨイ
清か	サヤカ
清し汁	スマシジル
清まし	スマシ
清ます	スマス
清まる	キヨマル
清む	スム
清める	キヨメル
清らか	キヨラカ
清代	シンダイ
清元	キヨモト
清冽	セイレツ
清勝	セイショウ
清和	セイワ
清廉	セイレン
清拭き	キヨブキ
清掃	セイソウ
清新	セイシン
清明	セイメイ
清書	セイショ
清栄	セイエイ
清楚	セイソ
清洌	セイレツ
清流	セイリュウ
清涼	セイリョウ
清涼剤	セイリョウザイ
清涼飲料	セイリョウインリョウ
清涼飲料水	セイリョウインリョウスイ
清清	セイセイ
清清しい	スガスガシイ
清潔	セイケツ
清潔感	セイケツカン
清澄	セイチョウ
清濁	セイダク
清祥	セイショウ
清福	セイフク
清穆	セイボク
清算	セイサン
清算人	セイサンニン
清純	セイジュン
清純派	セイジュンハ
清聴	セイチョウ
清談	セイダン
清貧	セイヒン
清遊	セイユウ
清適	セイテキ
清酒	セイシュ
清鑑	セイカン
清閑	セイカン
清雅	セイガ
清音	セイオン
清風	セイフウ
清麗	セイレイ
渇き	カワキ
渇く	カワク
渇す	カッス
渇する	カッスル
渇愛	カツアイ
渇望	カツボウ
渇水	カッスイ
渇水期	カッスイキ
渇筆	カッピツ
済し崩し	ナシクズシ
済ます	スマス
済ませる	スマセル
済む	スム
済度	サイド
済民	サイミン
渉る	ワタル
渉外	ショウガイ
渉猟	ショウリョウ
渉禽類	ショウキンルイ
渋々	シブシブ
渋うちわ	シブウチワ
渋ちん	シブチン
渋み	シブミ
渋り腹	シブリバラ
渋る	シブル
渋味	シブミ
渋団扇	シブウチワ
渋墨	シブズミ
渋抜き	シブヌキ
渋柿	シブガキ
渋渋	シブシブ
渋滞	ジュウタイ
渋皮	シブカワ
渋紙	シブガミ
渋色	シブイロ
渋茶	シブチャ
渓声	ケイセイ
渓水	ケイスイ
渓流	ケイリュウ
渓谷	ケイコク
渓間	ケイカン
減じる	ゲンジル
減ずる	ゲンズル
減らし目	ヘラシメ
減らす	ヘラス
減り込む	メリコム
減作	ゲンサク
減価	ゲンカ
減価償却費	ゲンカショウキャクヒ
減便	ゲンビン
減俸	ゲンポウ
減債	ゲンサイ
減光	ゲンコウ
減免	ゲンメン
減刑	ゲンケイ
減却	ゲンキャク
減反	ゲンタン
減収	ゲンシュウ
減員	ゲンイン
減圧	ゲンアツ
減圧症	ゲンアツショウ
減塩	ゲンエン
減容	ゲンヨウ
減封	ゲンポウ
減少	ゲンショウ
減弱	ゲンジャク
減損	ゲンソン
減摩	ゲンマ
減数	ゲンスウ
減歩	ゲンブ
減水	ゲンスイ
減法	ゲンポウ
減災	ゲンサイ
減点	ゲンテン
減産	ゲンサン
減益	ゲンエキ
減税	ゲンゼイ
減等	ゲントウ
減算	ゲンザン
減給	ゲンキュウ
減肉	ゲンニク
減色	ゲンショク
減衰	ゲンスイ
減衰器	ゲンスイキ
減資	ゲンシ
減車	ゲンシャ
減軽	ゲンケイ
減農薬	ゲンノウヤク
減退	ゲンタイ
減速	ゲンソク
減速材	ゲンソクザイ
減配	ゲンパイ
減量	ゲンリョウ
減額	ゲンガク
減食	ゲンショク
渠魁	キョカイ
渡し	ワタシ
渡し場	ワタシバ
渡し守	ワタシモリ
渡し守り	ワタシモリ
渡し舟	ワタシブネ
渡し船	ワタシブネ
渡し賃	ワタシチン
渡し銭	ワタシセン
渡す	ワタス
渡り	ワタリ
渡り初め	ワタリゾメ
渡り廊下	ワタリロウカ
渡り板	ワタリイタ
渡り歩く	ワタリアルク
渡り烏	ワタリガラス
渡り者	ワタリモノ
渡り鳥	ワタリドリ
渡る	ワタル
渡世	トセイ
渡世人	トセイニン
渡仏	トフツ
渡伯	トハク
渡唐	トトウ
渡守	ワタシモリ
渡島	トトウ
渡座	ワタマシ
渡御	トギョ
渡日	トニチ
渡来	トライ
渡来人	トライジン
渡欧	トオウ
渡河	トカ
渡洋	トヨウ
渡海	トカイ
渡渉	トショウ
渡満	トマン
渡独	トドク
渡米	トベイ
渡航	トコウ
渡航先	トコウサキ
渡航者	トコウシャ
渡船	トセン
渡英	トエイ
渡豪	トゴウ
渡韓	トカン
渡鴉	ワタリガラス
渦まく	ウズマク
渦中	カチュウ
渦動	カドウ
渦巻	ウズマキ
渦巻き	ウズマキ
渦巻く	ウズマク
渦流	カリュウ
渦潮	ウズシオ
渦状	カジョウ
渦糸	ウズイト
渦紋	カモン
渦電流	ウズデンリュウ
温かみ	アタタカミ
温とい	ヌクトイ
温む	ヌルム
温もり	ヌクモリ
温もる	ヌクモル
温健	オンケン
温厚	オンコウ
温和	オンワ
温存	オンゾン
温室育ち	オンシツソダチ
温容	オンヨウ
温帯	オンタイ
温床	オンショウ
温度	オンド
温度計	オンドケイ
温情	オンジョウ
温感	オンカン
温故	オンコ
温故知新	オンコチシン
温暖	オンダン
温暖前線	オンダンゼンセン
温暖化	オンダンカ
温気	ウンキ
温水	オンスイ
温泉卵	オンセンタマゴ
温泉場	オンセンバ
温泉権	オンセンケン
温泉街	オンセンガイ
温泉郷	オンセンキョウ
温浴	オンヨク
温灸	オンキュウ
温点	オンテン
温熱	オンネツ
温熱療法	オンネツリョウホウ
温燗	ヌルカン
温玉	オンタマ
温石	オンジャク
温突	オンドル
温罨法	オンアンポウ
温良	オンリョウ
温色	オンショク
温血	オンケツ
温血動物	オンケツドウブツ
温製	オンセイ
温覚	オンカク
温野菜	オンヤサイ
温雅	オンガ
温順	オンジュン
温顔	オンガン
温風	オンプウ
測り知る	ハカリシル
測る	ハカル
測位	ソクイ
測候	ソッコウ
測候所	ソッコウジョ
測光	ソッコウ
測地	ソクチ
測地学	ソクチガク
測地線	ソクチセン
測定	ソクテイ
測定値	ソクテイチ
測定器	ソクテイキ
測度	ソクド
測微計	ソクビケイ
測深	ソクシン
測深器	ソクシンキ
測程器	ソクテイキ
測線	ソクセン
測色	ソクショク
測色計	ソクショクケイ
測距儀	ソッキョギ
測量	ソクリョウ
測量図	ソクリョウズ
測量士	ソクリョウシ
測量標	ソクリョウヒョウ
測量法	ソクリョウホウ
測量船	ソクリョウセン
測鉛	ソクエン
港まつり	ミナトマツリ
港内	コウナイ
港則	コウソク
港口	コウコウ
港外	コウガイ
港市	コウシ
港湾	コウワン
港湾局	コウワンキョク
港町	ミナトマチ
港祭り	ミナトマツリ
港街	ミナトマチ
港都	コウト
游ぎ	オヨギ
游ぐ	オヨグ
游泳	ユウエイ
渺々	ビョウビョウ
渺渺	ビョウビョウ
渺茫	ビョウボウ
渾々	コンコン
渾て	スベテ
渾沌	コントン
渾渾	コンコン
渾然	コンゼン
渾身	コンシン
湑む	シタム
湖上	コジョウ
湖北	コホク
湖口	ココウ
湖岸	コガン
湖底	コテイ
湖心	コシン
湖水	コスイ
湖沼	コショウ
湖沼型	コショウガタ
湖沼学	コショウガク
湖畔	コハン
湖面	コメン
湛える	タタエル
湧かす	ワカス
湧き	ワキ
湧きあがる	ワキアガル
湧き上がる	ワキアガル
湧き出す	ワキダス
湧き出る	ワキデル
湧き水	ワキミズ
湧き立つ	ワキタツ
湧き起こる	ワキオコル
湧き起る	ワキオコル
湧く	ワク
湧出る	ワキデル
湧昇	ユウショウ
湧水	ユウスイ
湧泉	ユウセン
湯あか	ユアカ
湯あたり	ユアタリ
湯あみ	ユアミ
湯がく	ユガク
湯けむり	ユケムリ
湯ざまし	ユザマシ
湯せん	ユセン
湯のし	ユノシ
湯のみ	ユノミ
湯の花	ユノハナ
湯の華	ユノハナ
湯ぶね	ユブネ
湯めぐり	ユメグリ
湯上がり	ユアガリ
湯上り	ユアガリ
湯中り	ユアタリ
湯元	ユモト
湯冷まし	ユザマシ
湯冷め	ユザメ
湯口	ユグチ
湯呑	ユノミ
湯呑み	ユノミ
湯垢	ユアカ
湯女	ユナ
湯屋	ユヤ
湯巡り	ユメグリ
湯巻き	ユマキ
湯帷子	ユカタビラ
湯引く	ユビク
湯当たり	ユアタリ
湯掻く	ユガク
湯本	ユモト
湯桶読	ユトウヨミ
湯桶読み	ユトウヨミ
湯槽	ユブネ
湯殿	ユドノ
湯気	ユゲ
湯水	ユミズ
湯沸	ユワカシ
湯沸かし	ユワカシ
湯沸かし器	ユワカシキ
湯沸し	ユワカシ
湯沸し器	ユワカシキ
湯沸器	ユワカシキ
湯治	トウジ
湯波	ユバ
湯浴み	ユアミ
湯灌	ユカン
湯炊き	ユダキ
湯煎	ユセン
湯煙	ユケムリ
湯煮	ユニ
湯熨	ユノシ
湯玉	ユダマ
湯畑	ユバタケ
湯疲れ	ユヅカレ
湯立て	ユダテ
湯舟	ユブネ
湯船	ユブネ
湯花	ユバナ
湯茶	ユチャ
湯華	ユバナ
湯葉	ユバ
湯豆腐	ユドウフ
湯通し	ユドオシ
湯量	ユリョウ
湯銭	ユセン
湯風呂	ユブロ
湯飲	ユノミ
湯飲み	ユノミ
湯麺	タンメン
湾入	ワンニュウ
湾内	ワンナイ
湾口	ワンコウ
湾外	ワンガイ
湾岸	ワンガン
湾曲	ワンキョク
湾流	ワンリュウ
湾頭	ワントウ
湿し水	シメシミズ
湿す	シメス
湿っぽい	シメッポイ
湿らす	シメラス
湿りけ	シメリケ
湿り気	シメリケ
湿原	シツゲン
湿布	シップ
湿度	シツド
湿度計	シツドケイ
湿式	シッシキ
湿性	シッセイ
湿拓	シッタク
湿潤	シツジュン
湿生植物	シッセイショクブツ
湿田	シツデン
湿疹	シッシン
湿舌	シツゼツ
満々	マンマン
満たす	ミタス
満ちあふれる	ミチアフレル
満ちる	ミチル
満ち干	ミチヒ
満ち引き	ミチヒキ
満ち欠け	ミチカケ
満ち満ちる	ミチミチル
満ち溢れる	ミチアフレル
満ち潮	ミチシオ
満ち足りる	ミチタリル
満つ	ミツ
満タン	マンタン
満了	マンリョウ
満了日	マンリョウビ
満作	マンサク
満員	マンイン
満喫	マンキツ
満地	マンチ
満堂	マンドウ
満場	マンジョウ
満場一致	マンジョウイッチ
満塁	マンルイ
満天	マンテン
満天下	マンテンカ
満天星	ドウダンツツジ
満室	マンシツ
満山	マンザン
満州語	マンシュウゴ
満帆	マンパン
満席	マンセキ
満幅	マンプク
満年齢	マンネンレイ
満床	マンショウ
満座	マンザ
満悦	マンエツ
満更	マンザラ
満月	マンゲツ
満期	マンキ
満杯	マンパイ
満株	マンカブ
満款	マンガン
満水	マンスイ
満満	マンマン
満点	マンテン
満目	マンモク
満票	マンピョウ
満腹	マンプク
満腹感	マンプクカン
満艦飾	マンカンショク
満貫	マンガン
満足	マンゾク
満足度	マンゾクド
満足感	マンゾクカン
満身	マンシン
満車	マンシャ
満載	マンサイ
満遍	マンベン
満都	マント
満開	マンカイ
満面	マンメン
満額	マンガク
満願	マンガン
溌刺	ハツラツ
溌剌	ハツラツ
溌溂	ハツラツ
源五郎	ゲンゴロウ
源五郎鮒	ゲンゴロウブナ
源平	ゲンペイ
源氏ボタル	ゲンジボタル
源氏名	ゲンジナ
源氏蛍	ゲンジボタル
源泉	ゲンセン
源泉徴収	ゲンセンチョウシュウ
源泉徴収票	ゲンセンチョウシュウヒョウ
源泉徴収税額	ゲンセンチョウシュウゼイガク
源泉所得税	ゲンセンショトクゼイ
源泉課税	ゲンセンカゼイ
源流	ゲンリュウ
源頭	ゲントウ
準々決勝	ジュンジュンケッショウ
準じる	ジュンジル
準ずる	ジュンズル
準会員	ジュンカイイン
準備	ジュンビ
準備中	ジュンビチュウ
準備会	ジュンビカイ
準備運動	ジュンビウンドウ
準備金	ジュンビキン
準優勝	ジュンユウショウ
準則	ジュンソク
準州	ジュンシュウ
準強姦	ジュンゴウカン
準急	ジュンキュウ
準惑星	ジュンワクセイ
準抗告	ジュンコウコク
準拠	ジュンキョ
準拠法	ジュンキョホウ
準星	ジュンセイ
準正	ジュンセイ
準決勝	ジュンケッショウ
準用	ジュンヨウ
準社員	ジュンシャイン
準結晶	ジュンケッショウ
準線	ジュンセン
準縄	ジュンジョウ
準行	ジュンコウ
溘然	コウゼン
溜まり場	タマリバ
溜めこむ	タメコム
溜める	タメル
溜め塗	タメヌリ
溜め塗り	タメヌリ
溜め息	タメイキ
溜め桶	タメオケ
溜め池	タメイケ
溜め込む	タメコム
溜り場	タマリバ
溜る	タマル
溜塗	タメヌリ
溜塗り	タメヌリ
溜息	タメイキ
溜池	タメイケ
溜込む	タメコム
溜飲	リュウイン
溝川	ドブガワ
溝板	ドブイタ
溝水	ドブミズ
溝浚い	ドブサライ
溝渠	コウキョ
溝鼠	ドブネズミ
溢し	コボシ
溢す	コボス
溢れかえる	アフレカエル
溢れだす	アフレダス
溢れ出す	アフレダス
溢れ出る	アフレデル
溢れ者	アブレモノ
溢れ返る	アフレカエル
溢乳	イツニュウ
溢水	イッスイ
溢流	イツリュウ
溢美	イツビ
溢血	イッケツ
溪谷	ケイコク
溯る	サカノボル
溯上	ソジョウ
溯行	ソコウ
溶かす	トカス
溶きがらし	トキガラシ
溶きほぐす	トキホグス
溶き卵	トキタマゴ
溶き解す	トキホグス
溶く	トク
溶けあう	トケアウ
溶けこむ	トケコム
溶ける	トケル
溶け出す	トケダス
溶け込み	トケコミ
溶け込む	トケコム
溶ろける	トロケル
溶体	ヨウタイ
溶出	ヨウシュツ
溶剤	ヨウザイ
溶媒	ヨウバイ
溶媒和	ヨウバイワ
溶存	ヨウゾン
溶射	ヨウシャ
溶岩	ヨウガン
溶岩流	ヨウガンリュウ
溶岩浴	ヨウガンヨク
溶性	ヨウセイ
溶接	ヨウセツ
溶接工	ヨウセツコウ
溶断	ヨウダン
溶明	ヨウメイ
溶暗	ヨウアン
溶材	ヨウザイ
溶液	ヨウエキ
溶着	ヨウチャク
溶菌	ヨウキン
溶融	ヨウユウ
溶血	ヨウケツ
溶血性連鎖球菌	ヨウケツセイレンサキュウキン
溶解	ヨウカイ
溶解度	ヨウカイド
溶解液	ヨウカイエキ
溶解炉	ヨウカイロ
溶解熱	ヨウカイネツ
溶質	ヨウシツ
溶込む	トケコム
溶連菌	ヨウレンキン
溶鉱炉	ヨウコウロ
溶銑	ヨウセン
溶銑炉	ヨウセンロ
溶食	ヨウショク
溷濁	コンダク
溺らす	オボラス
溺れる	オボレル
溺れ谷	オボレダニ
溺愛	デキアイ
溺死	デキシ
溺水	デキスイ
滂沱	ボウダ
滄浪	ソウロウ
滄海	ソウカイ
滄溟	ソウメイ
滅する	メッスル
滅びる	ホロビル
滅ぶ	ホロブ
滅ぼす	ホロボス
滅亡	メツボウ
滅入る	メイル
滅却	メッキャク
滅多	メッタ
滅多打ち	メッタウチ
滅多矢鱈	メッタヤタラ
滅失	メッシツ
滅度	メツド
滅法	メッポウ
滅相	メッソウ
滅私	メッシ
滅罪	メツザイ
滅茶滅茶	メチャメチャ
滅菌	メッキン
滅裂	メツレツ
滅諦	メッタイ
滅金	メッキ
滋味	ジミ
滋養	ジヨウ
滋養分	ジヨウブン
滑か	ナメラカ
滑らす	スベラス
滑りこむ	スベリコム
滑り下りる	スベリオリル
滑り入る	スベリイル
滑り出し	スベリダシ
滑り出る	スベリデル
滑り台	スベリダイ
滑り棒	スベリボウ
滑り止め	スベリドメ
滑り落ちる	スベリオチル
滑り落とす	スベリオトス
滑り込み	スベリコミ
滑り込む	スベリコム
滑り降りる	スベリオリル
滑剤	カツザイ
滑子	ナメコ
滑液	カツエキ
滑石	カッセキ
滑稽	コッケイ
滑稽本	コッケイボン
滑空	カックウ
滑空機	カックウキ
滑翔	カッショウ
滑脱	カツダツ
滑腔砲	カッコウホウ
滑膜	カツマク
滑舌	カツゼツ
滑茸	ナメタケ
滑莧	スベリヒユ
滑落	カツラク
滑走	カッソウ
滑走路	カッソウロ
滑車	カッシャ
滑降	カッコウ
滑降風	カッコウフウ
滑革	ヌメカワ
滔々	トウトウ
滔滔	トウトウ
滝つぼ	タキツボ
滝口	タキグチ
滝壷	タキツボ
滝壺	タキツボ
滝汗	タキアセ
滝登り	タキノボリ
滝行	タキギョウ
滞り	トドコオリ
滞る	トドコオル
滞京	タイキョウ
滞仏	タイフツ
滞在	タイザイ
滞在国	タイザイコク
滞在期間	タイザイキカン
滞在費	タイザイヒ
滞日	タイニチ
滞欧	タイオウ
滞留	タイリュウ
滞積	タイセキ
滞空	タイクウ
滞米	タイベイ
滞納	タイノウ
滞貨	タイカ
滞陣	タイジン
滲みる	シミル
滲む	ニジム
滲出	シンシュツ
滲出性	シンシュツセイ
滲出性中耳炎	シンシュツセイチュウジエン
滲炭	シンタン
滲透	シントウ
滴々	テキテキ
滴り	シタタリ
滴り落ちる	シタタリオチル
滴る	シタタル
滴下	テキカ
滴定	テキテイ
滴滴	テキテキ
滾々	コンコン
滾る	タギル
滾滾	コンコン
漁り火	イサリビ
漁具	ギョグ
漁労	ギョロウ
漁区	ギョク
漁協	ギョキョウ
漁夫	ギョフ
漁家	ギョカ
漁師	リョウシ
漁撈	ギョロウ
漁村	ギョソン
漁業	ギョギョウ
漁業権	ギョギョウケン
漁業法	ギョギョウホウ
漁業者	ギョギョウシャ
漁民	ギョミン
漁法	ギョホウ
漁港	ギョコウ
漁父	ギョフ
漁猟	ギョリョウ
漁獲	ギョカク
漁獲量	ギョカクリョウ
漁礁	ギョショウ
漁網	ギョモウ
漁船	ギョセン
漁色	ギョショク
漁色家	ギョショクカ
漂う	タダヨウ
漂わす	タダヨワス
漂失	ヒョウシツ
漂泊	ヒョウハク
漂流	ヒョウリュウ
漂流物	ヒョウリュウブツ
漂流記	ヒョウリュウキ
漂浪	ヒョウロウ
漂白	ヒョウハク
漂白剤	ヒョウハクザイ
漂着	ヒョウチャク
漂砂	ヒョウサ
漂鳥	ヒョウチョウ
漆かぶれ	ウルシカブレ
漆喰	シックイ
漆器	シッキ
漆塗り	ウルシヌリ
漆工	シッコウ
漆細工	ウルシザイク
漆絵	ウルシエ
漆芸	シツゲイ
漆負け	ウルシマケ
漆黒	シッコク
漉き	スキ
漉き入れ	スキイレ
漉き返す	スキカエス
漉く	スク
漉し器	コシキ
漉し袋	コシブクロ
漉し餡	コシアン
漉す	コス
漉油	コシアブラ
漉餡	コシアン
漏えい	ロウエイ
漏らす	モラス
漏り	モリ
漏る	モル
漏れ	モレ
漏れる	モレル
漏れ伝わる	モレツタワル
漏れ出す	モレダス
漏れ聞く	モレキク
漏れ落ちる	モレオチル
漏出	ロウシュツ
漏刻	ロウコク
漏水	ロウスイ
漏話	ロウワ
漏電	ロウデン
演し物	ダシモノ
演じる	エンジル
演ずる	エンズル
演る	ヤル
演出	エンシュツ
演出家	エンシュツカ
演劇	エンゲキ
演劇界	エンゲキカイ
演劇部	エンゲキブ
演台	エンダイ
演壇	エンダン
演奏	エンソウ
演奏会	エンソウカイ
演奏家	エンソウカ
演奏者	エンソウシャ
演戯	エンギ
演技	エンギ
演技力	エンギリョク
演曲	エンキョク
演歌	エンカ
演武	エンブ
演目	エンモク
演算	エンザン
演算子	エンザンシ
演練	エンレン
演繹	エンエキ
演繹法	エンエキホウ
演義	エンギ
演習	エンシュウ
演習場	エンシュウジョウ
演習林	エンシュウリン
演者	エンジャ
演能	エンノウ
演舌	エンゼツ
演舞	エンブ
演舞場	エンブジョウ
演色性	エンショクセイ
演芸	エンゲイ
演芸会	エンゲイカイ
演芸場	エンゲイジョウ
演説	エンゼツ
演説会	エンゼツカイ
演説者	エンゼツシャ
演題	エンダイ
漕ぎつける	コギツケル
漕ぎ付ける	コギツケル
漕ぎ出す	コギダス
漕ぎ寄せる	コギヨセル
漕ぎ手	コギテ
漕ぎ着ける	コギツケル
漕ぐ	コグ
漕着ける	コギツケル
漕艇	ソウテイ
漕艇場	ソウテイジョウ
漠々	バクバク
漠漠	バクバク
漠然	バクゼン
漢代	カンダイ
漢名	カンメイ
漢和	カンワ
漢土	カンド
漢奸	カンカン
漢字	カンジ
漢字圏	カンジケン
漢学者	カンガクシャ
漢心	カラゴコロ
漢意	カラゴコロ
漢数字	カンスウジ
漢文	カンブン
漢文典	カンブンテン
漢文学	カンブンガク
漢文法	カンブンポウ
漢方	カンポウ
漢方医	カンポウイ
漢方薬	カンポウヤク
漢族	カンゾク
漢気	オトコギ
漢籍	カンセキ
漢薬	カンヤク
漢訳	カンヤク
漢語	カンゴ
漢音	カンオン
漣痕	レンコン
漫々	マンマン
漫り	ミダリ
漫ろ歩き	ソゾロアルキ
漫ろ言	ソゾロゴト
漫喫	マンキツ
漫才	マンザイ
漫才師	マンザイシ
漫文	マンブン
漫歩	マンポ
漫漫	マンマン
漫然	マンゼン
漫画	マンガ
漫画化	マンガカ
漫画喫茶	マンガキッサ
漫画家	マンガカ
漫画雑誌	マンガザッシ
漫研	マンケン
漫筆	マンピツ
漫罵	マンバ
漫言	マンゲン
漫評	マンピョウ
漫語	マンゴ
漫読	マンドク
漫談	マンダン
漫談家	マンダンカ
漫遊	マンユウ
漫録	マンロク
漬かる	ツカル
漬けもの	ツケモノ
漬ける	ツケル
漬け物	ツケモノ
漬け菜	ツケナ
漬け込む	ツケコム
漬物	ツケモノ
漲る	ミナギル
漸々	ゼンゼン
漸う	ヨウヨウ
漸く	ヨウヤク
漸と	ヤット
漸化式	ゼンカシキ
漸増	ゼンゾウ
漸層法	ゼンソウホウ
漸悟	ゼンゴ
漸次	ゼンジ
漸減	ゼンゲン
漸落	ゼンラク
漸近	ゼンキン
漸近線	ゼンキンセン
漸進	ゼンシン
漸進的	ゼンシンテキ
漿剤	ショウザイ
漿果	ショウカ
漿液	ショウエキ
漿膜	ショウマク
潅ぐ	ソソグ
潅木	カンボク
潅水	カンスイ
潅流	カンリュウ
潅漑	カンガイ
潑剌	ハツラツ
潔い	イサギヨイ
潔し	イサギヨシ
潔斎	ケッサイ
潔癖	ケッペキ
潔癖症	ケッペキショウ
潔白	ケッパク
潜む	ヒソム
潜める	ヒソメル
潜りこむ	モグリコム
潜り戸	クグリド
潜り抜ける	クグリヌケル
潜り門	クグリモン
潜伏	センプク
潜伏期	センプクキ
潜像	センゾウ
潜入	センニュウ
潜函	センカン
潜函病	センカンビョウ
潜勢力	センセイリョク
潜在	センザイ
潜在力	センザイリョク
潜在的	センザイテキ
潜在能力	センザイノウリョク
潜心	センシン
潜時	センジ
潜望鏡	センボウキョウ
潜水	センスイ
潜水器	センスイキ
潜水士	センスイシ
潜水夫	センスイフ
潜水服	センスイフク
潜水病	センスイビョウ
潜水艇	センスイテイ
潜水艦	センスイカン
潜熱	センネツ
潜脱	センダツ
潜航	センコウ
潜航艇	センコウテイ
潜舵	センダ
潜血	センケツ
潜行	センコウ
潜門	クグリモン
潟湖	セキコ
潤い	ウルオイ
潤う	ウルオウ
潤す	ウルオス
潤びる	ホトビル
潤み	ウルミ
潤む	ウルム
潤沢	ジュンタク
潤滑	ジュンカツ
潤滑剤	ジュンカツザイ
潤滑油	ジュンカツユ
潤目鰯	ウルメイワシ
潤色	ジュンショク
潮だまり	シオダマリ
潮どき	シオドキ
潮位	チョウイ
潮先	シオサキ
潮入り	シオイリ
潮力	チョウリョク
潮合	シオアイ
潮合い	シオアイ
潮吹き	シオフキ
潮垂れる	シオタレル
潮境	シオザカイ
潮害	チョウガイ
潮差	チョウサ
潮干狩	シオヒガリ
潮干狩り	シオヒガリ
潮待ち	シオマチ
潮招き	シオマネキ
潮時	シオドキ
潮気	シオケ
潮水	シオミズ
潮汐	チョウセキ
潮汐力	チョウセキリョク
潮汐表	チョウセキヒョウ
潮汲み	シオクミ
潮流	チョウリュウ
潮湯	シオユ
潮溜まり	シオダマリ
潮溜り	シオダマリ
潮瀬	シオセ
潮焼け	シオヤケ
潮煙	シオケムリ
潮煮	ウシオニ
潮目	シオメ
潮解	チョウカイ
潮足	シオアシ
潮路	シオジ
潮間帯	チョウカンタイ
潮音	チョウオン
潮風	シオカゼ
潰え	ツイエ
潰える	ツイエル
潰し餡	ツブシアン
潰れ	ツブレ
潰れる	ツブレル
潰乱	カイラン
潰滅	カイメツ
潰瘍	カイヨウ
潰走	カイソウ
潸然	サンゼン
潺々	センセン
潺湲	センカン
澄し汁	スマシジル
澄まし	スマシ
澄ましこむ	スマシコム
澄まし屋	スマシヤ
澄まし汁	スマシジル
澄まし込む	スマシコム
澄まし顔	スマシガオ
澄ます	スマス
澄む	スム
澄明	チョウメイ
澆季	ギョウキ
澎湃	ホウハイ
澱粉	デンプン
激うま	ゲキウマ
激かわ	ゲキカワ
激しい	ハゲシイ
激す	ゲキス
激する	ゲキスル
激むず	ゲキムズ
激やせ	ゲキヤセ
激やば	ゲキヤバ
激ウマ	ゲキウマ
激ムズ	ゲキムズ
激ヤセ	ゲキヤセ
激ヤバ	ゲキヤバ
激似	ゲキニ
激写	ゲキシャ
激励	ゲキレイ
激動	ゲキドウ
激務	ゲキム
激増	ゲキゾウ
激変	ゲキヘン
激太り	ゲキブトリ
激安	ゲキヤス
激怒	ゲキド
激情	ゲキジョウ
激憤	ゲキフン
激戦	ゲキセン
激戦区	ゲキセンク
激戦地	ゲキセンチ
激旨	ゲキウマ
激暑	ゲキショ
激毒	ゲキドク
激流	ゲキリュウ
激浪	ゲキロウ
激混み	ゲキコミ
激減	ゲキゲン
激烈	ゲキレツ
激甚	ゲキジン
激症	ゲキショウ
激痛	ゲキツウ
激痩せ	ゲキヤセ
激発	ゲキハツ
激白	ゲキハク
激突	ゲキトツ
激職	ゲキショク
激臭	ゲキシュウ
激語	ゲキゴ
激論	ゲキロン
激賞	ゲキショウ
激走	ゲキソウ
激越	ゲキエツ
激辛	ゲキカラ
激闘	ゲキトウ
激震	ゲキシン
濁す	ニゴス
濁り	ニゴリ
濁り水	ニゴリミズ
濁り江	ニゴリエ
濁り酒	ニゴリザケ
濁る	ニゴル
濁度	ダクド
濁水	ダクスイ
濁流	ダクリュウ
濁点	ダクテン
濁醪	ドブロク
濁音	ダクオン
濃い	コイ
濃いめ	コイメ
濃い口	コイクチ
濃い口醤油	コイクチショウユ
濃い茶	コイチャ
濃やか	コマヤカ
濃ゆい	コユイ
濃化	ノウカ
濃厚	ノウコウ
濃厚接触	ノウコウセッショク
濃厚接触者	ノウコウセッショクシャ
濃口	コイクチ
濃口醤油	コイクチショウユ
濃密	ノウミツ
濃度	ノウド
濃淡	ノウタン
濃煙	ノウエン
濃硫酸	ノウリュウサン
濃紫	コムラサキ
濃紺	ノウコン
濃縮	ノウシュク
濃艶	ノウエン
濃茶	コイチャ
濃集	ノウシュウ
濃霧	ノウム
濛々	モウモウ
濛気	モウキ
濛濛	モウモウ
濟む	スム
濡らす	ヌラス
濡れ	ヌレ
濡れそぼつ	ヌレソボツ
濡れねずみ	ヌレネズミ
濡れる	ヌレル
濡れ事	ヌレゴト
濡れ仏	ヌレボトケ
濡れ光る	ヌレヒカル
濡れ場	ヌレバ
濡れ手	ヌレテ
濡れ濡れ	ヌレヌレ
濡れ縁	ヌレエン
濡れ色	ヌレイロ
濡れ髪	ヌレガミ
濡れ鼠	ヌレネズミ
濡事	ヌレゴト
濡場	ヌレバ
濡縁	ヌレエン
濡髪	ヌレガミ
濤声	トウセイ
濫り	ミダリ
濫りがましい	ミダリガマシイ
濫りがわしい	ミダリガワシイ
濫伐	ランバツ
濫作	ランサク
濫掘	ランクツ
濫獲	ランカク
濫用	ランヨウ
濫発	ランパツ
濫立	ランリツ
濫觴	ランショウ
濫訴	ランソ
濫読	ランドク
濫費	ランピ
濫造	ランゾウ
濶歩	カッポ
濶達	カッタツ
濾し布	コシヌノ
濾す	コス
濾材	ロザイ
濾水	ロスイ
濾液	ロエキ
濾胞	ロホウ
濾過	ロカ
濾過器	ロカキ
瀆職	トクショク
瀉剤	シャザイ
瀉痢	シャリ
瀉血	シャケツ
瀑布	バクフ
瀕する	ヒンスル
瀕死	ヒンシ
瀝青炭	レキセイタン
瀟洒	ショウシャ
瀬切れ	セギレ
瀬戸	セト
瀬戸もの	セトモノ
瀬戸物	セトモノ
瀬戸際	セトギワ
瀬田蜆	セタシジミ
瀬踏み	セブミ
瀰漫	ビマン
灌ぐ	ソソグ
灌木	カンボク
灌水	カンスイ
灌流	カンリュウ
灌漑	カンガイ
灌腸	カンチョウ
火あそび	ヒアソビ
火あぶり	ヒアブリ
火おけ	ヒオケ
火おこし	ヒオコシ
火かき	ヒカキ
火だるま	ヒダルマ
火つけ	ヒツケ
火ともし	ヒトモシ
火のし	ヒノシ
火の元	ヒノモト
火の手	ヒノテ
火の玉	ヒノタマ
火の番	ヒノバン
火の見	ヒノミ
火の車	ヒノクルマ
火ばさみ	ヒバサミ
火ばし	ヒバシ
火ぶくれ	ヒブクレ
火ぶた	ヒブタ
火もち	ヒモチ
火よけ	ヒヨケ
火事	カジ
火事場	カジバ
火付	ヒツケ
火付き	ヒツキ
火付け	ヒツケ
火付け役	ヒツケヤク
火保ち	ヒモチ
火偏	ヒヘン
火元	ヒモト
火光	カコウ
火入れ	ヒイレ
火切り	ヒキリ
火刑	カケイ
火力	カリョク
火力発電	カリョクハツデン
火加減	ヒカゲン
火勢	カセイ
火取	ヒトリ
火口湖	カコウコ
火器	カキ
火夫	カフ
火宅	カタク
火屋	ホヤ
火山	カザン
火山学	カザンガク
火山岩	カザンガン
火山島	カザントウ
火山帯	カザンタイ
火山弾	カザンダン
火山湖	カザンコ
火山灰	カザンバイ
火山砕屑物	カザンサイセツブツ
火山礫	カザンレキ
火工品	カコウヒン
火床	ヒドコ
火影	ホカゲ
火急	カキュウ
火成岩	カセイガン
火手	カシュ
火打ち石	ヒウチイシ
火打石	ヒウチイシ
火持ち	ヒモチ
火掻	ヒカキ
火搔き	ヒカキ
火攻め	ヒゼメ
火曜	カヨウ
火曜日	カヨウビ
火柱	ヒバシラ
火桶	ヒオケ
火消し役	ヒケシヤク
火消役	ヒケシヤク
火渡り	ヒワタリ
火災	カサイ
火災保険	カサイホケン
火災報知器	カサイホウチキ
火災警報	カサイケイホウ
火災警報器	カサイケイホウキ
火炉	カロ
火炎	カエン
火炎瓶	カエンビン
火炙り	ヒアブリ
火点し	ヒトモシ
火焔	カエン
火焔菜	カエンサイ
火焙り	ヒアブリ
火照り	ホテリ
火照る	ホテル
火熨斗	ヒノシ
火熱	カネツ
火玉	ヒダマ
火球	カキュウ
火田	カデン
火田民	カデンミン
火皿	ヒザラ
火砕流	カサイリュウ
火砲	カホウ
火祭	ヒマツリ
火祭り	ヒマツリ
火移り	ヒウツリ
火種	ヒダネ
火糞	ホクソ
火線	カセン
火縄	ヒナワ
火縄銃	ヒナワジュウ
火脚	ヒアシ
火脹れ	ヒブクレ
火膨れ	ヒブクレ
火色	ヒイロ
火花	ヒバナ
火葬	カソウ
火葬場	カソウバ
火蓋	ヒブタ
火薬	カヤク
火薬庫	カヤクコ
火蜥蜴	ヒトカゲ
火蟻	ヒアリ
火袋	ヒブクロ
火責め	ヒゼメ
火起こし	ヒオコシ
火起し	ヒオコシ
火足	ヒアシ
火車	カシャ
火造り	ヒヅクリ
火遁	カトン
火遊び	ヒアソビ
火達磨	ヒダルマ
火酒	カシュ
火鉢	ヒバチ
火鑽	ヒキリ
火鑽り	ヒキリ
火除け	ヒヨケ
火難	カナン
火食鳥	ヒクイドリ
灯し火	トモシビ
灯下	トウカ
灯光	トウコウ
灯台	トウダイ
灯明	トウミョウ
灯標	トウヒョウ
灯油	トウユ
灯籠流し	トウロウナガシ
灯芯	トウシン
灰かぐら	ハイカグラ
灰かぶり	ハイカブリ
灰分	カイブン
灰吹き	ハイフキ
灰吹法	ハイフキホウ
灰均し	ハイナラシ
灰塵	カイジン
灰殻	ハイガラ
灰汁	アク
灰汁巻	アクマキ
灰汁巻き	アクマキ
灰汁抜き	アクヌキ
灰汁抜け	アクヌケ
灰汁洗い	アクアライ
灰燼	カイジン
灰白	カイハク
灰白色	カイハクショク
灰白質	カイハクシツ
灰皿	ハイザラ
灰神楽	ハイカグラ
灰篩	ハイフルイ
灰色熊	ハイイログマ
灰落し	ハイオトシ
灰落とし	ハイオトシ
灰貝	ハイガイ
灸師	キュウシ
灸治	キュウジ
灸点	キュウテン
灼く	ヤク
灼ける	ヤケル
灼熱	シャクネツ
災い	ワザワイ
災厄	サイヤク
災害	サイガイ
災害対策基本法	サイガイタイサクキホンホウ
災害救助犬	サイガイキュウジョケン
災害補償	サイガイホショウ
災害見舞金	サイガイミマイキン
災異	サイイ
災禍	サイカ
災難	サイナン
炉塞ぎ	ロフサギ
炉壁	ロヘキ
炉床	ロショウ
炉座	ロザ
炉心	ロシン
炉棚	ロダナ
炉端	ロバタ
炉辺	ロヘン
炉開き	ロビラキ
炊きあがる	タキアガル
炊きあげる	タキアゲル
炊きたて	タキタテ
炊き上がる	タキアガル
炊き上げる	タキアゲル
炊き上る	タキアガル
炊き出し	タキダシ
炊き出す	タキダス
炊き合せ	タキアワセ
炊き合わせ	タキアワセ
炊き立て	タキタテ
炊き込み	タキコミ
炊き込みごはん	タキコミゴハン
炊き込みご飯	タキコミゴハン
炊き込み御飯	タキコミゴハン
炊き込む	タキコム
炊く	タク
炊ぐ	カシグ
炊ける	タケル
炊さん	スイサン
炊上がる	タキアガル
炊事	スイジ
炊事場	スイジバ
炊出し	タキダシ
炊合わせ	タキアワセ
炊夫	スイフ
炊婦	スイフ
炊煙	スイエン
炊爨	スイサン
炊込みご飯	タキコミゴハン
炊込み御飯	タキコミゴハン
炊飯	スイハン
炊飯器	スイハンキ
炎々	エンエン
炎上	エンジョウ
炎夏	エンカ
炎天	エンテン
炎天下	エンテンカ
炎威	エンイ
炎昼	エンチュウ
炎暑	エンショ
炎炎	エンエン
炎熱	エンネツ
炎症	エンショウ
炎色	エンショク
炒まる	イタマル
炒め	イタメ
炒めもの	イタメモノ
炒める	イタメル
炒め御飯	イタメゴハン
炒め煮	イタメニ
炒め物	イタメモノ
炒り付ける	イリツケル
炒り卵	イリタマゴ
炒り子	イリコ
炒り煮	イリニ
炒り米	イリゴメ
炒り粉	イリコ
炒り胡麻	イリゴマ
炒り豆	イリマメ
炒る	イル
炒豆	イリマメ
炒飯	チャーハン
炙り出し	アブリダシ
炙り出す	アブリダス
炙る	アブル
炬燵記事	コタツキジ
炭じん	タンジン
炭そ	タンソ
炭カル	タンカル
炭俵	スミダワラ
炭化	タンカ
炭化物	タンカブツ
炭取	スミトリ
炭取り	スミトリ
炭団	タドン
炭坑	タンコウ
炭塵	タンジン
炭屋	スミヤ
炭層	タンソウ
炭手前	スミテマエ
炭斗	スミトリ
炭材	タンザイ
炭柱	タンチュウ
炭殻	タンガラ
炭水化物	タンスイカブツ
炭水車	タンスイシャ
炭火	スミビ
炭焼	スミヤキ
炭焼き	スミヤキ
炭田	タンデン
炭疽	タンソ
炭疽病	タンソビョウ
炭疽菌	タンソキン
炭礦	タンコウ
炭窯	スミガマ
炭竈	スミガマ
炭素	タンソ
炭素中立	タンソチュウリツ
炭素繊維	タンソセンイ
炭素鋼	タンソコウ
炭質	タンシツ
炭車	タンシャ
炭酸	タンサン
炭酸水	タンサンスイ
炭酸泉	タンサンセン
炭酸鉛	タンサンナマリ
炭酸飲料	タンサンインリョウ
炭鉱	タンコウ
炯々	ケイケイ
炯炯	ケイケイ
炯然	ケイゼン
炯眼	ケイガン
炳乎	ヘイコ
炷く	タク
炸薬	サクヤク
炸裂	サクレツ
点じる	テンジル
点ずる	テンズル
点てる	タテル
点取り	テントリ
点取り虫	テントリムシ
点呼	テンコ
点在	テンザイ
点字	テンジ
点対称	テンタイショウ
点差	テンサ
点描	テンビョウ
点描画	テンビョウガ
点播	テンパ
点数	テンスウ
点景	テンケイ
点棒	テンボウ
点検	テンケン
点滅	テンメツ
点滴	テンテキ
点火薬	テンカヤク
点灯	テントウ
点灯管	テントウカン
点眼	テンガン
点眼剤	テンガンザイ
点眼水	テンガンスイ
点眼薬	テンガンヤク
点睛	テンセイ
点線	テンセン
点者	テンジャ
点耳	テンジ
点耳薬	テンジヤク
点薬	テンヤク
点訳	テンヤク
点頭	テントウ
点鬼簿	テンキボ
点鼻	テンビ
点鼻薬	テンビヤク
為さい	ナサイ
為さる	ナサル
為される	ナサレル
為し遂げる	ナシトゲル
為す	ナス
為め	タメ
為り	ナリ
為り変わる	ナリカワル
為人	ヒトトナリ
為付ける	シツケル
為体	テイタラク
為出かす	シデカス
為所	シドコロ
為政	イセイ
為政者	イセイシャ
為書	タメガキ
為書き	タメガキ
為替レート	カワセレート
為替市場	カワセシジョウ
為替手形	カワセテガタ
為替相場	カワセソウバ
為様	シザマ
為残し	シノコシ
為残す	シノコス
為済ます	シスマス
為留める	シトメル
為直す	シナオス
為筋	タメスジ
為終える	シオエル
為遂げる	シトゲル
為銀	タメギン
炻器	セッキ
烈々	レツレツ
烈しい	ハゲシイ
烈士	レッシ
烈女	レツジョ
烈婦	レップ
烈日	レツジツ
烈火	レッカ
烈烈	レツレツ
烈震	レッシン
烈風	レップウ
烏兎	ウト
烏口骨	ウコウコツ
烏合	ウゴウ
烏天狗	カラステング
烏帽子	エボシ
烏座	カラスザ
烏揚羽	カラスアゲハ
烏有	ウユウ
烏柄杓	カラスビシャク
烏梅	ウバイ
烏滸	オコ
烏滸がましい	オコガマシイ
烏猫	カラスネコ
烏瓜	カラスウリ
烏竜	ウーロン
烏竜茶	ウーロンチャ
烏羽玉	ウバタマ
烏蛇	カラスヘビ
烏貝	カラスガイ
烏賊	イカ
烏賊墨	イカスミ
烏賊焼き	イカヤキ
烏賊飯	イカメシ
烏金	カラスガネ
烏頭	ウズ
烏鳴き	カラスナキ
烏鷺	ウロ
烏麦	カラスムギ
烏龍	ウーロン
烙印	ラクイン
烟波	エンパ
烟霞	エンカ
烱々	ケイケイ
烹る	ニル
烹炊	ホウスイ
焉んぞ	イズクンゾ
焔硝	エンショウ
焙じる	ホウジル
焙じ茶	ホウジチャ
焙ずる	ホウズル
焙り出し	アブリダシ
焙る	アブル
焙炉	ホイロ
焙焼	バイショウ
焙焼炉	バイショウロ
焙煎	バイセン
焙煎豆	バイセンマメ
焚きつけ	タキツケ
焚きつける	タキツケル
焚き上げ	タキアゲ
焚き付け	タキツケ
焚き付ける	タキツケル
焚き出し	タキダシ
焚き出す	タキダス
焚き口	タキグチ
焚き木	タキギ
焚き染める	タキシメル
焚き火	タキビ
焚き物	タキモノ
焚き落とし	タキオトシ
焚べる	クベル
焚付	タキツケ
焚付け	タキツケ
焚出し	タキダシ
焚刑	フンケイ
焚口	タキグチ
焚掠	フンリャク
焚書	フンショ
焚火	タキビ
焚物	タキモノ
焚落し	タキオトシ
焜炉	コンロ
無い	ナイ
無い無い	ナイナイ
無かれ	ナカレ
無かろう	ナカロウ
無き	ナキ
無きゃ	ナキャ
無くす	ナクス
無くなす	ナクナス
無くなる	ナクナル
無けなし	ナケナシ
無けりゃ	ナケリャ
無し	ナシ
無みする	ナミスル
無りん	ムリン
無一文	ムイチモン
無上	ムジョウ
無下	ムゲ
無主	ムシュ
無事	ブジ
無事故	ムジコ
無二	ムニ
無人化	ムジンカ
無人島	ムジントウ
無人機	ムジンキ
無人航空機	ムジンコウクウキ
無人駅	ムジンエキ
無任所	ムニンショ
無休	ムキュウ
無伴奏	ムバンソウ
無位	ムイ
無住	ムジュウ
無体	ムタイ
無体物	ムタイブツ
無作法	ブサホウ
無作為	ムサクイ
無価	ムカ
無価値	ムカチ
無修正	ムシュウセイ
無偏	ムヘン
無傷	ムキズ
無償	ムショウ
無償化	ムショウカ
無免	ムメン
無免許	ムメンキョ
無党派	ムトウハ
無冠	ムカン
無分別	ムフンベツ
無利子	ムリシ
無利息	ムリソク
無制限	ムセイゲン
無力	ムリョク
無力感	ムリョクカン
無効	ムコウ
無効化	ムコウカ
無効票	ムコウヒョウ
無化	ムカ
無化調	ムカチョウ
無医村	ムイソン
無印	ムジルシ
無双窓	ムソウマド
無反応	ムハンノウ
無収入	ムシュウニュウ
無名	ムメイ
無名指	ムメイシ
無名氏	ムメイシ
無告	ムコク
無味	ムミ
無国籍	ムコクセキ
無地	ムジ
無垢	ムク
無垢材	ムクザイ
無報酬	ムホウシュウ
無声	ムセイ
無声化	ムセイカ
無声音	ムセイオン
無始	ムシ
無媒介	ムバイカイ
無季	ムキ
無学	ムガク
無安打	ムアンダ
無宗教	ムシュウキョウ
無官	ムカン
無定形	ムテイケイ
無定見	ムテイケン
無実	ムジツ
無害	ムガイ
無害化	ムガイカ
無宿	ムシュク
無尽	ムジン
無尽蔵	ムジンゾウ
無尽講	ムジンコウ
無尾類	ムビルイ
無尿	ムニョウ
無届	ムトドケ
無届け	ムトドケ
無差別	ムサベツ
無常	ムジョウ
無常観	ムジョウカン
無帽	ムボウ
無形	ムケイ
無影灯	ムエイトウ
無役	ムヤク
無得点	ムトクテン
無徳	ムトク
無心	ムシン
無恥	ムチ
無患子	ムクロジ
無情	ムジョウ
無惨	ムザン
無想	ムソウ
無意	ムイ
無意味	ムイミ
無意義	ムイギ
無意識	ムイシキ
無意識的	ムイシキテキ
無愛嬌	ブアイキョウ
無愛敬	ブアイキョウ
無感覚	ムカンカク
無慈悲	ムジヒ
無慙	ムザン
無慚	ムザン
無慮	ムリョ
無慾	ムヨク
無我	ムガ
無我夢中	ムガムチュウ
無所属	ムショゾク
無所得	ムショトク
無手	ムテ
無才	ムサイ
無投票	ムトウヒョウ
無抵抗	ムテイコウ
無担保	ムタンポ
無援	ムエン
無政府	ムセイフ
無政府主義	ムセイフシュギ
無政府主義者	ムセイフシュギシャ
無政府状態	ムセイフジョウタイ
無敗	ムハイ
無敵	ムテキ
無文	ムモン
無料	ムリョウ
無料化	ムリョウカ
無料版	ムリョウバン
無断	ムダン
無断欠勤	ムダンケッキン
無断欠席	ムダンケッセキ
無明	ムミョウ
無智	ムチ
無暗	ムヤミ
無月	ムゲツ
無月経	ムゲッケイ
無期刑	ムキケイ
無期懲役	ムキチョウエキ
無期転換	ムキテンカン
無期限	ムキゲン
無期雇用	ムキコヨウ
無条件	ムジョウケン
無果汁	ムカジュウ
無根	ムコン
無業	ムギョウ
無様	ブザマ
無標	ムヒョウ
無機	ムキ
無機物	ムキブツ
無機質	ムキシツ
無機酸	ムキサン
無欠	ムケツ
無欲	ムヨク
無死	ムシ
無残	ムザン
無段	ムダン
無毒	ムドク
無比	ムヒ
無毛	ムモウ
無気力	ムキリョク
無気味	ブキミ
無気肺	ムキハイ
無水	ムスイ
無水物	ムスイブツ
無水鍋	ムスイナベ
無沙汰	ブサタ
無法	ムホウ
無法地帯	ムホウチタイ
無洗米	ムセンマイ
無派閥	ムハバツ
無添加	ムテンカ
無灯	ムトウ
無為	ムイ
無煙	ムエン
無煙炭	ムエンタン
無熱	ムネツ
無燐	ムリン
無理	ムリ
無理からぬ	ムリカラヌ
無理やり	ムリヤリ
無理数	ムリスウ
無理矢理	ムリヤリ
無理筋	ムリスジ
無理解	ムリカイ
無理遣り	ムリヤリ
無生物	ムセイブツ
無産	ムサン
無用	ムヨウ
無用心	ブヨウジン
無番地	ムバンチ
無疵	ムキズ
無病	ムビョウ
無症状	ムショウジョウ
無症状感染	ムショウジョウカンセン
無痛	ムツウ
無癡	ムチ
無知	ムチ
無碍	ムゲ
無礙	ムゲ
無礼者	ブレイモノ
無礼講	ブレイコウ
無神経	ムシンケイ
無神論	ムシンロン
無私	ムシ
無秩序	ムチツジョ
無税	ムゼイ
無稽	ムケイ
無窮	ムキュウ
無筆	ムヒツ
無策	ムサク
無節操	ムセッソウ
無籍	ムセキ
無精ひげ	ブショウヒゲ
無精卵	ムセイラン
無精髭	ブショウヒゲ
無糖	ムトウ
無給	ムキュウ
無線	ムセン
無線機	ムセンキ
無縁	ムエン
無縁仏	ムエンボトケ
無缺	ムケツ
無罪	ムザイ
無考え	ムカンガエ
無職者	ムショクシャ
無能	ムノウ
無能力	ムノウリョク
無脊椎動物	ムセキツイドウブツ
無腰	ムゴシ
無自覚	ムジカク
無臭	ムシュウ
無色	ムショク
無芸	ムゲイ
無茶苦茶	ムチャクチャ
無菌	ムキン
無菌室	ムキンシツ
無菌性	ムキンセイ
無蓋	ムガイ
無蓋車	ムガイシャ
無血	ムケツ
無表情	ムヒョウジョウ
無視	ムシ
無観客	ムカンキャク
無観客試合	ムカンキャクジアイ
無言劇	ムゴンゲキ
無計画	ムケイカク
無記名	ムキメイ
無許可	ムキョカ
無試験	ムシケン
無認可	ムニンカ
無調	ムチョウ
無調整豆乳	ムチョウセイトウニュウ
無調法	ブチョウホウ
無論	ムロン
無謀	ムボウ
無謬	ムビュウ
無責任	ムセキニン
無賃	ムチン
無資格	ムシカク
無趣味	ムシュミ
無足類	ムソクルイ
無躾	ブシツケ
無軌道	ムキドウ
無辜	ムコ
無農薬	ムノウヤク
無辺	ムヘン
無造作	ムゾウサ
無遠慮	ブエンリョ
無邪気	ムジャキ
無配	ムハイ
無配当	ムハイトウ
無重力	ムジュウリョク
無重量	ムジュウリョウ
無量	ムリョウ
無鉄砲	ムテッポウ
無鉛	ムエン
無銘	ムメイ
無銭	ムセン
無鑑査	ムカンサ
無関係	ムカンケイ
無関心	ムカンシン
無闇	ムヤミ
無闇矢鱈	ムヤミヤタラ
無防備	ムボウビ
無限	ムゲン
無限大	ムゲンダイ
無限小	ムゲンショウ
無限責任	ムゲンセキニン
無限軌道	ムゲンキドウ
無雑	ムザツ
無難	ブナン
無電	ムデン
無響室	ムキョウシツ
無頼派	ブライハ
無頼漢	ブライカン
無題	ムダイ
無顎類	ムガクルイ
無類	ムルイ
無風	ムフウ
無風帯	ムフウタイ
無風流	ブフウリュウ
無駄	ムダ
無駄づかい	ムダヅカイ
無駄使い	ムダヅカイ
無駄口	ムダグチ
無駄吠え	ムダボエ
無駄死に	ムダジニ
無駄毛	ムダゲ
無駄花	ムダバナ
無駄話	ムダバナシ
無駄足	ムダアシ
無駄遣い	ムダヅカイ
無駄金	ムダガネ
無駄食い	ムダグイ
無駄飯	ムダメシ
無駄骨	ムダボネ
無骨	ブコツ
焦がし	コガシ
焦がす	コガス
焦がれる	コガレル
焦げ	コゲ
焦げくさい	コゲクサイ
焦げつく	コゲツク
焦げる	コゲル
焦げ付き	コゲツキ
焦げ付く	コゲツク
焦げ目	コゲメ
焦げ臭い	コゲクサイ
焦げ茶	コゲチャ
焦げ跡	コゲアト
焦らす	ジラス
焦り	アセリ
焦る	アセル
焦れったい	ジレッタイ
焦土	ショウド
焦心	ショウシン
焦慮	ショウリョ
焦点	ショウテン
焦熱	ショウネツ
焦燥	ショウソウ
焦燥感	ショウソウカン
焦眉	ショウビ
焦臭い	コゲクサイ
焦茶	コゲチャ
焦躁	ショウソウ
然う	ソウ
然う然う	ソウソウ
然したる	サシタル
然しも	サシモ
然り	シカリ
然りとて	サリトテ
然様	サヨウ
然程	サホド
然諾	ゼンダク
焼きあがる	ヤキアガル
焼きあげる	ヤキアゲル
焼きいも	ヤキイモ
焼きうどん	ヤキウドン
焼きおにぎり	ヤキオニギリ
焼きおむすび	ヤキオムスビ
焼きぐり	ヤキグリ
焼きごて	ヤキゴテ
焼きそば	ヤキソバ
焼きたて	ヤキタテ
焼きつき	ヤキツキ
焼きつく	ヤキツク
焼きつけ	ヤキツケ
焼きつける	ヤキツケル
焼きなす	ヤキナス
焼きなまし	ヤキナマシ
焼きのり	ヤキノリ
焼きはまぐり	ヤキハマグリ
焼きはらう	ヤキハラウ
焼きむら	ヤキムラ
焼きもち	ヤキモチ
焼きもの	ヤキモノ
焼きナス	ヤキナス
焼きハマグリ	ヤキハマグリ
焼きムラ	ヤキムラ
焼き上がる	ヤキアガル
焼き上げる	ヤキアゲル
焼き上る	ヤキアガル
焼き串	ヤキグシ
焼き付き	ヤキツキ
焼き付く	ヤキツク
焼き付け	ヤキツケ
焼き付ける	ヤキツケル
焼き入れ	ヤキイレ
焼き刃	ヤキバ
焼き切る	ヤキキル
焼き印	ヤキイン
焼き型	ヤキガタ
焼き場	ヤキバ
焼き塩	ヤキシオ
焼き増し	ヤキマシ
焼き御握り	ヤキオニギリ
焼き戻し	ヤキモドシ
焼き打ち	ヤキウチ
焼き捨てる	ヤキステル
焼き接ぎ	ヤキツギ
焼き斑	ヤキムラ
焼き杉	ヤキスギ
焼き栗	ヤキグリ
焼き殺す	ヤキコロス
焼き海苔	ヤキノリ
焼き物	ヤキモノ
焼き目	ヤキメ
焼き直し	ヤキナオシ
焼き直す	ヤキナオス
焼き石	ヤキイシ
焼き立て	ヤキタテ
焼き絵	ヤキエ
焼き網	ヤキアミ
焼き肉	ヤキニク
焼き肴	ヤキザカナ
焼き色	ヤキイロ
焼き芋	ヤキイモ
焼き茄子	ヤキナス
焼き蕎麦	ヤキソバ
焼き蛤	ヤキハマグリ
焼き討ち	ヤキウチ
焼き豆腐	ヤキドウフ
焼き金	ヤキガネ
焼き鈍し	ヤキナマシ
焼き鈍す	ヤキナマス
焼き鏝	ヤキゴテ
焼き飯	ヤキメシ
焼き餃子	ヤキギョーザ
焼き餅	ヤキモチ
焼き魚	ヤキザカナ
焼き鳥	ヤキトリ
焼き麩	ヤキフ
焼け	ヤケ
焼けこげ	ヤケコゲ
焼けこげる	ヤケコゲル
焼けただれる	ヤケタダレル
焼けつく	ヤケツク
焼ける	ヤケル
焼け付く	ヤケツク
焼け太り	ヤケブトリ
焼け失せる	ヤケウセル
焼け山	ヤケヤマ
焼け死ぬ	ヤケシヌ
焼け残る	ヤケノコル
焼け焦げ	ヤケコゲ
焼け焦げる	ヤケコゲル
焼け爛れる	ヤケタダレル
焼け石	ヤケイシ
焼け穴	ヤケアナ
焼け落ちる	ヤケオチル
焼け跡	ヤケアト
焼け野	ヤケノ
焼け食い	ヤケグイ
焼そば	ヤキソバ
焼のり	ヤキノリ
焼べる	クベル
焼串	ヤキグシ
焼付く	ヤキツク
焼付け	ヤキツケ
焼付ける	ヤキツケル
焼入れ	ヤキイレ
焼刃	ヤキバ
焼印	ヤキイン
焼却	ショウキャク
焼却灰	ショウキャクバイ
焼却炉	ショウキャクロ
焼土	ショウド
焼型	ヤキガタ
焼場	ヤキバ
焼塩	ヤキシオ
焼増し	ヤキマシ
焼失	ショウシツ
焼夷	ショウイ
焼夷弾	ショウイダン
焼尽	ショウジン
焼成	ショウセイ
焼戻し	ヤキモドシ
焼打	ヤキウチ
焼打ち	ヤキウチ
焼損	ショウソン
焼杉	ヤキスギ
焼栗	ヤキグリ
焼死	ショウシ
焼死体	ショウシタイ
焼殺	ショウサツ
焼海苔	ヤキノリ
焼灼	ショウシャク
焼結	ショウケツ
焼網	ヤキアミ
焼肉	ヤキニク
焼肴	ヤキザカナ
焼色	ヤキイロ
焼芋	ヤキイモ
焼討	ヤキウチ
焼討ち	ヤキウチ
焼跡	ヤケアト
焼身	ショウシン
焼鈍	ショウドン
焼鈍し	ヤキナマシ
焼鏝	ヤキゴテ
焼飯	ヤキメシ
焼餃子	ヤキギョーザ
焼餅	ヤキモチ
焼香	ショウコウ
焼骨	ショウコツ
焼魚	ヤキザカナ
焼鳥	ヤキトリ
煆焼	カショウ
煉り	ネリ
煉り合わせる	ネリアワセル
煉り塀	ネリベイ
煉り物	ネリモノ
煉り製品	ネリセイヒン
煉る	ネル
煉れる	ネレル
煉丹	レンタン
煉乳	レンニュウ
煉炭	レンタン
煉獄	レンゴク
煉瓦	レンガ
煌々	コウコウ
煌き	キラメキ
煌く	キラメク
煌びやか	キラビヤカ
煌めき	キラメキ
煌めく	キラメク
煌煌	コウコウ
煎じつめる	センジツメル
煎じる	センジル
煎じ出す	センジダス
煎じ茶	センジチャ
煎じ薬	センジグスリ
煎じ詰める	センジツメル
煎ずる	センズル
煎りたて	イリタテ
煎りつける	イリツケル
煎り付ける	イリツケル
煎り煮	イリニ
煎り立て	イリタテ
煎り米	イリゴメ
煎り胡麻	イリゴマ
煎り豆	イリマメ
煎り豆腐	イリドウフ
煎る	イル
煎れる	イレル
煎剤	センザイ
煎茶	センチャ
煎茶道	センチャドウ
煎薬	センヤク
煎豆腐	イリドウフ
煎餅	センベイ
煎餅布団	センベイブトン
煎餅蒲団	センベイブトン
煎餠	センベイ
煖房	ダンボウ
煖炉	ダンロ
煙出し	ケムダシ
煙塵	エンジン
煙害	エンガイ
煙幕	エンマク
煙弾	エンダン
煙毒	エンドク
煙波	エンパ
煙玉	ケムリダマ
煙硝	エンショウ
煙突	エントツ
煙筒	エントウ
煙草屋	タバコヤ
煙草盆	タバコボン
煙道	エンドウ
煙雨	エンウ
煙霞	エンカ
煙霧	エンム
煙霧質	エンムシツ
煤ける	ススケル
煤塵	バイジン
煤払い	ススハライ
煤掃き	ススハキ
煤烟	バイエン
煤煙	バイエン
煤色	ススイロ
煥発	カンパツ
照らしあわせる	テラシアワセル
照らしだす	テラシダス
照らし出す	テラシダス
照らし合せる	テラシアワセル
照らし合わせる	テラシアワセル
照らす	テラス
照りかえし	テリカエシ
照りつける	テリツケル
照り付ける	テリツケル
照り映える	テリハエル
照り焼	テリヤキ
照り焼き	テリヤキ
照り葉	テリハ
照り輝く	テリカガヤク
照り込む	テリコム
照り返し	テリカエシ
照り返す	テリカエス
照る	テル
照る照る坊主	テルテルボウズ
照れ	テレ
照れる	テレル
照れ屋	テレヤ
照れ性	テレショウ
照れ笑い	テレワライ
照れ隠し	テレカクシ
照会	ショウカイ
照合	ショウゴウ
照尺	ショウシャク
照度	ショウド
照影	ショウエイ
照応	ショウオウ
照明	ショウメイ
照明弾	ショウメイダン
照星	ショウセイ
照映	ショウエイ
照査	ショウサ
照準	ショウジュン
照準器	ショウジュンキ
照焼	テリヤキ
照焼き	テリヤキ
照空灯	ショウクウトウ
照臨	ショウリン
照葉木	テリハボク
照葉樹林	ショウヨウジュリン
照覧	ショウラン
照門	ショウモン
煩いつく	ワズライツク
煩い付く	ワズライツク
煩さい	ウルサイ
煩わしい	ワズラワシイ
煩わす	ワズラワス
煩わせる	ワズラワセル
煩労	ハンロウ
煩型	ウルサガタ
煩多	ハンタ
煩忙	ハンボウ
煩悩	ボンノウ
煩悶	ハンモン
煩慮	ハンリョ
煩累	ハンルイ
煩雑	ハンザツ
煮〆	ニシメ
煮えたぎる	ニエタギル
煮えたつ	ニエタツ
煮える	ニエル
煮え湯	ニエユ
煮え滾る	ニエタギル
煮え立つ	ニエタツ
煮え返る	ニエカエル
煮きり	ニキリ
煮くずれ	ニクズレ
煮こごり	ニコゴリ
煮こぼれる	ニコボレル
煮こむ	ニコム
煮ころがし	ニコロガシ
煮しめ	ニシメ
煮しめる	ニシメル
煮たき	ニタキ
煮っころがし	ニッコロガシ
煮っ転がし	ニッコロガシ
煮つけ	ニツケ
煮つける	ニツケル
煮つめ	ニツメ
煮つめる	ニツメル
煮びたし	ニビタシ
煮もの	ニモノ
煮やす	ニヤス
煮る	ニル
煮上がる	ニアガル
煮付	ニツケ
煮付け	ニツケ
煮付ける	ニツケル
煮凍り	ニコゴリ
煮凝り	ニコゴリ
煮出す	ニダス
煮切り	ニキリ
煮切る	ニキル
煮卵	ニタマゴ
煮崩れ	ニクズレ
煮干	ニボシ
煮干し	ニボシ
煮抜き	ニヌキ
煮染め	ニシメ
煮染める	ニシメル
煮殺す	ニコロス
煮沸	シャフツ
煮浸し	ニビタシ
煮溶かす	ニトカス
煮炊き	ニタキ
煮熟	シャジュク
煮物	ニモノ
煮立つ	ニタツ
煮立てる	ニタテル
煮花	ニバナ
煮詰まる	ニツマル
煮詰め	ニツメ
煮詰める	ニツメル
煮詰る	ニツマル
煮豆	ニマメ
煮転がし	ニコロガシ
煮込み	ニコミ
煮込む	ニコム
煮返す	ニカエス
煮零れる	ニコボレル
煮頃鮒	ニゴロブナ
煮魚	ニザカナ
煮麺	ニュウメン
煽ぐ	アオグ
煽て	オダテ
煽てる	オダテル
煽りたてる	アオリタテル
煽り立てる	アオリタテル
煽り運転	アオリウンテン
煽動	センドウ
煽動家	センドウカ
煽情	センジョウ
煽情的	センジョウテキ
熄む	ヤム
熊の胆	クマノイ
熊ん蜂	クマンバチ
熊之実	クマノミ
熊啄木鳥	クマゲラ
熊手	クマデ
熊柳	クマヤナギ
熊狩り	クマガリ
熊猫	クマネコ
熊祭	クママツリ
熊祭り	クママツリ
熊笹	クマザサ
熊肉	クマニク
熊胆	ユウタン
熊葛	クマツヅラ
熊葛科	クマツヅラカ
熊虫	クマムシ
熊蜂	クマバチ
熊蝉	クマゼミ
熊襲	クマソ
熊送り	クマオクリ
熊鍋	クマナベ
熊鷹	クマタカ
熊鼠	クマネズミ
熔かす	トカス
熔ける	トケル
熔岩	ヨウガン
熔接	ヨウセツ
熔融	ヨウユウ
熔解	ヨウカイ
熔鉱炉	ヨウコウロ
熔銑	ヨウセン
熙々	キキ
熟する	ジュクスル
熟む	ウム
熟女	ジュクジョ
熟字	ジュクジ
熟字訓	ジュクジクン
熟年	ジュクネン
熟度	ジュクド
熟思	ジュクシ
熟慮	ジュクリョ
熟成	ジュクセイ
熟柿	ジュクシ
熟眠	ジュクミン
熟知	ジュクチ
熟練	ジュクレン
熟練工	ジュクレンコウ
熟考	ジュッコウ
熟視	ジュクシ
熟覧	ジュクラン
熟語	ジュクゴ
熟読	ジュクドク
熟談	ジュクダン
熟議	ジュクギ
熟達	ジュクタツ
熟酥	ジュクソ
熟鮨	ナレズシ
熨斗目	ノシメ
熨斗紙	ノシガミ
熨斗袋	ノシブクロ
熨斗鮑	ノシアワビ
熬り子	イリコ
熬る	イル
熬海鼠	イリコ
熱かん	アツカン
熱さまし	ネツサマシ
熱する	ネッスル
熱め	アツメ
熱り立つ	イキリタツ
熱ポンプ	ネツポンプ
熱中	ネッチュウ
熱中症	ネッチュウショウ
熱伝導	ネツデンドウ
熱低	ネッテイ
熱冷まし	ネツサマシ
熱処理	ネツショリ
熱分解	ネツブンカイ
熱効率	ネツコウリツ
熱化学	ネツカガク
熱可塑性	ネツカソセイ
熱唱	ネッショウ
熱圏	ネツケン
熱学	ネツガク
熱容量	ネツヨウリョウ
熱射病	ネッシャビョウ
熱工学	ネツコウガク
熱帯	ネッタイ
熱帯夜	ネッタイヤ
熱帯林	ネッタイリン
熱帯雨林	ネッタイウリン
熱帯魚	ネッタイギョ
熱度	ネツド
熱延	ネツエン
熱弁	ネツベン
熱心	ネッシン
熱性	ネッセイ
熱情	ネツジョウ
熱意	ネツイ
熱愛	ネツアイ
熱感	ネツカン
熱戦	ネッセン
熱放射	ネツホウシャ
熱望	ネツボウ
熱板	ネツバン
熱機関	ネツキカン
熱水	ネッスイ
熱水泉	ネッスイセン
熱汚染	ネツオセン
熱沙	ネッサ
熱波	ネッパ
熱涙	ネツルイ
熱源	ネツゲン
熱演	ネツエン
熱烈	ネツレツ
熱燗	アツカン
熱狂	ネッキョウ
熱狂的	ネッキョウテキ
熱球	ネッキュウ
熱疲労	ネツヒロウ
熱病	ネツビョウ
熱発	ネッパツ
熱砂	ネッサ
熱線	ネッセン
熱苦しい	アツクルシイ
熱血	ネッケツ
熱血漢	ネッケツカン
熱誠	ネッセイ
熱論	ネツロン
熱賛	ネッサン
熱量	ネツリョウ
熱量計	ネツリョウケイ
熱闘	ネットウ
熱雷	ネツライ
熱電子	ネツデンシ
熱願	ネツガン
熱風	ネップウ
熾す	オコス
熾る	オコル
熾天使	シテンシ
熾火	オキビ
燃えあがる	モエアガル
燃えうつる	モエウツル
燃えおちる	モエオチル
燃えかす	モエカス
燃えがら	モエガラ
燃えさかる	モエサカル
燃えさし	モエサシ
燃えたぎる	モエタギル
燃えつく	モエツク
燃える	モエル
燃えカス	モエカス
燃え上がる	モエアガル
燃え付く	モエツク
燃え尽きる	モエツキル
燃え広がる	モエヒロガル
燃え残り	モエノコリ
燃え殻	モエガラ
燃え滓	モエカス
燃え滾る	モエタギル
燃え盛る	モエサカル
燃え移る	モエウツル
燃え種	モエクサ
燃え立つ	モエタツ
燃え落ちる	モエオチル
燃やす	モヤス
燃付く	モエツク
燃料	ネンリョウ
燃料棒	ネンリョウボウ
燃料計	ネンリョウケイ
燃料費	ネンリョウヒ
燃油	ネンユ
燃油サーチャージ	ネンユサーチャージ
燃油特別付加運賃	ネンユトクベツフカウンチン
燃焼	ネンショウ
燃焼熱	ネンショウネツ
燃立つ	モエタツ
燃費	ネンピ
燈下	トウカ
燈台	トウダイ
燈心	トウシン
燈明	トウミョウ
燈芯	トウシン
燎原	リョウゲン
燐光	リンコウ
燐寸	マッチ
燐火	リンカ
燐灰石	リンカイセキ
燐肥	リンピ
燐酸	リンサン
燐鉱	リンコウ
燔祭	ハンサイ
燕万年青	ツバメオモト
燕千鳥	ツバメチドリ
燕子花	カキツバタ
燕尾服	エンビフク
燕脂	エンジ
燕返し	ツバメガエシ
燕雀	エンジャク
燕魚	ツバメウオ
燕麦	エンバク
燗冷まし	カンザマシ
燗番	カンバン
燗酒	カンザケ
燠火	オキビ
燥ぐ	ハシャグ
燦々	サンサン
燦き	キラメキ
燦めき	キラメキ
燦めく	キラメク
燦然	サンゼン
燦燦	サンサン
燦爛	サンラン
燭光	ショッコウ
燭台	ショクダイ
燻し	イブシ
燻し出す	イブシダス
燻し銀	イブシギン
燻す	イブス
燻らす	クユラス
燻りがっこ	イブリガッコ
燻り出す	イブリダス
燻煙	クンエン
燻肉	クンニク
燻蒸	クンジョウ
燻製	クンセイ
燻銀	イブシギン
爆ぜる	ハゼル
爆乳	バクニュウ
爆傷	バクショウ
爆圧	バクアツ
爆売れ	バクウレ
爆弾	バクダン
爆心	バクシン
爆心地	バクシンチ
爆撃	バクゲキ
爆撃機	バクゲキキ
爆散	バクサン
爆死	バクシ
爆殺	バクサツ
爆沈	バクチン
爆炎	バクエン
爆煙	バクエン
爆燃	バクネン
爆発	バクハツ
爆発力	バクハツリョク
爆発物	バクハツブツ
爆発的	バクハツテキ
爆発音	バクハツオン
爆睡	バクスイ
爆砕	バクサイ
爆破	バクハ
爆竹	バクチク
爆笑	バクショウ
爆縮	バクシュク
爆薬	バクヤク
爆裂	バクレツ
爆裂弾	バクレツダン
爆装	バクソウ
爆買い	バクガイ
爆走	バクソウ
爆雷	バクライ
爆音	バクオン
爆風	バクフウ
爛々	ランラン
爛れ	タダレ
爛れる	タダレル
爛れ目	タダレメ
爛柯	ランカ
爛漫	ランマン
爛熟	ランジュク
爛爛	ランラン
爛酔	ランスイ
爪とぎ	ツメトギ
爪やすり	ツメヤスリ
爪ヤスリ	ツメヤスリ
爪先	ツマサキ
爪切り	ツメキリ
爪印	ツメイン
爪囲炎	ソウイエン
爪引く	ツマビク
爪弾く	ツマビク
爪楊枝	ツマヨウジ
爪牙	ソウガ
爪甲	ソウコウ
爪白癬	ツメハクセン
爪皮	ツマカワ
爪研ぎ	ツメトギ
爪立ち	ツマダチ
爪立つ	ツマダツ
爪繰る	ツマグル
爪蓮華	ツメレンゲ
爪蛙	ツメガエル
爪跡	ツメアト
爪鑢	ツメヤスリ
爪革	ツマカワ
爪音	ツマオト
爬虫	ハチュウ
爬虫類	ハチュウルイ
爲す	ナス
爵位	シャクイ
父さん	トウサン
父の日	チチノヒ
父兄	フケイ
父兄会	フケイカイ
父性	フセイ
父性愛	フセイアイ
父方	チチカタ
父権	フケン
父権制	フケンセイ
父殺し	チチゴロシ
父母会	フボカイ
父祖	フソ
父称	フショウ
父系	フケイ
父系制	フケイセイ
父老	フロウ
爺さん	ジイサン
爺むさい	ジジムサイ
爺や	ジイヤ
爺婆	ジジババ
爻辞	コウジ
爽やか	サワヤカ
爽快	ソウカイ
爽快感	ソウカイカン
爽涼	ソウリョウ
爽秋	ソウシュウ
爾余	ジヨ
爾後	ジゴ
爾来	ジライ
爾汝	ジジョ
牆壁	ショウヘキ
片々	ヘンペン
片かな	カタカナ
片す	カタス
片すみ	カタスミ
片ちんば	カタチンバ
片っぱし	カタッパシ
片っぽ	カタッポ
片っ端	カタッパシ
片づく	カタヅク
片づけ	カタヅケ
片づける	カタヅケル
片ひざ	カタヒザ
片ひじ	カタヒジ
片りん	ヘンリン
片一方	カタイッポウ
片付く	カタヅク
片付け	カタヅケ
片付ける	カタヅケル
片仮名	カタカナ
片便り	カタダヨリ
片偏	カタヘン
片側	カタガワ
片前	カタマエ
片割れ	カタワレ
片割れ月	カタワレヅキ
片割月	カタワレヅキ
片務	ヘンム
片口	カタクチ
片口鰯	カタクチイワシ
片寄せる	カタヨセル
片寄り	カタヨリ
片寄る	カタヨル
片山里	カタヤマザト
片岩	ヘンガン
片帆	カタホ
片影	ヘンエイ
片思い	カタオモイ
片恋	カタコイ
片恨み	カタウラミ
片息	カタイキ
片想い	カタオモイ
片意地	カタイジ
片手	カタテ
片手桶	カタテオケ
片手落ち	カタテオチ
片手間	カタテマ
片持ち	カタモチ
片栗	カタクリ
片栗粉	カタクリコ
片棒	カタボウ
片歌	カタウタ
片流れ	カタナガレ
片片	ヘンペン
片理	ヘンリ
片田舎	カタイナカ
片眉	カタマユ
片眼	カタメ
片眼鏡	カタメガネ
片結び	カタムスビ
片耳	カタミミ
片肌	カタハダ
片肘	カタヒジ
片肱	カタヒジ
片肺	カタハイ
片脚	カタアシ
片脳油	ヘンノウユ
片腕	カタウデ
片膝	カタヒザ
片袖	カタソデ
片親	カタオヤ
片貿易	カタボウエキ
片足	カタアシ
片跛	カタチンバ
片身	カタミ
片輪	カタワ
片辺	カタホトリ
片道	カタミチ
片道料金	カタミチリョウキン
片陰	カタカゲ
片隅	カタスミ
片雲	ヘンウン
片面	カタメン
片頬	カタホオ
片鱗	ヘンリン
片麻岩	ヘンマガン
版下	ハンシタ
版元	ハンモト
版図	ハント
版木	ハンギ
版本	ハンポン
版権	ハンケン
版画	ハンガ
版画家	ハンガカ
版築	ハンチク
版籍	ハンセキ
版行	ハンコウ
牙保	ガホ
牙城	ガジョウ
牙虫	ガムシ
牛すじ	ギュウスジ
牛たん	ギュウタン
牛ふん	ギュウフン
牛スジ	ギュウスジ
牛タン	ギュウタン
牛丼	ギュウドン
牛乳	ギュウニュウ
牛偏	ウシヘン
牛刀	ギュウトウ
牛小屋	ウシゴヤ
牛尾	ギュウビ
牛尾菜	シオデ
牛後	ギュウゴ
牛歩	ギュウホ
牛痘	ギュウトウ
牛筋	ギュウスジ
牛糞	ギュウフン
牛缶	ギュウカン
牛羚羊	ウシカモシカ
牛耳	ギュウジ
牛耳る	ギュウジル
牛肉	ギュウニク
牛脂	ギュウシ
牛膝	イノコズチ
牛舌	ギュウタン
牛舎	ギュウシャ
牛蛙	ウシガエル
牛蠅	ウシバエ
牛裂き	ウシザキ
牛追い	ウシオイ
牛酪	ギュウラク
牛鍋	ギュウナベ
牛頭	ゴズ
牛飯	ギュウメシ
牛飼い	ウシカイ
牛飼座	ウシカイザ
牛馬	ギュウバ
牛黄	ゴオウ
牝牡	ヒンボ
牝豚	メスブタ
牝鶏	ヒンケイ
牟尼	ムニ
牡丹色	ボタンイロ
牡丹鍋	ボタンナベ
牡丹雪	ボタンユキ
牡丹餅	ボタモチ
牡牛	オウシ
牡牛座	オウシザ
牡羊	オヒツジ
牡羊座	オヒツジザ
牡蠣油	カキアブラ
牡蠣飯	カキメシ
牢乎	ロウコ
牢人	ロウニン
牢名主	ロウナヌシ
牢固	ロウコ
牢屋	ロウヤ
牢屋敷	ロウヤシキ
牢役人	ロウヤクニン
牢死	ロウシ
牢獄	ロウゴク
牢番	ロウバン
牢破り	ロウヤブリ
牢記	ロウキ
牧夫	ボクフ
牧師	ボクシ
牧歌	ボッカ
牧歌的	ボッカテキ
牧民	ボクミン
牧牛	ボクギュウ
牧畜	ボクチク
牧神	ボクシン
牧童	ボクドウ
牧笛	ボクテキ
牧羊	ボクヨウ
牧羊犬	ボクヨウケン
牧者	ボクシャ
牧舎	ボクシャ
牧草	ボクソウ
牧草地	ボクソウチ
牧野	ボクヤ
物々しい	モノモノシイ
物々交換	ブツブツコウカン
物おじ	モノオジ
物ぐさ	モノグサ
物ごい	モノゴイ
物ごと	モノゴト
物さし	モノサシ
物づくし	モノヅクシ
物の具	モノノグ
物の怪	モノノケ
物の数	モノノカズ
物の本	モノノホン
物の気	モノノケ
物まね	モノマネ
物もらい	モノモライ
物わかり	モノワカリ
物乞い	モノゴイ
物事	モノゴト
物件	ブッケン
物価	ブッカ
物価上昇	ブッカジョウショウ
物価指数	ブッカシスウ
物価高	ブッカダカ
物入り	モノイリ
物入れ	モノイレ
物分かり	モノワカリ
物分り	モノワカリ
物別れ	モノワカレ
物取り	モノトリ
物合せ	モノアワセ
物合わせ	モノアワセ
物哀しい	モノガナシイ
物品	ブッピン
物品税	ブッピンゼイ
物堅い	モノガタイ
物売り	モノウリ
物好き	モノズキ
物寂しい	モノサビシイ
物尽くし	モノヅクシ
物尽し	モノヅクシ
物差	モノサシ
物差し	モノサシ
物干	モノホシ
物干し	モノホシ
物影	モノカゲ
物忌み	モノイミ
物忘れ	モノワスレ
物怖じ	モノオジ
物思い	モノオモイ
物思わしい	モノオモワシイ
物性	ブッセイ
物性値	ブッセイチ
物恐ろしい	モノオソロシイ
物悲しい	モノガナシイ
物情	ブツジョウ
物惜しみ	モノオシミ
物慣れる	モノナレル
物慾	ブツヨク
物憂い	モノウイ
物憑き	モノツキ
物持	モノモチ
物持ち	モノモチ
物指	モノサシ
物指し	モノサシ
物損	ブッソン
物故	ブッコ
物故者	ブッコシャ
物新しい	モノアタラシイ
物日	モノビ
物書	モノカキ
物書き	モノカキ
物柔らか	モノヤワラカ
物案じ	モノアンジ
物権	ブッケン
物欲	ブツヨク
物流	ブツリュウ
物淋しい	モノサビシイ
物物しい	モノモノシイ
物物交換	ブツブツコウカン
物狂い	モノグルイ
物狂おしい	モノグルオシイ
物珍しい	モノメズラシイ
物理	ブツリ
物理学	ブツリガク
物理層	ブツリソウ
物理療法	ブツリリョウホウ
物理的	ブツリテキ
物理量	ブツリリョウ
物産	ブッサン
物界	ブッカイ
物療	ブツリョウ
物的	ブッテキ
物的証拠	ブッテキショウコ
物盗り	モノトリ
物真似	モノマネ
物知り	モノシリ
物税	ブツゼイ
物種	モノダネ
物笑い	モノワライ
物納	ブツノウ
物置	モノオキ
物置き	モノオキ
物腰	モノゴシ
物自体	モノジタイ
物臭	モノグサ
物臭い	モノグサイ
物色	ブッショク
物蔭	モノカゲ
物見	モノミ
物見櫓	モノミヤグラ
物覚え	モノオボエ
物言い	モノイイ
物証	ブッショウ
物詣で	モノモウデ
物語	モノガタリ
物語り	モノガタリ
物語る	モノガタル
物識り	モノシリ
物議	ブツギ
物象	ブッショウ
物販	ブッパン
物貰い	モノモライ
物資	ブッシ
物質波	ブッシツハ
物質界	ブッシツカイ
物質的	ブッシツテキ
物質量	ブッシツリョウ
物越し	モノゴシ
物量	ブツリョウ
物陰	モノカゲ
物静か	モノシズカ
物音	モノオト
物馴れる	モノナレル
物騒	ブッソウ
物騒がしい	モノサワガシイ
牴牾く	モドク
牴触	テイショク
特に	トクニ
特ダネ	トクダネ
特上	トクジョウ
特任	トクニン
特休	トッキュウ
特使	トクシ
特例	トクレイ
特例措置	トクレイソチ
特例法	トクレイホウ
特価	トッカ
特保	トクホ
特免	トクメン
特典	トクテン
特写	トクシャ
特出	トクシュツ
特別	トクベツ
特別会	トクベツカイ
特別会計	トクベツカイケイ
特別価格	トクベツカカク
特別区	トクベツク
特別区民税	トクベツクミンゼイ
特別国会	トクベツコッカイ
特別報酬	トクベツホウシュウ
特別展	トクベツテン
特別市	トクベツシ
特別席	トクベツセキ
特別急行	トクベツキュウコウ
特別急行列車	トクベツキュウコウレッシャ
特別急行券	トクベツキュウコウケン
特別措置	トクベツソチ
特別措置法	トクベツソチホウ
特別支援学校	トクベツシエンガッコウ
特別支援学級	トクベツシエンガッキュウ
特別攻撃隊	トクベツコウゲキタイ
特別料金	トクベツリョウキン
特別永住者	トクベツエイジュウシャ
特別永住者証明書	トクベツエイジュウシャショウメイショ
特別法	トクベツホウ
特別注文	トクベツチュウモン
特別番組	トクベツバングミ
特別職	トクベツショク
特別視	トクベツシ
特別警報	トクベツケイホウ
特別賞	トクベツショウ
特別運賃	トクベツウンチン
特別配当	トクベツハイトウ
特別養子縁組	トクベツヨウシエングミ
特別養護老人ホーム	トクベツヨウゴロウジンホーム
特効薬	トッコウヤク
特務	トクム
特務艦	トクムカン
特化	トッカ
特区	トック
特命	トクメイ
特報	トクホウ
特売	トクバイ
特大	トクダイ
特大号	トクダイゴウ
特学	トクガク
特定	トクテイ
特定健康診査	トクテイケンコウシンサ
特定優良賃貸住宅	トクテイユウリョウチンタイジュウタク
特定口座	トクテイコウザ
特定支出控除	トクテイシシュツコウジョ
特定非営利活動促進法	トクテイヒエイリカツドウソクシンホウ
特定非営利活動法人	トクテイヒエイリカツドウホウジン
特待	トクタイ
特待生	トクタイセイ
特徴	トクチョウ
特徴的	トクチョウテキ
特徴量	トクチョウリョウ
特急	トッキュウ
特急列車	トッキュウレッシャ
特急券	トッキュウケン
特性	トクセイ
特恵	トッケイ
特技	トクギ
特技兵	トクギヘイ
特捜	トクソウ
特捜部	トクソウブ
特措	トクソ
特措法	トクソホウ
特損	トクソン
特撮	トクサツ
特撰	トクセン
特攻	トッコウ
特攻服	トッコウフク
特攻隊	トッコウタイ
特旨	トクシ
特有	トクユウ
特権	トッケン
特権階級	トッケンカイキュウ
特機	トッキ
特殊	トクシュ
特殊効果	トクシュコウカ
特殊学校	トクシュガッコウ
特殊性	トクシュセイ
特殊紙	トクシュシ
特殊鋼	トクシュコウ
特段	トクダン
特注	トクチュウ
特派	トクハ
特派員	トクハイン
特産	トクサン
特産品	トクサンヒン
特用	トクヨウ
特番	トクバン
特異	トクイ
特異値	トクイチ
特異性	トクイセイ
特異日	トクイビ
特異点	トクイテン
特発	トクハツ
特発性	トクハツセイ
特盛	トクモリ
特盛り	トクモリ
特称	トクショウ
特立	トクリツ
特筆	トクヒツ
特筆大書	トクヒツタイショ
特等	トクトウ
特等席	トクトウセキ
特管	トッカン
特約	トクヤク
特約店	トクヤクテン
特級	トッキュウ
特色	トクショク
特融	トクユウ
特装	トクソウ
特製	トクセイ
特訓	トックン
特記	トッキ
特記事項	トッキジコウ
特設	トクセツ
特許	トッキョ
特許使用料	トッキョシヨウリョウ
特許庁	トッキョチョウ
特許料	トッキョリョウ
特許権	トッキョケン
特許法	トッキョホウ
特認	トクニン
特論	トクロン
特講	トッコウ
特賞	トクショウ
特質	トクシツ
特赦	トクシャ
特輯	トクシュウ
特進	トクシン
特選	トクセン
特配	トクハイ
特長	トクチョウ
特集	トクシュウ
特電	トクデン
特需	トクジュ
特飲街	トクインガイ
特養	トクヨウ
特高	トッコウ
牽く	ヒク
牽制	ケンセイ
牽制球	ケンセイキュウ
牽引役	ケンインヤク
牽引車	ケンインシャ
牽強	ケンキョウ
牽牛星	ケンギュウセイ
牽連	ケンレン
犀利	サイリ
犀角	サイカク
犇々	ヒシヒシ
犇く	ヒシメク
犇と	ヒシト
犇めき	ヒシメキ
犇めく	ヒシメク
犒い	ネギライ
犠打	ギダ
犠牲打	ギセイダ
犠牲者	ギセイシャ
犠飛	ギヒ
犬かき	イヌカキ
犬くぎ	イヌクギ
犬ころ	イヌコロ
犬ぞり	イヌゾリ
犬っころ	イヌッコロ
犬と猿	イヌトサル
犬コロ	イヌコロ
犬ゾリ	イヌゾリ
犬侍	イヌザムライ
犬儒	ケンジュ
犬四手	イヌシデ
犬嫌い	イヌギライ
犬小屋	イヌゴヤ
犬張り子	イヌハリコ
犬張子	イヌハリコ
犬戎	ケンジュウ
犬掻き	イヌカキ
犬桜	イヌザクラ
犬榧	イヌガヤ
犬槇	イヌマキ
犬橇	イヌゾリ
犬歯	ケンシ
犬死	イヌジニ
犬死に	イヌジニ
犬猫	イヌネコ
犬猿	ケンエン
犬畜生	イヌチクショウ
犬皮	ケンピ
犬矢来	イヌヤライ
犬科	イヌカ
犬種	ケンシュ
犬舎	ケンシャ
犬薺	イヌナズナ
犬走り	イヌバシリ
犬追物	イヌオウモノ
犬連れ	イヌヅレ
犬酸漿	イヌホオズキ
犬釘	イヌクギ
犬顔	イヌガオ
犬馬	ケンバ
犬鷲	イヌワシ
犬黄楊	イヌツゲ
犯す	オカス
犯る	ヤル
犯人	ハンニン
犯則	ハンソク
犯意	ハンイ
犯歴	ハンレキ
犯罪	ハンザイ
犯罪人	ハンザイニン
犯罪学	ハンザイガク
犯罪歴	ハンザイレキ
犯罪死	ハンザイシ
犯罪者	ハンザイシャ
犯罪行為	ハンザイコウイ
犯行	ハンコウ
犯跡	ハンセキ
状勢	ジョウセイ
状差し	ジョウサシ
状態	ジョウタイ
状景	ジョウケイ
状況	ジョウキョウ
状況下	ジョウキョウカ
状箱	ジョウバコ
状袋	ジョウブクロ
狂い咲き	クルイザキ
狂い咲く	クルイザク
狂い死に	クルイジニ
狂う	クルウ
狂おしい	クルオシイ
狂しい	クルオシイ
狂する	キョウスル
狂れる	フレル
狂わす	クルワス
狂乱	キョウラン
狂人	キョウジン
狂信	キョウシン
狂信的	キョウシンテキ
狂信者	キョウシンシャ
狂句	キョウク
狂喜	キョウキ
狂喜乱舞	キョウキランブ
狂奔	キョウホン
狂女	キョウジョ
狂宴	キョウエン
狂恋	キョウレン
狂悖	キョウハイ
狂想	キョウソウ
狂想曲	キョウソウキョク
狂愛	キョウアイ
狂態	キョウタイ
狂文	キョウブン
狂暴	キョウボウ
狂歌	キョウカ
狂気	キョウキ
狂瀾	キョウラン
狂熱	キョウネツ
狂牛病	キョウギュウビョウ
狂犬	キョウケン
狂犬病	キョウケンビョウ
狂疾	キョウシツ
狂的	キョウテキ
狂者	キョウシャ
狂言	キョウゲン
狂言回し	キョウゲンマワシ
狂言師	キョウゲンシ
狂詩	キョウシ
狂詩曲	キョウシキョク
狂躁	キョウソウ
狂風	キョウフウ
狂騒	キョウソウ
狆くしゃ	チンクシャ
狆ころ	チンコロ
狎れる	ナレル
狎れ狎れしい	ナレナレシイ
狐の嫁入り	キツネノヨメイリ
狐付き	キツネツキ
狐憑き	キツネツキ
狐拳	キツネケン
狐格子	キツネゴウシ
狐火	キツネビ
狐狩り	キツネガリ
狐狸	コリ
狐猿	キツネザル
狐疑	コギ
狐色	キツネイロ
狒々	ヒヒ
狒狒	ヒヒ
狗尾草	エノコログサ
狗母魚	エソ
狗肉	クニク
狙い	ネライ
狙いすます	ネライスマス
狙い打ち	ネライウチ
狙い打つ	ネライウツ
狙い撃ち	ネライウチ
狙い撃つ	ネライウツ
狙い澄ます	ネライスマス
狙い目	ネライメ
狙撃	ソゲキ
狙撃手	ソゲキシュ
狙撃銃	ソゲキジュウ
狛犬	コマイヌ
狛笛	コマブエ
狡っ辛い	コスッカライ
狡兎	コウト
狡智	コウチ
狡猾	コウカツ
狡知	コウチ
狡賢い	ズルガシコイ
狡辛い	コスカライ
狢藻	ムジナモ
狩りたてる	カリタテル
狩り出す	カリダス
狩り場	カリバ
狩り立てる	カリタテル
狩り蜂	カリバチ
狩り込み	カリコミ
狩り集める	カリアツメル
狩る	カル
狩出す	カリダス
狩場	カリバ
狩猟	シュリョウ
狩猟期	シュリョウキ
狩猟鳥	シュリョウチョウ
独り	ヒトリ
独りごつ	ヒトリゴツ
独りごと	ヒトリゴト
独りっ子	ヒトリッコ
独りでに	ヒトリデニ
独りぼっち	ヒトリボッチ
独りよがり	ヒトリヨガリ
独り住まい	ヒトリズマイ
独り勝ち	ヒトリガチ
独り占い	ヒトリウラナイ
独り占め	ヒトリジメ
独り善がり	ヒトリヨガリ
独り子	ヒトリゴ
独り寝	ヒトリネ
独り旅	ヒトリタビ
独り暮し	ヒトリグラシ
独り暮らし	ヒトリグラシ
独り歩き	ヒトリアルキ
独り決め	ヒトリギメ
独り相撲	ヒトリズモウ
独り立ち	ヒトリダチ
独り芝居	ヒトリシバイ
独り言	ヒトリゴト
独り言つ	ヒトリゴツ
独り身	ヒトリミ
独仏	ドクフツ
独修	ドクシュウ
独創	ドクソウ
独創性	ドクソウセイ
独創的	ドクソウテキ
独力	ドクリョク
独占	ドクセン
独占欲	ドクセンヨク
独吟	ドクギン
独和	ドクワ
独唱	ドクショウ
独善	ドクゼン
独善的	ドクゼンテキ
独国	ドクコク
独坐	ドクザ
独墺	ドクオウ
独壇場	ドクダンジョウ
独奏	ドクソウ
独奏曲	ドクソウキョク
独女	ドクジョ
独学	ドクガク
独尊	ドクソン
独居	ドッキョ
独座	ドクザ
独往	ドクオウ
独得	ドクトク
独我論	ドクガロン
独房	ドクボウ
独擅場	ドクセンジョウ
独文	ドクブン
独断	ドクダン
独断論	ドクダンロン
独楽回し	コママワシ
独楽鼠	コマネズミ
独泳	ドクエイ
独演	ドクエン
独演会	ドクエンカイ
独特	ドクトク
独男	ドクオ
独白	ドクハク
独眼	ドクガン
独禁	ドッキン
独禁法	ドッキンホウ
独立	ドクリツ
独立国	ドクリツコク
独立心	ドクリツシン
独立性	ドクリツセイ
独立権	ドクリツケン
独立独歩	ドクリツドッポ
独立系	ドクリツケイ
独立行政法人	ドクリツギョウセイホウジン
独立語	ドクリツゴ
独習	ドクシュウ
独自	ドクジ
独自性	ドクジセイ
独航船	ドッコウセン
独英	ドクエイ
独行	ドッコウ
独裁	ドクサイ
独裁制	ドクサイセイ
独裁政治	ドクサイセイジ
独裁的	ドクサイテキ
独裁者	ドクサイシャ
独話	ドクワ
独語	ドクゴ
独走	ドクソウ
独身	ドクシン
独身貴族	ドクシンキゾク
独酌	ドクシャク
狭あい	キョウアイ
狭い	セマイ
狭まる	セバマル
狭める	セバメル
狭域	キョウイキ
狭小	キョウショウ
狭山茶	サヤマチャ
狭心症	キョウシンショウ
狭窄	キョウサク
狭義	キョウギ
狭苦しい	セマクルシイ
狭軌	キョウキ
狭量	キョウリョウ
狭隘	キョウアイ
狭霧	サギリ
狷介	ケンカイ
狸囃子	タヌキバヤシ
狸寝入り	タヌキネイリ
狸汁	タヌキジル
狸蕎麦	タヌキソバ
狸藻	タヌキモ
狸親父	タヌキオヤジ
狸顔	タヌキガオ
狼座	オオカミザ
狼火	ロウカ
狼狽	ロウバイ
狼狽える	ウロタエル
狼男	オオカミオトコ
狼魚	オオカミウオ
猊下	ゲイカ
猖獗	ショウケツ
猛々しい	タケダケシイ
猛り狂う	タケリクルウ
猛り立つ	タケリタツ
猛る	タケル
猛勇	モウユウ
猛勉	モウベン
猛勉強	モウベンキョウ
猛吹雪	モウフブキ
猛女	モウジョ
猛威	モウイ
猛射	モウシャ
猛将	モウショウ
猛悪	モウアク
猛打	モウダ
猛打賞	モウダショウ
猛撃	モウゲキ
猛攻	モウコウ
猛攻撃	モウコウゲキ
猛暑	モウショ
猛暑日	モウショビ
猛毒	モウドク
猛炎	モウエン
猛烈	モウレツ
猛然	モウゼン
猛煙	モウエン
猛爆	モウバク
猛牛	モウギュウ
猛特訓	モウトックン
猛犬	モウケン
猛猛しい	タケダケシイ
猛獣	モウジュウ
猛省	モウセイ
猛禽	モウキン
猛禽類	モウキンルイ
猛練習	モウレンシュウ
猛者	モサ
猛虎	モウコ
猛襲	モウシュウ
猛追	モウツイ
猛進	モウシン
猛鳥	モウチョウ
猜む	ソネム
猜忌	サイキ
猜疑	サイギ
猜疑心	サイギシン
猟具	リョウグ
猟区	リョウク
猟友	リョウユウ
猟場	リョウバ
猟奇	リョウキ
猟奇的	リョウキテキ
猟官	リョウカン
猟官制	リョウカンセイ
猟師	リョウシ
猟期	リョウキ
猟犬座	リョウケンザ
猟虎	ラッコ
猟銃	リョウジュウ
猥ら	ミダラ
猥りがわしい	ミダリガワシイ
猥本	ワイホン
猥歌	ワイカ
猥褻	ワイセツ
猥談	ワイダン
猥雑	ワイザツ
猩々	ショウジョウ
猩猩	ショウジョウ
猩紅熱	ショウコウネツ
猪口才	チョコザイ
猪子	イノコ
猪武者	イノシシムシャ
猪独活	シシウド
猪突	チョトツ
猪突猛進	チョトツモウシン
猪豚	イノブタ
猪首	イクビ
猫かぶり	ネコカブリ
猫じゃらし	ネコジャラシ
猫っ毛	ネコッケ
猫ばば	ネコババ
猫また	ネコマタ
猫またぎ	ネコマタギ
猫又	ネコマタ
猫好き	ネコズキ
猫族	ネコゾク
猫板	ネコイタ
猫柳	ネコヤナギ
猫目石	ネコメイシ
猫耳	ネコミミ
猫股	ネコマタ
猫背	ネコゼ
猫脚	ネコアシ
猫舌	ネコジタ
猫蚤	ネコノミ
猫被り	ネコカブリ
猫足	ネコアシ
猫跨ぎ	ネコマタギ
猫車	ネコグルマ
猫鮫	ネコザメ
献げる	ササゲル
献じる	ケンジル
献ずる	ケンズル
献上	ケンジョウ
献体	ケンタイ
献呈	ケンテイ
献本	ケンポン
献灯	ケントウ
献物	ケンモツ
献盃	ケンパイ
献立	コンダテ
献立表	コンダテヒョウ
献策	ケンサク
献納	ケンノウ
献花	ケンカ
献花台	ケンカダイ
献血	ケンケツ
献血車	ケンケツシャ
献言	ケンゲン
献詠	ケンエイ
献身	ケンシン
献身的	ケンシンテキ
献辞	ケンジ
献酬	ケンシュウ
献金	ケンキン
献饌	ケンセン
猶々	ナオナオ
猶与	ユウヨ
猶予	ユウヨ
猶予期間	ユウヨキカン
猶子	ユウシ
猶猶	ナオナオ
猿ぐつわ	サルグツワ
猿まね	サルマネ
猿人	エンジン
猿回し	サルマワシ
猿子	マシコ
猿山	サルヤマ
猿梨	サルナシ
猿猴	エンコウ
猿真似	サルマネ
猿神	サルガミ
猿股	サルマタ
猿臂	エンピ
猿芝居	サルシバイ
猿轡	サルグツワ
猿面	サルメン
猿頬	サルボオ
猿顔	サルガオ
猿麻桛	サルオガセ
獄中	ゴクチュウ
獄内	ゴクナイ
獄卒	ゴクソツ
獄吏	ゴクリ
獄囚	ゴクシュウ
獄屋	ゴクヤ
獄死	ゴクシ
獄窓	ゴクソウ
獄舎	ゴクシャ
獄衣	ゴクイ
獄門	ゴクモン
獅子吼	シシク
獅子唐	シシトウ
獅子座	シシザ
獅子王	シシオウ
獅子舞	シシマイ
獅子頭	シシガシラ
獣偏	ケモノヘン
獣医	ジュウイ
獣医学	ジュウイガク
獣医師	ジュウイシ
獣姦	ジュウカン
獣害	ジュウガイ
獣帯	ジュウタイ
獣心	ジュウシン
獣性	ジュウセイ
獣慾	ジュウヨク
獣欲	ジュウヨク
獣毛	ジュウモウ
獣畜	ジュウチク
獣疫	ジュウエキ
獣的	ジュウテキ
獣皮	ジュウヒ
獣肉	ジュウニク
獣脂	ジュウシ
獣行	ジュウコウ
獣道	ケモノミチ
獣類	ジュウルイ
獣骨	ジュウコツ
獰悪	ドウアク
獲れる	トレル
獲得	カクトク
獲物	エモノ
獲麟	カクリン
獺祭	ダッサイ
玄そば	ゲンソバ
玄人筋	クロウトスジ
玄妙	ゲンミョウ
玄室	ゲンシツ
玄武岩	ゲンブガン
玄米茶	ゲンマイチャ
玄翁	ゲンノウ
玄蕎麦	ゲンソバ
玄関	ゲンカン
玄関ホール	ゲンカンホール
玄関先	ゲンカンサキ
玄関口	ゲンカングチ
玄関番	ゲンカンバン
玄鳥	ゲンチョウ
玄麦	ゲンバク
玄黄	ゲンコウ
率いる	ヒキイル
率先	ソッセン
率然	ソツゼン
率爾	ソツジ
率由	ソツユウ
率直	ソッチョク
玉かけ	タマカケ
玉ぐし	タマグシ
玉どめ	タマドメ
玉ねぎ	タマネギ
玉のこし	タマノコシ
玉の緒	タマノオ
玉の輿	タマノコシ
玉ネギ	タマネギ
玉串料	タマグシリョウ
玉乗り	タマノリ
玉代	ギョクダイ
玉体	ギョクタイ
玉兎	ギョクト
玉入れ	タマイレ
玉垂れ	タマダレ
玉垣	タマガキ
玉子	タマゴ
玉子とじ	タマゴトジ
玉子焼	タマゴヤキ
玉子焼き	タマゴヤキ
玉子綴じ	タマゴトジ
玉子豆腐	タマゴドウフ
玉子酒	タマゴザケ
玉将	ギョクショウ
玉座	ギョクザ
玉手箱	タマテバコ
玉杯	ギョクハイ
玉梓	タマズサ
玉止め	タマドメ
玉毛	タマゲ
玉璽	ギョクジ
玉眼	ギョクガン
玉石混交	ギョクセキコンコウ
玉石混淆	ギョクセキコンコウ
玉砂利	タマジャリ
玉砕	ギョクサイ
玉稿	ギョッコウ
玉突	タマツキ
玉突き	タマツキ
玉筋魚	イカナゴ
玉算	タマザン
玉簾	タマスダレ
玉糸	タマイト
玉結び	タマムスビ
玉繭	タママユ
玉羊歯	タマシダ
玉苗	タマナエ
玉菜	タマナ
玉葱	タマネギ
玉藻	タマモ
玉虫	タマムシ
玉虫色	タマムシイロ
玉蜀黍	トウモロコシ
玉軸受	タマジクウケ
玉込め	タマゴメ
玉鋼	タマハガネ
玉門	ギョクモン
玉露	ギョクロ
玉顔	ギョクガン
玉飾り	タマカザリ
玉髄	ギョクズイ
王事	オウジ
王位	オウイ
王侯	オウコウ
王偏	オウヘン
王党	オウトウ
王公	オウコウ
王冠	オウカン
王制	オウセイ
王化	オウカ
王台	オウダイ
王后	オウコウ
王国	オウコク
王土	オウド
王城	オウジョウ
王太子	オウタイシ
王妃	オウヒ
王子	オウジ
王孫	オウソン
王室	オウシツ
王宮	オウキュウ
王家	オウケ
王将	オウショウ
王師	オウシ
王府	オウフ
王座	オウザ
王弟	オウテイ
王手	オウテ
王政	オウセイ
王族	オウゾク
王朝	オウチョウ
王様	オウサマ
王権	オウケン
王殺し	オウゴロシ
王母	オウボ
王水	オウスイ
王法	オウホウ
王父	オウフ
王立	オウリツ
王笏	オウシャク
王統	オウトウ
王道	オウドウ
王都	オウト
玩ぶ	モテアソブ
玩具箱	オモチャバコ
玩具菓子	ガングガシ
玩味	ガンミ
玩弄	ガンロウ
玲瓏	レイロウ
玳瑁	タイマイ
玻璃	ハリ
珈琲	コーヒー
珊瑚	サンゴ
珊瑚樹	サンゴジュ
珊瑚海	サンゴカイ
珊瑚礁	サンゴショウ
珊瑚色	サンゴイロ
珊瑚蛇	サンゴヘビ
珍か	メズラカ
珍しい	メズラシイ
珍らしい	メズラシイ
珍事	チンジ
珍優	チンユウ
珍味	チンミ
珍品	チンピン
珍問	チンモン
珍器	チンキ
珍回答	チンカイトウ
珍奇	チンキ
珍妙	チンミョウ
珍書	チンショ
珍本	チンポン
珍果	チンカ
珍案	チンアン
珍無類	チンムルイ
珍物	チンブツ
珍獣	チンジュウ
珍種	チンシュ
珍答	チントウ
珍籍	チンセキ
珍糞漢糞	チンプンカンプン
珍紛漢紛	チンプンカンプン
珍聞	チンブン
珍蔵	チンゾウ
珍説	チンセツ
珍談	チンダン
珍貨	チンカ
珍重	チンチョウ
珍魚	チンギョ
珠孔	シュコウ
珠玉	シュギョク
珠皮	シュヒ
珠盤	ソロバン
珠芽	シュガ
珪化	ケイカ
珪岩	ケイガン
珪石	ケイセキ
珪砂	ケイシャ
珪素	ケイソ
珪線石	ケイセンセキ
珪肺	ケイハイ
珪藻	ケイソウ
珪藻土	ケイソウド
珪質	ケイシツ
珪酸	ケイサン
班分け	ハンワケ
班員	ハンイン
班点	ハンテン
班田	ハンデン
班長	ハンチョウ
現し世	ウツシヨ
現し身	ウツシミ
現す	アラワス
現ずる	ゲンズル
現つ	ウツツ
現なま	ゲンナマ
現に	ゲンニ
現の証拠	ゲンノショウコ
現る	アラワル
現れ	アラワレ
現れる	アラワレル
現れ出る	アラワレデル
現わす	アラワス
現われ	アラワレ
現われる	アラワレル
現われ出る	アラワレデル
現ナマ	ゲンナマ
現下	ゲンカ
現人神	アラヒトガミ
現今	ゲンコン
現代っ子	ゲンダイッコ
現代劇	ゲンダイゲキ
現代化	ゲンダイカ
現代史	ゲンダイシ
現代国語	ゲンダイコクゴ
現代文	ゲンダイブン
現代病	ゲンダイビョウ
現代的	ゲンダイテキ
現代詩	ゲンダイシ
現代語	ゲンダイゴ
現代風	ゲンダイフウ
現任	ゲンニン
現住所	ゲンジュウショ
現価	ゲンカ
現像	ゲンゾウ
現像液	ゲンゾウエキ
現先	ゲンサキ
現出	ゲンシュツ
現前	ゲンゼン
現勢	ゲンセイ
現品	ゲンピン
現員	ゲンイン
現在	ゲンザイ
現在地	ゲンザイチ
現在高	ゲンザイダカ
現地	ゲンチ
現地法人	ゲンチホウジン
現地通貨	ゲンチツウカ
現存在	ゲンソンザイ
現実	ゲンジツ
現実ばなれ	ゲンジツバナレ
現実主義	ゲンジツシュギ
現実主義者	ゲンジツシュギシャ
現実化	ゲンジツカ
現実味	ゲンジツミ
現実性	ゲンジツセイ
現実感	ゲンジツカン
現実界	ゲンジツカイ
現実的	ゲンジツテキ
現実社会	ゲンジツシャカイ
現実離れ	ゲンジツバナレ
現尺	ゲンシャク
現役	ゲンエキ
現役世代	ゲンエキセダイ
現数	ゲンスウ
現時	ゲンジ
現時点	ゲンジテン
現有	ゲンユウ
現業	ゲンギョウ
現況	ゲンキョウ
現物	ゲンブツ
現物支給	ゲンブツシキュウ
現物給与	ゲンブツキュウヨ
現物給付	ゲンブツキュウフ
現状	ゲンジョウ
現用	ゲンヨウ
現界	ゲンカイ
現給	ゲンキュウ
現職	ゲンショク
現行	ゲンコウ
現行法	ゲンコウホウ
現行犯	ゲンコウハン
現認	ゲンニン
現象	ゲンショウ
現象学	ゲンショウガク
現象界	ゲンショウカイ
現送	ゲンソウ
現金	ゲンキン
現金化	ゲンキンカ
現金払い	ゲンキンバライ
現金書留	ゲンキンカキトメ
現金給付	ゲンキンキュウフ
現金自動支払機	ゲンキンジドウシハライキ
現預金	ゲンヨキン
現高	ゲンダカ
球乗り	タマノリ
球体	キュウタイ
球児	キュウジ
球団	キュウダン
球場	キュウジョウ
球威	キュウイ
球宴	キュウエン
球審	キュウシン
球形	キュウケイ
球戯	キュウギ
球戯場	キュウギジョウ
球技	キュウギ
球技場	キュウギジョウ
球拾い	タマヒロイ
球春	キュウシュン
球果	キュウカ
球根	キュウコン
球歴	キュウレキ
球状	キュウジョウ
球界	キュウカイ
球種	キュウシュ
球筋	タマスジ
球茎	キュウケイ
球菌	キュウキン
球質	キュウシツ
球趣	キュウシュ
球速	キュウソク
球際	タマギワ
球面	キュウメン
球面鏡	キュウメンキョウ
球顆	キュウカ
理に適う	リニカナウ
理り	コトワリ
理不尽	リフジン
理事	リジ
理事会	リジカイ
理事国	リジコク
理事長	リジチョウ
理会	リカイ
理外	リガイ
理学療法士	リガクリョウホウシ
理学部	リガクブ
理容	リヨウ
理容室	リヨウシツ
理容師	リヨウシ
理容所	リヨウショ
理屈	リクツ
理工	リコウ
理工学部	リコウガクブ
理工科	リコウカ
理工系	リコウケイ
理念	リネン
理性	リセイ
理性的	リセイテキ
理想	リソウ
理想主義	リソウシュギ
理想像	リソウゾウ
理想化	リソウカ
理想家	リソウカ
理想的	リソウテキ
理想論	リソウロン
理想郷	リソウキョウ
理数	リスウ
理智	リチ
理智的	リチテキ
理気	リキ
理法	リホウ
理知	リチ
理知的	リチテキ
理科	リカ
理科室	リカシツ
理科系	リカケイ
理窟	リクツ
理系	リケイ
理系女子	リケイジョシ
理致	リチ
理解	リカイ
理解力	リカイリョク
理解度	リカイド
理詰	リヅメ
理詰め	リヅメ
理論	リロン
理論値	リロンチ
理論家	リロンカ
理論的	リロンテキ
理財	リザイ
理路	リロ
理非	リヒ
理髪	リハツ
理髪師	リハツシ
理髪店	リハツテン
琉歌	リュウカ
琉球芋	リュウキュウイモ
琉球藍	リュウキュウアイ
琉球語	リュウキュウゴ
琉璃	ルリ
琉金	リュウキン
琢く	ミガク
琢磨	タクマ
琥珀	コハク
琥珀色	コハクイロ
琴座	コトザ
琴曲	キンキョク
琴柱	コトジ
琴爪	コトヅメ
琴瑟	キンシツ
琴線	キンセン
琵琶	ビワ
琵琶鱒	ビワマス
琺瑯	ホウロウ
琺瑯質	ホウロウシツ
瑇瑁	タイマイ
瑕瑾	カキン
瑕疵	カシ
瑜伽	ユガ
瑞々しい	ミズミズシイ
瑞兆	ズイチョウ
瑞夢	ズイム
瑞宝章	ズイホウショウ
瑞気	ズイキ
瑞瑞しい	ミズミズシイ
瑞祥	ズイショウ
瑞穂	ミズホ
瑞象	ズイショウ
瑞雲	ズイウン
瑞鳥	ズイチョウ
瑠璃	ルリ
瑠璃色	ルリイロ
瑣事	サジ
瑣末	サマツ
瑣末主義	サマツシュギ
瑣細	ササイ
瑪瑙	メノウ
環境	カンキョウ
環境変化	カンキョウヘンカ
環境大臣	カンキョウダイジン
環境学	カンキョウガク
環境庁	カンキョウチョウ
環境教育	カンキョウキョウイク
環境構築	カンキョウコウチク
環境権	カンキョウケン
環境相	カンキョウショウ
環境省	カンキョウショウ
環太平洋	カンタイヘイヨウ
環形	カンケイ
環指	カンシ
環流	カンリュウ
環海	カンカイ
環濠	カンゴウ
環状	カンジョウ
環状線	カンジョウセン
環礁	カンショウ
環節	カンセツ
環視	カンシ
瓔珞	ヨウラク
瓜ざね	ウリザネ
瓜二つ	ウリフタツ
瓜坊	ウリボウ
瓜実顔	ウリザネガオ
瓜田	カデン
瓢虫	テントウムシ
瓢鮎図	ヒョウネンズ
瓦ぶき	カワラブキ
瓦全	ガゼン
瓦屋	カワラヤ
瓦屋根	カワラヤネ
瓦当	ガトウ
瓦斯	ガス
瓦斯灯	ガストウ
瓦版	カワラバン
瓦石	ガセキ
瓦茸	カワラタケ
瓦落	ガラ
瓦落多	ガラクタ
瓦葺	カワラブキ
瓦葺き	カワラブキ
瓦解	ガカイ
瓶掛	ビンカケ
瓶覗	カメノゾキ
瓶詰	ビンヅメ
瓶詰め	ビンヅメ
甕棺	カメカン
甘々	アマアマ
甘えっ子	アマエッコ
甘えび	アマエビ
甘える	アマエル
甘えんぼう	アマエンボウ
甘え掛かる	アマエカカル
甘ぐり	アマグリ
甘じょっぱい	アマジョッパイ
甘ずっぱい	アマズッパイ
甘だれ	アマダレ
甘ったるい	アマッタルイ
甘ったれ	アマッタレ
甘ったれる	アマッタレル
甘っちょろい	アマッチョロイ
甘み	アマミ
甘みそ	アマミソ
甘め	アマメ
甘やか	アマヤカ
甘やかす	アマヤカス
甘んじる	アマンジル
甘んずる	アマンズル
甘ダレ	アマダレ
甘党	アマトウ
甘受	カンジュ
甘口	アマクチ
甘味噌	アマミソ
甘味料	カンミリョウ
甘塩	アマジオ
甘塩っぱい	アマジョッパイ
甘夏	アマナツ
甘子	アマゴ
甘干	アマボシ
甘干し	アマボシ
甘心	カンシン
甘柿	アマガキ
甘栗	アマグリ
甘汞	カンコウ
甘海老	アマエビ
甘海苔	アマノリ
甘甘	アマアマ
甘皮	アマカワ
甘美	カンビ
甘肌	アマハダ
甘苦い	アマニガイ
甘茶	アマチャ
甘草	カンゾウ
甘葛	アマズラ
甘藍	カンラン
甘藻	アマモ
甘言	カンゲン
甘酒	アマザケ
甘酢	アマズ
甘酸	カンサン
甘酸っぱい	アマズッパイ
甘野老	アマドコロ
甘露	カンロ
甘露煮	カンロニ
甘食	アマショク
甘鯛	アマダイ
甚く	イタク
甚しい	ハナハダシイ
甚だ	ハナハダ
甚だしい	ハナハダシイ
甚六	ジンロク
甚句	ジンク
甚大	ジンダイ
甚平	ジンベイ
甚振る	イタブル
甜茶	テンチャ
甜菜	テンサイ
甜菜糖	テンサイトウ
甜面醤	テンメンジャン
甜麺醤	テンメンジャン
生々しい	ナマナマシイ
生あくび	ナマアクビ
生あたたか	ナマアタタカ
生あたたかい	ナマアタタカイ
生いしげる	オイシゲル
生いたち	オイタチ
生い先	オイサキ
生い立ち	オイタチ
生い立つ	オイタツ
生い茂る	オイシゲル
生えかわる	ハエカワル
生えぎわ	ハエギワ
生えそろう	ハエソロウ
生える	ハエル
生え出る	ハエデル
生え変る	ハエカワル
生え変わる	ハエカワル
生え抜き	ハエヌキ
生え揃う	ハエソロウ
生え替わる	ハエカワル
生え際	ハエギワ
生かす	イカス
生かる	イカル
生がき	ナマガキ
生き	イキ
生きいき	イキイキ
生きかえる	イキカエル
生きがい	イキガイ
生きざま	イキザマ
生きながらえる	イキナガラエル
生きのこり	イキノコリ
生きのびる	イキノビル
生きもの	イキモノ
生きる	イキル
生き仏	イキボトケ
生き体	イキタイ
生き作り	イキヅクリ
生き写し	イキウツシ
生き別れ	イキワカレ
生き別れる	イキワカレル
生き地獄	イキジゴク
生き埋め	イキウメ
生き字引	イキジビキ
生き存える	イキナガラエル
生き延びる	イキノビル
生き急ぐ	イキイソグ
生き恥	イキハジ
生き方	イキカタ
生き様	イキザマ
生き死に	イキシニ
生き残り	イキノコリ
生き残る	イキノコル
生き永らえる	イキナガラエル
生き物	イキモノ
生き生き	イキイキ
生き甲斐	イキガイ
生き神	イキガミ
生き肝	イキギモ
生き胆	イキギモ
生き血	イキチ
生き身	イキミ
生き返る	イキカエル
生き長らえる	イキナガラエル
生き馬	イキウマ
生く	イク
生ぐさい	ナマグサイ
生けす	イケス
生けにえ	イケニエ
生ける	イケル
生け作り	イケヅクリ
生け垣	イケガキ
生け捕り	イケドリ
生け捕る	イケドル
生け簀	イケス
生け籬	イケガキ
生け花	イケバナ
生け贄	イケニエ
生け込む	イケコム
生ごみ	ナマゴミ
生じょうゆ	キジョウユ
生じる	ショウジル
生じろい	ナマジロイ
生ずる	ショウズル
生たまご	ナマタマゴ
生っちょろい	ナマッチョロイ
生っちろい	ナマッチロイ
生っ白い	ナマッチロイ
生っ粋	キッスイ
生つば	ナマツバ
生ぬるい	ナマヌルイ
生まじめ	キマジメ
生まれ	ウマレ
生まれかわり	ウマレカワリ
生まれかわる	ウマレカワル
生まれたて	ウマレタテ
生まれつき	ウマレツキ
生まれつく	ウマレツク
生まれもつ	ウマレモツ
生まれる	ウマレル
生まれ付き	ウマレツキ
生まれ付く	ウマレツク
生まれ出る	ウマレデル
生まれ合わせる	ウマレアワセル
生まれ変わり	ウマレカワリ
生まれ変わる	ウマレカワル
生まれ年	ウマレドシ
生まれ持つ	ウマレモツ
生まれ月	ウマレヅキ
生まれ立て	ウマレタテ
生まれ育つ	ウマレソダツ
生まれ落ちる	ウマレオチル
生み	ウミ
生みだす	ウミダス
生みつける	ウミツケル
生みの子	ウミノコ
生みの親	ウミノオヤ
生み付ける	ウミツケル
生み出す	ウミダス
生み落す	ウミオトス
生み落とす	ウミオトス
生む	ウム
生めかしい	ナマメカシイ
生もの	ナマモノ
生やさしい	ナマヤサシイ
生やす	ハヤス
生り年	ナリドシ
生り物	ナリモノ
生る	ナル
生れつき	ウマレツキ
生れる	ウマレル
生れ付き	ウマレツキ
生れ年	ウマレドシ
生れ月	ウマレヅキ
生れ育つ	ウマレソダツ
生れ落ちる	ウマレオチル
生ガキ	ナマガキ
生クリーム	ナマクリーム
生コン	ナマコン
生コンクリート	ナマコンクリート
生ゴミ	ナマゴミ
生ゴム	ナマゴム
生ハム	ナマハム
生ビール	ナマビール
生一本	キイッポン
生中継	ナマチュウケイ
生乾	ナマボシ
生乾し	ナマボシ
生体	セイタイ
生体膜	セイタイマク
生保	セイホ
生傷	ナマキズ
生兵法	ナマビョウホウ
生写し	イキウツシ
生別	セイベツ
生前	セイゼン
生前葬	セイゼンソウ
生剥	ナマハゲ
生動	セイドウ
生化学	セイカガク
生半	ナマナカ
生半可	ナマハンカ
生協	セイキョウ
生卵	ナマタマゴ
生合成	セイゴウセイ
生命体	セイメイタイ
生命保険	セイメイホケン
生命倫理	セイメイリンリ
生命刑	セイメイケイ
生命力	セイメイリョク
生命科学	セイメイカガク
生命線	セイメイセン
生唾	ナマツバ
生地獄	イキジゴク
生垣	イケガキ
生埋め	イキウメ
生塵	ナマゴミ
生壁	ナマカベ
生姜湯	ショウガユ
生娘	キムスメ
生子壁	ナマコカベ
生字引	イキジビキ
生存	セイゾン
生存圏	セイゾンケン
生存権	セイゾンケン
生存率	セイゾンリツ
生存者	セイゾンシャ
生害	ショウガイ
生干	ナマボシ
生干し	ナマボシ
生年月日	セイネンガッピ
生彩	セイサイ
生後	セイゴ
生徒	セイト
生徒会	セイトカイ
生徒手帳	セイトテチョウ
生徒指導	セイトシドウ
生徒数	セイトスウ
生息	セイソク
生息地	セイソクチ
生意気	ナマイキ
生態	セイタイ
生態型	セイタイケイ
生態学	セイタイガク
生態系	セイタイケイ
生成り色	キナリイロ
生揚げ	ナマアゲ
生損保	セイソンポ
生放送	ナマホウソウ
生新しい	ナマアタラシイ
生易しい	ナマヤサシイ
生春巻	ナマハルマキ
生春巻き	ナマハルマキ
生暖か	ナマアタタカ
生暖かい	ナマアタタカイ
生有	ショウウ
生木	ナマキ
生検	セイケン
生欠伸	ナマアクビ
生死不明	セイシフメイ
生残	セイザン
生残り	イキノコリ
生殖	セイショク
生殖腺	セイショクセン
生殺	セイサツ
生殺し	ナマゴロシ
生殺与奪	セイサツヨダツ
生母	セイボ
生毛体	セイモウタイ
生気	セイキ
生気論	セイキロン
生水	ナマミズ
生没	セイボツ
生没年	セイボツネン
生活	セイカツ
生活保護	セイカツホゴ
生活力	セイカツリョク
生活史	セイカツシ
生活圏	セイカツケン
生活扶助	セイカツフジョ
生活排水	セイカツハイスイ
生活様式	セイカツヨウシキ
生活残業	セイカツザンギョウ
生活環	セイカツカン
生活用品	セイカツヨウヒン
生活科	セイカツカ
生活給	セイカツキュウ
生活習慣	セイカツシュウカン
生活習慣病	セイカツシュウカンビョウ
生活者	セイカツシャ
生活臭	セイカツシュウ
生活苦	セイカツク
生活設計	セイカツセッケイ
生活費	セイカツヒ
生活難	セイカツナン
生涯	ショウガイ
生涯学習	ショウガイガクシュウ
生温か	ナマアタタカ
生温かい	ナマアタタカイ
生滅	ショウメツ
生漆	キウルシ
生演奏	ナマエンソウ
生焼け	ナマヤケ
生煮え	ナマニエ
生熟れ	ナマナレ
生爪	ナマヅメ
生牡蛎	ナマガキ
生牡蠣	ナマガキ
生物兵器	セイブツヘイキ
生物剤	セイブツザイ
生物圏	セイブツケン
生物学	セイブツガク
生物界	セイブツカイ
生玉	イクタマ
生理	セイリ
生理休暇	セイリキュウカ
生理学	セイリガク
生理日	セイリビ
生理痛	セイリツウ
生理的	セイリテキ
生理食塩水	セイリショクエンスイ
生生しい	ナマナマシイ
生産力	セイサンリョク
生産品	セイサンヒン
生産国	セイサンコク
生産地	セイサンチ
生産年齢人口	セイサンネンレイジンコウ
生産性	セイサンセイ
生産物	セイサンブツ
生産的	セイサンテキ
生産者	セイサンシャ
生産財	セイサンザイ
生産費	セイサンヒ
生産量	セイサンリョウ
生産高	セイサンダカ
生甲斐	イキガイ
生白い	ナマジロイ
生皮	ナマカワ
生真面目	キマジメ
生着	セイチャク
生硬	セイコウ
生祠	セイシ
生禽	セイキン
生立ち	オイタチ
生簀	イケス
生米	ナマゴメ
生粋	キッスイ
生糸	キイト
生紙	キガミ
生者必滅	ショウジャヒツメツ
生育	セイイク
生臭	ナマグサ
生臭い	ナマグサイ
生臭坊主	ナマグサボウズ
生臭物	ナマグサモノ
生色	セイショク
生花店	セイカテン
生茂る	オイシゲル
生茹で	ナマユデ
生菌	セイキン
生菓子	ナマガシ
生蕃	セイバン
生薬学	ショウヤクガク
生蝋	キロウ
生蠟	キロウ
生血	ナマチ
生計	セイケイ
生計費	セイケイヒ
生誕	セイタン
生誕祭	セイタンサイ
生贄	イケニエ
生起	セイキ
生足	ナマアシ
生返る	イキカエル
生返事	ナマヘンジ
生還	セイカン
生酛	キモト
生酢	キズ
生酥	ショウソ
生醤油	キジョウユ
生野菜	ナマヤサイ
生録	ナマロク
生長	セイチョウ
生長らえる	イキナガラエル
生長点	セイチョウテン
生際	ハエギワ
生面	セイメン
生首	ナマクビ
生鮮	セイセン
産じょく	サンジョク
産する	サンスル
産まれる	ウマレル
産み	ウミ
産みおとす	ウミオトス
産みだす	ウミダス
産みつける	ウミツケル
産みの子	ウミノコ
産みの親	ウミノオヤ
産み付ける	ウミツケル
産み出す	ウミダス
産み分け	ウミワケ
産み月	ウミヅキ
産み落す	ウミオトス
産み落とす	ウミオトス
産む	ウム
産れる	ウマレル
産休	サンキュウ
産児	サンジ
産出	サンシュツ
産別	サンベツ
産前	サンゼン
産前産後	サンゼンサンゴ
産卵	サンラン
産卵期	サンランキ
産卵管	サンランカン
産土神	ウブスナガミ
産地	サンチ
産地直送	サンチチョクソウ
産声	ウブゴエ
産婆	サンバ
産婦	サンプ
産婦人科	サンフジンカ
産婦人科医	サンフジンカイ
産学	サンガク
産学官	サンガクカン
産官学	サンカンガク
産室	サンシツ
産屋	ウブヤ
産廃	サンパイ
産後	サンゴ
産業	サンギョウ
産業動物	サンギョウドウブツ
産業医	サンギョウイ
産業廃棄物	サンギョウハイキブツ
産業技術総合研究所	サンギョウギジュツソウゴウケンキュウショ
産業界	サンギョウカイ
産機	サンキ
産毛	ウブゲ
産気	サンケ
産油国	サンユコク
産湯	ウブユ
産炭	サンタン
産物	サンブツ
産生	サンセイ
産直	サンチョク
産着	ウブギ
産神	ウブガミ
産科	サンカ
産科医	サンカイ
産科学	サンカガク
産育休	サンイクキュウ
産褥	サンジョク
産褥期	サンジョクキ
産道	サンドウ
産金	サンキン
産院	サンイン
産額	サンガク
産駒	サンク
甥っこ	オイッコ
甥っ子	オイッコ
甦える	ヨミガエル
甦る	ヨミガエル
用いる	モチイル
用たし	ヨウタシ
用事	ヨウジ
用人	ヨウニン
用件	ヨウケン
用例	ヨウレイ
用便	ヨウベン
用兵	ヨウヘイ
用具	ヨウグ
用務	ヨウム
用務員	ヨウムイン
用向き	ヨウムキ
用命	ヨウメイ
用品	ヨウヒン
用器	ヨウキ
用器画	ヨウキガ
用土	ヨウド
用地	ヨウチ
用字	ヨウジ
用布	ヨウフ
用弁	ヨウベン
用役	ヨウエキ
用後	ヨウゴ
用心	ヨウジン
用心棒	ヨウジンボウ
用意	ヨウイ
用捨	ヨウシャ
用木	ヨウボク
用材	ヨウザイ
用水	ヨウスイ
用水路	ヨウスイロ
用法	ヨウホウ
用済み	ヨウズミ
用益	ヨウエキ
用益権	ヨウエキケン
用立てる	ヨウダテル
用筆	ヨウヒツ
用箋	ヨウセン
用紙	ヨウシ
用船	ヨウセン
用言	ヨウゲン
用語	ヨウゴ
用語集	ヨウゴシュウ
用談	ヨウダン
用足し	ヨウタシ
用途	ヨウト
用量	ヨウリョウ
用金	ヨウキン
田んぼ	タンボ
田吾作	タゴサク
田園詩	デンエンシ
田園詩人	デンエンシジン
田園都市	デンエントシ
田夫	デンプ
田字草	デンジソウ
田平子	タビラコ
田打ち	タウチ
田植	タウエ
田植え	タウエ
田植え機	タウエキ
田植機	タウエキ
田植踊	タウエオドリ
田楽	デンガク
田楽刺し	デンガクザシ
田租	デンソ
田紳	デンシン
田舎っぺ	イナカッペ
田舎びる	イナカビル
田舎回り	イナカマワリ
田舎娘	イナカムスメ
田舎家	イナカヤ
田舎町	イナカマチ
田舎育ち	イナカソダチ
田舎芝居	イナカシバイ
田舎蕎麦	イナカソバ
田舎道	イナカミチ
田芥子	タガラシ
田荘	タドコロ
田虫	タムシ
田螺	タニシ
田起こし	タオコシ
田遊	タアソビ
田遊び	タアソビ
田野	デンヤ
田雲雀	タヒバリ
田鰻	タウナギ
田鷸	タシギ
田麩	デンブ
田鼈	タガメ
由々しい	ユユシイ
由々しき	ユユシキ
由る	ヨル
由来	ユライ
由由しい	ユユシイ
由緒	ユイショ
由縁	ユエン
甲ら	コウラ
甲乙	コウオツ
甲兵	コウヘイ
甲冑	カッチュウ
甲冑師	カッチュウシ
甲冑魚	カッチュウギョ
甲斐甲斐しい	カイガイシイ
甲斐路	カイジ
甲殻	コウカク
甲殻類	コウカクルイ
甲比丹	カピタン
甲烏賊	コウイカ
甲状腺	コウジョウセン
甲状腺がん	コウジョウセンガン
甲状腺癌	コウジョウセンガン
甲種	コウシュ
甲羅	コウラ
甲胄	カッチュウ
甲虫類	コウチュウルイ
甲走る	カンバシル
甲鉄	コウテツ
甲鉄艦	コウテツカン
甲骨文字	コウコツモジ
甲高い	カンダカイ
申し	モウシ
申しあげる	モウシアゲル
申しあわせる	モウシアワセル
申しいで	モウシイデ
申しこむ	モウシコム
申しつける	モウシツケル
申しのべる	モウシノベル
申しわけ	モウシワケ
申し上げる	モウシアゲル
申し付ける	モウシツケル
申し伝える	モウシツタエル
申し入れ	モウシイレ
申し入れる	モウシイレル
申し入れ書	モウシイレショ
申し出	モウシデ
申し出で	モウシイデ
申し出る	モウシデル
申し分	モウシブン
申し分け	モウシワケ
申し受ける	モウシウケル
申し合せる	モウシアワセル
申し合わせ	モウシアワセ
申し合わせる	モウシアワセル
申し子	モウシゴ
申し条	モウシジョウ
申し添える	モウシソエル
申し渡す	モウシワタス
申し状	モウシジョウ
申し立て	モウシタテ
申し立てる	モウシタテル
申し聞かせる	モウシキカセル
申し訳	モウシワケ
申し越し	モウシコシ
申し越す	モウシコス
申し込み	モウシコミ
申し込み者	モウシコミシャ
申し込む	モウシコム
申し述べる	モウシノベル
申し送り	モウシオクリ
申し送る	モウシオクル
申し遣わす	モウシツカワス
申し開き	モウシヒラキ
申す	モウス
申上げる	モウシアゲル
申付ける	モウシツケル
申伝える	モウシツタエル
申入	モウシイレ
申出	モウシデ
申出で	モウシイデ
申出る	モウシデル
申受ける	モウシウケル
申合せ	モウシアワセ
申告	シンコク
申告書	シンコクショ
申告漏れ	シンコクモレ
申告者	シンコクシャ
申年	サルドシ
申楽	サルガク
申渡す	モウシワタス
申状	モウシジョウ
申立	モウシタテ
申立て	モウシタテ
申聞かせる	モウシキカセル
申訳	モウシワケ
申請	シンセイ
申請書	シンセイショ
申請者	シンセイシャ
申越し	モウシコシ
申越す	モウシコス
申込み	モウシコミ
申込み者	モウシコミシャ
申込む	モウシコム
申込書	モウシコミショ
申込者	モウシコミシャ
申述	シンジュツ
申述べる	モウシノベル
申送り	モウシオクリ
申送る	モウシオクル
申達	シンタツ
申開き	モウシヒラキ
男々しい	オオシイ
男ことば	オトココトバ
男ざかり	オトコザカリ
男だて	オトコダテ
男っ気	オトコッケ
男のコ	オトコノコ
男びな	オビナ
男まさり	オトコマサリ
男やもめ	オトコヤモメ
男任せ	オトコマカセ
男伊達	オトコダテ
男優	ダンユウ
男児	ダンジ
男前	オトコマエ
男勝り	オトコマサリ
男友達	オトコトモダチ
男囚	ダンシュウ
男坂	オトコザカ
男声	ダンセイ
男女同権	ダンジョドウケン
男女雇用機会均等法	ダンジョコヨウキカイキントウホウ
男好き	オトコズキ
男姿	オトコスガタ
男娼	ダンショウ
男嫌い	オトコギライ
男子	ダンシ
男子寮	ダンシリョウ
男子校	ダンシコウ
男寡	オトコヤモメ
男工	ダンコウ
男帯	オトコオビ
男役	オトコヤク
男御子	オトコミコ
男心	オトコゴコロ
男性	ダンセイ
男性名	ダンセイメイ
男性器	ダンセイキ
男性客	ダンセイキャク
男性的	ダンセイテキ
男性語	ダンセイゴ
男所帯	オトコジョタイ
男持ち	オトコモチ
男方	オトコガタ
男木	オギ
男根	ダンコン
男根期	ダンコンキ
男波	オナミ
男泣き	オトコナキ
男浪	オナミ
男湯	オトコユ
男滝	オダキ
男爵	ダンシャク
男爵芋	ダンシャクイモ
男物	オトコモノ
男狂い	オトコグルイ
男男しい	オオシイ
男盛り	オトコザカリ
男神	オガミ
男系	ダンケイ
男結び	オトコムスビ
男腹	オトコバラ
男臭い	オトコクサイ
男舞	オトコマイ
男装	ダンソウ
男親	オトコオヤ
男言葉	オトココトバ
男遊び	オトコアソビ
男運	オトコウン
男部屋	オトコベヤ
男雛	オビナ
男難	ダンナン
男風呂	オトコブロ
男鰥	オトコヤモメ
町おこし	マチオコシ
町づくり	マチヅクリ
町なか	マチナカ
町はずれ	マチハズレ
町並	マチナミ
町並み	マチナミ
町中華	マチチュウカ
町会	チョウカイ
町住い	マチズマイ
町住まい	マチズマイ
町作り	マチヅクリ
町内会	チョウナイカイ
町制	チョウセイ
町医	マチイ
町医者	マチイシャ
町名	チョウメイ
町営	チョウエイ
町域	チョウイキ
町外れ	マチハズレ
町奉行	マチブギョウ
町奴	マチヤッコ
町娘	マチムスメ
町屋	マチヤ
町弁	マチベン
町役場	マチヤクバ
町政	チョウセイ
町方	マチカタ
町明かり	マチアカリ
町有	チョウユウ
町村	チョウソン
町村制	チョウソンセイ
町歩	チョウブ
町歩き	マチアルキ
町民	チョウミン
町着	マチギ
町立	チョウリツ
町筋	マチスジ
町育ち	マチソダチ
町興し	マチオコシ
町衆	マチシュウ
町角	マチカド
町議	チョウギ
町議会	チョウギカイ
町議会議員	チョウギカイギイン
町起こし	マチオコシ
町造り	マチヅクリ
町道	チョウドウ
町道場	マチドウジョウ
町長	チョウチョウ
画す	カクス
画する	カクスル
画びょう	ガビョウ
画一	カクイツ
画一化	カクイツカ
画一的	カクイツテキ
画人	ガジン
画仙	ガセン
画仙紙	ガセンシ
画会	ガカイ
画伯	ガハク
画像データ	ガゾウデータ
画僧	ガソウ
画商	ガショウ
画報	ガホウ
画塾	ガジュク
画境	ガキョウ
画壇	ガダン
画定	カクテイ
画室	ガシツ
画家	ガカ
画展	ガテン
画工	ガコウ
画布	ガフ
画帖	ガジョウ
画帳	ガチョウ
画幅	ガフク
画廊	ガロウ
画意	ガイ
画房	ガボウ
画才	ガサイ
画数	カクスウ
画期	カッキ
画期的	カッキテキ
画材	ガザイ
画板	ガバン
画架	ガカ
画架座	ガカザ
画業	ガギョウ
画法	ガホウ
画派	ガハ
画然	カクゼン
画用紙	ガヨウシ
画眉	ガビ
画稿	ガコウ
画筆	ガヒツ
画策	カクサク
画箋紙	ガセンシ
画素	ガソ
画素数	ガソスウ
画聖	ガセイ
画舫	ガボウ
画角	ガカク
画論	ガロン
画譜	ガフ
画讚	ガサン
画賛	ガサン
画質	ガシツ
画趣	ガシュ
画道	ガドウ
画鋲	ガビョウ
画集	ガシュウ
画面	ガメン
画題	ガダイ
画風	ガフウ
界わい	カイワイ
界標	カイヒョウ
界隈	カイワイ
界雷	カイライ
界面	カイメン
界面活性剤	カイメンカッセイザイ
畏い	カシコイ
畏まる	カシコマル
畏れおののく	オソレオノノク
畏れる	オソレル
畏れ入る	オソレイル
畏れ戦く	オソレオノノク
畏友	イユウ
畏怖	イフ
畏敬	イケイ
畏服	イフク
畏縮	イシュク
畑作	ハタサク
畑占地	ハタケシメジ
畑地	ハタチ
畑打ち	ハタウチ
畑違い	ハタケチガイ
畑鼠	ハタネズミ
畔道	アゼミチ
留まり木	トマリギ
留め具	トメグ
留め山	トメヤマ
留め椀	トメワン
留め湯	トメユ
留め男	トメオトコ
留め立て	トメダテ
留め継ぎ	トメツギ
留め置き	トメオキ
留め置く	トメオク
留め袖	トメソデ
留め金	トメガネ
留め針	トメバリ
留任	リュウニン
留保	リュウホ
留出	リュウシュツ
留別	リュウベツ
留学	リュウガク
留学先	リュウガクサキ
留学生	リュウガクセイ
留守	ルス
留守宅	ルスタク
留守居	ルスイ
留守番	ルスバン
留守番電話	ルスバンデンワ
留守録	ルスロク
留守電	ルスデン
留山	トメヤマ
留年	リュウネン
留意	リュウイ
留意事項	リュウイジコウ
留意点	リュウイテン
留日	リュウニチ
留木	トメギ
留桶	トメオケ
留湯	トメユ
留男	トメオトコ
留置き	トメオキ
留置く	トメオク
留置場	リュウチジョウ
留置所	リュウチジョ
留置権	リュウチケン
留職	リュウショク
留袖	トメソデ
留連	リュウレン
留金	トメガネ
留針	トメバリ
留飲	リュウイン
留鳥	リュウチョウ
畜力	チクリョク
畜殺	チクサツ
畜牛	チクギュウ
畜生道	チクショウドウ
畜産	チクサン
畜産場	チクサンジョウ
畜産学	チクサンガク
畜産業	チクサンギョウ
畜産物	チクサンブツ
畜種	チクシュ
畜肉	チクニク
畜舎	チクシャ
畜類	チクルイ
畜養	チクヨウ
畝織	ウネオリ
畝織り	ウネオリ
畝間	ウネマ
畢る	オワル
畢生	ヒッセイ
畢竟	ヒッキョウ
略す	リャクス
略する	リャクスル
略伝	リャクデン
略体	リャクタイ
略儀	リャクギ
略取	リャクシュ
略叙	リャクジョ
略史	リャクシ
略号	リャクゴウ
略名	リャクメイ
略図	リャクズ
略奪	リャクダツ
略奪婚	リャクダツコン
略奪愛	リャクダツアイ
略奪者	リャクダツシャ
略字	リャクジ
略帽	リャクボウ
略式	リャクシキ
略意	リャクイ
略服	リャクフク
略本暦	リャクホンレキ
略歴	リャクレキ
略画	リャクガ
略礼服	リャクレイフク
略称	リャクショウ
略章	リャクショウ
略符	リャクフ
略筆	リャクヒツ
略綬	リャクジュ
略装	リャクソウ
略言	リャクゲン
略記	リャッキ
略語	リャクゴ
略説	リャクセツ
略譜	リャクフ
略述	リャクジュツ
畦畔	ケイハン
畦道	アゼミチ
番い	ツガイ
番える	ツガエル
番人	バンニン
番付	バンヅケ
番傘	バンガサ
番兵	バンペイ
番勝負	バンショウブ
番卒	バンソツ
番台	バンダイ
番号	バンゴウ
番地	バンチ
番外	バンガイ
番外地	バンガイチ
番太	バンタ
番太郎	バンタロウ
番宣	バンセン
番小屋	バンゴヤ
番屋	バンヤ
番手	バンテ
番犬	バンケン
番狂わせ	バンクルワセ
番組	バングミ
番組名	バングミメイ
番組宣伝	バングミセンデン
番組表	バングミヒョウ
番線	バンセン
番茶	バンチャ
番記者	バンキシャ
番長	バンチョウ
異なる	コトナル
異る	コトナル
異世界	イセカイ
異人館	イジンカン
異体	イタイ
異体字	イタイジ
異例	イレイ
異俗	イゾク
異分子	イブンシ
異動	イドウ
異化	イカ
異同	イドウ
異和	イワ
異和感	イワカン
異図	イト
異国	イコク
異型	イケイ
異域	イイキ
異境	イキョウ
異変	イヘン
異姓	イセイ
異字	イジ
異存	イゾン
異常	イジョウ
異常値	イジョウチ
異常気象	イジョウキショウ
異常終了	イジョウシュウリョウ
異常者	イジョウシャ
異彩	イサイ
異性	イセイ
異性婚	イセイコン
異性愛	イセイアイ
異性愛者	イセイアイシャ
異所性	イショセイ
異才	イサイ
異教	イキョウ
異教徒	イキョウト
異数	イスウ
異文	イブン
異文化	イブンカ
異方	イホウ
異星	イセイ
異星人	イセイジン
異朝	イチョウ
異本	イホン
異材	イザイ
異様	イヨウ
異次元	イジゲン
異母	イボ
異民族	イミンゾク
異派	イハ
異父	イフ
異版	イハン
異物感	イブツカン
異状	イジョウ
異状死	イジョウシ
異界	イカイ
異相	イソウ
異称	イショウ
異種	イシュ
異端	イタン
異端児	イタンジ
異義	イギ
異翅類	イシルイ
異聞	イブン
異能	イノウ
異腹	イフク
異臭	イシュウ
異色	イショク
異表記	イヒョウキ
異装	イソウ
異見	イケン
異観	イカン
異言	イゲン
異説	イセツ
異論	イロン
異議	イギ
異議申し立て	イギモウシタテ
異質	イシツ
異質性	イシツセイ
異邦	イホウ
異邦人	イホウジン
異郷	イキョウ
異音	イオン
異類	イルイ
異風	イフウ
異食	イショク
異食症	イショクショウ
畳みかける	タタミカケル
畳み掛ける	タタミカケル
畳み込み	タタミコミ
畳み込む	タタミコム
畳む	タタム
畳字	ジョウジ
畳屋	タタミヤ
畳数	ジョウスウ
畳敷	タタミジキ
畳敷き	タタミジキ
畳替え	タタミガエ
畳縁	タタミベリ
畳表	タタミオモテ
畳語	ジョウゴ
畳針	タタミバリ
畳韻	ジョウイン
畳鰯	タタミイワシ
畸人	キジン
畸型	キケイ
畸形	キケイ
疆域	キョウイキ
疎々しい	ウトウトシイ
疎い	ウトイ
疎ましい	ウトマシイ
疎む	ウトム
疎ら	マバラ
疎んじる	ウトンジル
疎んずる	ウトンズル
疎外	ソガイ
疎密	ソミツ
疎意	ソイ
疎慢	ソマン
疎放	ソホウ
疎明	ソメイ
疎林	ソリン
疎水	ソスイ
疎水性	ソスイセイ
疎漏	ソロウ
疎略	ソリャク
疎疎しい	ウトウトシイ
疎結合	ソケツゴウ
疎通	ソツウ
疎遠	ソエン
疎開	ソカイ
疎隔	ソカク
疎音	ソイン
疏外	ソガイ
疏水	ソスイ
疏通	ソツウ
疏食	ソシ
疑い	ウタガイ
疑い深い	ウタガイブカイ
疑ぐる	ウタグル
疑り	ウタグリ
疑りぶかい	ウタグリブカイ
疑り深い	ウタグリブカイ
疑る	ウタグル
疑わしい	ウタガワシイ
疑似	ギジ
疑似餌	ギジエ
疑問	ギモン
疑問文	ギモンブン
疑問点	ギモンテン
疑問符	ギモンフ
疑問視	ギモンシ
疑問詞	ギモンシ
疑団	ギダン
疑心	ギシン
疑心暗鬼	ギシンアンキ
疑念	ギネン
疑惑	ギワク
疑懼	ギク
疑点	ギテン
疑獄	ギゴク
疑義	ギギ
疑陽性	ギヨウセイ
疑雲	ギウン
疚しい	ヤマシイ
疝気	センキ
疝痛	センツウ
疣々	イボイボ
疣痔	イボジ
疣螺	イボニシ
疣贅	ユウゼイ
疣鯛	イボダイ
疥癬	カイセン
疥癬虫	カイセンチュウ
疫痢	エキリ
疫癘	エキレイ
疱疹	ホウシン
疲らす	ツカラス
疲れる	ツカレル
疲れ目	ツカレメ
疲労	ヒロウ
疲労困憊	ヒロウコンパイ
疲労感	ヒロウカン
疲労試験	ヒロウシケン
疲弊	ヒヘイ
疲憊	ヒハイ
疳の虫	カンノムシ
疳高い	カンダカイ
疵付く	キズツク
疵付ける	キズツケル
疵口	キズグチ
疵痕	キズアト
疵跡	キズアト
疼き	ウズキ
疼く	ウズク
疼痛	トウツウ
疾しい	ヤマシイ
疾っく	トック
疾呼	シッコ
疾患	シッカン
疾病	シッペイ
疾視	シッシ
疾走	シッソウ
疾風迅雷	シップウジンライ
疾駆	シック
病い	ヤマイ
病みつき	ヤミツキ
病みつく	ヤミツク
病みほうける	ヤミホウケル
病み上がり	ヤミアガリ
病み上り	ヤミアガリ
病み付き	ヤミツキ
病み付く	ヤミツク
病み呆ける	ヤミホウケル
病み惚ける	ヤミホウケル
病み耄ける	ヤミホウケル
病む	ヤム
病める	ヤメル
病中	ビョウチュウ
病人	ビョウニン
病休	ビョウキュウ
病体	ビョウタイ
病勢	ビョウセイ
病原	ビョウゲン
病原体	ビョウゲンタイ
病原性	ビョウゲンセイ
病原菌	ビョウゲンキン
病名	ビョウメイ
病因	ビョウイン
病因学	ビョウインガク
病垂れ	ヤマイダレ
病型	ビョウケイ
病変	ビョウヘン
病妻	ビョウサイ
病室	ビョウシツ
病害	ビョウガイ
病害虫	ビョウガイチュウ
病家	ビョウカ
病巣	ビョウソウ
病床	ビョウショウ
病弊	ビョウヘイ
病弱	ビョウジャク
病弱者	ビョウジャクシャ
病後	ビョウゴ
病徴	ビョウチョウ
病性	ビョウセイ
病患	ビョウカン
病態	ビョウタイ
病斑	ビョウハン
病根	ビョウコン
病棟	ビョウトウ
病欠	ビョウケツ
病歴	ビョウレキ
病死	ビョウシ
病歿	ビョウボツ
病毒	ビョウドク
病気休暇	ビョウキキュウカ
病没	ビョウボツ
病牀	ビョウショウ
病状	ビョウジョウ
病理	ビョウリ
病理学	ビョウリガク
病症	ビョウショウ
病痾	ビョウア
病癖	ビョウヘキ
病的	ビョウテキ
病相	ビョウソウ
病竈	ビョウソウ
病臥	ビョウガ
病舎	ビョウシャ
病苦	ビョウク
病菌	ビョウキン
病葉	ワクラバ
病蓐	ビョウジョク
病虫害	ビョウチュウガイ
病衣	ビョウイ
病褥	ビョウジョク
病識	ビョウシキ
病身	ビョウシン
病躯	ビョウク
病院	ビョウイン
病院代	ビョウインダイ
病院船	ビョウインセン
病院食	ビョウインショク
病馬	ビョウバ
病魔	ビョウマ
症例	ショウレイ
症候	ショウコウ
症候学	ショウコウガク
症候群	ショウコウグン
症状	ショウジョウ
痒み	カユミ
痒み止め	カユミドメ
痒疹	ヨウシン
痔ろう	ジロウ
痔核	ジカク
痔疾	ジシツ
痔瘻	ジロウ
痕跡	コンセキ
痕迹	コンセキ
痘苗	トウビョウ
痙攣	ケイレン
痙縮	ケイシュク
痛々しい	イタイタシイ
痛い	イタイ
痛がゆい	イタガユイ
痛く	イタク
痛ぶる	イタブル
痛ましい	イタマシイ
痛み	イタミ
痛みいる	イタミイル
痛みどめ	イタミドメ
痛み入る	イタミイル
痛み分け	イタミワケ
痛み止め	イタミドメ
痛む	イタム
痛めつける	イタメツケル
痛め付ける	イタメツケル
痛切	ツウセツ
痛哭	ツウコク
痛嘆	ツウタン
痛心	ツウシン
痛快	ツウカイ
痛恨	ツウコン
痛惜	ツウセキ
痛感	ツウカン
痛憤	ツウフン
痛手	イタデ
痛打	ツウダ
痛撃	ツウゲキ
痛棒	ツウボウ
痛歎	ツウタン
痛点	ツウテン
痛烈	ツウレツ
痛痒い	イタガユイ
痛痛しい	イタイタシイ
痛罵	ツウバ
痛苦	ツウク
痛覚	ツウカク
痛言	ツウゲン
痛論	ツウロン
痛風	ツウフウ
痛飲	ツウイン
痞え	ツカエ
痢病	リビョウ
痤瘡	ザソウ
痩ける	コケル
痩せ	ヤセ
痩せぎす	ヤセギス
痩せこける	ヤセコケル
痩せさらばえる	ヤセサラバエル
痩せっぽち	ヤセッポチ
痩せる	ヤセル
痩せ土	ヤセツチ
痩せ地	ヤセチ
痩せ型	ヤセガタ
痩せ山	ヤセヤマ
痩せ形	ヤセガタ
痩せ細る	ヤセホソル
痩せ腕	ヤセウデ
痩せ薬	ヤセグスリ
痩せ衰える	ヤセオトロエル
痩せ馬	ヤセウマ
痩身	ソウシン
痩躯	ソウク
痩軀	ソウク
痰壷	タンツボ
痰壺	タンツボ
痲痺	マヒ
痳毒	リンドク
痳疾	リンシツ
痳病	リンビョウ
痳菌	リンキン
痴がましい	オコガマシイ
痴ほう	チホウ
痴れる	シレル
痴れ事	シレゴト
痴れ者	シレモノ
痴れ言	シレゴト
痴人	チジン
痴呆	チホウ
痴呆症	チホウショウ
痴女	チジョ
痴情	チジョウ
痴愚	チグ
痴態	チタイ
痴戯	チギ
痴漢	チカン
痴話	チワ
痴話げんか	チワゲンカ
痴話ゲンカ	チワゲンカ
痴話喧嘩	チワゲンカ
痺れ	シビレ
痺れえい	シビレエイ
痺れる	シビレル
痺れ感	シビレカン
痺れ茸	シビレタケ
痺れ薬	シビレグスリ
痼り	シコリ
痼る	シコル
痼疾	コシツ
痿疾	イシツ
瘋癲	フウテン
瘙痒	ソウヨウ
瘠せ	ヤセ
瘠せる	ヤセル
瘡掻き	カサカキ
瘡毒	ソウドク
瘡痕	ソウコン
瘡蓋	カサブタ
瘢痕	ハンコン
瘤牛	コブウシ
瘤鯛	コブダイ
瘦せる	ヤセル
瘦身	ソウシン
瘰癧	ルイレキ
瘴気	ショウキ
瘴癘	ショウレイ
瘻孔	ロウコウ
瘻管	ロウカン
療治	リョウジ
療法	リョウホウ
療法士	リョウホウシ
療病	リョウビョウ
療育	リョウイク
療育手帳	リョウイクテチョウ
療養	リョウヨウ
療養費	リョウヨウヒ
癆痎	ロウガイ
癇性	カンショウ
癇症	カンショウ
癇癖	カンペキ
癇癪	カンシャク
癇癪持ち	カンシャクモチ
癇癪玉	カンシャクダマ
癈人	ハイジン
癈兵	ハイヘイ
癈疾	ハイシツ
癋見	ベシミ
癌保険	ガンホケン
癌化	ガンカ
癌死	ガンシ
癌研	ガンケン
癌細胞	ガンサイボウ
癌腫	ガンシュ
癒える	イエル
癒し	イヤシ
癒す	イヤス
癒やし	イヤシ
癒やす	イヤス
癒合	ユゴウ
癒着	ユチャク
癖っ毛	クセッケ
癖字	クセジ
癖毛	クセゲ
癖球	クセダマ
癜風	デンプウ
癩病	ライビョウ
癩者	ライシャ
癩菌	ライキン
癲狂	テンキョウ
癲癇	テンカン
発がん	ハツガン
発がん性	ハツガンセイ
発がん性物質	ハツガンセイブッシツ
発く	アバク
発する	ハッスル
発つ	タツ
発ガン	ハツガン
発ガン性	ハツガンセイ
発ガン性物質	ハツガンセイブッシツ
発付	ハップ
発令	ハツレイ
発企	ホッキ
発会	ハッカイ
発作	ホッサ
発作的	ホッサテキ
発信	ハッシン
発信元	ハッシンモト
発信力	ハッシンリョク
発信地	ハッシンチ
発信機	ハッシンキ
発信源	ハッシンゲン
発信者	ハッシンシャ
発信音	ハッシンオン
発光	ハッコウ
発光ダイオード	ハッコウダイオード
発光体	ハッコウタイ
発光器	ハッコウキ
発兌	ハツダ
発出	ハッシュツ
発刊	ハッカン
発券	ハッケン
発効	ハッコウ
発動	ハツドウ
発動機	ハツドウキ
発受電	ハツジュデン
発句	ホック
発向	ハッコウ
発問	ハツモン
発声	ハッセイ
発声学	ハッセイガク
発声法	ハッセイホウ
発売	ハツバイ
発売中	ハツバイチュウ
発売日	ハツバイビ
発売禁止	ハツバイキンシ
発奮	ハップン
発射	ハッシャ
発射台	ハッシャダイ
発射薬	ハッシャヤク
発展	ハッテン
発展家	ハッテンカ
発展性	ハッテンセイ
発布	ハップ
発御	ハツギョ
発心	ホッシン
発情	ハツジョウ
発情期	ハツジョウキ
発想	ハッソウ
発想力	ハッソウリョク
発想法	ハッソウホウ
発憤	ハップン
発振	ハッシン
発振器	ハッシンキ
発振機	ハッシンキ
発掘	ハックツ
発揚	ハツヨウ
発揮	ハッキ
発散	ハッサン
発明	ハツメイ
発明家	ハツメイカ
発明王	ハツメイオウ
発明者	ハツメイシャ
発条指	バネユビ
発来	ハツライ
発根	ハッコン
発案	ハツアン
発案権	ハツアンケン
発案者	ハツアンシャ
発止	ハッシ
発毛	ハツモウ
発汗	ハッカン
発汗剤	ハッカンザイ
発泡	ハッポウ
発泡剤	ハッポウザイ
発泡酒	ハッポウシュ
発注	ハッチュウ
発注書	ハッチュウショ
発注者	ハッチュウシャ
発火	ハッカ
発火点	ハッカテン
発災	ハッサイ
発炎筒	ハツエントウ
発煙	ハツエン
発煙弾	ハツエンダン
発煙筒	ハツエントウ
発熱量	ハツネツリョウ
発狂	ハッキョウ
発現	ハツゲン
発生	ハッセイ
発生学	ハッセイガク
発生源	ハッセイゲン
発生率	ハッセイリツ
発番	ハツバン
発病	ハツビョウ
発症	ハッショウ
発症率	ハッショウリツ
発癌	ハツガン
発癌性	ハツガンセイ
発着	ハッチャク
発砲	ハッポウ
発破	ハッパ
発祥	ハッショウ
発祥地	ハッショウチ
発禁	ハッキン
発端	ホッタン
発給	ハッキュウ
発育	ハツイク
発航	ハッコウ
発艦	ハッカン
発色	ハッショク
発芽	ハツガ
発行	ハッコウ
発行人	ハッコウニン
発行会社	ハッコウガイシャ
発行者	ハッコウシャ
発表	ハッピョウ
発表会	ハッピョウカイ
発表者	ハッピョウシャ
発見	ハッケン
発見者	ハッケンシャ
発覚	ハッカク
発言	ハツゲン
発言力	ハツゲンリョク
発言権	ハツゲンケン
発言者	ハツゲンシャ
発話	ハツワ
発走	ハッソウ
発起人	ホッキニン
発車	ハッシャ
発送	ハッソウ
発送先	ハッソウサキ
発送日	ハッソウビ
発進	ハッシン
発達	ハッタツ
発達ケア	ハッタツケア
発達障害	ハッタツショウガイ
発酵	ハッコウ
発酵乳	ハッコウニュウ
発酵菌	ハッコウキン
発電	ハツデン
発電所	ハツデンショ
発電機	ハツデンキ
発露	ハツロ
発音	ハツオン
発頭人	ホットウニン
発願	ホツガン
発馬	ハツバ
発馬機	ハツバキ
発駅	ハツエキ
登り	ノボリ
登りつめる	ノボリツメル
登り坂	ノボリザカ
登り棒	ノボリボウ
登り窯	ノボリガマ
登り詰める	ノボリツメル
登り道	ノボリミチ
登る	ノボル
登下校	トウゲコウ
登仙	トウセン
登園	トウエン
登場	トウジョウ
登壇	トウダン
登壇者	トウダンシャ
登山	トザン
登山口	トザングチ
登山家	トザンカ
登山者	トザンシャ
登山靴	トザングツ
登庁	トウチョウ
登庸	トウヨウ
登板	トウバン
登校	トウコウ
登校日	トウコウビ
登極	トウキョク
登楼	トウロウ
登用	トウヨウ
登竜門	トウリュウモン
登記	トウキ
登記簿	トウキボ
登載	トウサイ
登録	トウロク
登録名	トウロクメイ
登録商標	トウロクショウヒョウ
登録者	トウロクシャ
登院	トウイン
登高	トウコウ
登高器	トウコウキ
登龍門	トウリュウモン
白々しい	シラジラシイ
白あり	シロアリ
白あん	シロアン
白かび	シロカビ
白くま	シロクマ
白け	シラケ
白ける	シラケル
白ごま	シロゴマ
白なまず	シロナマズ
白ねぎ	シロネギ
白ねずみ	シロネズミ
白みそ	シロミソ
白ゆり	シラユリ
白ろう	ハクロウ
白アリ	シロアリ
白イタチ	シロイタチ
白カビ	シロカビ
白ゴマ	シロゴマ
白タク	シロタク
白ネギ	シロネギ
白ネコ	シロネコ
白ネズミ	シロネズミ
白バイ	シロバイ
白ブタ	シロブタ
白リン	ハクリン
白ワイン	シロワイン
白丁花	ハクチョウゲ
白亜	ハクア
白亜紀	ハクアキ
白人	ハクジン
白光	ハッコウ
白兎	シロウサギ
白兵	ハクヘイ
白兵戦	ハクヘイセン
白内障	ハクナイショウ
白味	シロミ
白味噌	シロミソ
白地図	ハクチズ
白堊	ハクア
白塗り	シロヌリ
白墨	ハクボク
白太	シラタ
白子干し	シラスボシ
白孔雀	シロクジャク
白寿	ハクジュ
白山吹	シロヤマブキ
白州	シラス
白帆	シラホ
白張り	シラハリ
白房	シロブサ
白扇	ハクセン
白抜き	シロヌキ
白拍子	シラビョウシ
白描	ハクビョウ
白文	ハクブン
白文字	シロモジ
白日	ハクジツ
白日夢	ハクジツム
白星	シロボシ
白昼	ハクチュウ
白昼夢	ハクチュウム
白書	ハクショ
白木耳	シロキクラゲ
白札	シロフダ
白根葵	シラネアオイ
白桃	ハクトウ
白梟	シロフクロウ
白樫	シラカシ
白檀	ビャクダン
白檜曾	シラビソ
白毫	ビャクゴウ
白水	シロミズ
白波	シラナミ
白洲	シラス
白浪	シラナミ
白浪物	シラナミモノ
白滝	シラタキ
白濁	ハクダク
白濁液	ハクダクエキ
白灯蛾	シロヒトリ
白無垢	シロムク
白焼	シラヤキ
白焼き	シラヤキ
白煮	シラニ
白熱	ハクネツ
白熱灯	ハクネツトウ
白燐	ハクリン
白燐弾	ハクリンダン
白物	シロモノ
白犀	シロサイ
白犬	シロイヌ
白状	ハクジョウ
白猫	シロネコ
白玉楼	ハクギョクロウ
白玉粉	シラタマコ
白瓜	シロウリ
白瓷	ハクジ
白番	シロバン
白癜	シロナマズ
白癬菌	ハクセンキン
白白しい	シラジラシイ
白百合	シラユリ
白皙	ハクセキ
白皮症	ハクヒショウ
白目	シロメ
白眉	ハクビ
白眼視	ハクガンシ
白石	シロイシ
白磁	ハクジ
白票	ハクヒョウ
白粉	オシロイ
白粉臭い	オシロイクサイ
白粉花	オシロイバナ
白糖	ハクトウ
白紬	シロツムギ
白組	シログミ
白絣	シロガスリ
白線	ハクセン
白羊宮	ハクヨウキュウ
白羽	シラハ
白肌	シラハダ
白胡麻	シロゴマ
白腹	シロハラ
白色光	ハクショクコウ
白色申告	シロイロシンコク
白芷	ビャクシ
白茶ける	シラチャケル
白葱	シロネギ
白蝋	ハクロウ
白蝶	シロチョウ
白蟻	シロアリ
白蠟	ハクロウ
白血球	ハッケッキュウ
白血病	ハッケツビョウ
白装束	シロショウゾク
白襟	シロエリ
白詩	ハクシ
白話	ハクワ
白豚	シロブタ
白貂	シロテン
白質	ハクシツ
白足袋	シロタビ
白軍	ハクグン
白銀比	ハクギンヒ
白銅	ハクドウ
白鍵	ハッケン
白隼	シロハヤブサ
白雨	ハクウ
白雲石	ハクウンセキ
白靴	シログツ
白飛び	シロトビ
白飛白	シロガスリ
白餡	シロアン
白骨	ハッコツ
白骨化	ハッコツカ
白髪染め	シラガゾメ
白髪頭	シラガアタマ
白髭草	シラヒゲソウ
白髯	ハクゼン
白魔	ハクマ
白鮫	シロザメ
白鮭	シロザケ
白鰐	シロワニ
白鱚	シロギス
白鳥座	ハクチョウザ
白鳳	ハクホウ
白鹿	ハクロク
白黒	シロクロ
白黴	シロカビ
白鼠	シロネズミ
白鼬	シロイタチ
百万	ヒャクマン
百万長者	ヒャクマンチョウジャ
百事	ヒャクジ
百人一首	ヒャクニンイッシュ
百人力	ヒャクニンリキ
百出	ヒャクシュツ
百分比	ヒャクブンヒ
百分率	ヒャクブンリツ
百合根	ユリネ
百合樹	ユリノキ
百合科	ユリカ
百合鴎	ユリカモメ
百名山	ヒャクメイザン
百味	ヒャクミ
百均	ヒャッキン
百夜	モモヨ
百姓家	ヒャクショウヤ
百姓読み	ヒャクショウヨミ
百官	ヒャッカン
百害	ヒャクガイ
百家	ヒャッカ
百寿	ヒャクジュ
百寿者	ヒャクジュシャ
百態	ヒャクタイ
百戦	ヒャクセン
百方	ヒャッポウ
百日	ヒャクニチ
百景	ヒャッケイ
百物語	ヒャクモノガタリ
百獣	ヒャクジュウ
百眼	ヒャクマナコ
百科	ヒャッカ
百科事典	ヒャッカジテン
百科全書	ヒャッカゼンショ
百穴	ヒャッケツ
百聞	ヒャクブン
百舌	モズ
百舌鳥	モズ
百般	ヒャッパン
百花	ヒャッカ
百薬	ヒャクヤク
百行	ヒャッコウ
百計	ヒャッケイ
百貨	ヒャッカ
百貨店	ヒャッカテン
百錬	ヒャクレン
百雷	ヒャクライ
百面相	ヒャクメンソウ
皀莢	サイカチ
的はずれ	マトハズレ
的中	テキチュウ
的中率	テキチュウリツ
的外れ	マトハズレ
的射	マトイ
的屋	テキヤ
的球	マトダマ
的鯛	マトウダイ
皆々	ミナミナ
皆々様	ミナミナサマ
皆の衆	ミナノシュウ
皆伐	カイバツ
皆伝	カイデン
皆兵	カイヘイ
皆勤	カイキン
皆勤賞	カイキンショウ
皆既	カイキ
皆既日食	カイキニッショク
皆既月食	カイキゲッショク
皆既蝕	カイキショク
皆既食	カイキショク
皆殺し	ミナゴロシ
皆済	カイサイ
皆無	カイム
皆皆	ミナミナ
皆皆様	ミナミナサマ
皆目	カイモク
皆納	カイノウ
皇位	コウイ
皇典	コウテン
皇后	コウゴウ
皇嗣	コウシ
皇基	コウキ
皇太子	コウタイシ
皇太孫	コウタイソン
皇妃	コウヒ
皇妣	コウヒ
皇婿	コウセイ
皇宗	コウソウ
皇室	コウシツ
皇室費	コウシツヒ
皇宮	コウグウ
皇家	コウカ
皇寿	コウジュ
皇帝	コウテイ
皇弟	コウテイ
皇族	コウゾク
皇族費	コウゾクヒ
皇朝	コウチョウ
皇民化	コウミンカ
皇祚	コウソ
皇籍	コウセキ
皇紀	コウキ
皇統	コウトウ
皇統譜	コウトウフ
皇考	コウコウ
皇胤	コウイン
皇親	コウシン
皇軍	コウグン
皇運	コウウン
皇道	コウドウ
皇都	コウト
皇陵	コウリョウ
皇霊	コウレイ
皐月	サツキ
皓々	コウコウ
皓歯	コウシ
皓皓	コウコウ
皮ひも	カワヒモ
皮ふ	ヒフ
皮ふ科	ヒフカ
皮むき	カワムキ
皮フ	ヒフ
皮フ科	ヒフカ
皮下	ヒカ
皮作り	カワヅクリ
皮具	カワグ
皮切り	カワキリ
皮剥き	カワムキ
皮剥ぎ	カワハギ
皮層	ヒソウ
皮帯	カワオビ
皮弁	ヒベン
皮張り	カワバリ
皮溝	ヒコウ
皮疹	ヒシン
皮癬	ヒゼン
皮相	ヒソウ
皮算用	カワザンヨウ
皮籠	カワゴ
皮紐	カワヒモ
皮肉	ヒニク
皮肉る	ヒニクル
皮脂	ヒシ
皮脂腺	ヒシセン
皮膚	ヒフ
皮膚がん	ヒフガン
皮膚ガン	ヒフガン
皮膚炎	ヒフエン
皮膚病	ヒフビョウ
皮膚癌	ヒフガン
皮膚科	ヒフカ
皮膚科医	ヒフカイ
皮膚腺	ヒフセン
皮膜	ヒマク
皮袋	カワブクロ
皮製	カワセイ
皮質	ヒシツ
皮革	ヒカク
皮靴	カワグツ
皺々	シワシワ
皺くちゃ	シワクチャ
皺伸ばし	シワノバシ
皺取り	シワトリ
皺寄せ	シワヨセ
皺皺	シワシワ
皺襞	シュウヘキ
皿ばかり	サラバカリ
皿回し	サラマワシ
皿洗い	サラアライ
皿秤	サラバカリ
盂蘭盆	ウラボン
盃事	サカズキゴト
盃洗	ハイセン
盆の窪	ボンノクボ
盆休み	ボンヤスミ
盆地	ボンチ
盆景	ボンケイ
盆暮	ボンクレ
盆暮れ	ボンクレ
盆栽	ボンサイ
盆棚	ボンダナ
盆石	ボンセキ
盆花	ボンバナ
盆踊	ボンオドリ
盆踊り	ボンオドリ
盈ちる	ミチル
盈ち虧け	ミチカケ
盈虚	エイキョ
益々	マスマス
益する	エキスル
益体	ヤクタイ
益友	エキユウ
益益	マスマス
益税	エキゼイ
益荒猛男	マスラタケオ
益荒男	マスラオ
益虫	エキチュウ
益金	エキキン
益鳥	エキチョウ
盗っ人	ヌスット
盗み	ヌスミ
盗み出す	ヌスミダス
盗み取る	ヌスミトル
盗み撮り	ヌスミドリ
盗み笑い	ヌスミワライ
盗み見	ヌスミミ
盗み見る	ヌスミミル
盗み読み	ヌスミヨミ
盗み食い	ヌスミグイ
盗む	ヌスム
盗伐	トウバツ
盗作	トウサク
盗取	トウシュ
盗品	トウヒン
盗塁	トウルイ
盗心	トウシン
盗掘	トウクツ
盗掠	トウリャク
盗撮	トウサツ
盗犯	トウハン
盗用	トウヨウ
盗癖	トウヘキ
盗聴	トウチョウ
盗視	トウシ
盗賊	トウゾク
盗賊鴎	トウゾクカモメ
盗難	トウナン
盗難車	トウナンシャ
盗電	トウデン
盛りあがり	モリアガリ
盛りあがる	モリアガル
盛りあげる	モリアゲル
盛りそば	モリソバ
盛りだくさん	モリダクサン
盛りつけ	モリツケ
盛りつける	モリツケル
盛り上がり	モリアガリ
盛り上がる	モリアガル
盛り上げる	モリアゲル
盛り上る	モリアガル
盛り下がる	モリサガル
盛り付け	モリツケ
盛り付ける	モリツケル
盛り切り	モリキリ
盛り合せ	モリアワセ
盛り合わせ	モリアワセ
盛り合わせる	モリアワセル
盛り場	サカリバ
盛り殺す	モリコロス
盛り沢山	モリダクサン
盛り物	モリモノ
盛り砂	モリズナ
盛り立てる	モリタテル
盛り籠	モリカゴ
盛り花	モリバナ
盛り菓子	モリガシ
盛り蕎麦	モリソバ
盛り込む	モリコム
盛り返す	モリカエス
盛れる	モレル
盛上がる	モリアガル
盛世	セイセイ
盛事	セイジ
盛付け	モリツケ
盛付ける	モリツケル
盛代	セイダイ
盛会	セイカイ
盛儀	セイギ
盛典	セイテン
盛切り	モリキリ
盛合せ	モリアワセ
盛合わせ	モリアワセ
盛名	セイメイ
盛夏	セイカ
盛大	セイダイ
盛宴	セイエン
盛年	セイネン
盛徳	セイトク
盛挙	セイキョ
盛時	セイジ
盛暑	セイショ
盛期	セイキ
盛栄	セイエイ
盛業	セイギョウ
盛沢山	モリダクサン
盛況	セイキョウ
盛物	モリモノ
盛砂	モリズナ
盛粧	セイソウ
盛菓子	モリガシ
盛蕎麦	モリソバ
盛行	セイコウ
盛衰	セイスイ
盛装	セイソウ
盛観	セイカン
盛込む	モリコム
盛運	セイウン
盟主	メイシュ
盟休	メイキュウ
盟友	メイユウ
盟約	メイヤク
盟邦	メイホウ
監事	カンジ
監修	カンシュウ
監察	カンサツ
監察医	カンサツイ
監察官	カンサツカン
監房	カンボウ
監査	カンサ
監査人	カンサニン
監査委員	カンサイイン
監査官	カンサカン
監査役	カンサヤク
監査役会	カンサヤクカイ
監獄	カンゴク
監理	カンリ
監的	カンテキ
監督	カントク
監督官	カントクカン
監督者	カントクシャ
監禁	カンキン
監視	カンシ
監視員	カンシイン
監視船	カンシセン
監訳	カンヤク
監護	カンゴ
監護者	カンゴシャ
盤上	バンジョウ
盤割	バンカツ
盤層	バンソウ
盤根	バンコン
盤渉	バンシキ
盤石	バンジャク
盤踞	バンキョ
盤面	バンメン
盥回し	タライマワシ
目あか	メアカ
目あて	メアテ
目いっぱい	メイッパイ
目かくし	メカクシ
目がける	メガケル
目くぎ	メクギ
目くじら	メクジラ
目くそ	メクソ
目くばせ	メクバセ
目くらまし	メクラマシ
目くるめく	メクルメク
目こぼし	メコボシ
目ざす	メザス
目ざとい	メザトイ
目ざまし	メザマシ
目ざましい	メザマシイ
目ざめ	メザメ
目ざめる	メザメル
目ざわり	メザワリ
目じり	メジリ
目じるし	メジルシ
目す	モクス
目する	モクスル
目だつ	メダツ
目つき	メツキ
目つぶし	メツブシ
目のあたり	マノアタリ
目の下	メノシタ
目の当り	マノアタリ
目の敵	メノカタキ
目の玉	メノタマ
目はし	メハシ
目ぼし	メボシ
目ぼしい	メボシイ
目まい	メマイ
目まぐるしい	メマグルシイ
目もと	メモト
目やに	メヤニ
目アカ	メアカ
目ヤニ	メヤニ
目一杯	メイッパイ
目上	メウエ
目串	メグシ
目交	マナカイ
目交ぜ	メマゼ
目今	モッコン
目付	メツケ
目付き	メツキ
目偏	メヘン
目元	メモト
目先	メサキ
目処	メド
目出度い	メデタイ
目分量	メブンリョウ
目利き	メキキ
目刺	メザシ
目刺し	メザシ
目医者	メイシャ
目印	メジルシ
目地	メジ
目垢	メアカ
目塗り	メヌリ
目安	メヤス
目安箱	メヤスバコ
目尻	メジリ
目屎	メクソ
目差す	メザス
目庇	マビサシ
目張	メバル
目張り	メバリ
目当て	メアテ
目打ち	メウチ
目抜き	メヌキ
目抜き通り	メヌキドオリ
目押し	メオシ
目指し	メザシ
目指す	メザス
目掛ける	メガケル
目撃	モクゲキ
目撃者	モクゲキシャ
目撃談	モクゲキダン
目撥	メバチ
目敏い	メザトイ
目数	メカズ
目新しい	メアタラシイ
目方	メカタ
目早い	メバヤイ
目明かし	メアカシ
目明き	メアキ
目明し	メアカシ
目星	メボシ
目映い	マバユイ
目木	メギ
目板	メイタ
目梶木	メカジキ
目標管理	モクヒョウカンリ
目標設定	モクヒョウセッテイ
目標達成	モクヒョウタッセイ
目次	モクジ
目止め	メドメ
目減り	メベリ
目測	モクソク
目溢し	メコボシ
目潰し	メツブシ
目玉	メダマ
目玉焼	メダマヤキ
目玉焼き	メダマヤキ
目白	メジロ
目白押し	メジロオシ
目的	モクテキ
目的地	モクテキチ
目的格	モクテキカク
目的物	モクテキブツ
目的税	モクテキゼイ
目的語	モクテキゴ
目的論	モクテキロン
目皿	メザラ
目盛	メモリ
目盛り	メモリ
目眩	メマイ
目眩く	メクルメク
目眩し	メクラマシ
目礼	モクレイ
目移り	メウツリ
目立つ	メダツ
目端	メハシ
目笊	メザル
目算	モクサン
目糞	メクソ
目結	メユイ
目線	メセン
目縁	マブチ
目聡い	メザトイ
目脂	メヤニ
目腐れ	メクサレ
目色	メイロ
目茶	メチャ
目茶目茶	メチャメチャ
目蓋	マブタ
目薬	メグスリ
目袋	メブクロ
目見	マミ
目見え	メミエ
目見得	メミエ
目視	モクシ
目覚し	メザマシ
目覚しい	メザマシイ
目覚まし	メザマシ
目覚ましい	メザマシイ
目覚まし時計	メザマシドケイ
目覚め	メザメ
目覚める	メザメル
目角	メカド
目許	メモト
目詰まり	メヅマリ
目論み	モクロミ
目論む	モクロム
目論見	モクロミ
目貫	メヌキ
目貼り	メバリ
目路	メジ
目送	モクソウ
目通し	メドオシ
目通り	メドオリ
目違い	メチガイ
目配せ	メクバセ
目配り	メクバリ
目醒しい	メザマシイ
目醒め	メザメ
目醒める	メザメル
目釘	メクギ
目録	モクロク
目障り	メザワリ
目隠し	メカクシ
目顔	メガオ
目高	メダカ
目黒	メグロ
目鼻	メハナ
目鼻だち	メハナダチ
目鼻立ち	メハナダチ
盲ろう	モウロウ
盲亀	モウキ
盲人	モウジン
盲信	モウシン
盲判	メクラバン
盲動	モウドウ
盲唖	モウア
盲啞	モウア
盲学校	モウガッコウ
盲導犬	モウドウケン
盲従	モウジュウ
盲愛	モウアイ
盲斑	モウハン
盲滅法	メクラメッポウ
盲点	モウテン
盲爆	モウバク
盲目的	モウモクテキ
盲者	モウシャ
盲聾	モウロウ
盲聾者	モウロウシャ
盲腸	モウチョウ
盲腸炎	モウチョウエン
盲貫	モウカン
盲進	モウシン
直ぐ	スグ
直ぐさま	スグサマ
直し	ナオシ
直し物	ナオシモノ
直す	ナオス
直ちに	タダチニ
直ばき	ジカバキ
直る	ナオル
直れ	ナオレ
直上	チョクジョウ
直中	タダナカ
直交	チョッコウ
直会	ナオライ
直伝	ジキデン
直出	チョクシュツ
直列	チョクレツ
直前	チョクゼン
直参	ジキサン
直叙	チョクジョ
直向き	ヒタムキ
直喩	チョクユ
直営	チョクエイ
直営店	チョクエイテン
直垂	ヒタタレ
直売	チョクバイ
直奏	ジキソウ
直定数	チョクテイスウ
直射	チョクシャ
直射日光	チョクシャニッコウ
直尺	チョクジャク
直属	チョクゾク
直履き	ジカバキ
直帰	チョッキ
直帰率	チョッキリツ
直往	チョクオウ
直径	チョッケイ
直後	チョクゴ
直情	チョクジョウ
直感	チョッカン
直感的	チョッカンテキ
直接	チョクセツ
直接入力	チョクセツニュウリョク
直接教授法	チョクセツキョウジュホウ
直接法	チョクセツホウ
直接的	チョクセツテキ
直接税	チョクセツゼイ
直接費	チョクセツヒ
直掩	チョクエン
直撃	チョクゲキ
直方体	チョクホウタイ
直根	チョッコン
直毛	チョクモウ
直流	チョクリュウ
直滑降	チョッカッコウ
直火	ジカビ
直焼き	ジカヤキ
直球	チョッキュウ
直積	チョクセキ
直穿き	ジカバキ
直立	チョクリツ
直管	チョッカン
直系	チョッケイ
直系尊属	チョッケイソンゾク
直結	チョッケツ
直線	チョクセン
直翅類	チョクシルイ
直腸	チョクチョウ
直腸がん	チョクチョウガン
直腸ガン	チョクチョウガン
直腸炎	チョクチョウエン
直腸癌	チョクチョウガン
直腸脱	チョクチョウダツ
直航	チョッコウ
直行	チョッコウ
直行便	チョッコウビン
直視	チョクシ
直覚	チョッカク
直覧	ジキラン
直観	チョッカン
直観的	チョッカンテキ
直角	チョッカク
直訳	チョクヤク
直訴	ジキソ
直読	チョクドク
直諌	チョッカン
直諫	チョッカン
直謝り	ヒタアヤマリ
直販	チョクハン
直輸	チョクユ
直轄	チョッカツ
直轄地	チョッカツチ
直近	チョッキン
直送	チョクソウ
直通	チョクツウ
直通便	チョクツウビン
直進	チョクシン
直達	ジキタツ
直配	チョクハイ
直鎖	チョクサ
直長	チョクチョウ
直隠し	ヒタカクシ
直音	チョクオン
直飲み	ジカノミ
相がかり	アイガカリ
相する	ソウスル
相乗	ソウジョウ
相乗り	アイノリ
相乗効果	ソウジョウコウカ
相互主義	ソウゴシュギ
相互作用	ソウゴサヨウ
相互参照	ソウゴサンショウ
相互扶助	ソウゴフジョ
相互支援	ソウゴシエン
相人	ソウニン
相伝	ソウデン
相伴	ショウバン
相似	ソウジ
相克	ソウコク
相剋	ソウコク
相加	ソウカ
相加平均	ソウカヘイキン
相即	ソウソク
相反	ソウハン
相反する	アイハンスル
相口	アイクチ
相合い傘	アイアイガサ
相合傘	アイアイガサ
相同	ソウドウ
相図	アイズ
相場	ソウバ
相場師	ソウバシ
相変わらず	アイカワラズ
相好	ソウゴウ
相姦	ソウカン
相客	アイキャク
相宿	アイヤド
相対性	ソウタイセイ
相対性原理	ソウタイセイゲンリ
相対性理論	ソウタイセイリロン
相対的	ソウタイテキ
相対評価	ソウタイヒョウカ
相対論	ソウタイロン
相席	アイセキ
相弟子	アイデシ
相当	ソウトウ
相当数	ソウトウスウ
相役	アイヤク
相応しい	フサワシイ
相思	ソウシ
相思樹	ソウシジュ
相思相愛	ソウシソウアイ
相思鳥	ソウシチョウ
相愛	ソウアイ
相懸かり	アイガカリ
相手	アイテ
相手側	アイテガワ
相手先	アイテサキ
相手役	アイテヤク
相打ち	アイウチ
相承	ソウショウ
相持ち	アイモチ
相撲人	スマイビト
相撲界	スモウカイ
相撲部屋	スモウベヤ
相方	アイカタ
相棒	アイボウ
相物	アイモノ
相異	ソウイ
相称	ソウショウ
相等	ソウトウ
相等性	ソウトウセイ
相続	ソウゾク
相続人	ソウゾクニン
相続分	ソウゾクブン
相続権	ソウゾクケン
相続法	ソウゾクホウ
相続税	ソウゾクゼイ
相補	ソウホ
相補性	ソウホセイ
相見積もり	アイミツモリ
相談	ソウダン
相談役	ソウダンヤク
相談窓口	ソウダンマドグチ
相談者	ソウダンシャ
相論	ソウロン
相識	ソウシキ
相貌	ソウボウ
相輪	ソウリン
相違	ソウイ
相違点	ソウイテン
相部屋	アイベヤ
相銀	ソウギン
相関	ソウカン
相関係数	ソウカンケイスウ
相関図	ソウカンズ
相関性	ソウカンセイ
盾突く	タテツク
省く	ハブク
省みる	カエリミル
省エネ	ショウエネ
省エネルギー	ショウエネルギー
省エネ法	ショウエネホウ
省人化	ショウジンカ
省令	ショウレイ
省内	ショウナイ
省力化	ショウリョクカ
省庁	ショウチョウ
省略	ショウリャク
省益	ショウエキ
省線	ショウセン
省資源	ショウシゲン
省都	ショウト
省電力	ショウデンリョク
眇める	スガメル
眈々	タンタン
眈眈	タンタン
眉つば	マユツバ
眉唾	マユツバ
眉唾もの	マユツバモノ
眉唾物	マユツバモノ
眉墨	マユズミ
眉宇	ビウ
眉尻	マユジリ
眉庇	マビサシ
眉毛	マユゲ
眉白	マミジロ
眉目	ビモク
眉間	ミケン
眉頭	マユガシラ
看る	ミル
看做し	ミナシ
看做す	ミナス
看取	カンシュ
看取り	ミトリ
看取る	ミトル
看守	カンシュ
看守長	カンシュチョウ
看板	カンバン
看板娘	カンバンムスメ
看病	カンビョウ
看破	カンパ
看破る	ミヤブル
看経	カンキン
看視	カンシ
看護	カンゴ
看護人	カンゴニン
看護休暇	カンゴキュウカ
看護士	カンゴシ
看護婦	カンゴフ
看護学	カンゴガク
看護師	カンゴシ
看貫	カンカン
看過	カンカ
県下	ケンカ
県主	アガタヌシ
県人	ケンジン
県人会	ケンジンカイ
県令	ケンレイ
県会	ケンカイ
県会議員	ケンカイギイン
県内	ケンナイ
県勢	ケンセイ
県南	ケンナン
県史	ケンシ
県名	ケンメイ
県営	ケンエイ
県土	ケンド
県域	ケンイキ
県外	ケンガイ
県央	ケンオウ
県庁	ケンチョウ
県政	ケンセイ
県民	ケンミン
県民性	ケンミンセイ
県民税	ケンミンゼイ
県知事	ケンチジ
県税	ケンゼイ
県立	ケンリツ
県立高校	ケンリツコウコウ
県立高等学校	ケンリツコウトウガッコウ
県花	ケンカ
県警	ケンケイ
県議	ケンギ
県議会	ケンギカイ
県議会議員	ケンギカイギイン
県連	ケンレン
県道	ケンドウ
県都	ケント
眞言	シンゴン
真ちゅう	シンチュウ
真っさら	マッサラ
真っしぐら	マッシグラ
真っすぐ	マッスグ
真っただ中	マッタダナカ
真っ先	マッサキ
真っ只中	マッタダナカ
真っ向	マッコウ
真っ平	マッピラ
真っ平ら	マッタイラ
真っ当	マットウ
真っ昼間	マッピルマ
真っ暗	マックラ
真っ白	マッシロ
真っ白い	マッシロイ
真っ盛り	マッサカリ
真っ直	マッスグ
真っ直ぐ	マッスグ
真っ直中	マッタダナカ
真っ芯	マッシン
真っ裸	マッパダカ
真っ赤	マッカ
真っ赤っか	マッカッカ
真っ逆さま	マッサカサマ
真っ逆様	マッサカサマ
真っ青	マッサオ
真っ黒	マックロ
真っ黒い	マックロイ
真ん中	マンナカ
真ん丸	マンマル
真ん前	マンマエ
真上	マウエ
真下	マシタ
真人間	マニンゲン
真似	マネ
真似る	マネル
真似事	マネゴト
真似鶫	マネシツグミ
真作	シンサク
真価	シンカ
真偽	シンギ
真円	シンエン
真冬	マフユ
真冬日	マフユビ
真分数	シンブンスウ
真券	シンケン
真剣	シンケン
真勇	シンユウ
真南	マミナミ
真只中	マッタダナカ
真名鶴	マナヅル
真向	マッコウ
真向い	マムカイ
真向かい	マムカイ
真向き	マムキ
真否	シンピ
真味	シンミ
真善美	シンゼンビ
真四角	マシカク
真因	シンイン
真壁	シンカベ
真夏	マナツ
真夏日	マナツビ
真夜中	マヨナカ
真如	シンニョ
真実味	シンジツミ
真実性	シンジツセイ
真平	マッピラ
真弓	マユミ
真当	マットウ
真影	シンエイ
真後ろ	マウシロ
真性	シンセイ
真情	シンジョウ
真意	シンイ
真打	シンウチ
真打ち	シンウチ
真摯	シンシ
真新しい	マアタラシイ
真昆布	マコンブ
真昼	マヒル
真昼間	マッピルマ
真暗	マックラ
真書き	シンカキ
真木	マキ
真東	マヒガシ
真柱	シンバシラ
真桑瓜	マクワウリ
真梶木	マカジキ
真横	マヨコ
真正	シンセイ
真水	マミズ
真河豚	マフグ
真海豚	マイルカ
真烏賊	マイカ
真牡蠣	マガキ
真犯人	シンハンニン
真猿類	シンエンルイ
真率	シンソツ
真珠	シンジュ
真珠婚式	シンジュコンシキ
真珠層	シンジュソウ
真珠腫	シンジュシュ
真珠貝	シンジュガイ
真理	シンリ
真理値	シンリチ
真田	サナダ
真田紐	サナダヒモ
真田虫	サナダムシ
真症	シンショウ
真皮	シンピ
真相	シンソウ
真穴子	マアナゴ
真空	シンクウ
真空パック	シンクウパック
真空管	シンクウカン
真章魚	マダコ
真竹	マダケ
真筆	シンピツ
真紅	シンク
真綿	マワタ
真義	シンギ
真芯	マシン
真菌	シンキン
真菌学	シンキンガク
真菌症	シンキンショウ
真菰	マコモ
真葛	サネカズラ
真薯	シンジョ
真蛸	マダコ
真行草	シンギョウソウ
真裏	マウラ
真裸	マッパダカ
真西	マニシ
真言	シンゴン
真誠	シンセイ
真説	シンセツ
真贋	シンガン
真跡	シンセキ
真蹟	シンセキ
真鍮	シンチュウ
真際	マギワ
真雁	マガン
真面目くさる	マジメクサル
真面目腐る	マジメクサル
真顔	マガオ
真骨頂	シンコッチョウ
真髄	シンズイ
真魚板	マナイタ
真魚鰹	マナガツオ
真鯉	マゴイ
真鯊	マハゼ
真鯒	マゴチ
真鯖	マサバ
真鯛	マダイ
真鰈	マガレイ
真鰯	マイワシ
真鰺	マアジ
真鱈	マダラ
真鴨	マガモ
真鶴	マナヅル
真鶸	マヒワ
真麻	マオ
真黒	マックロ
真黒い	マックロイ
眠け	ネムケ
眠らす	ネムラス
眠りこける	ネムリコケル
眠りこむ	ネムリコム
眠り姫	ネムリヒメ
眠り病	ネムリビョウ
眠り草	ネムリグサ
眠り薬	ネムリグスリ
眠り込む	ネムリコム
眠れる	ネムレル
眠剤	ミンザイ
眠気	ネムケ
眩ます	クラマス
眩む	クラム
眩れる	クレル
眩惑	ゲンワク
眷属	ケンゾク
眷恋	ケンレン
眷族	ケンゾク
眷顧	ケンコ
眸子	ボウシ
眺め	ナガメ
眺めやる	ナガメヤル
眺める	ナガメル
眺めわたす	ナガメワタス
眺め回す	ナガメマワス
眺め渡す	ナガメワタス
眺め遣る	ナガメヤル
眺望	チョウボウ
眺望権	チョウボウケン
眼つき	メツキ
眼下	ガンカ
眼中	ガンチュウ
眼付	メツキ
眼付き	メツキ
眼元	メモト
眼光	ガンコウ
眼内	ガンナイ
眼前	ガンゼン
眼医者	メイシャ
眼圧	ガンアツ
眼奈太	メナダ
眼孔	ガンコウ
眼尻	メジリ
眼差し	マナザシ
眼帯	ガンタイ
眼底	ガンテイ
眼張	メバル
眼振	ガンシン
眼杯	ガンパイ
眼球	ガンキュウ
眼球銀行	ガンキュウギンコウ
眼界	ガンカイ
眼疾	ガンシツ
眼病	ガンビョウ
眼目	ガンモク
眼瞼	ガンケン
眼福	ガンプク
眼科	ガンカ
眼科医	ガンカイ
眼科学	ガンカガク
眼窩	ガンカ
眼筋	ガンキン
眼蓋	マブタ
眼許	メモト
眼識	ガンシキ
眼路	メジ
眼軸	ガンジク
眼鏡橋	メガネバシ
眼鏡蛇	メガネヘビ
眼間	マナカイ
着々	チャクチャク
着がえ	キガエ
着くずす	キクズス
着ぐるみ	キグルミ
着こなし	キコナシ
着こむ	キコム
着する	チャクスル
着せかえ	キセカエ
着せる	キセル
着せ替え	キセカエ
着せ替える	キセカエル
着ぶくれ	キブクレ
着ぶくれる	キブクレル
着やせ	キヤセ
着る	キル
着れる	キレル
着メロ	チャクメロ
着丈	キタケ
着付け	キツケ
着付ける	キツケル
着任	チャクニン
着信	チャクシン
着信メロディ	チャクシンメロディ
着信メロディー	チャクシンメロディー
着信音	チャクシンオン
着倒れ	キダオレ
着初め	キゾメ
着剣	チャッケン
着包み	キグルミ
着古し	キフルシ
着味	チャクミ
着回し	キマワシ
着圧	チャクアツ
着地	チャクチ
着地点	チャクチテン
着太り	キブトリ
着実	チャクジツ
着尺	キジャク
着岸	チャクガン
着崩す	キクズス
着崩れ	キクズレ
着崩れる	キクズレル
着工	チャッコウ
着席	チャクセキ
着帯	チャクタイ
着帽	チャクボウ
着床	チャクショウ
着底	チャクテイ
着座	チャクザ
着弾	チャクダン
着彩	チャクサイ
着御	チャクギョ
着心地	キゴコチ
着想	チャクソウ
着意	チャクイ
着手	チャクシュ
着払い	チャクバライ
着方	キカタ
着映え	キバエ
着果	チャッカ
着歴	チャクレキ
着水	チャクスイ
着氷	チャクヒョウ
着流し	キナガシ
着火	チャッカ
着火剤	チャッカザイ
着火材	チャッカザイ
着火点	チャッカテン
着物姿	キモノスガタ
着生	チャクセイ
着用	チャクヨウ
着痩せ	キヤセ
着発	チャクハツ
着目	チャクモク
着直す	キナオス
着眼	チャクガン
着眼点	チャクガンテン
着着	チャクチャク
着脱	チャクダツ
着脱式	チャクダツシキ
着脹れ	キブクレ
着脹れる	キブクレル
着膨れ	キブクレ
着膨れる	キブクレル
着船	チャクセン
着艦	チャッカン
着色	チャクショク
着色剤	チャクショクザイ
着色料	チャクショクリョウ
着袴	チャッコ
着装	チャクソウ
着込む	キコム
着道楽	キドウラク
着金	チャッキン
着陣	チャクジン
着陸	チャクリク
着陸船	チャクリクセン
着雪	チャクセツ
着電	チャクデン
着順	チャクジュン
着類	キルイ
着飾る	キカザル
着駅	チャクエキ
睡眠	スイミン
睡眠剤	スイミンザイ
睡眠学習	スイミンガクシュウ
睡眠導入剤	スイミンドウニュウザイ
睡眠時間	スイミンジカン
睡眠薬	スイミンヤク
睡眠負債	スイミンフサイ
睡蓮	スイレン
睡魔	スイマ
督する	トクスル
督促	トクソク
督促状	トクソクジョウ
督励	トクレイ
督戦	トクセン
睥睨	ヘイゲイ
睦ぶ	ムツブ
睦まじい	ムツマジイ
睦みあう	ムツミアウ
睦む	ムツム
睦月	ムツキ
睦言	ムツゴト
睨み	ニラミ
睨みあう	ニラミアウ
睨みつける	ニラミツケル
睨み付ける	ニラミツケル
睨み合い	ニラミアイ
睨み合せる	ニラミアワセル
睨み合わせる	ニラミアワセル
睨み据える	ニラミスエル
睨み返す	ニラミカエス
睨み鯛	ニラミダイ
睨む	ニラム
睨めっこ	ニラメッコ
睨め回す	ネメマワス
睫毛	マツゲ
睾丸	コウガン
瞑する	メイスル
瞑想	メイソウ
瞑目	メイモク
瞞す	ダマス
瞞着	マンチャク
瞠く	ミヒラク
瞠る	ミハル
瞠目	ドウモク
瞠若	ドウジャク
瞥見	ベッケン
瞬ぐ	マジログ
瞬断	シュンダン
瞬時	シュンジ
瞬殺	シュンサツ
瞬発	シュンパツ
瞬発力	シュンパツリョク
瞬間	シュンカン
瞬間移動	シュンカンイドウ
瞭然	リョウゼン
瞳子	ドウシ
瞳孔	ドウコウ
瞶める	ミツメル
瞼板	ケンバン
瞽女	ゴゼ
矍鑠	カクシャク
矛先	ホコサキ
矛盾	ムジュン
矛盾律	ムジュンリツ
矢がすり	ヤガスリ
矢じり	ヤジリ
矢っ張り	ヤッパリ
矢の根	ヤノネ
矢はず	ヤハズ
矢倉	ヤグラ
矢先	ヤサキ
矢印	ヤジルシ
矢取り	ヤトリ
矢尻	ヤジリ
矢床	ヤットコ
矢座	ヤザ
矢庭	ヤニワ
矢張り	ヤハリ
矢弾	ヤダマ
矢文	ヤブミ
矢来	ヤライ
矢板	ヤイタ
矢柄	ヤガラ
矢状	シジョウ
矢狭間	ヤザマ
矢玉	ヤダマ
矢種	ヤダネ
矢立	ヤタテ
矢立て	ヤタテ
矢竹	ヤダケ
矢筈	ヤハズ
矢筒	ヤヅツ
矢絣	ヤガスリ
矢羽	ヤバネ
矢羽根	ヤバネ
矢車	ヤグルマ
矢面	ヤオモテ
矢飛白	ヤガスリ
矢鱈	ヤタラ
矢鱈滅多ら	ヤタラメッタラ
知らす	シラス
知らせ	シラセ
知らせる	シラセル
知りあい	シリアイ
知りあう	シリアウ
知り人	シリビト
知り初める	シリソメル
知り合い	シリアイ
知る	シル
知るべ	シルベ
知る辺	シルベ
知れる	シレル
知れわたる	シレワタル
知れ渡る	シレワタル
知ろしめす	シロシメス
知ろし召す	シロシメス
知事	チジ
知事選	チジセン
知人	チジン
知力	チリョク
知勇	チユウ
知友	チユウ
知合	シリアイ
知合い	シリアイ
知名	チメイ
知名度	チメイド
知命	チメイ
知客	シカ
知将	チショウ
知己	チキ
知得	チトク
知徳	チトク
知性	チセイ
知性的	チセイテキ
知恵袋	チエブクロ
知悉	チシツ
知慮	チリョ
知日	チニチ
知日家	チニチカ
知歯	チシ
知略	チリャク
知的	チテキ
知的所有権	チテキショユウケン
知的財産	チテキザイサン
知的財産権	チテキザイサンケン
知的障害	チテキショウガイ
知的障害児	チテキショウガイジ
知的障害者	チテキショウガイシャ
知育	チイク
知能	チノウ
知能指数	チノウシスウ
知能犯	チノウハン
知藩事	チハンジ
知見	チケン
知覚	チカク
知謀	チボウ
知識	チシキ
知識人	チシキジン
知識層	チシキソウ
知識工学	チシキコウガク
知識欲	チシキヨク
知識階級	チシキカイキュウ
知財	チザイ
知遇	チグウ
知音	チイン
矧ぐ	ハグ
矩差	カネザシ
矩差し	カネザシ
矩形波	クケイハ
短かめ	ミジカメ
短め	ミジカメ
短パン	タンパン
短信	タンシン
短兵急	タンペイキュウ
短刀	タントウ
短剣	タンケン
短呼	タンコ
短命	タンメイ
短大	タンダイ
短小	タンショウ
短尾類	タンビルイ
短慮	タンリョ
短所	タンショ
短打	タンダ
短文	タンブン
短日	タンジツ
短日月	タンジツゲツ
短時日	タンジジツ
短時間	タンジカン
短期	タンキ
短期大学	タンキダイガク
短期滞在	タンキタイザイ
短期的	タンキテキ
短期間	タンキカン
短毛	タンモウ
短気	タンキ
短水路	タンスイロ
短波	タンパ
短甲	タンコウ
短眠	タンミン
短篇	タンペン
短絡	タンラク
短編	タンペン
短編小説	タンペンショウセツ
短編集	タンペンシュウ
短縮	タンシュク
短艇	タンテイ
短見	タンケン
短観	タンカン
短評	タンピョウ
短詩	タンシ
短調	タンチョウ
短資	タンシ
短足	タンソク
短距離	タンキョリ
短躯	タンク
短軀	タンク
短軸	タンジク
短辺	タンペン
短針	タンシン
短銃	タンジュウ
短靴	タングツ
短音	タンオン
短音階	タンオンカイ
短頭	タントウ
短髪	タンパツ
矮化	ワイカ
矮小	ワイショウ
矮小化	ワイショウカ
矮性	ワイセイ
矮星	ワイセイ
矮躯	ワイク
矮鶏	チャボ
矯める	タメル
矯正	キョウセイ
矯正歯科	キョウセイシカ
矯激	キョウゲキ
矯風	キョウフウ
矯飾	キョウショク
石うす	イシウス
石くれ	イシクレ
石けり	イシケリ
石けん	セッケン
石こう	セッコウ
石ころ	イシコロ
石だたみ	イシダタミ
石つぶて	イシツブテ
石づき	イシヅキ
石づくり	イシヅクリ
石亀	イシガメ
石作り	イシヅクリ
石倉	イシグラ
石偏	イシヘン
石像	セキゾウ
石切り	イシキリ
石切場	イシキリバ
石刻	セッコク
石剣	セッケン
石匠	セキショウ
石南花	シャクナゲ
石器	セッキ
石基	セッキ
石堤	セキテイ
石塀	イシベイ
石塁	セキルイ
石塔	セキトウ
石墨	セキボク
石山	イシヤマ
石崖	イシガケ
石弓	イシユミ
石張り	イシバリ
石彫	イシボリ
石彫り	イシボリ
石打	イシウチ
石打ち	イシウチ
石投げ	イシナゲ
石抱	イシダキ
石抱き	イシダキ
石持	イシモチ
石斑魚	ウグイ
石斛	セッコク
石斧	セキフ
石材	セキザイ
石材店	セキザイテン
石板	セキバン
石柱	セキチュウ
石棒	セキボウ
石楠花	シャクナゲ
石榴口	ザクログチ
石槨	セッカク
石段	イシダン
石水母	イシクラゲ
石油	セキユ
石淋	セキリン
石清水	イワシミズ
石火	セッカ
石灰化	セッカイカ
石灰岩	セッカイガン
石灰水	セッカイスイ
石灰洞	セッカイドウ
石灰石	セッカイセキ
石灰華	セッカイカ
石灰藻	セッカイソウ
石炭灰	セキタンバイ
石焼	イシヤキ
石焼き	イシヤキ
石版	セキバン
石狩鍋	イシカリナベ
石珊瑚	イシサンゴ
石畳	イシダタミ
石畳み	イシダタミ
石盤	セキバン
石碑	セキヒ
石突	イシヅキ
石突き	イシヅキ
石窟	セックツ
石窯	イシガマ
石竹	セキチク
石竹色	セキチクイロ
石筆	セキヒツ
石筍	セキジュン
石粉	イシコ
石組	イシグミ
石組み	イシグミ
石膏	セッコウ
石臼	イシウス
石英	セキエイ
石蓴	アオサ
石蔵	イシグラ
石蕗	ツワブキ
石蝋	セキロウ
石蟹	イシガニ
石製	セキセイ
石質	セキシツ
石蹴り	イシケリ
石造	セキゾウ
石造り	イシヅクリ
石釜	イシガマ
石鏃	セキゾク
石頭	イシアタマ
石風呂	イシブロ
石首魚	イシモチ
石高	コクダカ
石鯛	イシダイ
石鰈	イシガレイ
石鳥居	イシドリイ
石鹸	セッケン
石鹼	セッケン
砂あそび	スナアソビ
砂かぶり	スナカブリ
砂じん	サジン
砂ぼこり	スナボコリ
砂上	サジョウ
砂下ろし	スナオロシ
砂像	サゾウ
砂八目	スナヤツメ
砂利道	ジャリミチ
砂原	スナハラ
砂嘴	サシ
砂土	サド
砂埃	スナボコリ
砂場	スナバ
砂塵	サジン
砂壁	スナカベ
砂嵐	スナアラシ
砂州	サス
砂抜き	スナヌキ
砂摩り	スナズリ
砂時計	スナドケイ
砂泥	サデイ
砂洲	サス
砂浜	スナハマ
砂浴び	スナアビ
砂滑	スナメリ
砂漠	サバク
砂漠化	サバクカ
砂煙	スナケムリ
砂糖黍	サトウキビ
砂絵	スナエ
砂肝	スナギモ
砂色	スナイロ
砂虫	スナムシ
砂蟹	スナガニ
砂袋	スナブクロ
砂遊び	スナアソビ
砂金石	サキンセキ
砂鉄	サテツ
砂鉱	サコウ
砂防	サボウ
砂風呂	スナブロ
砒石	ヒセキ
砒素	ヒソ
砒素剤	ヒソザイ
砒酸	ヒサン
研き	ミガキ
研ぎ	トギ
研ぎあげる	トギアゲル
研ぎすます	トギスマス
研ぎたて	トギタテ
研ぎ上げ	トギアゲ
研ぎ上げる	トギアゲル
研ぎ屋	トギヤ
研ぎ澄ます	トギスマス
研ぎ物	トギモノ
研ぎ立て	トギタテ
研く	ミガク
研ぐ	トグ
研さん	ケンサン
研修	ケンシュウ
研修会	ケンシュウカイ
研修医	ケンシュウイ
研修員	ケンシュウイン
研修旅行	ケンシュウリョコウ
研修期間	ケンシュウキカン
研修生	ケンシュウセイ
研削	ケンサク
研学	ケンガク
研屋	トギヤ
研師	トギシ
研摩	ケンマ
研澄ます	トギスマス
研磨	ケンマ
研磨材	ケンマザイ
研磨機	ケンマキ
研究	ケンキュウ
研究会	ケンキュウカイ
研究員	ケンキュウイン
研究室	ケンキュウシツ
研究家	ケンキュウカ
研究心	ケンキュウシン
研究生	ケンキュウセイ
研究科	ケンキュウカ
研究者	ケンキュウシャ
研究職	ケンキュウショク
研究費	ケンキュウヒ
研究開発	ケンキュウカイハツ
研鑚	ケンサン
研鑽	ケンサン
砕く	クダク
砕け	クダケ
砕ける	クダケル
砕け散る	クダケチル
砕け波	クダケナミ
砕屑	サイセツ
砕木	サイボク
砕氷	サイヒョウ
砕氷船	サイヒョウセン
砕波	サイハ
砕片	サイヘン
砕石	サイセキ
砕身	サイシン
砕鉱	サイコウ
砥ぐ	トグ
砥の粉	トノコ
砥石	トイシ
砥糞	トクソ
砥草	トクサ
砲丸	ホウガン
砲兵	ホウヘイ
砲列	ホウレツ
砲口	ホウコウ
砲台	ホウダイ
砲塔	ホウトウ
砲声	ホウセイ
砲座	ホウザ
砲弾	ホウダン
砲戦	ホウセン
砲手	ホウシュ
砲撃	ホウゲキ
砲火	ホウカ
砲煙	ホウエン
砲熕	ホウコウ
砲艦	ホウカン
砲術	ホウジュツ
砲身	ホウシン
砲車	ホウシャ
砲金	ホウキン
砲門	ホウモン
破く	ヤブク
破ける	ヤブケル
破たん	ハタン
破びん	ハビン
破り取る	ヤブリトル
破り捨てる	ヤブリステル
破れかぶれ	ヤブレカブレ
破れ傘	ヤブレガサ
破れ物	ワレモノ
破れ鍋	ワレナベ
破れ鐘	ワレガネ
破倫	ハリン
破傷風	ハショウフウ
破却	ハキャク
破壊	ハカイ
破壊力	ハカイリョク
破壊的	ハカイテキ
破天荒	ハテンコウ
破婚	ハコン
破子	ワリゴ
破局	ハキョク
破屋	ハオク
破廉恥	ハレンチ
破戒	ハカイ
破損	ハソン
破摧	ハサイ
破断	ハダン
破格	ハカク
破棄	ハキ
破毀	ハキ
破水	ハスイ
破滅	ハメツ
破片	ハヘン
破牢	ハロウ
破獄	ハゴク
破瓜	ハカ
破瓜期	ハカキ
破瓶	ハビン
破産	ハサン
破産法	ハサンホウ
破産者	ハサンシャ
破目板	ハメイタ
破砕	ハサイ
破砕機	ハサイキ
破竹	ハチク
破算	ハサン
破籠	ワリゴ
破約	ハヤク
破綻	ハタン
破線	ハセン
破船	ハセン
破裂	ハレツ
破裂音	ハレツオン
破調	ハチョウ
破談	ハダン
破邪	ハジャ
破鏡	ハキョウ
破鐘	ワレガネ
破門	ハモン
破防法	ハボウホウ
破面	ハメン
破顔	ハガン
破顔一笑	ハガンイッショウ
破風	ハフ
破魔	ハマ
破魔矢	ハマヤ
硅石	ケイセキ
硅素	ケイソ
硏究	ケンキュウ
硝化	ショウカ
硝子戸	ガラスド
硝子瓶	ガラスビン
硝安	ショウアン
硝煙	ショウエン
硝石	ショウセキ
硝薬	ショウヤク
硝酸	ショウサン
硝酸菌	ショウサンキン
硝酸銅	ショウサンドウ
硫化	リュウカ
硫化物	リュウカブツ
硫化鉄	リュウカテツ
硫化銅	リュウカドウ
硫安	リュウアン
硫酸	リュウサン
硫酸塩	リュウサンエン
硫酸紙	リュウサンシ
硫酸鉄	リュウサンテツ
硫酸銅	リュウサンドウ
硬い	カタイ
硬さ	カタサ
硬め	カタメ
硬化	コウカ
硬化剤	コウカザイ
硬化性	コウカセイ
硬化油	コウカユ
硬化病	コウカビョウ
硬口蓋	コウコウガイ
硬塞	コウソク
硬変	コウヘン
硬度	コウド
硬式	コウシキ
硬性	コウセイ
硬材	コウザイ
硬水	コウスイ
硬派	コウハ
硬玉	コウギョク
硬球	コウキュウ
硬盤	コウバン
硬直	コウチョク
硬筆	コウヒツ
硬結	コウケツ
硬膏	コウコウ
硬膜	コウマク
硬調	コウチョウ
硬貨	コウカ
硬質	コウシツ
硬軟	コウナン
硬鋼	コウコウ
硬骨	コウコツ
硬鱗	コウリン
硯池	ケンチ
硯洗い	スズリアライ
硯石	スズリイシ
硯箱	スズリバコ
硼珪酸	ホウケイサン
硼砂	ホウシャ
硼素	ホウソ
硼酸	ホウサン
碁会所	ゴカイショ
碁器	ゴキ
碁客	ゴカク
碁打ち	ゴウチ
碁敵	ゴガタキ
碁盤	ゴバン
碁盤割り	ゴバンワリ
碁石	ゴイシ
碁笥	ゴケ
碁聖	ゴセイ
碇泊	テイハク
碇綱	イカリヅナ
碇草	イカリソウ
碌々	ロクロク
碌な	ロクナ
碌に	ロクニ
碌碌	ロクロク
碍子	ガイシ
碑文	ヒブン
碑石	ヒセキ
碑銘	ヒメイ
碑陰	ヒイン
碧い	アオイ
碧水	ヘキスイ
碧海	ヘキカイ
碧玉	ヘキギョク
碧眼	ヘキガン
碧空	ヘキクウ
碧色	ヘキショク
碧雲	ヘキウン
碩儒	セキジュ
碩学	セキガク
確か	タシカ
確かめ	タシカメ
確かめる	タシカメル
確たる	カクタル
確り者	シッカリモノ
確乎	カッコ
確保	カクホ
確信	カクシン
確信犯	カクシンハン
確固	カッコ
確報	カクホウ
確変	カクヘン
確定	カクテイ
確定拠出型年金	カクテイキョシュツガタネンキン
確定拠出年金	カクテイキョシュツネンキン
確定申告	カクテイシンコク
確定給付型年金	カクテイキュウフガタネンキン
確実	カクジツ
確実性	カクジツセイ
確実視	カクジツシ
確度	カクド
確然	カクゼン
確率	カクリツ
確率変動	カクリツヘンドウ
確率論	カクリツロン
確立	カクリツ
確答	カクトウ
確約	カクヤク
確聞	カクブン
確言	カクゲン
確診	カクシン
確証	カクショウ
確認	カクニン
確認書	カクニンショ
確認者	カクニンシャ
碾き割り	ヒキワリ
碾き臼	ヒキウス
碾き茶	ヒキチャ
碾割り	ヒキワリ
碾臼	ヒキウス
磁力	ジリョク
磁力線	ジリョクセン
磁力計	ジリョクケイ
磁化	ジカ
磁化率	ジカリツ
磁北	ジホク
磁区	ジク
磁器	ジキ
磁土	ジド
磁性	ジセイ
磁性体	ジセイタイ
磁束	ジソク
磁束計	ジソクケイ
磁極	ジキョク
磁歪	ジワイ
磁気	ジキ
磁気共鳴映像法	ジキキョウメイエイゾウホウ
磁気力	ジキリョク
磁気単極子	ジキタンキョクシ
磁気圏	ジキケン
磁気嵐	ジキアラシ
磁界	ジカイ
磁針	ジシン
磁鉄鉱	ジテッコウ
磊塊	ライカイ
磊落	ライラク
磐境	イワサカ
磐座	イワクラ
磐石	バンジャク
磨き	ミガキ
磨き上げる	ミガキアゲル
磨き布	ミガキヌノ
磨き砂	ミガキズナ
磨き立てる	ミガキタテル
磨き粉	ミガキコ
磨き込む	ミガキコム
磨く	ミガク
磨ぐ	トグ
磨りおろす	スリオロス
磨りつぶす	スリツブス
磨り消す	スリケス
磨り減らす	スリヘラス
磨り減る	スリヘル
磨り潰す	スリツブス
磨る	スル
磨れる	スレル
磨崖仏	マガイブツ
磨損	マソン
磨滅	マメツ
磨砕	マサイ
磨羯宮	マカツキュウ
磨耗	マモウ
磨製	マセイ
磯べ	イソベ
磯巾着	イソギンチャク
磯波	イソナミ
磯浜	イソハマ
磯焼け	イソヤケ
磯臭い	イソクサイ
磯菊	イソギク
磯蚯蚓	イソメ
磯蟹	イソガニ
磯躑躅	イソツツジ
磯辺	イソベ
磯遊び	イソアソビ
磯釣	イソヅリ
磯釣り	イソヅリ
磯魚	イソウオ
磯鮪	イソマグロ
礁湖	ショウコ
礎材	ソザイ
礎石	ソセキ
礦業	コウギョウ
礦石	コウセキ
礫土	レキド
礫岩	レキガン
礫石器	レキセッキ
礬水	ドウサ
示し	シメシ
示し合せる	シメシアワセル
示し合わす	シメシアワス
示し合わせる	シメシアワセル
示す	シメス
示偏	シメスヘン
示唆	シサ
示寂	ジジャク
示差	シサ
示度	シド
示性式	シセイシキ
示教	シキョウ
示現	ジゲン
示範	シハン
示談	ジダン
示談金	ジダンキン
礼儀	レイギ
礼儀作法	レイギサホウ
礼典	レイテン
礼参り	レイマイリ
礼回り	レイマワリ
礼帽	レイボウ
礼式	レイシキ
礼楽	レイガク
礼法	レイホウ
礼物	レイモツ
礼状	レイジョウ
礼盤	ライバン
礼砲	レイホウ
礼節	レイセツ
礼装	レイソウ
礼譲	レイジョウ
礼讃	ライサン
礼賛	ライサン
礼返し	レイガエシ
礼遇	レイグウ
礼部	レイブ
礼金	レイキン
社中	シャチュウ
社主	シャシュ
社交	シャコウ
社交ダンス	シャコウダンス
社交家	シャコウカ
社交性	シャコウセイ
社交界	シャコウカイ
社交的	シャコウテキ
社会	シャカイ
社会主義	シャカイシュギ
社会主義者	シャカイシュギシャ
社会人	シャカイジン
社会保険	シャカイホケン
社会保険事務所	シャカイホケンジムショ
社会保険労務士	シャカイホケンロウムシ
社会保険庁	シャカイホケンチョウ
社会保障	シャカイホショウ
社会化	シャカイカ
社会史	シャカイシ
社会基盤	シャカイキバン
社会学	シャカイガク
社会性	シャカイセイ
社会悪	シャカイアク
社会権	シャカイケン
社会法	シャカイホウ
社会派	シャカイハ
社会的	シャカイテキ
社会的企業	シャカイテキキギョウ
社会的責任	シャカイテキセキニン
社会的距離	シャカイテキキョリ
社会福祉士	シャカイフクシシ
社会福祉法	シャカイフクシホウ
社会科	シャカイカ
社会貢献	シャカイコウケン
社会通念	シャカイツウネン
社会進出	シャカイシンシュツ
社会鍋	シャカイナベ
社会面	シャカイメン
社保	シャホ
社債	シャサイ
社債券	シャサイケン
社僧	シャソウ
社共	シャキョウ
社内	シャナイ
社内便	シャナイビン
社内報	シャナイホウ
社内外	シャナイガイ
社則	シャソク
社割	シャワリ
社労士	シャロウシ
社務	シャム
社務所	シャムショ
社協	シャキョウ
社印	シャイン
社友	シャユウ
社史	シャシ
社号	シャゴウ
社名	シャメイ
社告	シャコク
社命	シャメイ
社員	シャイン
社員割引	シャインワリビキ
社員寮	シャインリョウ
社員旅行	シャインリョコウ
社員食堂	シャインショクドウ
社団	シャダン
社地	シャチ
社外	シャガイ
社外取締役	シャガイトリシマリヤク
社外監査役	シャガイカンサヤク
社外秘	シャガイヒ
社宅	シャタク
社家	シャケ
社寺	シャジ
社屋	シャオク
社是	シャゼ
社有	シャユウ
社有地	シャユウチ
社格	シャカク
社業	シャギョウ
社歌	シャカ
社歴	シャレキ
社殿	シャデン
社用	シャヨウ
社用族	シャヨウゾク
社用車	シャヨウシャ
社畜	シャチク
社章	シャショウ
社線	シャセン
社葬	シャソウ
社訓	シャクン
社説	シャセツ
社論	シャロン
社費	シャヒ
社賓	シャヒン
社運	シャウン
社長	シャチョウ
社長室	シャチョウシツ
社領	シャリョウ
社頭	シャトウ
社風	シャフウ
社食	シャショク
祀る	マツル
祁寒	キカン
祈り	イノリ
祈り求める	イノリモトメル
祈る	イノル
祈念	キネン
祈祷師	キトウシ
祈祷書	キトウショ
祈誓	キセイ
祈雨	キウ
祈願	キガン
祐筆	ユウヒツ
祓い清める	ハライキヨメル
祓戸	ハラエド
祓詞	ハラエコトバ
祖先	ソセン
祖国	ソコク
祖型	ソケイ
祖宗	ソソウ
祖師	ソシ
祖廟	ソビョウ
祖業	ソギョウ
祖法	ソホウ
祖父母	ソフボ
祖語	ソゴ
祖述	ソジュツ
祖霊	ソレイ
祗候	シコウ
祝いごと	イワイゴト
祝い事	イワイゴト
祝い唄	イワイウタ
祝い歌	イワイウタ
祝い物	イワイモノ
祝い箸	イワイバシ
祝い酒	イワイザケ
祝す	シュクス
祝する	シュクスル
祝儀	シュウギ
祝儀袋	シュウギブクロ
祝典	シュクテン
祝勝	シュクショウ
祝女	ノロ
祝宴	シュクエン
祝意	シュクイ
祝捷	シュクショウ
祝日	シュクジツ
祝杯	シュクハイ
祝盃	シュクハイ
祝着	シュウチャク
祝砲	シュクホウ
祝祭	シュクサイ
祝祭日	シュクサイジツ
祝祷	シュクトウ
祝福	シュクフク
祝箸	イワイバシ
祝賀	シュクガ
祝賀会	シュクガカイ
祝辞	シュクジ
祝酒	イワイザケ
祝電	シュクデン
神々	カミガミ
神々しい	コウゴウシイ
神おろし	カミオロシ
神がかり	カミガカリ
神だのみ	カミダノミ
神下ろし	カミオロシ
神主	カンヌシ
神仙	シンセン
神位	シンイ
神佑	シンユウ
神体	シンタイ
神像	シンゾウ
神兵	シンペイ
神典	シンテン
神判	シンパン
神前	シンゼン
神剣	シンケン
神助	シンジョ
神化	シンカ
神君	シンクン
神命	シンメイ
神品	シンピン
神国	シンコク
神域	シンイキ
神壇	シンダン
神変	シンペン
神威	シンイ
神婚	シンコン
神子	ミコ
神学校	シンガッコウ
神学生	シンガクセイ
神学者	シンガクシャ
神官文字	シンカンモジ
神宝	シンポウ
神宮	ジングウ
神州	シンシュウ
神式	シンシキ
神徳	シントク
神性	シンセイ
神意	シンイ
神慮	シンリョ
神憑り	カミガカリ
神懸かり	カミガカリ
神懸り	カミガカリ
神授	シンジュ
神政	シンセイ
神族	シンゾク
神格	シンカク
神格化	シンカクカ
神棚	カミダナ
神楽	カグラ
神楽歌	カグラウタ
神楽殿	カグラデン
神楽蝙蝠	カグラコウモリ
神権	シンケン
神橋	シンキョウ
神機	シンキ
神殿	シンデン
神気	シンキ
神火	シンカ
神灯	シントウ
神燈	シントウ
神父	シンプ
神獣	シンジュウ
神璽	シンジ
神異	シンイ
神的	シンテキ
神祇	ジンギ
神祇伯	ジンギハク
神祐	シンユウ
神神	カミガミ
神神しい	コウゴウシイ
神祠	シンシ
神秘	シンピ
神秘主義	シンピシュギ
神秘劇	シンピゲキ
神秘学	シンピガク
神秘的	シンピテキ
神童	シンドウ
神籤	ミクジ
神紋	シンモン
神経	シンケイ
神経内科	シンケイナイカ
神経堤	シンケイテイ
神経学	シンケイガク
神経性	シンケイセイ
神経性大食症	シンケイセイタイショクショウ
神経性無食欲症	シンケイセイムショクヨクショウ
神経戦	シンケイセン
神経症	シンケイショウ
神経痛	シンケイツウ
神経科	シンケイカ
神経管	シンケイカン
神経節	シンケイセツ
神経系	シンケイケイ
神経質	シンケイシツ
神罰	シンバツ
神聖	シンセイ
神職	シンショク
神色	シンショク
神苑	シンエン
神葬	シンソウ
神蛇	シンジャ
神託	シンタク
神詣	カミモウデ
神詣で	カミモウデ
神話	シンワ
神話学	シンワガク
神送り	カミオクリ
神速	シンソク
神遊び	カミアソビ
神道家	シントウカ
神鏡	シンキョウ
神降し	カミオロシ
神降ろし	カミオロシ
神階	シンカイ
神霊	シンレイ
神韻	シンイン
神頼み	カミダノミ
神饌	シンセン
神髄	シンズイ
神魂	シンコン
神鹿	シンロク
祟り	タタリ
祟り目	タタリメ
祟り神	タタリガミ
祟る	タタル
祠堂	シドウ
祢宜	ネギ
祥月	ショウツキ
祥瑞	ショウズイ
祥雲	ショウウン
票固め	ヒョウガタメ
票差	ヒョウサ
票数	ヒョウスウ
票決	ヒョウケツ
票田	ヒョウデン
票読み	ヒョウヨミ
祭り	マツリ
祭りばやし	マツリバヤシ
祭り上げる	マツリアゲル
祭り囃子	マツリバヤシ
祭り込む	マツリコム
祭る	マツル
祭主	サイシュ
祭事	サイジ
祭儀	サイギ
祭具	サイグ
祭典	サイテン
祭司	サイシ
祭器	サイキ
祭囃子	マツリバヤシ
祭場	サイジョウ
祭壇	サイダン
祭壇座	サイダンザ
祭式	サイシキ
祭政	サイセイ
祭日	サイジツ
祭服	サイフク
祭殿	サイデン
祭礼	サイレイ
祭祀	サイシ
祭禮	サイレイ
祷り	イノリ
祷る	イノル
禀請	リンセイ
禁じる	キンジル
禁じ手	キンジテ
禁ずる	キンズル
禁中	キンチュウ
禁令	キンレイ
禁制	キンセイ
禁制品	キンセイヒン
禁則	キンソク
禁句	キンク
禁固	キンコ
禁固刑	キンコケイ
禁圧	キンアツ
禁域	キンイキ
禁忌	キンキ
禁慾	キンヨク
禁戒	キンカイ
禁教	キンキョウ
禁断	キンダン
禁断症状	キンダンショウジョウ
禁書	キンショ
禁札	キンサツ
禁欲	キンヨク
禁止	キンシ
禁止事項	キンシジコウ
禁止法	キンシホウ
禁治産者	キンチサンシャ
禁漁期	キンリョウキ
禁烟	キンエン
禁煙	キンエン
禁煙席	キンエンセキ
禁物	キンモツ
禁猟	キンリョウ
禁猟区	キンリョウク
禁猟期	キンリョウキ
禁獄	キンゴク
禁秘	キンピ
禁絶	キンゼツ
禁色	キンジキ
禁衛	キンエイ
禁裏	キンリ
禁裏様	キンリサマ
禁裡	キンリ
禁足	キンソク
禁軍	キングン
禁輸	キンユ
禁遏	キンアツ
禁酒	キンシュ
禁酒法	キンシュホウ
禁錮	キンコ
禁門	キンモン
禁闕	キンケツ
禁鳥	キンチョウ
禄高	ロクダカ
禅僧	ゼンソウ
禅味	ゼンミ
禅問答	ゼンモンドウ
禅堂	ゼンドウ
禅定	ゼンジョウ
禅室	ゼンシツ
禅寺	ゼンデラ
禅尼	ゼンニ
禅林	ゼンリン
禅画	ゼンガ
禅話	ゼンワ
禅語	ゼンゴ
禅譲	ゼンジョウ
禅門	ゼンモン
禅院	ゼンイン
禊ぎ	ミソギ
禊ぐ	ミソグ
禍々しい	マガマガシイ
禍害	カガイ
禍根	カコン
禍源	カゲン
禍禍しい	マガマガシイ
禍福	カフク
福々しい	フクブクシイ
福の神	フクノカミ
福利	フクリ
福利厚生	フクリコウセイ
福利厚生費	フクリコウセイヒ
福助	フクスケ
福寿	フクジュ
福寿草	フクジュソウ
福引	フクビキ
福引き	フクビキ
福徳	フクトク
福木	フクギ
福相	フクソウ
福祉事務所	フクシジムショ
福祉学	フクシガク
福神	フクジン
福神漬	フクジンヅケ
福神漬け	フクジンヅケ
福禄	フクロク
福福しい	フクブクシイ
福笑い	フクワライ
福者	フクシャ
福耳	フクミミ
福茶	フクチャ
福袋	フクブクロ
福豆	フクマメ
福運	フクウン
福音	フクイン
福音書	フクインショ
禦ぎ	フセギ
禦ぐ	フセグ
禰宜	ネギ
禱る	イノル
禽獣	キンジュウ
禽舎	キンシャ
禾偏	ノギヘン
禾本科	カホンカ
禾穀	カコク
禾穀類	カコクルイ
禿げ	ハゲ
禿げあがる	ハゲアガル
禿げる	ハゲル
禿げ上がる	ハゲアガル
禿げ上る	ハゲアガル
禿げ山	ハゲヤマ
禿げ頭	ハゲアタマ
禿び	チビ
禿びる	チビル
禿山	ハゲヤマ
禿鷲	ハゲワシ
禿鷹	ハゲタカ
秀でる	ヒイデル
秀作	シュウサク
秀句	シュウク
秀吟	シュウギン
秀峰	シュウホウ
秀才	シュウサイ
秀抜	シュウバツ
秀歌	シュウカ
秀逸	シュウイツ
秀麗	シュウレイ
私か	ヒソカ
私企業	シキギョウ
私信	シシン
私傷	シショウ
私党	シトウ
私兵	シヘイ
私刑	シケイ
私利	シリ
私利私欲	シリシヨク
私募	シボ
私印	シイン
私史	シシ
私営	シエイ
私塾	シジュク
私大	シダイ
私娼	シショウ
私娼窟	シショウクツ
私学	シガク
私宅	シタク
私室	シシツ
私家	シカ
私家版	シカバン
私家集	シカシュウ
私寺	シジ
私心	シシン
私怨	シエン
私恨	シコン
私情	シジョウ
私意	シイ
私慾	シヨク
私憤	シフン
私戦	シセン
私掠船	シリャクセン
私撰	シセン
私文書	シブンショ
私曲	シキョク
私書	シショ
私書函	シショカン
私書箱	シショバコ
私有	シユウ
私有地	シユウチ
私服	シフク
私案	シアン
私権	シケン
私欲	シヨク
私法	シホウ
私法人	シホウジン
私注	シチュウ
私消	シショウ
私淑	シシュク
私版	シハン
私物	シブツ
私物化	シブツカ
私生	シセイ
私生児	シセイジ
私生活	シセイカツ
私産	シサン
私用	シヨウ
私的財	シテキザイ
私益	シエキ
私立中	シリツチュウ
私立大	シリツダイ
私立大学	シリツダイガク
私立学校	シリツガッコウ
私立校	シリツコウ
私考	シコウ
私腹	シフク
私蔵	シゾウ
私行	シコウ
私製	シセイ
私見	シケン
私記	シキ
私設	シセツ
私訴	シソ
私説	シセツ
私論	シロン
私議	シギ
私財	シザイ
私費	シヒ
私通	シツウ
私道	シドウ
私選	シセン
私邸	シテイ
私鉄	シテツ
私闘	シトウ
秉燭	ヘイショク
秋まき	アキマキ
秋まつり	アキマツリ
秋もの	アキモノ
秋上げ	アキアゲ
秋作	アキサク
秋入学	アキニュウガク
秋冷	シュウレイ
秋刀魚	サンマ
秋分	シュウブン
秋分の日	シュウブンノヒ
秋分点	シュウブンテン
秋味	アキアジ
秋唐松	アキカラマツ
秋場所	アキバショ
秋季	シュウキ
秋官	シュウカン
秋寒	アキサム
秋思	シュウシ
秋日	シュウジツ
秋日和	アキビヨリ
秋晴れ	アキバレ
秋月	シュウゲツ
秋服	アキフク
秋期	シュウキ
秋桐	アキギリ
秋楡	アキニレ
秋気	シュウキ
秋水	シュウスイ
秋波	シュウハ
秋津	アキツ
秋海棠	シュウカイドウ
秋涼	シュウリョウ
秋物	アキモノ
秋祭り	アキマツリ
秋空	アキゾラ
秋興	シュウキョウ
秋茜	アキアカネ
秋茱萸	アキグミ
秋草	アキクサ
秋萩	アキハギ
秋落ち	アキオチ
秋蒔き	アキマキ
秋袷	アキアワセ
秋陽	シュウヨウ
秋雨前線	アキサメゼンセン
秋霖	シュウリン
秋高	アキダカ
秋鯖	アキサバ
秋鯵	アキアジ
科す	カス
科する	カスル
科の木	シナノキ
科人	トガニン
科刑	カケイ
科名	カメイ
科学史	カガクシ
科学技術	カガクギジュツ
科学技術庁	カガクギジュツチョウ
科学的	カガクテキ
科学的根拠	カガクテキコンキョ
科学者	カガクシャ
科学館	カガクカン
科技	カギ
科挙	カキョ
科目	カモク
科罰	カバツ
秒数	ビョウスウ
秒殺	ビョウサツ
秒読み	ビョウヨミ
秒速	ビョウソク
秒針	ビョウシン
秘か	ヒソカ
秘けつ	ヒケツ
秘す	ヒス
秘する	ヒスル
秘めごと	ヒメゴト
秘めやか	ヒメヤカ
秘める	ヒメル
秘め事	ヒメゴト
秘中	ヒチュウ
秘仏	ヒブツ
秘伝	ヒデン
秘儀	ヒギ
秘剣	ヒケン
秘匿	ヒトク
秘匿性	ヒトクセイ
秘口	ヒコウ
秘史	ヒシ
秘図	ヒズ
秘境	ヒキョウ
秘奥	ヒオウ
秘孔	ヒコウ
秘宝	ヒホウ
秘密	ヒミツ
秘密会	ヒミツカイ
秘密保持契約	ヒミツホジケイヤク
秘密裏	ヒミツリ
秘帖	ヒチョウ
秘所	ヒショ
秘技	ヒギ
秘教	ヒキョウ
秘方	ヒホウ
秘曲	ヒキョク
秘書	ヒショ
秘書官	ヒショカン
秘書室	ヒショシツ
秘本	ヒホン
秘決	ヒケツ
秘法	ヒホウ
秘湯	ヒトウ
秘策	ヒサク
秘結	ヒケツ
秘義	ヒギ
秘薬	ヒヤク
秘術	ヒジュツ
秘計	ヒケイ
秘訣	ヒケツ
秘話	ヒワ
秘説	ヒセツ
秘跡	ヒセキ
秘蹟	ヒセキ
秘部	ヒブ
秘録	ヒロク
秘鍵	ヒケン
秘鑰	ヒヤク
租借	ソシャク
租借地	ソシャクチ
租庸調	ソヨウチョウ
租界	ソカイ
租税	ソゼイ
租税回避地	ソゼイカイヒチ
租税条約	ソゼイジョウヤク
租税特別措置法	ソゼイトクベツソチホウ
租税避難地	ソゼイヒナンチ
秦皮	トネリコ
秩序	チツジョ
秩禄	チツロク
称す	ショウス
称する	ショウスル
称号	ショウゴウ
称名	ショウミョウ
称呼	ショウコ
称揚	ショウヨウ
称美	ショウビ
称讃	ショウサン
称讚	ショウサン
称賛	ショウサン
移しかえる	ウツシカエル
移し変える	ウツシカエル
移し換える	ウツシカエル
移し替え	ウツシカエ
移し替える	ウツシカエル
移す	ウツス
移り	ウツリ
移りかわる	ウツリカワル
移りゆく	ウツリユク
移り住む	ウツリスム
移り変り	ウツリカワリ
移り変る	ウツリカワル
移り変わり	ウツリカワリ
移り変わる	ウツリカワル
移り気	ウツリギ
移り箸	ウツリバシ
移り行く	ウツリユク
移り香	ウツリガ
移る	ウツル
移ろい	ウツロイ
移ろう	ウツロウ
移乗	イジョウ
移住	イジュウ
移住者	イジュウシャ
移入	イニュウ
移出	イシュツ
移動	イドウ
移動中	イドウチュウ
移動体	イドウタイ
移動性	イドウセイ
移動手段	イドウシュダン
移動教室	イドウキョウシツ
移動電話	イドウデンワ
移封	イホウ
移徙	ワタマシ
移植	イショク
移植性	イショクセイ
移殖	イショク
移民	イミン
移流	イリュウ
移牒	イチョウ
移牧	イボク
移用	イヨウ
移監	イカン
移相	イソウ
移着	イチャク
移管	イカン
移築	イチク
移籍	イセキ
移籍金	イセキキン
移行	イコウ
移行期	イコウキ
移設	イセツ
移調	イチョウ
移譲	イジョウ
移転	イテン
移送	イソウ
移配	イハイ
移項	イコウ
移駐	イチュウ
稀世	キセイ
稀土	キド
稀土類	キドルイ
稀少	キショウ
稀書	キショ
稀薄	キハク
稀覯	キコウ
稀釈	キシャク
程々	ホドホド
程よい	ホドヨイ
程よく	ホドヨク
程合い	ホドアイ
程好い	ホドヨイ
程好く	ホドヨク
程度	テイド
程程	ホドホド
程良い	ホドヨイ
程良く	ホドヨク
程近い	ホドチカイ
程遠い	ホドトオイ
税別	ゼイベツ
税制	ゼイセイ
税制改正	ゼイセイカイセイ
税務	ゼイム
税務署	ゼイムショ
税務調査	ゼイムチョウサ
税収	ゼイシュウ
税吏	ゼイリ
税抜	ゼイヌキ
税抜き	ゼイヌキ
税法	ゼイホウ
税源	ゼイゲン
税率	ゼイリツ
税理士	ゼイリシ
税目	ゼイモク
税調	ゼイチョウ
税込	ゼイコミ
税込み	ゼイコミ
税込み価格	ゼイコミカカク
税込価格	ゼイコミカカク
税金	ゼイキン
税関	ゼイカン
税額	ゼイガク
税額控除	ゼイガクコウジョ
稔り	ミノリ
稔る	ミノル
稔性	ネンセイ
稗史	ハイシ
稚い	イトケナイ
稚けない	イトケナイ
稚児車	チングルマ
稚児隼	チゴハヤブサ
稚拙	チセツ
稚気	チキ
稚貝	チガイ
稚魚	チギョ
稚鮎	チアユ
稚鰤	ワラサ
稜線	リョウセン
稜角	リョウカク
稟性	ヒンセイ
稟請	リンセイ
稟議書	リンギショ
稟質	ヒンシツ
種々相	シュジュソウ
種あかし	タネアカシ
種つけ	タネツケ
種まき	タネマキ
種もみ	タネモミ
種下ろし	タネオロシ
種付け	タネツケ
種切れ	タネギレ
種別	シュベツ
種取り	タネトリ
種名	シュメイ
種変わり	タネガワリ
種子骨	シュシコツ
種数	シュスウ
種族	シュゾク
種明かし	タネアカシ
種本	タネホン
種板	タネイタ
種油	タネアブラ
種火	タネビ
種牛	タネウシ
種牡馬	シュボバ
種物	タネモノ
種畜	シュチク
種痘	シュトウ
種皮	シュヒ
種目	シュモク
種石	タネイシ
種種相	シュジュソウ
種籾	タネモミ
種紙	タネガミ
種芋	タネイモ
種苗	シュビョウ
種苗法	シュビョウホウ
種蒔	タネマキ
種蒔き	タネマキ
種違い	タネチガイ
種間	シュカン
種類	シュルイ
種馬	タネウマ
種鶏	シュケイ
稱す	ショウス
稲こき	イネコキ
稲むら	イナムラ
稲作	イナサク
稲光	イナビカリ
稲刈	イネカリ
稲刈り	イネカリ
稲叢	イナムラ
稲扱き	イネコキ
稲木	イナギ
稲田	イナダ
稲穂	イナホ
稲羽	イナバ
稲荷	イナリ
稲荷ずし	イナリズシ
稲荷寿司	イナリズシ
稲荷鮨	イナリズシ
稲雀	イナスズメ
稼ぎ	カセギ
稼ぎ出す	カセギダス
稼ぎ手	カセギテ
稼ぎ時	カセギドキ
稼ぎ頭	カセギガシラ
稼ぐ	カセグ
稼げる	カセゲル
稼働	カドウ
稼働中	カドウチュウ
稼働率	カドウリツ
稼動	カドウ
稼得	カトク
稼業	カギョウ
稼穡	カショク
稽古事	ケイコゴト
稽古本	ケイコボン
稽古着	ケイコギ
稽首	ケイシュ
稿料	コウリョウ
稿本	コウホン
穀潰し	ゴクツブシ
穀物	コクモツ
穀物酢	コクモツス
穀粉	コクフン
穀雨	コクウ
穀類	コクルイ
穀食	コクショク
穂並	ホナミ
穂先	ホサキ
穂木	ホギ
穂波	ホナミ
穂状	スイジョウ
穂綿	ホワタ
穂首	ホクビ
積みあげ	ツミアゲ
積みあげる	ツミアゲル
積みおろし	ツミオロシ
積みかさね	ツミカサネ
積みこみ	ツミコミ
積み上げ	ツミアゲ
積み上げる	ツミアゲル
積み下ろし	ツミオロシ
積み下ろす	ツミオロス
積み出し	ツミダシ
積み出す	ツミダス
積み卸し	ツミオロシ
積み増し	ツミマシ
積み増す	ツミマス
積み換え	ツミカエ
積み換える	ツミカエル
積み替え	ツミカエ
積み替える	ツミカエル
積み木	ツミキ
積み残し	ツミノコシ
積み残す	ツミノコス
積み石	ツミイシ
積み立て	ツミタテ
積み立てる	ツミタテル
積み肥	ツミゴエ
積み荷	ツミニ
積み込み	ツミコミ
積み込む	ツミコム
積み重なる	ツミカサナル
積み重ね	ツミカサネ
積み重ねる	ツミカサネル
積み金	ツミキン
積み降ろし	ツミオロシ
積む	ツム
積もり積もる	ツモリツモル
積もる	ツモル
積る	ツモル
積ん読	ツンドク
積乱雲	セキランウン
積分	セキブン
積分器	セキブンキ
積分学	セキブンガク
積卸	ツミオロシ
積卸し	ツミオロシ
積増し	ツミマシ
積層	セキソウ
積年	セキネン
積弊	セキヘイ
積換え	ツミカエ
積替え	ツミカエ
積木	ツミキ
積極性	セッキョクセイ
積極的	セッキョクテキ
積水	セキスイ
積率	セキリツ
積立	ツミタテ
積立て	ツミタテ
積立てる	ツミタテル
積立金	ツミタテキン
積算	セキサン
積算法	セキサンホウ
積荷	ツミニ
積載	セキサイ
積込	ツミコミ
積込み	ツミコミ
積込む	ツミコム
積重ね	ツミカサネ
積金	ツミキン
積雪	セキセツ
積雲	セキウン
穎割	カイワリ
穎割り	カイワリ
穎悟	エイゴ
穎才	エイサイ
穎脱	エイダツ
穏やか	オダヤカ
穏便	オンビン
穏健	オンケン
穏健派	オンケンハ
穏和	オンワ
穏当	オントウ
穢す	ケガス
穢らしい	キタナラシイ
穢らわしい	ケガラワシイ
穢れ	ケガレ
穢れる	ケガレル
穢土	エド
穢多	エタ
穢身	エシン
穫れる	トレル
穴あき	アナアキ
穴あけ	アナアケ
穴うめ	アナウメ
穴ぐら	アナグラ
穴ぼこ	アナボコ
穴ウサギ	アナウサギ
穴ボコ	アナボコ
穴倉	アナグラ
穴兎	アナウサギ
穴冠	アナカンムリ
穴埋め	アナウメ
穴場	アナバ
穴子	アナゴ
穴居	ケッキョ
穴掘り	アナホリ
穴燕	アナツバメ
穴狙い	アナネライ
穴蔵	アナグラ
穴蜂	アナバチ
穴釣り	アナヅリ
穴銭	アナセン
穴開き	アナアキ
穴開け	アナアケ
穴馬	アナウマ
究める	キワメル
究明	キュウメイ
究極	キュウキョク
究理	キュウリ
穹窿	キュウリュウ
空々	クウクウ
空々しい	ソラゾラシイ
空えずき	カラエズキ
空かす	スカス
空きっ腹	スキッパラ
空きびん	アキビン
空きカン	アキカン
空きビン	アキビン
空き地	アキチ
空き壜	アキビン
空き室	アキシツ
空き容量	アキヨウリョウ
空き屋敷	アキヤシキ
空き巣	アキス
空き時間	アキジカン
空き枠	アキワク
空き樽	アキダル
空き殻	アキガラ
空き状況	アキジョウキョウ
空き瓶	アキビン
空き箱	アキバコ
空き缶	アキカン
空き部屋	アキベヤ
空くじ	カラクジ
空け者	ウツケモノ
空しい	ムナシイ
空しく	ムナシク
空だき	カラダキ
空っけつ	カラッケツ
空っぽ	カラッポ
空っ下手	カラッペタ
空っ惚ける	ソラットボケル
空っ風	カラッカゼ
空とぼける	ソラトボケル
空ぶかし	カラブカシ
空まわり	カラマワリ
空オケ	カラオケ
空下手	カラヘタ
空中	クウチュウ
空中庭園	クウチュウテイエン
空中戦	クウチュウセン
空中権	クウチュウケン
空中線	クウチュウセン
空事	ソラゴト
空似	ソラニ
空位	クウイ
空佐	クウサ
空元気	カラゲンキ
空冷	クウレイ
空出張	カラシュッチョウ
空前	クウゼン
空前絶後	クウゼンゼツゴ
空包	クウホウ
空合	ソラアイ
空合い	ソラアイ
空名	クウメイ
空嘔	カラエズキ
空嘯く	ソラウソブク
空回り	カラマワリ
空圧	クウアツ
空域	クウイキ
空堀	カラボリ
空士長	クウシチョウ
空売り	カラウリ
空夢	ソラユメ
空威張り	カライバリ
空孔	クウコウ
空室	クウシツ
空寝	ソラネ
空将	クウショウ
空将補	クウショウホ
空尉	クウイ
空屋	アキヤ
空屋敷	アキヤシキ
空席	クウセキ
空弁	ソラベン
空恐ろしい	ソラオソロシイ
空恥ずかしい	ソラハズカシイ
空惚ける	ソラトボケル
空想	クウソウ
空想力	クウソウリョク
空想家	クウソウカ
空想科学小説	クウソウカガクショウセツ
空戦	クウセン
空手家	カラテカ
空手着	カラテギ
空押し	カラオシ
空拳	クウケン
空振	クウシン
空振り	カラブリ
空挺	クウテイ
空揚	カラアゲ
空揚げ	カラアゲ
空撮	クウサツ
空文	クウブン
空景気	カラゲイキ
空曹	クウソウ
空曹長	クウソウチョウ
空木	ウツギ
空桶	カラオケ
空梅雨	カラツユ
空模様	ソラモヨウ
空欄	クウラン
空母	クウボ
空気	クウキ
空気ポンプ	クウキポンプ
空気伝送管	クウキデンソウカン
空気制動機	クウキセイドウキ
空気圧	クウキアツ
空気圧縮機	クウキアッシュクキ
空気感染	クウキカンセン
空気枕	クウキマクラ
空気清浄機	クウキセイジョウキ
空気砲	クウキホウ
空気調和	クウキチョウワ
空気調節	クウキチョウセツ
空気銃	クウキジュウ
空泣き	ソラナキ
空洞	クウドウ
空洞化	クウドウカ
空涙	ソラナミダ
空港	クウコウ
空港使用料	クウコウシヨウリョウ
空港税	クウコウゼイ
空漠	クウバク
空濠	カラボリ
空炊き	カラダキ
空炒り	カライリ
空焚き	カラダキ
空焼き	カラヤキ
空爆	クウバク
空狐	クウコ
空理	クウリ
空理空論	クウリクウロン
空疎	クウソ
空発	クウハツ
空白	クウハク
空目	ソラメ
空砲	クウホウ
空空	クウクウ
空空しい	ソラゾラシイ
空笑い	ソラワライ
空籤	カラクジ
空缶	アキカン
空耳	ソラミミ
空胞	クウホウ
空腸	クウチョウ
空腹	クウフク
空自	クウジ
空色	ソライロ
空芯菜	クウシンサイ
空茶	カラチャ
空荷	カラニ
空薫	ソラダキ
空薫き	ソラダキ
空虚	クウキョ
空蝉	ウツセミ
空行	クウギョウ
空襲	クウシュウ
空覚え	ソラオボエ
空解け	ソラドケ
空説	クウセツ
空調	クウチョウ
空論	クウロン
空谷	クウコク
空豆	ソラマメ
空買い	カラガイ
空費	クウヒ
空賊	クウゾク
空走	クウソウ
空路	クウロ
空身	カラミ
空軍	クウグン
空軍力	クウグンリョク
空転	クウテン
空輸	クウユ
空運	クウウン
空部屋	アキベヤ
空釣	カラヅリ
空釣り	カラヅリ
空閑地	クウカンチ
空間的	クウカンテキ
空間群	クウカングン
空閨	クウケイ
空陸	クウリク
空隙	クウゲキ
空際	クウサイ
空雀鯛	ソラスズメダイ
空集合	クウシュウゴウ
空電	クウデン
空音	ソラネ
空頼み	ソラダノミ
空馬	カラウマ
空騒ぎ	カラサワギ
穿き違える	ハキチガエル
穿く	ハク
穿つ	ウガツ
穿り出す	ホジクリダス
穿り返す	ホジクリカエス
穿刺	センシ
穿孔	センコウ
穿孔カード	センコウカード
穿孔機	センコウキ
穿山甲	センザンコウ
穿通	センツウ
突きあげる	ツキアゲル
突きあたり	ツキアタリ
突きあたる	ツキアタル
突きあわせる	ツキアワセル
突きいれる	ツキイレル
突きおとす	ツキオトス
突きかえす	ツキカエス
突きかかる	ツキカカル
突きささる	ツキササル
突きさす	ツキサス
突きたてる	ツキタテル
突きだす	ツキダス
突きつける	ツキツケル
突きつめる	ツキツメル
突きでる	ツキデル
突きとばす	ツキトバス
突きとめる	ツキトメル
突きのける	ツキノケル
突きはなす	ツキハナス
突き上げる	ツキアゲル
突き付ける	ツキツケル
突き倒し	ツキタオシ
突き倒す	ツキタオス
突き傷	ツキキズ
突き入れる	ツキイレル
突き出る	ツキデル
突き刺さる	ツキササル
突き刺す	ツキサス
突き動かす	ツキウゴカス
突き合せ	ツキアワセ
突き合せる	ツキアワセル
突き合わせ	ツキアワセ
突き合わせる	ツキアワセル
突き回す	ツツキマワス
突き崩す	ツキクズス
突き当たり	ツキアタリ
突き当たる	ツキアタル
突き当り	ツキアタリ
突き当る	ツキアタル
突き戻す	ツキモドス
突き抜く	ツキヌク
突き抜ける	ツキヌケル
突き押し	ツキオシ
突き指	ツキユビ
突き掛かる	ツキカカル
突き放す	ツキハナス
突き棒	ツキボウ
突き止める	ツキトメル
突き留める	ツキトメル
突き砕く	ツキクダク
突き破る	ツキヤブル
突き立つ	ツキタツ
突き立てる	ツキタテル
突き落す	ツキオトス
突き落とし	ツキオトシ
突き落とす	ツキオトス
突き詰める	ツキツメル
突き転ばす	ツキコロバス
突き込む	ツキコム
突き返す	ツキカエス
突き退ける	ツキノケル
突き通す	ツキトオス
突き通る	ツキトオル
突き進む	ツキススム
突き除ける	ツキノケル
突き離す	ツキハナス
突き飛ばす	ツキトバス
突っかい	ツッカイ
突っかかる	ツッカカル
突っかけ	ツッカケ
突っかける	ツッカケル
突っきる	ツッキル
突っこみ	ツッコミ
突っこむ	ツッコム
突っつく	ツッツク
突っぱねる	ツッパネル
突っぱる	ツッパル
突っ伏す	ツップス
突っ切る	ツッキル
突っ張る	ツッパル
突っ慳貪	ツッケンドン
突っ掛かる	ツッカカル
突っ掛け	ツッカケ
突っ掛ける	ツッカケル
突っ撥ねる	ツッパネル
突っ支い	ツッカイ
突っ放す	ツッパナス
突っ突く	ツッツク
突っ立つ	ツッタツ
突っ立てる	ツッタテル
突っ走る	ツッパシル
突っ込み	ツッコミ
突っ込む	ツッコム
突っ返す	ツッカエス
突つく	ツツク
突んのめる	ツンノメル
突先	トッサキ
突入	トツニュウ
突出	トッシュツ
突出し	ツキダシ
突刺す	ツキサス
突合せ	ツキアワセ
突堤	トッテイ
突外れ	トッパズレ
突如	トツジョ
突当たり	ツキアタリ
突当り	ツキアタリ
突慳貪	ツッケンドン
突指	ツキユビ
突掛ける	ツッカケル
突撃	トツゲキ
突撃砲	トツゲキホウ
突板	ツキイタ
突棒	ツクボウ
突止める	ツキトメル
突沸	トップツ
突然	トツゼン
突然変異	トツゼンヘンイ
突然変異体	トツゼンヘンイタイ
突然死	トツゼンシ
突発	トッパツ
突破	トッパ
突破口	トッパコウ
突立てる	ツキタテル
突角	トッカク
突貫	トッカン
突起	トッキ
突起物	トッキブツ
突込み	ツッコミ
突進	トッシン
突風	トップウ
突飛	トッピ
窃か	ヒソカ
窃取	セッシュ
窃盗	セットウ
窃盗団	セットウダン
窃盗犯	セットウハン
窃盗症	セットウショウ
窃盗罪	セットウザイ
窃視	セッシ
窈窕	ヨウチョウ
窒化	チッカ
窒息	チッソク
窒息死	チッソクシ
窒死	チッシ
窒素	チッソ
窒素肥料	チッソヒリョウ
窓ぎわ	マドギワ
窓ごし	マドゴシ
窓ふき	マドフキ
窓べ	マドベ
窓側	マドガワ
窓口	マドグチ
窓台	マドダイ
窓外	ソウガイ
窓拭き	マドフキ
窓掛	マドカケ
窓掛け	マドカケ
窓明り	マドアカリ
窓枠	マドワク
窓販	マドハン
窓越し	マドゴシ
窓辺	マドベ
窓際	マドギワ
窓際族	マドギワゾク
窘める	タシナメル
窪まる	クボマル
窪み	クボミ
窪む	クボム
窪地	クボチ
窮する	キュウスル
窮まり	キワマリ
窮まりない	キワマリナイ
窮まる	キワマル
窮み	キワミ
窮める	キワメル
窮乏	キュウボウ
窮余	キュウヨ
窮地	キュウチ
窮境	キュウキョウ
窮屈	キュウクツ
窮措大	キュウソダイ
窮極	キュウキョク
窮死	キュウシ
窮民	キュウミン
窮状	キュウジョウ
窮理	キュウリ
窮策	キュウサク
窮迫	キュウハク
窮追	キュウツイ
窮鳥	キュウチョウ
窮鼠	キュウソ
窯元	カマモト
窯出し	カマダシ
窯場	カマバ
窯変	ヨウヘン
窯業	ヨウギョウ
窯跡	カマアト
窶す	ヤツス
窺い知る	ウカガイシル
窺知	キチ
竄する	ザンスル
竄入	ザンニュウ
竈突	クド
竈馬	カマドウマ
竊か	ヒソカ
立たす	タタス
立ちあい	タチアイ
立ちあがる	タチアガル
立ちいる	タチイル
立ちえり	タチエリ
立ちかえる	タチカエル
立ちかわる	タチカワル
立ちくらみ	タチクラミ
立ちこめる	タチコメル
立ちすくむ	タチスクム
立ちつくす	タチツクス
立ちづめ	タチヅメ
立ちなおる	タチナオル
立ちのく	タチノク
立ちのぼる	タチノボル
立ちはたらく	タチハタラク
立ちはだかる	タチハダカル
立ちふさがる	タチフサガル
立ちまじる	タチマジル
立ちまわる	タチマワル
立ちむかう	タチムカウ
立ちゆく	タチユク
立ちよる	タチヨル
立ちんぼ	タチンボ
立ちション	タチション
立ち上がり	タチアガリ
立ち上がる	タチアガル
立ち上げ	タチアゲ
立ち上げる	タチアゲル
立ち下がり	タチサガリ
立ち並ぶ	タチナラブ
立ち交じる	タチマジル
立ち仕事	タチシゴト
立ち代る	タチカワル
立ち代わる	タチカワル
立ち会い	タチアイ
立ち位置	タチイチ
立ち働く	タチハタラク
立ち入り	タチイリ
立ち入り禁止	タチイリキンシ
立ち入る	タチイル
立ち到る	タチイタル
立ち勝る	タチマサル
立ち去る	タチサル
立ち合い	タチアイ
立ち向かう	タチムカウ
立ち呑み	タチノミ
立ち喰い	タチグイ
立ち回り	タチマワリ
立ち回る	タチマワル
立ち塞がる	タチフサガル
立ち売り	タチウリ
立ち姿	タチスガタ
立ち寄る	タチヨル
立ち小便	タチショウベン
立ち尽くす	タチツクス
立ち尽す	タチツクス
立ち居	タチイ
立ち帰る	タチカエル
立ち役	タチヤク
立ち往生	タチオウジョウ
立ち後れ	タチオクレ
立ち戻る	タチモドル
立ち技	タチワザ
立ち方	タチカタ
立ち昇る	タチノボル
立ち替わる	タチカワル
立ち枯れ	タチガレ
立ち枯れる	タチガレル
立ち歩き	タチアルキ
立ち毛	タチゲ
立ち泳ぎ	タチオヨギ
立ち消え	タチギエ
立ち消える	タチギエル
立ち混じる	タチマジル
立ち漕ぎ	タチコギ
立ち現れる	タチアラワレル
立ち番	タチバン
立ち直り	タチナオリ
立ち直る	タチナオル
立ち竦む	タチスクム
立ち篭める	タチコメル
立ち籠める	タチコメル
立ち罩める	タチコメル
立ち聞く	タチキク
立ち至る	タチイタル
立ち襟	タチエリ
立ち見	タチミ
立ち詰め	タチヅメ
立ち話	タチバナシ
立ち読み	タチヨミ
立ち込む	タチコム
立ち込める	タチコメル
立ち返る	タチカエル
立ち迷う	タチマヨウ
立ち退き	タチノキ
立ち退く	タチノク
立ち通し	タチドオシ
立ち遅れ	タチオクレ
立ち遅れる	タチオクレル
立ち食い	タチグイ
立ち飲み	タチノミ
立ち騒ぐ	タチサワグ
立つ瀬	タツセ
立てかける	タテカケル
立てこもり	タテコモリ
立てこもる	タテコモル
立てつづけ	タテツヅケ
立てなおす	タテナオス
立てひざ	タテヒザ
立て付け	タテツケ
立て坑	タテコウ
立て場	タテバ
立て引く	タテヒク
立て役	タテヤク
立て役者	タテヤクシャ
立て掛ける	タテカケル
立て替え	タテカエ
立て替える	タテカエル
立て替え金	タテカエキン
立て札	タテフダ
立て直し	タテナオシ
立て直す	タテナオス
立て看	タテカン
立て看板	タテカンバン
立て篭り	タテコモリ
立て篭る	タテコモル
立て籠り	タテコモリ
立て籠る	タテコモル
立て続け	タテツヅケ
立て網	タテアミ
立て膝	タテヒザ
立て込む	タテコム
立て込める	タテコメル
立て通す	タテトオス
立上がり	タチアガリ
立上がる	タチアガル
立上げ	タチアゲ
立上げる	タチアゲル
立並ぶ	タチナラブ
立件	リッケン
立会	タチアイ
立会い	タチアイ
立会人	タチアイニン
立位	リツイ
立体	リッタイ
立体感	リッタイカン
立体派	リッタイハ
立体的	リッタイテキ
立体視	リッタイシ
立体角	リッタイカク
立候補	リッコウホ
立候補者	リッコウホシャ
立像	リツゾウ
立党	リットウ
立入	タチイリ
立入り	タチイリ
立入る	タチイル
立冬	リットウ
立刀	リットウ
立前	タテマエ
立去る	タチサル
立合い	タチアイ
立向かう	タチムカウ
立呑み	タチノミ
立命	リツメイ
立回り	タチマワリ
立回る	タチマワル
立国	リッコク
立地	リッチ
立坑	タテコウ
立塞がる	タチフサガル
立夏	リッカ
立太子	リッタイシ
立女形	タテオヤマ
立姿	タチスガタ
立寄る	タチヨル
立射	リッシャ
立小便	タチショウベン
立居	タチイ
立席	タチセキ
立帰る	タチカエル
立役者	タテヤクシャ
立往生	タチオウジョウ
立待月	タチマチヅキ
立志	リッシ
立志伝	リッシデン
立憲	リッケン
立戻る	タチモドル
立技	タチワザ
立教	リッキョウ
立方体	リッポウタイ
立方骨	リッポウコツ
立春	リッシュン
立替	タテカエ
立替え	タテカエ
立替える	タテカエル
立替え金	タテカエキン
立替払い	タテカエバライ
立替金	タテカエキン
立札	タテフダ
立案	リツアン
立案者	リツアンシャ
立歩き	タチアルキ
立法	リッポウ
立法府	リッポウフ
立法権	リッポウケン
立泳ぎ	タチオヨギ
立派	リッパ
立浪草	タツナミソウ
立消え	タチギエ
立琴	タテゴト
立番	タチバン
立直し	タテナオシ
立直る	タチナオル
立県	リッケン
立秋	リッシュウ
立端	タッパ
立籠もる	タテコモル
立籠る	タテコモル
立米	リュウベイ
立網	タテアミ
立縞	タテジマ
立纓	リュウエイ
立聞き	タチギキ
立脚	リッキャク
立脚地	リッキャクチ
立脚点	リッキャクテン
立腹	リップク
立膝	タテヒザ
立至る	タチイタル
立花	リッカ
立華	リッカ
立葵	タチアオイ
立行く	タチユク
立見	タチミ
立見席	タチミセキ
立言	リツゲン
立証	リッショウ
立詰め	タチヅメ
立話	タチバナシ
立論	リツロン
立身	リッシン
立身出世	リッシンシュッセ
立込む	タテコム
立込める	タチコメル
立返る	タチカエル
立退き	タチノキ
立退く	タチノク
立錐	リッスイ
立面	リツメン
立面図	リツメンズ
立項	リッコウ
立食	リッショク
立食い	タチグイ
立飲み	タチノミ
立髪	タテガミ
竜の落し子	タツノオトシゴ
竜の落とし子	タツノオトシゴ
竜吐水	リュウドスイ
竜宮	リュウグウ
竜巻	タツマキ
竜巻き	タツマキ
竜座	リュウザ
竜灯	リュウトウ
竜王	リュウオウ
竜盤類	リュウバンルイ
竜眼	リュウガン
竜神	リュウジン
竜脈	リュウミャク
竜脚類	リュウキャクルイ
竜脳	リュウノウ
竜舌蘭	リュウゼツラン
竜船	リュウセン
竜馬	リュウメ
竜騎兵	リュウキヘイ
竜骨	リュウコツ
竜骨座	リュウコツザ
竟に	ツイニ
章句	ショウク
章段	ショウダン
章程	ショウテイ
章立て	ショウダテ
章節	ショウセツ
竣功	シュンコウ
竣工	シュンコウ
竣工式	シュンコウシキ
竣成	シュンセイ
童僕	ドウボク
童児	ドウジ
童子	ドウジ
童形	ドウギョウ
童心	ドウシン
童歌	ワラベウタ
童画	ドウガ
童話	ドウワ
童謡	ドウヨウ
童貞	ドウテイ
童部	ワラワベ
童顔	ドウガン
竦みあがる	スクミアガル
竦み上がる	スクミアガル
竦む	スクム
竦める	スクメル
竦然	ショウゼン
竪坑	タテコウ
竪堀	タテボリ
竪琴	タテゴト
竪穴	タテアナ
竪縞	タテジマ
端々	ハシバシ
端ぎれ	ハギレ
端くれ	ハシクレ
端た	ハシタ
端倪	タンゲイ
端切れ	ハギレ
端午	タンゴ
端午の節句	タンゴノセック
端厳	タンゲン
端唄	ハウタ
端坐	タンザ
端境期	ハザカイキ
端女	ハシタメ
端子	タンシ
端局	タンキョク
端居	ハシイ
端山	ハヤマ
端座	タンザ
端役	ハヤク
端数	ハスウ
端数処理	ハスウショリ
端整	タンセイ
端末	タンマツ
端本	ハホン
端材	ハザイ
端株	ハカブ
端歌	ハウタ
端正	タンセイ
端武者	ハムシャ
端点	タンテン
端然	タンゼン
端物	ハモノ
端的	タンテキ
端端	ハシバシ
端綱	ハヅナ
端艇	タンテイ
端金	ハシタガネ
端面	タンメン
端麗	タンレイ
競いあう	キソイアウ
競い肌	キオイハダ
競べ	クラベ
競べる	クラベル
競べ馬	クラベウマ
競りあがる	セリアガル
競り上がる	セリアガル
競り上げる	セリアゲル
競り勝つ	セリカツ
競り売り	セリウリ
競り市	セリイチ
競り落す	セリオトス
競り落とす	セリオトス
競り負ける	セリマケル
競上げる	セリアゲル
競争	キョウソウ
競争力	キョウソウリョク
競争心	キョウソウシン
競争意識	キョウソウイシキ
競争率	キョウソウリツ
競争相手	キョウソウアイテ
競作	キョウサク
競合	キョウゴウ
競合他社	キョウゴウタシャ
競売り	セリウリ
競市	セリイチ
競技	キョウギ
競技会	キョウギカイ
競技場	キョウギジョウ
競技者	キョウギシャ
競映	キョウエイ
競業	キョウギョウ
競歩	キョウホ
競泳	キョウエイ
競演	キョウエン
競漕	キョウソウ
競艇	キョウテイ
競艇場	キョウテイジョウ
競走	キョウソウ
競走場	キョウソウジョウ
競走馬	キョウソウバ
競輪	ケイリン
競輪場	ケイリンジョウ
競馬場	ケイバジョウ
竹かご	タケカゴ
竹ざお	タケザオ
竹とんぼ	タケトンボ
竹の子	タケノコ
竹ひご	タケヒゴ
竹べら	タケベラ
竹ぼうき	タケボウキ
竹みつ	タケミツ
竹やぶ	タケヤブ
竹やり	タケヤリ
竹カゴ	タケカゴ
竹串	タケグシ
竹似草	タケニグサ
竹光	タケミツ
竹冠	タケカンムリ
竹切れ	タケギレ
竹叢	タカムラ
竹垣	タケガキ
竹夫人	チクフジン
竹小豆	タケアズキ
竹尺	タケジャク
竹屋	タケヤ
竹帛	チクハク
竹材	チクザイ
竹束	タケタバ
竹棹	タケザオ
竹矢来	タケヤライ
竹竿	タケザオ
竹笛	タケブエ
竹筒	タケヅツ
竹箸	タケバシ
竹篭	タケカゴ
竹簀	タケス
竹籠	タケカゴ
竹籤	タケヒゴ
竹紙	チクシ
竹細工	タケザイク
竹縁	タケエン
竹薮	タケヤブ
竹藪	タケヤブ
竹蜻蛉	タケトンボ
竹製	タケセイ
竹輪	チクワ
竹釘	タケクギ
竹麦魚	ホウボウ
竿灯	カントウ
竿燈	カントウ
竿秤	サオバカリ
竿立ち	サオダチ
竿竹	サオダケ
竿頭	カントウ
笊碁	ザルゴ
笊耳	ザルミミ
笊蕎麦	ザルソバ
笊貝	ザルガイ
笑い	ワライ
笑いあう	ワライアウ
笑いかける	ワライカケル
笑いくずれる	ワライクズレル
笑いぐさ	ワライグサ
笑いこける	ワライコケル
笑いころげる	ワライコロゲル
笑いごと	ワライゴト
笑いじわ	ワライジワ
笑いとばす	ワライトバス
笑いもの	ワライモノ
笑いジワ	ワライジワ
笑い上戸	ワライジョウゴ
笑い事	ワライゴト
笑い仏	ワライボトケ
笑い倒ける	ワライコケル
笑い声	ワライゴエ
笑い崩れる	ワライクズレル
笑い掛ける	ワライカケル
笑い物	ワライモノ
笑い皺	ワライジワ
笑い種	ワライグサ
笑い絵	ワライエ
笑い者	ワライモノ
笑い草	ワライグサ
笑い話	ワライバナシ
笑い転げる	ワライコロゲル
笑い顔	ワライガオ
笑い飛ばす	ワライトバス
笑える	ワラエル
笑み	エミ
笑みくずれる	エミクズレル
笑み割れる	エミワレル
笑み崩れる	エミクズレル
笑む	エム
笑劇	ショウゲキ
笑声	ショウセイ
笑止	ショウシ
笑止千万	ショウシセンバン
笑殺	ショウサツ
笑気	ショウキ
笑窪	エクボ
笑納	ショウノウ
笑翡翠	ワライカワセミ
笑覧	ショウラン
笑談	ショウダン
笑顔	エガオ
笛吹	フエフキ
笛吹き	フエフキ
笛竹	フエタケ
笠子	カサゴ
笠木	カサギ
笠石	カサイシ
笠袋	カサブクロ
笠貝	カサガイ
笠鉾	カサボコ
笠雲	カサグモ
符丁	フチョウ
符号	フゴウ
符号化	フゴウカ
符合	フゴウ
符牒	フチョウ
符節	フセツ
第一	ダイイチ
第一人者	ダイイチニンシャ
第一印象	ダイイチインショウ
第一子	ダイイッシ
第一線	ダイイッセン
第三セクター	ダイサンセクター
第三者	ダイサンシャ
第二子	ダイニシ
第二新卒	ダイニシンソツ
第六感	ダイロッカン
笹掻き	ササガキ
笹百合	ササユリ
笹竹	ササタケ
笹舟	ササブネ
笹藪	ササヤブ
笹身	ササミ
笹鳴き	ササナキ
筆つき	フデツキ
筆づかい	フデヅカイ
筆まめ	フデマメ
筆使い	フデヅカイ
筆先	フデサキ
筆入れ	フデイレ
筆写	ヒッシャ
筆力	ヒツリョク
筆勢	ヒッセイ
筆名	ヒツメイ
筆圧	ヒツアツ
筆塚	フデヅカ
筆墨	ヒツボク
筆太	フデブト
筆字	フデジ
筆意	ヒツイ
筆戦	ヒッセン
筆才	ヒッサイ
筆書	フデガキ
筆書き	フデガキ
筆法	ヒッポウ
筆無精	フデブショウ
筆生	ヒッセイ
筆画	ヒッカク
筆石	フデイシ
筆硯	ヒッケン
筆禍	ヒッカ
筆立て	フデタテ
筆端	ヒッタン
筆答	ヒットウ
筆算	ヒッサン
筆箱	フデバコ
筆紙	ヒッシ
筆者	ヒッシャ
筆耕	ヒッコウ
筆致	ヒッチ
筆舌	ヒツゼツ
筆触	ヒッショク
筆記	ヒッキ
筆記体	ヒッキタイ
筆記具	ヒッキグ
筆記帳	ヒッキチョウ
筆記用具	ヒッキヨウグ
筆誅	ヒッチュウ
筆談	ヒツダン
筆跡学	ヒッセキガク
筆蹟	ヒッセキ
筆遣い	フデヅカイ
筆鋒	ヒッポウ
筆録	ヒツロク
筆陣	ヒツジン
筆順	ヒツジュン
筆頭者	ヒットウシャ
等しい	ヒトシイ
等しく	ヒトシク
等位	トウイ
等価	トウカ
等値	トウチ
等分	トウブン
等化	トウカ
等号	トウゴウ
等圧	トウアツ
等圧線	トウアツセン
等外	トウガイ
等差	トウサ
等差級数	トウサキュウスウ
等幅	トウハバ
等式	トウシキ
等張	トウチョウ
等方	トウホウ
等方性	トウホウセイ
等時	トウジ
等時性	トウジセイ
等比	トウヒ
等深線	トウシンセン
等温	トウオン
等級	トウキュウ
等脚類	トウキャクルイ
等色	トウショク
等親	トウシン
等角	トウカク
等質	トウシツ
等距離	トウキョリ
等身	トウシン
等身大	トウシンダイ
等辺	トウヘン
等速	トウソク
等量	トウリョウ
等間隔	トウカンカク
等高線	トウコウセン
筋トレ	キントレ
筋交い	スジカイ
筋力	キンリョク
筋合	スジアイ
筋合い	スジアイ
筋向い	スジムカイ
筋向う	スジムコウ
筋向かい	スジムカイ
筋向こう	スジムコウ
筋張る	スジバル
筋播き	スジマキ
筋断裂	キンダンレツ
筋書	スジガキ
筋書き	スジガキ
筋板	キンバン
筋注	キンチュウ
筋炎	キンエン
筋疾患	キンシッカン
筋痛	キンツウ
筋痛性脳脊髄炎	キンツウセイノウセキズイエン
筋目	スジメ
筋立て	スジダテ
筋節	キンセツ
筋組織	キンソシキ
筋縄	スジナワ
筋繊維	キンセンイ
筋群	キングン
筋肉内	キンニクナイ
筋肉内注射	キンニクナイチュウシャ
筋肉労働	キンニクロウドウ
筋肉注射	キンニクチュウシャ
筋肉痛	キンニクツウ
筋肉質	キンニクシツ
筋腫	キンシュ
筋膜	キンマク
筋蒲鉾	スジカマボコ
筋道	スジミチ
筋金	スジガネ
筋金入り	スジガネイリ
筋雲	スジグモ
筋電図	キンデンズ
筋電計	キンデンケイ
筍医者	タケノコイシャ
筏師	イカダシ
筏流し	イカダナガシ
筐体	キョウタイ
筑前煮	チクゼンニ
筑子	コキリコ
筒井	ツツイ
筒井筒	ツツイヅツ
筒元	ドウモト
筒先	ツツサキ
筒切り	ツツギリ
筒取	ドウトリ
筒取り	ドウトリ
筒型	ツツガタ
筒形	ツツガタ
筒抜け	ツツヌケ
筒袖	ツツソデ
筒親	ドウオヤ
筒音	ツツオト
筒鳥	ツツドリ
答える	コタエル
答え合わせ	コタエアワセ
答弁	トウベン
答弁書	トウベンショ
答案	トウアン
答案用紙	トウアンヨウシ
答申	トウシン
答礼	トウレイ
答辞	トウジ
答電	トウデン
策する	サクスル
策励	サクレイ
策動	サクドウ
策士	サクシ
策定	サクテイ
策応	サクオウ
策戦	サクセン
策源地	サクゲンチ
策略	サクリャク
策略家	サクリャクカ
策謀	サクボウ
筬羊歯	オサシダ
筬通し	オサトオシ
筮竹	ゼイチク
筺体	キョウタイ
箆棒	ベラボウ
箇別	コベツ
箇国	カコク
箇年	カネン
箇所	カショ
箇月	カゲツ
箇条	カジョウ
箇条書	カジョウガキ
箇条書き	カジョウガキ
箇箇	ココ
箏曲	ソウキョク
箒星	ホウキボシ
箒茸	ホウキタケ
箒草	ホウキグサ
箔打ち	ハクウチ
箔押し	ハクオシ
算入	サンニュウ
算出	サンシュツ
算定	サンテイ
算式	サンシキ
算数	サンスウ
算木	サンギ
算段	サンダン
算法	サンポウ
算用数字	サンヨウスウジ
算盤	ソロバン
算術	サンジュツ
算額	サンガク
箝する	カンスル
箝口令	カンコウレイ
管下	カンカ
管内	カンナイ
管制	カンセイ
管制塔	カンセイトウ
管制官	カンセイカン
管区	カンク
管外	カンガイ
管弦	カンゲン
管弦楽	カンゲンガク
管掌	カンショウ
管楽	カンガク
管楽器	カンガッキ
管渠	カンキョ
管状	カンジョウ
管狐	クダギツネ
管理	カンリ
管理人	カンリニン
管理士	カンリシ
管理官	カンリカン
管理局	カンリキョク
管理栄養士	カンリエイヨウシ
管理権	カンリケン
管理監督者	カンリカントクシャ
管理者	カンリシャ
管理職	カンリショク
管理費	カンリヒ
管窺	カンキ
管端	カンタン
管絃	カンゲン
管絃楽	カンゲンガク
管見	カンケン
管財	カンザイ
管財人	カンザイニン
管足	カンソク
管路	カンロ
管轄	カンカツ
管轄権	カンカツケン
管長	カンチョウ
箪笥貯金	タンスチョキン
箪笥預金	タンスヨキン
箱ずし	ハコズシ
箱もの	ハコモノ
箱亀	ハコガメ
箱入り	ハコイリ
箱型	ハコガタ
箱寿司	ハコズシ
箱屋	ハコヤ
箱師	ハコシ
箱庭	ハコニワ
箱形	ハコガタ
箱書き	ハコガキ
箱枕	ハコマクラ
箱柳	ハコヤナギ
箱河豚	ハコフグ
箱物	ハコモノ
箱罠	ハコワナ
箱膳	ハコゼン
箱舟	ハコブネ
箱船	ハコブネ
箱詰	ハコヅメ
箱詰め	ハコヅメ
箱買い	ハコガイ
箱馬車	ハコバシャ
箴言	シンゲン
箸休め	ハシヤスメ
箸枕	ハシマクラ
箸箱	ハシバコ
箸置き	ハシオキ
箸袋	ハシブクロ
節々	フシブシ
節する	セッスル
節介	セッカイ
節付け	フシヅケ
節会	セチエ
節倹	セッケン
節分草	セツブンソウ
節制	セッセイ
節博士	フシハカセ
節名	セツメイ
節回し	フシマワシ
節奏	セッソウ
節婦	セップ
節季	セッキ
節度	セツド
節度使	セツドシ
節忌	セチミ
節操	セッソウ
節榑	フシクレ
節欲	セツヨク
節気	セッキ
節水	セッスイ
節減	セツゲン
節点	セッテン
節煙	セツエン
節理	セツリ
節用	セツヨウ
節目	フシメ
節税	セツゼイ
節穴	フシアナ
節節	フシブシ
節米	セツマイ
節糸	フシイト
節約	セツヤク
節約家	セツヤクカ
節織り	フシオリ
節義	セツギ
節足動物	セッソクドウブツ
節酒	セッシュ
節電	セツデン
節食	セッショク
範ちゅう	ハンチュウ
範例	ハンレイ
範列	ハンレツ
範囲	ハンイ
範士	ハンシ
範式	ハンシキ
範疇	ハンチュウ
篆刻	テンコク
篆刻家	テンコクカ
篆字	テンジ
篆文	テンブン
篆書	テンショ
篆隷	テンレイ
篇章	ヘンショウ
築きあげる	キズキアゲル
築城	チクジョウ
築堤	チクテイ
築山	ツキヤマ
築年	チクネン
築庭	チクテイ
築後	チクゴ
築造	チクゾウ
篋底	キョウテイ
篏める	ハメル
篝火	カガリビ
篠懸	スズカケ
篠懸の木	スズカケノキ
篠笛	シノブエ
篤と	トクト
篤信	トクシン
篤学	トクガク
篤実	トクジツ
篤志	トクシ
篤志家	トクシカ
篤行	トッコウ
篤農	トクノウ
篤農家	トクノウカ
篦棒	ベラボウ
篦鹿	ヘラジカ
篩い	フルイ
篩い分ける	フルイワケル
篩い落す	フルイオトス
篩い落とす	フルイオトス
篩う	フルウ
篭める	コメル
篭城	ロウジョウ
篭絡	ロウラク
篳篥	ヒチリキ
簀の子	スノコ
簀巻	スマキ
簀巻き	スマキ
簇がり	ムラガリ
簇がる	ムラガル
簒奪	サンダツ
簒立	サンリツ
簡体字	カンタイジ
簡便	カンベン
簡保	カンポ
簡勁	カンケイ
簡単	カンタン
簡宿	カンシュク
簡抜	カンバツ
簡捷	カンショウ
簡明	カンメイ
簡易	カンイ
簡易保険	カンイホケン
簡易宿所	カンイシュクショ
簡易生命保険	カンイセイメイホケン
簡易裁判所	カンイサイバンショ
簡潔	カンケツ
簡略	カンリャク
簡短	カンタン
簡約	カンヤク
簡素	カンソ
簡素化	カンソカ
簡裁	カンサイ
簸る	ヒル
簿価	ボカ
簿冊	ボサツ
簿外	ボガイ
簿記	ボキ
籀文	チュウブン
籌木	チュウギ
籐いす	トウイス
籐イス	トウイス
籐椅子	トウイス
籠の鳥	カゴノトリ
籠める	コメル
籠城	ロウジョウ
籠居	ロウキョ
籠抜け	カゴヌケ
籠球	ロウキュウ
籠目	カゴメ
籠絡	ロウラク
籠脱け	カゴヌケ
籤引	クジビキ
籤引き	クジビキ
籤逃れ	クジノガレ
籤運	クジウン
籬垣	マセガキ
米こうじ	コメコウジ
米つき	コメツキ
米どころ	コメドコロ
米なす	ベイナス
米ぬか	コメヌカ
米びつ	コメビツ
米ソ	ベイソ
米ドル	ベイドル
米ロ	ベイロ
米中	ベイチュウ
米人	ベイジン
米仏	ベイフツ
米作	ベイサク
米価	ベイカ
米俵	コメダワラ
米倉	コメグラ
米偏	コメヘン
米側	ベイガワ
米兵	ベイヘイ
米加	ベイカ
米印	コメジルシ
米収	ベイシュウ
米国人	ベイコクジン
米国化	ベイコクカ
米塩	ベイエン
米大統領	ベイダイトウリョウ
米審	ベイシン
米寿	ベイジュ
米屋	コメヤ
米式	ベイシキ
米所	コメドコロ
米搗き	コメツキ
米搗虫	コメツキムシ
米朝	ベイチョウ
米杉	ベイスギ
米材	ベイザイ
米松	ベイマツ
米株	ベイカブ
米櫃	コメビツ
米欧	ベイオウ
米独	ベイドク
米産	ベイサン
米穀	ベイコク
米粒	コメツブ
米糠	コメヌカ
米紙	ベイシ
米英	ベイエイ
米茄子	ベイナス
米菓	ベイカ
米袋	コメブクロ
米誌	ベイシ
米語	ベイゴ
米貨	ベイカ
米銭	ベイセン
米露	ベイロ
米韓	ベイカン
米食	ベイショク
米飯	ベイハン
米麹	コメコウジ
籾殻	モミガラ
粉々	コナゴナ
粉じん	フンジン
粉ひき	コナヒキ
粉ふるい	コナフルイ
粉ミルク	コナミルク
粉乳	フンニュウ
粉体	フンタイ
粉剤	フンザイ
粉塵	フンジン
粉屋	コナヤ
粉引	コヒキ
粉引き	コヒキ
粉挽	コナヒキ
粉挽き	コナヒキ
粉末	フンマツ
粉本	フンポン
粉瘤	フンリュウ
粉白粉	コナオシロイ
粉砂糖	コナザトウ
粉砕	フンサイ
粉砕機	フンサイキ
粉米	コゴメ
粉粉	コナゴナ
粉糖	フントウ
粉糠	コヌカ
粉虱	コナジラミ
粉蜱	コナダニ
粉鉱	フンコウ
粉食	フンショク
粉飾	フンショク
粉飾決算	フンショクケッサン
粋人	スイジン
粋狂	スイキョウ
粋筋	イキスジ
粒あん	ツブアン
粒ぞろい	ツブゾロイ
粒だつ	ツブダツ
粒より	ツブヨリ
粒剤	リュウザイ
粒子	リュウシ
粒子線	リュウシセン
粒度	リュウド
粒径	リュウケイ
粒揃い	ツブゾロイ
粒状性	リュウジョウセイ
粒界	リュウカイ
粒立つ	ツブダツ
粒銀	ツブギン
粒食	リュウショク
粒餡	ツブアン
粕取り	カストリ
粕汁	カスジル
粕漬	カスヅケ
粕漬け	カスヅケ
粗々	アラアラ
粗い	アライ
粗ごなし	アラゴナシ
粗びき	アラビキ
粗め	アラメ
粗利	アラリ
粗利率	アラリリツ
粗利益	アラリエキ
粗削り	アラケズリ
粗収入	ソシュウニュウ
粗塗	アラヌリ
粗塗り	アラヌリ
粗壁	アラカベ
粗大	ソダイ
粗大ごみ	ソダイゴミ
粗大ゴミ	ソダイゴミ
粗大塵	ソダイゴミ
粗密	ソミツ
粗忽	ソコツ
粗悪	ソアク
粗慢	ソマン
粗挽き	アラビキ
粗捜し	アラサガシ
粗探し	アラサガシ
粗描	ソビョウ
粗放	ソホウ
粗方	アラカタ
粗暴	ソボウ
粗服	ソフク
粗木	アラキ
粗末	ソマツ
粗朶	ソダ
粗樫	アラカシ
粗油	ソユ
粗漏	ソロウ
粗煮	アラニ
粗熱	アラネツ
粗略	ソリャク
粗皮	アラカワ
粗相	ソソウ
粗砥	アラト
粗笨	ソホン
粗筋	アラスジ
粗筵	アラムシロ
粗粒	ソリュウ
粗糖	ソトウ
粗茶	ソチャ
粗菓	ソカ
粗衣	ソイ
粗製	ソセイ
粗造り	アラヅクリ
粗酒	ソシュ
粗野	ソヤ
粗銅	ソドウ
粗鋼	ソコウ
粗雑	ソザツ
粗面	ソメン
粗面岩	ソメンガン
粗飯	ソハン
粗餐	ソサン
粘い	ネバイ
粘っこい	ネバッコイ
粘つく	ネバツク
粘り	ネバリ
粘りけ	ネバリケ
粘りつく	ネバリツク
粘り付く	ネバリツク
粘り強い	ネバリヅヨイ
粘り気	ネバリケ
粘り着く	ネバリツク
粘り腰	ネバリゴシ
粘る	ネバル
粘土層	ネンドソウ
粘土板	ネンドバン
粘土質	ネンドシツ
粘度	ネンド
粘度計	ネンドケイ
粘弾性	ネンダンセイ
粘性	ネンセイ
粘板岩	ネンバンガン
粘液	ネンエキ
粘液腺	ネンエキセン
粘液質	ネンエキシツ
粘滑	ネンカツ
粘着	ネンチャク
粘着く	ネバツク
粘着剤	ネンチャクザイ
粘着力	ネンチャクリョク
粘着性	ネンチャクセイ
粘着質	ネンチャクシツ
粘結	ネンケツ
粘膜	ネンマク
粘菌	ネンキン
粘質	ネンシツ
粛々	シュクシュク
粛党	シュクトウ
粛学	シュクガク
粛正	シュクセイ
粛清	シュクセイ
粛然	シュクゼン
粛粛	シュクシュク
粛軍	シュクグン
粟立つ	アワダツ
粟飯	アワメシ
粟餅	アワモチ
粥腹	カユバラ
粧し込む	メカシコム
粧す	メカス
精々	セイゼイ
精いっぱい	セイイッパイ
精かん	セイカン
精げる	シラゲル
精しい	クワシイ
精一杯	セイイッパイ
精出す	セイダス
精力	セイリョク
精力剤	セイリョクザイ
精力的	セイリョクテキ
精励	セイレイ
精勤	セイキン
精包	セイホウ
精嚢	セイノウ
精妙	セイミョウ
精子	セイシ
精密	セイミツ
精密検査	セイミツケンサ
精察	セイサツ
精巣	セイソウ
精工	セイコウ
精巧	セイコウ
精度	セイド
精強	セイキョウ
精彩	セイサイ
精微	セイビ
精悍	セイカン
精査	セイサ
精根	セイコン
精機	セイキ
精気	セイキ
精油	セイユ
精液	セイエキ
精溜	セイリュウ
精煉	セイレン
精留	セイリュウ
精白	セイハク
精白米	セイハクマイ
精確	セイカク
精神	セイシン
精神主義	セイシンシュギ
精神保健指定医	セイシンホケンシテイイ
精神保健福祉士	セイシンホケンフクシシ
精神保健福祉法	セイシンホケンフクシホウ
精神分裂病	セイシンブンレツビョウ
精神分裂症	セイシンブンレツショウ
精神力	セイシンリョク
精神労働	セイシンロウドウ
精神安定剤	セイシンアンテイザイ
精神性	セイシンセイ
精神疾患	セイシンシッカン
精神病	セイシンビョウ
精神療法	セイシンリョウホウ
精神的	セイシンテキ
精神的外傷	セイシンテキガイショウ
精神科	セイシンカ
精神科医	セイシンカイ
精神衛生	セイシンエイセイ
精神論	セイシンロン
精神障がい者	セイシンショウガイシャ
精神障害	セイシンショウガイ
精神障害者	セイシンショウガイシャ
精神障害者保健福祉手帳	セイシンショウガイシャホケンフクシテチョウ
精算	セイサン
精算書	セイサンショ
精算機	セイサンキ
精管	セイカン
精米	セイマイ
精米機	セイマイキ
精粉	セイフン
精粋	セイスイ
精粗	セイソ
精精	セイゼイ
精糖	セイトウ
精索	セイサク
精細	セイサイ
精細胞	セイサイボウ
精練	セイレン
精緻	セイチ
精美	セイビ
精肉	セイニク
精肉店	セイニクテン
精舎	ショウジャ
精良	セイリョウ
精華	セイカ
精薄	セイハク
精虫	セイチュウ
精製	セイセイ
精製水	セイセイスイ
精解	セイカイ
精説	セイセツ
精読	セイドク
精農	セイノウ
精通	セイツウ
精進揚げ	ショウジンアゲ
精選	セイセン
精鉱	セイコウ
精銅	セイドウ
精鋭	セイエイ
精錬	セイレン
精霊会	ショウリョウエ
精髄	セイズイ
精魂	セイコン
精麦	セイバク
糊代	ノリシロ
糊剤	コザイ
糊化	コカ
糊口	ココウ
糊塗	コト
糊張り	ノリバリ
糊空木	ノリウツギ
糖分	トウブン
糖化	トウカ
糖原	トウゲン
糖原病	トウゲンビョウ
糖原質	トウゲンシツ
糖尿	トウニョウ
糖尿病	トウニョウビョウ
糖度	トウド
糖脂質	トウシシツ
糖菓	トウカ
糖蜜	トウミツ
糖衣	トウイ
糖衣錠	トウイジョウ
糖質	トウシツ
糖鎖	トウサ
糖類	トウルイ
糜爛	ビラン
糜爛剤	ビランザイ
糜粥	ビジュク
糝粉	シンコ
糞ったれ	クソッタレ
糞っ垂れ	クソッタレ
糞スレ	クソスレ
糞便	フンベン
糞力	クソヂカラ
糞味噌	クソミソ
糞土	フンド
糞垂れ	クソタレ
糞女	クソオンナ
糞害	フンガイ
糞尿	フンニョウ
糞度胸	クソドキョウ
糞真面目	クソマジメ
糞詰まり	フンヅマリ
糞詰り	フンヅマリ
糞転がし	フンコロガシ
糟毛	カスゲ
糟漬け	カスヅケ
糟粕	ソウハク
糟糠	ソウコウ
糠味噌	ヌカミソ
糠喜び	ヌカヨロコビ
糠床	ヌカドコ
糠油	ヌカアブラ
糠漬	ヌカヅケ
糠漬け	ヌカヅケ
糠蝦	アミ
糠袋	ヌカブクロ
糠雨	ヌカアメ
糢糊	モコ
糧秣	リョウマツ
糧米	リョウマイ
糧道	リョウドウ
糧食	リョウショク
糯米	モチゴメ
糯粟	モチアワ
糯黍	モチキビ
糶市	セリイチ
糸くず	イトクズ
糸づくり	イトヅクリ
糸とんぼ	イトトンボ
糸のこ	イトノコ
糸まき	イトマキ
糸みみず	イトミミズ
糸ノコ	イトノコ
糸ミミズ	イトミミズ
糸作り	イトヅクリ
糸価	シカ
糸偏	イトヘン
糸入り	イトイリ
糸冬	オワリ
糸切歯	イトキリバ
糸取り	イトトリ
糸口	イトグチ
糸姫	イトヒメ
糸威	イトオドシ
糸尻	イトジリ
糸屑	イトクズ
糸巻	イトマキ
糸巻き	イトマキ
糸底	イトゾコ
糸引き	イトヒキ
糸引鰺	イトヒキアジ
糸操り	イトアヤツリ
糸杉	イトスギ
糸枠	イトワク
糸柳	イトヤナギ
糸桜	イトザクラ
糸状菌	シジョウキン
糸状虫	シジョウチュウ
糸玉	イトダマ
糸球体	シキュウタイ
糸瓜	ヘチマ
糸瓜水	ヘチマスイ
糸目	イトメ
糸縅	イトオドシ
糸織	イトオリ
糸織り	イトオリ
糸繰り	イトクリ
糸繰り車	イトクリグルマ
糸繰車	イトクリグルマ
糸蚯蚓	イトミミズ
糸蜻蛉	イトトンボ
糸車	イトグルマ
糸通し	イトトオシ
糸遊	イトユウ
糸道	イトミチ
糸鋸	イトノコ
糸鬢	イトビン
糸魚	イトヨ
糺す	タダス
糺問	キュウモン
糺弾	キュウダン
糺明	キュウメイ
系列	ケイレツ
系列化	ケイレツカ
系図	ケイズ
系統	ケイトウ
系統学	ケイトウガク
系統樹	ケイトウジュ
系統的	ケイトウテキ
系譜	ケイフ
系譜学	ケイフガク
糾す	タダス
糾合	キュウゴウ
糾問	キュウモン
糾弾	キュウダン
糾明	キュウメイ
紀伝	キデン
紀伝体	キデンタイ
紀元	キゲン
紀元前	キゲンゼン
紀元節	キゲンセツ
紀年	キネン
紀年法	キネンホウ
紀律	キリツ
紀念	キネン
紀行	キコウ
紀行文	キコウブン
紀要	キヨウ
約しい	ツマシイ
約する	ヤクスル
約まる	ツヅマル
約める	ツヅメル
約やか	ツヅマヤカ
約分	ヤクブン
約定	ヤクジョウ
約手	ヤクテ
約数	ヤクスウ
約束	ヤクソク
約束ごと	ヤクソクゴト
約束事	ヤクソクゴト
約款	ヤッカン
約言	ヤクゲン
約諾	ヤクダク
約音	ヤクオン
紅い	アカイ
紅の木	ベニノキ
紅はこべ	ベニハコベ
紅一点	コウイッテン
紅唇	コウシン
紅土	コウド
紅型	ビンガタ
紅斑	コウハン
紅旗	コウキ
紅楼	コウロウ
紅毛	コウモウ
紅涙	コウルイ
紅潮	コウチョウ
紅灯	コウトウ
紅炎	コウエン
紅焔	コウエン
紅白	コウハク
紅白帽	コウハクボウ
紅白戦	コウハクセン
紅白粉	ベニオシロイ
紅白試合	コウハクジアイ
紅皮症	コウヒショウ
紅竜	コウリュウ
紅筆	ベニフデ
紅組	アカグミ
紅絹	モミ
紅花油	ベニバナユ
紅茶	コウチャ
紅茸	ベニタケ
紅葉月	モミジヅキ
紅葉狩	モミジガリ
紅葉狩り	モミジガリ
紅葉笠	モミジガサ
紅葉葵	モミジアオイ
紅蓮	グレン
紅蓼	ベニタデ
紅藻	コウソウ
紅軍	コウグン
紅雀	ベニスズメ
紅顔	コウガン
紅鱒	ベニマス
紅鶴	ベニヅル
紅麹	ベニコウジ
紅麹黴	ベニコウジカビ
紆余	ウヨ
紆曲	ウキョク
紊れ	ミダレ
紊れる	ミダレル
紋付	モンツキ
紋帖	モンチョウ
紋帳	モンチョウ
紋所	モンドコロ
紋服	モンプク
紋様	モンヨウ
紋白蝶	モンシロチョウ
紋章	モンショウ
紋章学	モンショウガク
紋紋	モンモン
紋織り	モンオリ
紋黄蝶	モンキチョウ
納まり	オサマリ
納まり返る	オサマリカエル
納まる	オサマル
納め	オサメ
納める	オサメル
納付	ノウフ
納付書	ノウフショ
納付期限	ノウフキゲン
納付金	ノウフキン
納会	ノウカイ
納入	ノウニュウ
納刀	ノウトウ
納受	ノウジュ
納品	ノウヒン
納品書	ノウヒンショ
納屋	ナヤ
納得	ナットク
納得感	ナットクカン
納戸	ナンド
納所	ナッショ
納期	ノウキ
納期限	ノウキゲン
納本	ノウホン
納札	ノウサツ
納棺	ノウカン
納棺師	ノウカンシ
納涼	ノウリョウ
納税	ノウゼイ
納税義務者	ノウゼイギムシャ
納税者	ノウゼイシャ
納経	ノウキョウ
納豆	ナットウ
納豆菌	ナットウキン
納車	ノウシャ
納采	ノウサイ
納金	ノウキン
納骨	ノウコツ
納骨堂	ノウコツドウ
紐づく	ヒモヅク
紐づくり	ヒモヅクリ
紐づけ	ヒモヅケ
紐づける	ヒモヅケル
紐付	ヒモツキ
紐付く	ヒモヅク
紐付け	ヒモヅケ
紐付ける	ヒモヅケル
紐作り	ヒモヅクリ
紐虫	ヒモムシ
紐解く	ヒモトク
紐革	ヒモカワ
純一	ジュンイツ
純乎	ジュンコ
純分	ジュンブン
純利	ジュンリ
純利益	ジュンリエキ
純化	ジュンカ
純増	ジュンゾウ
純度	ジュンド
純心	ジュンシン
純情	ジュンジョウ
純愛	ジュンアイ
純損失	ジュンソンシツ
純損益	ジュンソンエキ
純文学	ジュンブンガク
純朴	ジュンボク
純正	ジュンセイ
純正律	ジュンセイリツ
純毛	ジュンモウ
純水	ジュンスイ
純減	ジュンゲン
純潔	ジュンケツ
純然	ジュンゼン
純理	ジュンリ
純白	ジュンパク
純益	ジュンエキ
純真	ジュンシン
純米	ジュンマイ
純米酒	ジュンマイシュ
純粋	ジュンスイ
純系	ジュンケイ
純絹	ジュンケン
純綿	ジュンメン
純美	ジュンビ
純良	ジュンリョウ
純色	ジュンショク
純血	ジュンケツ
純豆腐	スンドゥブ
純資産	ジュンシサン
純量	ジュンリョウ
純金	ジュンキン
純銀	ジュンギン
純銅	ジュンドウ
純音	ジュンオン
純額	ジュンガク
紗幕	シャマク
紙おむつ	カミオムツ
紙きれ	カミキレ
紙くず	カミクズ
紙すき	カミスキ
紙つぶて	カミツブテ
紙づまり	カミヅマリ
紙ばさみ	カミバサミ
紙ふぶき	カミフブキ
紙やすり	カミヤスリ
紙オムツ	カミオムツ
紙パック	カミパック
紙ヤスリ	カミヤスリ
紙一重	カミヒトエ
紙上	シジョウ
紙価	シカ
紙入	カミイレ
紙入れ	カミイレ
紙切り	カミキリ
紙切れ	カミキレ
紙包み	カミヅツミ
紙吹雪	カミフブキ
紙器	シキ
紙媒体	カミバイタイ
紙子	カミコ
紙容器	カミヨウキ
紙屋	カミヤ
紙屑	カミクズ
紙工	シコウ
紙工品	シコウヒン
紙巻	カミマキ
紙巻き	カミマキ
紙巻きたばこ	カミマキタバコ
紙巻きタバコ	カミマキタバコ
紙巻き煙草	カミマキタバコ
紙帳	シチョウ
紙幅	シフク
紙幣	シヘイ
紙挟み	カミバサミ
紙数	シスウ
紙業	シギョウ
紙漉き	カミスキ
紙焼き	カミヤキ
紙片	シヘン
紙皿	カミザラ
紙相撲	カミズモウ
紙礫	カミツブテ
紙筆	シヒツ
紙箱	カミバコ
紙粘土	カミネンド
紙細工	カミザイク
紙背	シハイ
紙芝居	カミシバイ
紙詰まり	カミヅマリ
紙送り	カミオクリ
紙鉄砲	カミデッポウ
紙鑢	カミヤスリ
紙面	シメン
紙風船	カミフウセン
紙魚	シミ
級別	キュウベツ
級友	キュウユウ
級数	キュウスウ
級長	キュウチョウ
紛々	フンプン
紛い	マガイ
紛い物	マガイモノ
紛える	マガエル
紛らす	マギラス
紛らせる	マギラセル
紛らわしい	マギラワシイ
紛らわす	マギラワス
紛れる	マギレル
紛れ込む	マギレコム
紛乱	フンラン
紛争	フンソウ
紛失	フンシツ
紛擾	フンジョウ
紛然	フンゼン
紛糾	フンキュウ
紛紛	フンプン
紛議	フンギ
素っ	スッ
素っぴん	スッピン
素っ恍ける	スットボケル
素っ気ない	ソッケナイ
素っ気無い	ソッケナイ
素っ破	スッパ
素っ破抜き	スッパヌキ
素っ破抜く	スッパヌク
素っ裸	スッパダカ
素っ転ぶ	スッコロブ
素っ頓狂	スットンキョウ
素っ飛ばす	スットバス
素っ飛ぶ	スットブ
素っ首	ソックビ
素ばやい	スバヤイ
素もぐり	スモグリ
素より	モトヨリ
素人目	シロウトメ
素元	ソゲン
素因	ソイン
素因数	ソインスウ
素子	ソシ
素干し	スボシ
素引	スビキ
素引き	スビキ
素志	ソシ
素意	ソイ
素懐	ソカイ
素手	スデ
素揚げ	スアゲ
素数	ソスウ
素敵	ステキ
素早い	スバヤイ
素晴らしき	スバラシキ
素服	ソフク
素朴	ソボク
素材	ソザイ
素案	ソアン
素槍	スヤリ
素樸	ソボク
素泊まり	スドマリ
素泊り	スドマリ
素潜り	スモグリ
素焼	スヤキ
素焼き	スヤキ
素片	ソヘン
素的	ステキ
素直	スナオ
素知らぬ	ソシラヌ
素破	スッパ
素粒子	ソリュウシ
素絹	ソケン
素肌	スハダ
素股	スマタ
素膚	スハダ
素行	ソコウ
素袍	スオウ
素袷	スアワセ
素襖	スオウ
素見す	ヒヤカス
素話	スバナシ
素語り	スガタリ
素謡	スウタイ
素質	ソシツ
素足	スアシ
素跣	スハダシ
素通し	スドオシ
素通り	スドオリ
素速い	スバヤイ
素適	ステキ
素顔	スガオ
素食	ソショク
素養	ソヨウ
素餐	ソサン
素首	ソクビ
素馨	ソケイ
素魚	シロウオ
紡ぎ	ツムギ
紡ぎだす	ツムギダス
紡ぎ出す	ツムギダス
紡ぎ歌	ツムギウタ
紡ぎ糸	ツムギイト
紡ぐ	ツムグ
紡機	ボウキ
紡毛	ボウモウ
紡糸	ボウシ
紡績	ボウセキ
紡織	ボウショク
紡錘体	ボウスイタイ
紡錘形	ボウスイケイ
索具	サクグ
索寞	サクバク
索引	サクイン
索敵	サクテキ
索条	サクジョウ
索漠	サクバク
索然	サクゼン
索莫	サクバク
索道	サクドウ
索隠	サクイン
索餌	サクジ
紫ウニ	ムラサキウニ
紫外	シガイ
紫外光	シガイコウ
紫外線	シガイセン
紫御飯	ユカリゴハン
紫斑	シハン
紫根	シコン
紫檀	シタン
紫海胆	ムラサキウニ
紫海苔	ムラサキノリ
紫煙	シエン
紫燕	ムラサキツバメ
紫紺	シコン
紫羅欄花	アラセイトウ
紫芋	ムラサキイモ
紫苑色	シオンイロ
紫蘭	シラン
紫貝	ムラサキガイ
紫貽貝	ムラサキイガイ
紫陽花	アジサイ
紫雲	シウン
紫雲英	ゲンゲ
紫電	シデン
紫露草	ムラサキツユクサ
紬糸	ツムギイト
累々	ルイルイ
累乗	ルイジョウ
累乗根	ルイジョウコン
累代	ルイダイ
累加	ルイカ
累卵	ルイラン
累増	ルイゾウ
累年	ルイネン
累損	ルイソン
累日	ルイジツ
累月	ルイゲツ
累次	ルイジ
累減	ルイゲン
累犯	ルイハン
累積	ルイセキ
累算	ルイサン
累累	ルイルイ
累計	ルイケイ
累進	ルイシン
累進税	ルイシンゼイ
細々しい	コマゴマシイ
細か	コマカ
細かい	コマカイ
細かく	コマカク
細ねぎ	ホソネギ
細まる	ホソマル
細め	ホソメ
細める	ホソメル
細る	ホソル
細事	サイジ
細作	サイサク
細作り	ホソヅクリ
細分	サイブン
細分化	サイブンカ
細切れ	コマギレ
細別	サイベツ
細則	サイソク
細動	サイドウ
細君	サイクン
細大	サイダイ
細孔	サイコウ
細密	サイミツ
細工物	サイクモノ
細巻き	ホソマキ
細引	ホソビキ
細引き	ホソビキ
細微	サイビ
細心	サイシン
細打ち	ホソウチ
細断	サイダン
細書	サイショ
細棹	ホソザオ
細民	サイミン
細流	サイリュウ
細片	サイヘン
細眉	ホソマユ
細石器	サイセッキ
細管	サイカン
細粒	サイリュウ
細糸	ホソイト
細細しい	コマゴマシイ
細編み	コマアミ
細緻	サイチ
細胞壁	サイボウヘキ
細胞学	サイボウガク
細胞核	サイボウカク
細胞死	サイボウシ
細胞膜	サイボウマク
細胞診	サイボウシン
細胞質	サイボウシツ
細腕	ホソウデ
細菌	サイキン
細菌ウイルス	サイキンウイルス
細菌叢	サイキンソウ
細菌学	サイキンガク
細菌性	サイキンセイ
細葱	ホソネギ
細蟹	ササガニ
細見	サイケン
細説	サイセツ
細論	サイロン
細身	ホソミ
細道	ホソミチ
細部	サイブ
細長い	ホソナガイ
細隙	サイゲキ
細雨	サイウ
細雪	ササメユキ
細面	ホソオモテ
細魚	サヨリ
紳商	シンショウ
紳士	シンシ
紳士服	シンシフク
紳士的	シンシテキ
紳士録	シンシロク
紹介	ショウカイ
紹介所	ショウカイジョ
紹介料	ショウカイリョウ
紹介状	ショウカイジョウ
紹介者	ショウカイシャ
紹継	ショウケイ
紹興酒	ショウコウシュ
紹述	ショウジュツ
紺地	コンジ
紺碧	コンペキ
紺絣	コンガスリ
紺色	コンイロ
紺青	コンジョウ
紺飛白	コンガスリ
終える	オエル
終に	ツイニ
終の棲家	ツイノスミカ
終り	オワリ
終り値	オワリネ
終る	オワル
終わり	オワリ
終わりかけ	オワリカケ
終わりかける	オワリカケル
終わり値	オワリネ
終わり掛け	オワリカケ
終わり掛ける	オワリカケル
終わり頃	オワリゴロ
終わる	オワル
終バス	シュウバス
終世	シュウセイ
終了	シュウリョウ
終了日	シュウリョウビ
終値	オワリネ
終刊	シュウカン
終列車	シュウレッシャ
終助詞	シュウジョシ
終売	シュウバイ
終始	シュウシ
終審	シュウシン
終局	シュウキョク
終幕	シュウマク
終息	シュウソク
終戦	シュウセン
終映	シュウエイ
終曲	シュウキョク
終期	シュウキ
終末	シュウマツ
終末期	シュウマツキ
終末論	シュウマツロン
終板	シュウバン
終業	シュウギョウ
終業式	シュウギョウシキ
終業時間	シュウギョウジカン
終極	シュウキョク
終止	シュウシ
終止形	シュウシケイ
終止符	シュウシフ
終決	シュウケツ
終油	シュウユ
終活	シュウカツ
終演	シュウエン
終点	シュウテン
終焉	シュウエン
終熄	シュウソク
終生	シュウセイ
終発	シュウハツ
終盤	シュウバン
終盤戦	シュウバンセン
終着	シュウチャク
終着駅	シュウチャクエキ
終章	シュウショウ
終端	シュウタン
終筆	シュウヒツ
終結	シュウケツ
終身	シュウシン
終身保険	シュウシンホケン
終身刑	シュウシンケイ
終身官	シュウシンカン
終身年金	シュウシンネンキン
終身雇用	シュウシンコヨウ
終車	シュウシャ
終電	シュウデン
終電車	シュウデンシャ
終駅	シュウエキ
絃楽	ゲンガク
絃楽器	ゲンガッキ
絃歌	ゲンカ
組する	クミスル
組みあがる	クミアガル
組みあげる	クミアゲル
組みあわせる	クミアワセル
組みこむ	クミコム
組みたて	クミタテ
組みつく	クミツク
組みつける	クミツケル
組みなおす	クミナオス
組みひも	クミヒモ
組み上がる	クミアガル
組み上げる	クミアゲル
組み付く	クミツク
組み付け	クミツケ
組み付ける	クミツケル
組み伏せる	クミフセル
組み入れ	クミイレ
組み入れる	クミイレル
組み分け	クミワケ
組み分ける	クミワケル
組み合い	クミアイ
組み合す	クミアワス
組み合せ	クミアワセ
組み合せる	クミアワセル
組み合わさる	クミアワサル
組み合わす	クミアワス
組み合わせ	クミアワセ
組み合わせる	クミアワセル
組み戻し	クミモドシ
組み手	クミテ
組み打ち	クミウチ
組み換え	クミカエ
組み換える	クミカエル
組み敷く	クミシク
組み替え	クミカエ
組み替える	クミカエル
組み杯	クミサカズキ
組み版	クミハン
組み物	クミモノ
組み盃	クミサカズキ
組み直す	クミナオス
組み立	クミタテ
組み立て	クミタテ
組み立てる	クミタテル
組み立る	クミタテル
組み紐	クミヒモ
組み討ち	クミウチ
組み込み	クミコミ
組み込む	クミコム
組み重	クミジュウ
組む	クム
組付く	クミツク
組付け	クミツケ
組伏せる	クミフセル
組入れ	クミイレ
組入れる	クミイレル
組分け	クミワケ
組合	クミアイ
組合す	クミアワス
組合せ	クミアワセ
組合せる	クミアワセル
組合わせ	クミアワセ
組合わせる	クミアワセル
組合員	クミアイイン
組合費	クミアイヒ
組員	クミイン
組唄	クミウタ
組子	クミコ
組屋敷	クミヤシキ
組成	ソセイ
組手	クミテ
組打ち	クミウチ
組換え	クミカエ
組換える	クミカエル
組敷く	クミシク
組曲	クミキョク
組替え	クミカエ
組替える	クミカエル
組歌	クミウタ
組版	クミハン
組物	クミモノ
組立	クミタテ
組立て	クミタテ
組立てる	クミタテル
組糸	クミイト
組紐	クミヒモ
組織力	ソシキリョク
組織化	ソシキカ
組織名	ソシキメイ
組織図	ソシキズ
組織変更	ソシキヘンコウ
組織学	ソシキガク
組織改革	ソシキカイカク
組織球	ソシキキュウ
組織的	ソシキテキ
組織網	ソシキモウ
組織開発	ソシキカイハツ
組討ち	クミウチ
組踊	クミオドリ
組踊り	クミオドリ
組込	クミコミ
組込み	クミコミ
組込む	クミコム
組長	クミチョウ
組閣	ソカク
組頭	クミガシラ
絆す	ホダス
経かたびら	キョウカタビラ
経つ	タツ
経上がる	ヘアガル
経世	ケイセイ
経世家	ケイセイカ
経企	ケイキ
経伝	ケイデン
経口	ケイコウ
経口薬	ケイコウヤク
経史	ケイシ
経営	ケイエイ
経営不振	ケイエイフシン
経営企画	ケイエイキカク
経営学	ケイエイガク
経営学修士	ケイエイガクシュウシ
経営方針	ケイエイホウシン
経営権	ケイエイケン
経営破綻	ケイエイハタン
経営管理	ケイエイカンリ
経営者	ケイエイシャ
経国	ケイコク
経塚	キョウヅカ
経巡る	ヘメグル
経師	キョウジ
経師屋	キョウジヤ
経帷子	キョウカタビラ
経常利益	ケイジョウリエキ
経年	ケイネン
経年劣化	ケイネンレッカ
経年変化	ケイネンヘンカ
経度	ケイド
経文	キョウモン
経書	ケイショ
経木	キョウギ
経本	キョウホン
経机	キョウヅクエ
経歴	ケイレキ
経歴詐称	ケイレキサショウ
経水	ケイスイ
経済	ケイザイ
経済人	ケイザイジン
経済力	ケイザイリョク
経済動物	ケイザイドウブツ
経済史	ケイザイシ
経済圏	ケイザイケン
経済学	ケイザイガク
経済学部	ケイザイガクブ
経済家	ケイザイカ
経済性	ケイザイセイ
経済法	ケイザイホウ
経済産業大臣	ケイザイサンギョウダイジン
経済産業省	ケイザイサンギョウショウ
経済界	ケイザイカイ
経済的	ケイザイテキ
経済誌	ケイザイシ
経済連携協定	ケイザイレンケイキョウテイ
経済面	ケイザイメン
経理	ケイリ
経理課	ケイリカ
経理部	ケイリブ
経産	ケイサン
経産婦	ケイサンプ
経産相	ケイサンショウ
経産省	ケイサンショウ
経由地	ケイユチ
経略	ケイリャク
経皮	ケイヒ
経皮的	ケイヒテキ
経穴	ケイケツ
経管	ケイカン
経糸	タテイト
経絡	ケイラク
経綸	ケイリン
経線	ケイセン
経緯儀	ケイイギ
経脈	ケイミャク
経膣	ケイチツ
経蔵	キョウゾウ
経血	ケイケツ
経費	ケイヒ
経費削減	ケイヒサクゲン
経路	ケイロ
経過	ケイカ
経過利子	ケイカリシ
経過措置	ケイカソチ
経過観察	ケイカカンサツ
経題	キョウダイ
経験	ケイケン
経験値	ケイケンチ
経験則	ケイケンソク
経験者	ケイケンシャ
経験論	ケイケンロン
絎ける	クケル
絎け針	クケバリ
結いあげる	ユイアゲル
結い上げる	ユイアゲル
結い付ける	ユイツケル
結さつ	ケッサツ
結する	ケッスル
結び	ムスビ
結びつき	ムスビツキ
結びつく	ムスビツク
結びつける	ムスビツケル
結びの神	ムスビノカミ
結びひも	ムスビヒモ
結び付き	ムスビツキ
結び付く	ムスビツク
結び付ける	ムスビツケル
結び切り	ムスビキリ
結び合せる	ムスビアワセル
結び合わす	ムスビアワス
結び合わせる	ムスビアワセル
結び文	ムスビブミ
結び方	ムスビカタ
結び目	ムスビメ
結び紐	ムスビヒモ
結ぶ	ムスブ
結わえつける	ユワエツケル
結わえる	ユワエル
結わえ付ける	ユワエツケル
結了	ケツリョウ
結像	ケツゾウ
結党	ケットウ
結句	ケック
結合	ケツゴウ
結合価	ケツゴウカ
結合角	ケツゴウカク
結団	ケツダン
結婚	ケッコン
結婚式	ケッコンシキ
結婚式場	ケッコンシキジョウ
結婚指輪	ケッコンユビワ
結婚相手	ケッコンアイテ
結婚適齢期	ケッコンテキレイキ
結実	ケツジツ
結審	ケッシン
結尾	ケツビ
結局	ケッキョク
結成	ケッセイ
結托	ケッタク
結晶	ケッショウ
結晶化	ケッショウカ
結晶学	ケッショウガク
結晶水	ケッショウスイ
結晶系	ケッショウケイ
結晶面	ケッショウメン
結末	ケツマツ
結束バンド	ケッソクバンド
結果	ケッカ
結果的	ケッカテキ
結果論	ケッカロン
結核	ケッカク
結核性	ケッカクセイ
結核症	ケッカクショウ
結核菌	ケッカクキン
結構	ケッコウ
結氷	ケッピョウ
結滞	ケッタイ
結球	ケッキュウ
結界	ケッカイ
結盟	ケツメイ
結着	ケッチャク
結石	ケッセキ
結社	ケッシャ
結節	ケッセツ
結納	ユイノウ
結納品	ユイノウヒン
結納金	ユイノウキン
結紮	ケッサツ
結線	ケッセン
結縁	ケチエン
結縄	ケツジョウ
結腸	ケッチョウ
結膜	ケツマク
結膜炎	ケツマクエン
結言	ケツゲン
結託	ケッタク
結語	ケツゴ
結論	ケツロン
結跏	ケッカ
結跏趺坐	ケッカフザ
結集	ケッシュウ
結露	ケツロ
結願	ケチガン
絞まる	シマル
絞めあげる	シメアゲル
絞める	シメル
絞め技	シメワザ
絞め殺す	シメコロス
絞り	シボリ
絞りかす	シボリカス
絞りこむ	シボリコム
絞りだす	シボリダス
絞りとる	シボリトル
絞り上げる	シボリアゲル
絞り値	シボリチ
絞り出す	シボリダス
絞り取る	シボリトル
絞り器	シボリキ
絞り染	シボリゾメ
絞り染め	シボリゾメ
絞り汁	シボリジル
絞り滓	シボリカス
絞り粕	シボリカス
絞り袋	シボリブクロ
絞り込み	シボリコミ
絞り込む	シボリコム
絞る	シボル
絞刑	コウケイ
絞扼	コウヤク
絞技	シメワザ
絞殺	コウサツ
絞殺す	シメコロス
絞縄	コウジョウ
絞込み	シボリコミ
絞首	コウシュ
絞首刑	コウシュケイ
絞首台	コウシュダイ
絡げる	カラゲル
絡ます	カラマス
絡まり	カラマリ
絡まる	カラマル
絡みあう	カラミアウ
絡みつく	カラミツク
絡み付く	カラミツク
絡み酒	カラミザケ
絡む	カラム
絡めあう	カラメアウ
絡めとる	カラメトル
絡める	カラメル
絡め取る	カラメトル
絡繰	カラクリ
絡繰り	カラクリ
絡繹	ラクエキ
絢爛	ケンラン
給え	タマエ
給する	キュウスル
給わる	タマワル
給与	キュウヨ
給与体系	キュウヨタイケイ
給与所得	キュウヨショトク
給与所得者	キュウヨショトクシャ
給与明細	キュウヨメイサイ
給与明細書	キュウヨメイサイショ
給仕	キュウジ
給付	キュウフ
給付金	キュウフキン
給原	キュウゲン
給排水	キュウハイスイ
給料	キュウリョウ
給料日	キュウリョウビ
給料明細	キュウリョウメイサイ
給気	キュウキ
給水	キュウスイ
給水所	キュウスイジョ
給水栓	キュウスイセン
給水池	キュウスイチ
給水管	キュウスイカン
給水船	キュウスイセン
給水車	キュウスイシャ
給油	キュウユ
給湯	キュウトウ
給湯器	キュウトウキ
給湯室	キュウトウシツ
給源	キュウゲン
給紙	キュウシ
給茶機	キュウチャキ
給血	キュウケツ
給費	キュウヒ
給送	キュウソウ
給金	キュウキン
給電	キュウデン
給電線	キュウデンセン
給食	キュウショク
給食費	キュウショクヒ
給養	キュウヨウ
給餌	キュウジ
絨毛	ジュウモウ
絨毛がん	ジュウモウガン
絨毛癌	ジュウモウガン
統べる	スベル
統一	トウイツ
統一性	トウイツセイ
統一感	トウイツカン
統制	トウセイ
統合	トウゴウ
統合型リゾート	トウゴウガタリゾート
統帥	トウスイ
統帥権	トウスイケン
統幕	トウバク
統廃合	トウハイゴウ
統御	トウギョ
統括	トウカツ
統治下	トウチカ
統治権	トウチケン
統治者	トウチシャ
統率	トウソツ
統率力	トウソツリョク
統率者	トウソツシャ
統監	トウカン
統覚	トウカク
統計	トウケイ
統計学	トウケイガク
統計情報	トウケイジョウホウ
統計的	トウケイテキ
統語	トウゴ
統語論	トウゴロン
統轄	トウカツ
統辞論	トウジロン
統領	トウリョウ
統馭	トウギョ
絵かき	エカキ
絵だこ	エダコ
絵つけ	エツケ
絵の具	エノグ
絵はがき	エハガキ
絵ハガキ	エハガキ
絵付	エツケ
絵付け	エツケ
絵伝	エデン
絵像	エゾウ
絵入り	エイリ
絵具	エノグ
絵凧	エダコ
絵双六	エスゴロク
絵双紙	エゾウシ
絵取る	エドル
絵合せ	エアワセ
絵合わせ	エアワセ
絵図	エズ
絵図面	エズメン
絵姿	エスガタ
絵巻	エマキ
絵巻物	エマキモノ
絵師	エシ
絵心	エゴコロ
絵手紙	エテガミ
絵探し	エサガシ
絵描き	エカキ
絵文字	エモジ
絵日傘	エヒガサ
絵日記	エニッキ
絵暦	エゴヨミ
絵書き	エカキ
絵本	エホン
絵札	エフダ
絵柄	エガラ
絵様	エヨウ
絵画	カイガ
絵画展	カイガテン
絵皿	エザラ
絵空事	エソラゴト
絵筆	エフデ
絵絹	エギヌ
絵羽	エバ
絵草紙	エゾウシ
絵葉書	エハガキ
絵解き	エトキ
絵面	エヅラ
絶えま	タエマ
絶える	タエル
絶え入る	タエイル
絶え絶え	タエダエ
絶え間	タエマ
絶する	ゼッスル
絶つ	タツ
絶やす	タヤス
絶世	ゼッセイ
絶交	ゼッコウ
絶体	ゼッタイ
絶体絶命	ゼッタイゼツメイ
絶佳	ゼッカ
絶倒	ゼットウ
絶倫	ゼツリン
絶勝	ゼッショウ
絶叫	ゼッキョウ
絶命	ゼツメイ
絶品	ゼッピン
絶唱	ゼッショウ
絶壁	ゼッペキ
絶大	ゼツダイ
絶好	ゼッコウ
絶好調	ゼッコウチョウ
絶妙	ゼツミョウ
絶家	ゼッケ
絶対	ゼッタイ
絶対パス	ゼッタイパス
絶対主義	ゼッタイシュギ
絶対値	ゼッタイチ
絶対多数	ゼッタイタスウ
絶対温度	ゼッタイオンド
絶対湿度	ゼッタイシツド
絶対的	ゼッタイテキ
絶対知	ゼッタイチ
絶対者	ゼッタイシャ
絶対視	ゼッタイシ
絶対評価	ゼッタイヒョウカ
絶対量	ゼッタイリョウ
絶対零度	ゼッタイレイド
絶対音感	ゼッタイオンカン
絶対領域	ゼッタイリョウイキ
絶島	ゼットウ
絶後	ゼツゴ
絶息	ゼッソク
絶技	ゼツギ
絶景	ゼッケイ
絶望	ゼツボウ
絶望的	ゼツボウテキ
絶海	ゼッカイ
絶滅	ゼツメツ
絶無	ゼツム
絶版	ゼッパン
絶筆	ゼッピツ
絶縁	ゼツエン
絶縁体	ゼツエンタイ
絶縁油	ゼツエンユ
絶縁線	ゼツエンセン
絶美	ゼツビ
絶讃	ゼッサン
絶賛	ゼッサン
絶頂	ゼッチョウ
絶食	ゼッショク
絶飲食	ゼツインショク
絹ごし	キヌゴシ
絹さや	キヌサヤ
絹地	キヌジ
絹層雲	ケンソウウン
絹張り	キヌバリ
絹本	ケンポン
絹漉し	キヌゴシ
絹物	キヌモノ
絹猿	キヌザル
絹積雲	ケンセキウン
絹紡	ケンボウ
絹綿	キヌワタ
絹縮	キヌチヂミ
絹織物	キヌオリモノ
絹莢	キヌサヤ
絹針	キヌバリ
絹雲	ケンウン
絽織	ロオリ
絽織り	ロオリ
經文	キョウモン
継ぎ	ツギ
継ぎはぎ	ツギハギ
継ぎ台	ツギダイ
継ぎ合せる	ツギアワセル
継ぎ合わせる	ツギアワセル
継ぎ当て	ツギアテ
継ぎ手	ツギテ
継ぎ接ぎ	ツギハギ
継ぎ木	ツギキ
継ぎ物	ツギモノ
継ぎ目	ツギメ
継ぎ立て	ツギタテ
継ぎ端	ツギハ
継ぎ竿	ツギザオ
継ぎ足	ツギアシ
継ぎ足し	ツギタシ
継ぎ足す	ツギタス
継ぐ	ツグ
継受	ケイジュ
継台	ツギダイ
継嗣	ケイシ
継娘	ママムスメ
継室	ケイシツ
継戦	ケイセン
継手	ツギテ
継承	ケイショウ
継承者	ケイショウシャ
継投	ケイトウ
継接ぎ	ツギハギ
継泳	ケイエイ
継父母	ケイフボ
継物	ツギモノ
継目	ツギメ
継立て	ツギタテ
継端	ツギハ
継竿	ツギザオ
継粉	ママコ
継統	ケイトウ
継続	ケイゾク
継続的	ケイゾクテキ
継続費	ケイゾクヒ
継走	ケイソウ
継起	ケイキ
継電器	ケイデンキ
続々	ゾクゾク
続き	ツヅキ
続き合い	ツヅキアイ
続き柄	ツヅキガラ
続き物	ツヅキモノ
続き間	ツヅキアイ
続く	ツヅク
続けざま	ツヅケザマ
続ける	ツヅケル
続け字	ツヅケジ
続伸	ゾクシン
続出	ゾクシュツ
続刊	ゾッカン
続報	ゾクホウ
続投	ゾクトウ
続映	ゾクエイ
続演	ゾクエン
続物	ツヅキモノ
続発	ゾクハツ
続稿	ゾッコウ
続篇	ゾクヘン
続続	ゾクゾク
続編	ゾクヘン
続航	ゾッコウ
続落	ゾクラク
続行	ゾッコウ
続開	ゾッカイ
続騰	ゾクトウ
綛糸	カセイト
綜合	ソウゴウ
綜絖	ソウコウ
綜覧	ソウラン
綜説	ソウセツ
綟子	モジ
綬章	ジュショウ
綬鶏	ジュケイ
維持	イジ
維持費	イジヒ
維新	イシン
綯い交ぜ	ナイマゼ
綯い交ぜる	ナイマゼル
綯い混ぜ	ナイマゼ
綰物	ワゲモノ
綱とり	ツナトリ
綱わたり	ツナワタリ
綱具	ツナグ
綱取り	ツナトリ
綱常	コウジョウ
綱引	ツナヒキ
綱引き	ツナヒキ
綱手	ツナデ
綱曳	ツナヒキ
綱曳き	ツナヒキ
綱渡り	ツナワタリ
綱目	コウモク
綱紀	コウキ
綱要	コウヨウ
綱領	コウリョウ
綱麻	ツナソ
網かけ	アミカケ
網の目	アミノメ
網元	アミモト
網地	アミジ
網戸	アミド
網打ち	アミウチ
網掛け	アミカケ
網棚	アミダナ
網漁	アミリョウ
網点	アミテン
網焼き	アミヤキ
網版	アミハン
網猟	アミリョウ
網目	アミメ
網羅	モウラ
網膜	モウマク
網膜炎	モウマクエン
網膜症	モウマクショウ
網袋	アミブクロ
網頭	アミガシラ
綴じる	トジル
綴じ代	トジシロ
綴じ合せる	トジアワセル
綴じ合わせる	トジアワセル
綴じ本	トジホン
綴じ目	トジメ
綴じ糸	トジイト
綴じ蓋	トジブタ
綴じ込み	トジコミ
綴じ込む	トジコム
綴じ針	トジバリ
綴り	ツヅリ
綴り合せる	ツヅリアワセル
綴り合わせる	ツヅリアワセル
綴り字	ツヅリジ
綴り方	ツヅリカタ
綴る	ツヅル
綴れ	ツヅレ
綴れ織り	ツヅレオリ
綴れ錦	ツヅレニシキ
綴方	ツヅリカタ
綴込み	トジコミ
綸子	リンズ
綸旨	リンジ
綸言	リンゲン
綺羅	キラ
綺羅星	キラボシ
綺談	キダン
綺譚	キタン
綺麗さっぱり	キレイサッパリ
綺麗どころ	キレイドコロ
綺麗事	キレイゴト
綻ばす	ホコロバス
綻び	ホコロビ
綻びる	ホコロビル
綻ぶ	ホコロブ
綽々	シャクシャク
綽名	アダナ
綽綽	シャクシャク
綾なす	アヤナス
綾取	アヤトリ
綾糸	アヤイト
綾絹	アヤギヌ
綾織	アヤオリ
綾織り	アヤオリ
綾織物	アヤオリモノ
綾羅	リョウラ
綾錦	アヤニシキ
綿々	メンメン
綿あめ	ワタアメ
綿ぼこり	ワタボコリ
綿入れ	ワタイレ
綿埃	ワタボコリ
綿実	メンジツ
綿実油	メンジツユ
綿密	メンミツ
綿屑	ワタクズ
綿布	メンプ
綿帽子	ワタボウシ
綿弓	ワタユミ
綿打ち	ワタウチ
綿抜き	ワタヌキ
綿摘み	ワタツミ
綿棒	メンボウ
綿油	ワタアブラ
綿混	メンコン
綿球	メンキュウ
綿糸	メンシ
綿紡	メンボウ
綿綿	メンメン
綿織物	メンオリモノ
綿繰り	ワタクリ
綿繰機	ワタクリキ
綿羊	メンヨウ
綿花	メンカ
綿菅	ワタスゲ
綿菓子	ワタガシ
綿製品	メンセイヒン
綿雪	ワタユキ
綿雲	ワタグモ
綿飴	ワタアメ
緇素	シソ
緊まる	シマル
緊める	シメル
緊切	キンセツ
緊密	キンミツ
緊張	キンチョウ
緊張感	キンチョウカン
緊急	キンキュウ
緊急事態	キンキュウジタイ
緊急事態宣言	キンキュウジタイセンゲン
緊急度	キンキュウド
緊急性	キンキュウセイ
緊急措置	キンキュウソチ
緊急時	キンキュウジ
緊急連絡先	キンキュウレンラクサキ
緊縛	キンバク
緊縮	キンシュク
緊褌	キンコン
緊要	キンヨウ
緊迫	キンパク
緋い	アカイ
緋寒桜	ヒカンザクラ
緋桜	ヒザクラ
緋目高	ヒメダカ
緋縅	ヒオドシ
緋色	ヒイロ
緋衣草	ヒゴロモソウ
緋連雀	ヒレンジャク
緋鯉	ヒゴイ
総がかり	ソウガカリ
総ざらい	ソウザライ
総じて	ソウジテ
総て	スベテ
総なめ	ソウナメ
総べて	スベテ
総べる	スベル
総まくり	ソウマクリ
総まとめ	ソウマトメ
総スカン	ソウスカン
総ナメ	ソウナメ
総人口	ソウジンコウ
総仕舞	ソウジマイ
総代	ソウダイ
総会	ソウカイ
総会屋	ソウカイヤ
総体	ソウタイ
総体的	ソウタイテキ
総出	ソウデ
総別	ソウベツ
総則	ソウソク
総力	ソウリョク
総力戦	ソウリョクセン
総動員	ソウドウイン
総務	ソウム
総務会長	ソウムカイチョウ
総務大臣	ソウムダイジン
総務相	ソウムショウ
総務省	ソウムショウ
総務課	ソウムカ
総務部	ソウムブ
総勢	ソウゼイ
総包	ソウホウ
総取り	ソウドリ
総司令	ソウシレイ
総合	ソウゴウ
総合力	ソウゴウリョク
総合医	ソウゴウイ
総合大学	ソウゴウダイガク
総合格闘技	ソウゴウカクトウギ
総合的	ソウゴウテキ
総合科学部	ソウゴウカガクブ
総合職	ソウゴウショク
総合診療医	ソウゴウシンリョウイ
総合評価	ソウゴウヒョウカ
総合課税	ソウゴウカゼイ
総合運動公園	ソウゴウウンドウコウエン
総合運動場	ソウゴウウンドウジョウ
総和	ソウワ
総員	ソウイン
総嘗め	ソウナメ
総局	ソウキョク
総崩れ	ソウクズレ
総工費	ソウコウヒ
総帥	ソウスイ
総当たり	ソウアタリ
総当り	ソウアタリ
総意	ソウイ
総所得	ソウショトク
総括	ソウカツ
総指揮	ソウシキ
総捲り	ソウマクリ
総掛かり	ソウガカリ
総揚げ	ソウアゲ
総攬	ソウラン
総支給額	ソウシキュウガク
総支配人	ソウシハイニン
総攻め	ソウゼメ
総攻撃	ソウコウゲキ
総数	ソウスウ
総本家	ソウホンケ
総本山	ソウホンザン
総本店	ソウホンテン
総柄	ソウガラ
総桐	ソウギリ
総構え	ソウガマエ
総決算	ソウケッサン
総浚い	ソウザライ
総点	ソウテン
総理	ソウリ
総理大臣	ソウリダイジン
総画	ソウカク
総監	ソウカン
総目録	ソウモクロク
総督	ソウトク
総督府	ソウトクフ
総研	ソウケン
総社	ソウジャ
総称	ソウショウ
総立ち	ソウダチ
総索引	ソウサクイン
総絞り	ソウシボリ
総統	ソウトウ
総締め	ソウジメ
総纏め	ソウマトメ
総胆管	ソウタンカン
総花	ソウバナ
総苞	ソウホウ
総菜	ソウザイ
総裁	ソウサイ
総裁選	ソウサイセン
総見	ソウケン
総覧	ソウラン
総計	ソウケイ
総記	ソウキ
総評	ソウヒョウ
総説	ソウセツ
総論	ソウロン
総譜	ソウフ
総資産	ソウシサン
総軍	ソウグン
総轄	ソウカツ
総辞職	ソウジショク
総選挙	ソウセンキョ
総重量	ソウジュウリョウ
総量	ソウリョウ
総長	ソウチョウ
総門	ソウモン
総集編	ソウシュウヘン
総革	ソウガワ
総領事	ソウリョウジ
総領事館	ソウリョウジカン
総額	ソウガク
総高	ソウダカ
総髪	ソウハツ
緑便	リョクベン
緑内障	リョクナイショウ
緑園	リョクエン
緑土	リョクド
緑地	リョクチ
緑地帯	リョクチタイ
緑林	リョクリン
緑柱石	リョクチュウセキ
緑樹	リョクジュ
緑河豚	ミドリフグ
緑泥石	リョクデイセキ
緑猿	ミドリザル
緑玉	リョクギョク
緑眼	リョクガン
緑礬	リョクバン
緑組	ミドリグミ
緑肥	リョクヒ
緑膿菌	リョクノウキン
緑茶	リョクチャ
緑蔭	リョクイン
緑藻	リョクソウ
緑藻類	リョクソウルイ
緑虫	ミドリムシ
緑被率	リョクヒリツ
緑豆	リョクトウ
緑道	リョクドウ
緑酒	リョクシュ
緑野	リョクヤ
緑門	リョクモン
緑陰	リョクイン
緑風	リョクフウ
緑鳩	アオバト
緑黄色	リョクオウショク
緑黄色野菜	リョクオウショクヤサイ
緒締め	オジメ
緘する	カンスル
緘口	カンコウ
緘黙	カンモク
緘黙症	カンモクショウ
線上	センジョウ
線分	センブン
線区	センク
線図	センズ
線型	センケイ
線型性	センケイセイ
線審	センシン
線対称	センタイショウ
線幅	センハバ
線形	センケイ
線形化	センケイカ
線径	センケイ
線描	センビョウ
線材	センザイ
線条	センジョウ
線条体	センジョウタイ
線毛	センモウ
線源	センゲン
線状	センジョウ
線状降水帯	センジョウコウスイタイ
線画	センガ
線種	センシュ
線維	センイ
線虫	センチュウ
線虫類	センチュウルイ
線表	センピョウ
線路	センロ
線量	センリョウ
線量計	センリョウケイ
線香	センコウ
線香代	センコウダイ
緞子	ドンス
緞帳	ドンチョウ
緞通	ダンツウ
締まり	シマリ
締まり屋	シマリヤ
締まり雪	シマリユキ
締まる	シマル
締めあげる	シメアゲル
締めくくり	シメククリ
締めくくる	シメククル
締めつけ	シメツケ
締めつける	シメツケル
締めひも	シメヒモ
締める	シメル
締め上げる	シメアゲル
締め付け	シメツケ
締め付ける	シメツケル
締め具	シメグ
締め出し	シメダシ
締め出す	シメダス
締め切り	シメキリ
締め切り日	シメキリビ
締め切る	シメキル
締め固める	シメカタメル
締め括り	シメククリ
締め括る	シメククル
締め日	シメビ
締め木	シメギ
締め殺す	シメコロス
締め直す	シメナオス
締め紐	シメヒモ
締め込み	シメコミ
締め込む	シメコム
締め金	シメガネ
締め鯖	シメサバ
締り	シマリ
締り屋	シマリヤ
締り雪	シマリユキ
締上げる	シメアゲル
締付	シメツケ
締付け	シメツケ
締付ける	シメツケル
締出し	シメダシ
締出す	シメダス
締切	シメキリ
締切り	シメキリ
締切る	シメキル
締切日	シメキリビ
締日	シメビ
締盟	テイメイ
締約	テイヤク
締約国	テイヤクコク
締結	テイケツ
締結日	テイケツビ
締込み	シメコミ
締高	シメダカ
編さん	ヘンサン
編みあげる	アミアゲル
編みがさ	アミガサ
編みこむ	アミコム
編みだす	アミダス
編みもの	アミモノ
編み上げ	アミアゲ
編み上げる	アミアゲル
編み出す	アミダス
編み合わせる	アミアワセル
編み地	アミジ
編み戸	アミド
編み棒	アミボウ
編み機	アミキ
編み物	アミモノ
編み目	アミメ
編み笠	アミガサ
編み籠	アミカゴ
編み込む	アミコム
編み針	アミバリ
編む	アム
編上げ	アミアゲ
編修	ヘンシュウ
編入	ヘンニュウ
編入学	ヘンニュウガク
編出す	アミダス
編制	ヘンセイ
編地	アミジ
編年	ヘンネン
編年体	ヘンネンタイ
編年史	ヘンネンシ
編成	ヘンセイ
編戸	アミド
編曲	ヘンキョク
編曲家	ヘンキョクカ
編曲者	ヘンキョクシャ
編木	ビンザサラ
編棒	アミボウ
編物	アミモノ
編章	ヘンショウ
編笠	アミガサ
編纂	ヘンサン
編著	ヘンチョ
編製	ヘンセイ
編輯	ヘンシュウ
編針	アミバリ
編隊	ヘンタイ
編集	ヘンシュウ
編集子	ヘンシュウシ
編集権	ヘンシュウケン
編集者	ヘンシュウシャ
編集部	ヘンシュウブ
編集長	ヘンシュウチョウ
緩まる	ユルマル
緩み	ユルミ
緩む	ユルム
緩め	ユルメ
緩める	ユルメル
緩やか	ユルヤカ
緩り	ユルリ
緩下剤	カンゲザイ
緩和	カンワ
緩和ケア	カンワケア
緩徐	カンジョ
緩怠	カンタイ
緩急	カンキュウ
緩急車	カンキュウシャ
緩慢	カンマン
緩流	カンリュウ
緩漫	カンマン
緩行	カンコウ
緩衝	カンショウ
緩衝国	カンショウコク
緩衝在庫	カンショウザイコ
緩衝地帯	カンショウチタイ
緩衝材	カンショウザイ
緩衝液	カンショウエキ
緩解	カンカイ
緩速	カンソク
緬羊	メンヨウ
緯度	イド
緯線	イセン
練り	ネリ
練りあげる	ネリアゲル
練りあるく	ネリアルク
練りあわせる	ネリアワセル
練りこむ	ネリコム
練り上げる	ネリアゲル
練り切り	ネリキリ
練り合せる	ネリアワセル
練り合わせる	ネリアワセル
練り固める	ネリカタメル
練り土	ネリツチ
練り塀	ネリベイ
練り歩く	ネリアルク
練り物	ネリモノ
練り直す	ネリナオス
練り粉	ネリコ
練り糸	ネリイト
練り絹	ネリギヌ
練り薬	ネリグスリ
練り製品	ネリセイヒン
練り込む	ネリコム
練り香	ネリコウ
練る	ネル
練れる	ネレル
練上げる	ネリアゲル
練乳	レンニュウ
練兵	レンペイ
練功	レンコウ
練塀	ネリベイ
練度	レンド
練成	レンセイ
練武	レンブ
練歩く	ネリアルク
練炭	レンタン
練物	ネリモノ
練直す	ネリナオス
練磨	レンマ
練糸	ネリイト
練絹	ネリギヌ
練習	レンシュウ
練習会	レンシュウカイ
練習問題	レンシュウモンダイ
練習場	レンシュウジョウ
練習所	レンシュウジョ
練習曲	レンシュウキョク
練習機	レンシュウキ
練習生	レンシュウセイ
練習船	レンシュウセン
練製品	ネリセイヒン
練達	レンタツ
練鉄	レンテツ
練香	ネリコウ
緻密	チミツ
縁づく	エンヅク
縁どる	フチドル
縁の下	エンノシタ
縁付く	エンヅク
縁付ける	エンヅケル
縁側	エンガワ
縁先	エンサキ
縁切り	エンキリ
縁取る	フチドル
縁台	エンダイ
縁定め	エンサダメ
縁家	エンカ
縁戚	エンセキ
縁故	エンコ
縁故採用	エンコサイヨウ
縁故者	エンコシャ
縁日	エンニチ
縁海	エンカイ
縁組	エングミ
縁組み	エングミ
縁結び	エンムスビ
縁続き	エンツヅキ
縁者	エンジャ
縁覚	エンガク
縁語	エンゴ
縁談	エンダン
縁起もの	エンギモノ
縁起物	エンギモノ
縁辺	エンペン
縁遠い	エンドオイ
縁飾り	フチカザリ
縄とび	ナワトビ
縄付き	ナワツキ
縄墨	ジョウボク
縄尻	ナワジリ
縄張	ナワバリ
縄張り	ナワバリ
縄手	ナワテ
縄抜け	ナワヌケ
縄文	ジョウモン
縄目	ナワメ
縄編み	ナワアミ
縄跳び	ナワトビ
縄鏢	ジョウヒョウ
縄飛び	ナワトビ
縊り殺す	クビリコロス
縊る	クビル
縊死	イシ
縊首	イシュ
縋りつく	スガリツク
縋り付く	スガリツク
縋る	スガル
縒り	ヨリ
縒り合わせる	ヨリアワセル
縒り糸	ヨリイト
縒る	ヨル
縒れる	ヨレル
縒糸	ヨリイト
縕袍	ドテラ
縛する	バクスル
縛め	イマシメ
縛める	イマシメル
縛りあげる	シバリアゲル
縛りつける	シバリツケル
縛り上げる	シバリアゲル
縛り付ける	シバリツケル
縛り首	シバリクビ
縞柄	シマガラ
縞模様	シマモヨウ
縞物	シマモノ
縞蚯蚓	シマミミズ
縞蛇	シマヘビ
縞馬	シマウマ
縞鯵	シマアジ
縟礼	ジョクレイ
縢り	カガリ
縢る	カガル
縦し	ヨシ
縦しんば	ヨシンバ
縦じま	タテジマ
縦じわ	タテジワ
縦びき	タテビキ
縦ジワ	タテジワ
縦ノリ	タテノリ
縦乗り	タテノリ
縦列	ジュウレツ
縦割り	タテワリ
縦坑	タテコウ
縦型	タテガタ
縦巻き	タテマキ
縦帆	ジュウハン
縦幅	タテハバ
縦抱き	タテダキ
縦揺れ	タテユレ
縦断	ジュウダン
縦断面	ジュウダンメン
縦書き	タテガキ
縦框	タテガマチ
縦棒	タテボウ
縦横無尽	ジュウオウムジン
縦皺	タテジワ
縦目	タテメ
縦社会	タテシャカイ
縦穴	タテアナ
縦笛	タテブエ
縦糸	タテイト
縦組	タテグミ
縦組み	タテグミ
縦結び	タテムスビ
縦縞	タテジマ
縦覧	ジュウラン
縦読み	タテヨミ
縦貫	ジュウカン
縦走	ジュウソウ
縦長	タテナガ
縦陣	ジュウジン
縦隊	ジュウタイ
縦隔	ジュウカク
縫い	ヌイ
縫いあわせる	ヌイアワセル
縫いぐるみ	ヌイグルミ
縫いしろ	ヌイシロ
縫いつける	ヌイツケル
縫いとめる	ヌイトメル
縫いもの	ヌイモノ
縫い上げる	ヌイアゲル
縫い付ける	ヌイツケル
縫い代	ヌイシロ
縫い包み	ヌイグルミ
縫い取り	ヌイトリ
縫い取る	ヌイトル
縫い合せる	ヌイアワセル
縫い合わせる	ヌイアワセル
縫い揚げ	ヌイアゲ
縫い模様	ヌイモヨウ
縫い止める	ヌイトメル
縫い物	ヌイモノ
縫い留める	ヌイトメル
縫い目	ヌイメ
縫い直す	ヌイナオス
縫い箔	ヌイハク
縫い糸	ヌイイト
縫い紋	ヌイモン
縫い込み	ヌイコミ
縫い込む	ヌイコム
縫い返す	ヌイカエス
縫う	ヌウ
縫代	ヌイシロ
縫取り	ヌイトリ
縫合	ホウゴウ
縫工	ホウコウ
縫物	ヌイモノ
縫目	ヌイメ
縫箔	ヌイハク
縫糸	ヌイイト
縫製	ホウセイ
縮かむ	チヂカム
縮こまる	チヂコマル
縮まる	チヂマル
縮み	チヂミ
縮みあがる	チヂミアガル
縮み上がる	チヂミアガル
縮み笹	チヂミザサ
縮み織り	チヂミオリ
縮める	チヂメル
縮らす	チヂラス
縮れ	チヂレ
縮れる	チヂレル
縮れ毛	チヂレゲ
縮写	シュクシャ
縮刷	シュクサツ
縮合	シュクゴウ
縮図	シュクズ
縮小	シュクショウ
縮少	シュクショウ
縮尺	シュクシャク
縮毛	シュクモウ
縮減	シュクゲン
縮瞳	シュクドウ
縮約	シュクヤク
縮絨	シュクジュウ
縮退	シュクタイ
縲絏	ルイセツ
縷々	ルル
縷縷	ルル
縷言	ルゲン
縷説	ルセツ
縷述	ルジュツ
縷陳	ルチン
縹渺	ヒョウビョウ
縹緲	ヒョウビョウ
縹緻	キリョウ
縹色	ハナダイロ
縺れ	モツレ
縺れる	モツレル
縺れ込む	モツレコム
績む	ウム
繁々	シゲシゲ
繁い	シゲイ
繁く	シゲク
繁み	シゲミ
繁り	シゲリ
繁る	シゲル
繁体	ハンタイ
繁体字	ハンタイジ
繁劇	ハンゲキ
繁吹	シブキ
繁多	ハンタ
繁忙	ハンボウ
繁忙期	ハンボウキ
繁昌	ハンジョウ
繁栄	ハンエイ
繁殖	ハンショク
繁殖力	ハンショクリョク
繁用	ハンヨウ
繁盛	ハンジョウ
繁簡	ハンカン
繁繁	シゲシゲ
繁茂	ハンモ
繁華	ハンカ
繁華街	ハンカガイ
繁閑	ハンカン
繁雑	ハンザツ
繃帯	ホウタイ
繊巧	センコウ
繊度	センド
繊手	センシュ
繊月	センゲツ
繊条	センジョウ
繊毛	センモウ
繊細	センサイ
繊維	センイ
繊維学	センイガク
繊維強化プラスチック	センイキョウカプラスチック
繊維状	センイジョウ
繊維素	センイソ
繋がり	ツナガリ
繋がる	ツナガル
繋ぎ	ツナギ
繋ぎあわせる	ツナギアワセル
繋ぎかえる	ツナギカエル
繋ぎとめる	ツナギトメル
繋ぎ合わせる	ツナギアワセル
繋ぎ売り	ツナギウリ
繋ぎ変える	ツナギカエル
繋ぎ服	ツナギフク
繋ぎ止める	ツナギトメル
繋ぎ目	ツナギメ
繋ぐ	ツナグ
繋げる	ツナゲル
繋争	ケイソウ
繋属	ケイゾク
繋留	ケイリュウ
繋累	ケイルイ
繋縛	ケイバク
繋船	ケイセン
繋辞	ケイジ
繍仏	シュウブツ
繍帳	シュウチョウ
繍線菊	シモツケ
織り	オリ
織りあげる	オリアゲル
織りこむ	オリコム
織りなす	オリナス
織りもの	オリモノ
織り上げる	オリアゲル
織り交ざる	オリマザル
織り交ぜる	オリマゼル
織り元	オリモト
織り出す	オリダス
織り合わせる	オリアワセル
織り地	オリジ
織り姫	オリヒメ
織り成す	オリナス
織り混ざる	オリマザル
織り物	オリモノ
織り目	オリメ
織り糸	オリイト
織り込み	オリコミ
織り込む	オリコム
織る	オル
織元	オリモト
織地	オリジ
織女星	ショクジョセイ
織姫	オリヒメ
織布	ショクフ
織成す	オリナス
織物	オリモノ
織物業	オリモノギョウ
織目	オリメ
織込み	オリコミ
織込む	オリコム
繙く	ヒモトク
繚乱	リョウラン
繞らす	メグラス
繞る	メグル
繡帳	シュウチョウ
繩張り	ナワバリ
繫がる	ツナガル
繫ぎとめる	ツナギトメル
繫ぐ	ツナグ
繫げる	ツナゲル
繭玉	マユダマ
繰りあわせる	クリアワセル
繰りかえし	クリカエシ
繰りかえす	クリカエス
繰り上がり	クリアガリ
繰り上がる	クリアガル
繰り上げ	クリアゲ
繰り上げる	クリアゲル
繰り下がる	クリサガル
繰り下げ	クリサゲ
繰り下げる	クリサゲル
繰り入れ	クリイレ
繰り入れる	クリイレル
繰り出す	クリダス
繰り取る	クリトル
繰り合せる	クリアワセル
繰り合わせる	クリアワセル
繰り回す	クリマワス
繰り寄せる	クリヨセル
繰り広げる	クリヒロゲル
繰り延べ	クリノベ
繰り延べる	クリノベル
繰り戸	クリド
繰り戻し	クリモドシ
繰り戻す	クリモドス
繰り拡げる	クリヒロゲル
繰り替える	クリカエル
繰り糸	クリイト
繰り綿	クリワタ
繰り言	クリゴト
繰り越し	クリコシ
繰り越す	クリコス
繰り込み	クリコミ
繰り込む	クリコム
繰り返し	クリカエシ
繰り返し符号	クリカエシフゴウ
繰り返す	クリカエス
繰上	クリアゲ
繰上がり	クリアガリ
繰上げ	クリアゲ
繰上げる	クリアゲル
繰下がる	クリサガル
繰下げ	クリサゲ
繰下げる	クリサゲル
繰入	クリイレ
繰入れ	クリイレ
繰入れる	クリイレル
繰入金	クリイレキン
繰出す	クリダス
繰合わせる	クリアワセル
繰回す	クリマワス
繰寄せる	クリヨセル
繰広げる	クリヒロゲル
繰延べ	クリノベ
繰延べる	クリノベル
繰戸	クリド
繰戻	クリモドシ
繰戻し	クリモドシ
繰戻す	クリモドス
繰拡げる	クリヒロゲル
繰替える	クリカエル
繰綿	クリワタ
繰言	クリゴト
繰越	クリコシ
繰越し	クリコシ
繰越す	クリコス
繰越金	クリコシキン
繰込み	クリコミ
繰込む	クリコム
繰返し	クリカエシ
繰返す	クリカエス
繽紛	ヒンプン
纏い	マトイ
纏い付く	マトイツク
纏う	マトウ
纏まり	マトマリ
纏まる	マトマル
纏め	マトメ
纏める	マトメル
纏め上げる	マトメアゲル
纏め役	マトメヤク
纏め買い	マトメガイ
纏り縫い	マツリヌイ
纏綿	テンメン
纏繞	テンジョウ
纏足	テンソク
纏頭	テントウ
纒足	テンソク
纔か	ワズカ
缶ジュース	カンジュース
缶入り	カンイリ
缶切	カンキリ
缶切り	カンキリ
缶底	カンゾコ
缶焚き	カマタキ
缶蹴り	カンケリ
缺け	カケ
缺ける	カケル
缺乏	ケツボウ
罅割れ	ヒビワレ
罅割れる	ヒビワレル
罐焚き	カマタキ
罨法	アンポウ
罩める	コメル
罪びと	ツミビト
罪ほろぼし	ツミホロボシ
罪作り	ツミツクリ
罪名	ザイメイ
罪悪	ザイアク
罪悪感	ザイアクカン
罪数	ザイスウ
罪業	ザイゴウ
罪深い	ツミブカイ
罪滅ぼし	ツミホロボシ
罪状	ザイジョウ
罪証	ザイショウ
罪責	ザイセキ
罪跡	ザイセキ
罪過	ザイカ
罪障	ザイショウ
罫描	ケガキ
罫描き	ケガキ
罫書	ケガキ
罫書き	ケガキ
罫線	ケイセン
罫線表	ケイセンヒョウ
置いてきぼり	オイテキボリ
置いてけぼり	オイテケボリ
置き	オキ
置きかえる	オキカエル
置きざり	オキザリ
置きどころ	オキドコロ
置きみやげ	オキミヤゲ
置きもの	オキモノ
置き傘	オキガサ
置き台	オキダイ
置き土	オキツチ
置き土産	オキミヤゲ
置き場	オキバ
置き変える	オキカエル
置き字	オキジ
置き屋	オキヤ
置き床	オキドコ
置き引き	オキビキ
置き所	オキドコロ
置き手紙	オキテガミ
置き換え	オキカエ
置き換える	オキカエル
置き換わる	オキカワル
置き時計	オキドケイ
置き替え	オキカエ
置き替える	オキカエル
置き物	オキモノ
置き直す	オキナオス
置き石	オキイシ
置き碁	オキゴ
置き配	オキハイ
置く	オク
置去り	オキザリ
置台	オキダイ
置場	オキバ
置字	オキジ
置屋	オキヤ
置床	オキドコ
置引き	オキビキ
置手紙	オキテガミ
置換	チカン
置換え	オキカエ
置換える	オキカエル
置時計	オキドケイ
置物	オキモノ
置石	オキイシ
置碁	オキゴ
罰あたり	バチアタリ
罰する	バッスル
罰俸	バッポウ
罰則	バッソク
罰当たり	バチアタリ
罰当り	バチアタリ
罰杯	バッパイ
罰点	バッテン
罰符	バップ
罰金	バッキン
罰金刑	バッキンケイ
署する	ショスル
署内	ショナイ
署名	ショメイ
署員	ショイン
署長	ショチョウ
罵り	ノノシリ
罵り言葉	ノノシリコトバ
罵る	ノノシル
罵倒	バトウ
罵声	バセイ
罵言	バゲン
罵詈	バリ
罷める	ヤメル
罷り	マカリ
罷り出る	マカリデル
罷り越す	マカリコス
罷り通る	マカリトオル
罷免	ヒメン
罷免権	ヒメンケン
罷業	ヒギョウ
罹る	カカル
罹患	リカン
罹患率	リカンリツ
罹患者	リカンシャ
罹災	リサイ
罹災者	リサイシャ
罹災証明書	リサイショウメイショ
罹病	リビョウ
羅列	ラレツ
羅刹	ラセツ
羅和	ラワ
羅漢	ラカン
羅紗	ラシャ
羅紗紙	ラシャガミ
羅致	ラチ
羅針	ラシン
羅針盤	ラシンバン
羅針盤座	ラシンバンザ
羇旅	キリョ
羈旅	キリョ
羈絆	キハン
羈縻	キビ
羊かん	ヨウカン
羊乳	ヨウニュウ
羊栖菜	ヒジキ
羊歯	シダ
羊毛	ヨウモウ
羊水	ヨウスイ
羊皮紙	ヨウヒシ
羊群	ヨウグン
羊羮	ヨウカン
羊羹	ヨウカン
羊羹色	ヨウカンイロ
羊脂	ヨウシ
羊腸	ヨウチョウ
羊膜	ヨウマク
羊雲	ヒツジグモ
羊飼い	ヒツジカイ
美々しい	ビビシイ
美しい	ウツクシイ
美ら	チュラ
美乳	ビニュウ
美人画	ビジンガ
美俗	ビゾク
美化	ビカ
美名	ビメイ
美味い	ウマイ
美味しい	オイシイ
美品	ビヒン
美声	ビセイ
美大	ビダイ
美妓	ビギ
美姫	ビキ
美容	ビヨウ
美容室	ビヨウシツ
美容師	ビヨウシ
美容所	ビヨウショ
美容院	ビヨウイン
美少女	ビショウジョ
美少年	ビショウネン
美徳	ビトク
美意識	ビイシキ
美感	ビカン
美技	ビギ
美挙	ビキョ
美文	ビブン
美景	ビケイ
美服	ビフク
美本	ビホン
美果	ビカ
美濃判	ミノバン
美濃紙	ミノガミ
美点	ビテン
美田	ビデン
美白	ビハク
美的	ビテキ
美眉	ビマユ
美神	ビシン
美禄	ビロク
美称	ビショウ
美粧	ビショウ
美美しい	ビビシイ
美育	ビイク
美脚	ビキャク
美術	ビジュツ
美術史	ビジュツシ
美術品	ビジュツヒン
美術大学	ビジュツダイガク
美術家	ビジュツカ
美術書	ビジュツショ
美術界	ビジュツカイ
美術部	ビジュツブ
美術館	ビジュツカン
美装	ビソウ
美観	ビカン
美談	ビダン
美貌	ビボウ
美質	ビシツ
美辞	ビジ
美辞麗句	ビジレイク
美酒	ビシュ
美醜	ビシュウ
美音	ビオン
美顔	ビガン
美風	ビフウ
美食	ビショク
美食学	ビショクガク
美食家	ビショクカ
美髪	ビハツ
美魔女	ビマジョ
美麗	ビレイ
羞かしい	ハズカシイ
羞しい	ハズカシイ
羞じらい	ハジライ
羞じらう	ハジラウ
羞じる	ハジル
羞ずかしい	ハズカシイ
羞らい	ハジライ
羞恥	シュウチ
羞恥心	シュウチシン
羞悪	シュウオ
群がり	ムラガリ
群がる	ムラガル
群れ	ムレ
群れる	ムレル
群れ居る	ムレイル
群れ遊ぶ	ムレアソブ
群れ集う	ムレツドウ
群れ集まる	ムレアツマル
群れ飛ぶ	ムレトブ
群体	グンタイ
群像	グンゾウ
群小	グンショウ
群居	グンキョ
群峰	グンポウ
群島	グントウ
群書	グンショ
群棲	グンセイ
群発	グンパツ
群盗	グントウ
群盲	グンモウ
群竹	ムラタケ
群系	グンケイ
群羊	グンヨウ
群聚	グンシュウ
群臣	グンシン
群舞	グンブ
群落	グンラク
群読	グンドク
群論	グンロン
群議	グンギ
群雀	ムラスズメ
群雄	グンユウ
群集	グンシュウ
群集心理	グンシュウシンリ
群雲	ムラクモ
群青	グンジョウ
群青色	グンジョウイロ
羨しい	ウラヤマシイ
羨ましい	ウラヤマシイ
羨み	ウラヤミ
羨む	ウラヤム
羨望	センボウ
義人	ギジン
義侠	ギキョウ
義兵	ギヘイ
義勇	ギユウ
義勇兵	ギユウヘイ
義勇軍	ギユウグン
義務	ギム
義務付け	ギムヅケ
義務化	ギムカ
義務教育	ギムキョウイク
義務的	ギムテキ
義塾	ギジュク
義士	ギシ
義太夫	ギダユウ
義子	ギシ
義心	ギシン
義憤	ギフン
義戦	ギセン
義手	ギシュ
義挙	ギキョ
義捐	ギエン
義捐金	ギエンキン
義援	ギエン
義援金	ギエンキン
義旗	ギキ
義歯	ギシ
義民	ギミン
義気	ギキ
義烈	ギレツ
義父	ギフ
義理	ギリ
義理立て	ギリダテ
義眼	ギガン
義絶	ギゼツ
義肢	ギシ
義膜	ギマク
義臣	ギシン
義訓	ギクン
義認	ギニン
義賊	ギゾク
義足	ギソク
義軍	ギグン
義金	ギキン
羯鼓	カッコ
羸弱	ルイジャク
羸痩	ルイソウ
羽ばたき	ハバタキ
羽ばたく	ハバタク
羽並	ハナミ
羽並み	ハナミ
羽二重	ハブタエ
羽交い	ハガイ
羽交い締め	ハガイジメ
羽交締め	ハガイジメ
羽休め	ハネヤスメ
羽先	ハサキ
羽化	ウカ
羽団扇	ハウチワ
羽太	ハタ
羽子	ハゴ
羽子板	ハゴイタ
羽布	ハフ
羽布団	ハネブトン
羽振り	ハブリ
羽搏き	ハバタキ
羽搏く	ハバタク
羽撃く	ハバタク
羽数	ハスウ
羽根布団	ハネブトン
羽根突き	ハネツキ
羽根蒲団	ハネブトン
羽根車	ハネグルマ
羽根飾り	ハネカザリ
羽毛	ウモウ
羽白	ハジロ
羽目板	ハメイタ
羽織る	ハオル
羽繕い	ハヅクロイ
羽翼	ウヨク
羽色	ハイロ
羽蒲団	ハネブトン
羽虫	ハムシ
羽虱	ハジラミ
羽裏	ハウラ
羽車	ハグルマ
羽軸	ウジク
羽釜	ハガマ
羽隠し	ハネカクシ
羽風	ハカゼ
羽飾り	ハネカザリ
翁草	オキナグサ
翅脈	シミャク
翌々	ヨクヨク
翌々年	ヨクヨクネン
翌々日	ヨクヨクジツ
翌々月	ヨクヨクゲツ
翌々週	ヨクヨクシュウ
翌る日	アクルヒ
翌年度	ヨクネンド
翌日	ヨクジツ
翌日物	ヨクジツモノ
翌晩	ヨクバン
翌月	ヨクゲツ
翌期	ヨクキ
翌桧	アスナロ
翌檜	アスナロ
翌翌	ヨクヨク
翌翌年	ヨクヨクネン
翌翌日	ヨクヨクジツ
翌翌月	ヨクヨクゲツ
翌週	ヨクシュウ
習い	ナライ
習いごと	ナライゴト
習い事	ナライゴト
習わし	ナラワシ
習わす	ナラワス
習作	シュウサク
習俗	シュウゾク
習合	シュウゴウ
習字	シュウジ
習得	シュウトク
習性	シュウセイ
習慣	シュウカン
習熟	シュウジュク
習熟度	シュウジュクド
習癖	シュウヘキ
習練	シュウレン
翔く	ハバタク
翔ける	カケル
翔ぶ	トブ
翔る	カケル
翔破	ショウハ
翕然	キュウゼン
翠微	スイビ
翠松	スイショウ
翠玉	スイギョク
翠緑	スイリョク
翠黛	スイタイ
翩々	ヘンペン
翩翻	ヘンポン
翫味	ガンミ
翫弄	ガンロウ
翰墨	カンボク
翰林	カンリン
翰林院	カンリンイン
翰長	カンチョウ
翳す	カザス
翳み目	カスミメ
翳り	カゲリ
翳る	カゲル
翳目	カスミメ
翹望	ギョウボウ
翻って	ヒルガエッテ
翻る	ヒルガエル
翻刻	ホンコク
翻字	ホンジ
翻弄	ホンロウ
翻心	ホンシン
翻意	ホンイ
翻案	ホンアン
翻案権	ホンアンケン
翻然	ホンゼン
翻訳	ホンヤク
翻訳家	ホンヤクカ
翻訳権	ホンヤクケン
翻訳者	ホンヤクシャ
翻車魚	マンボウ
翼々	ヨクヨク
翼型	ヨクガタ
翼廊	ヨクロウ
翼手類	ヨクシュルイ
翼棟	ヨクトウ
翼状	ヨクジョウ
翼状片	ヨクジョウヘン
翼竜	ヨクリュウ
翼端	ヨクタン
翼翼	ヨクヨク
翼賛	ヨクサン
翼長	ヨクチョウ
翼龍	ヨクリュウ
耀う	カガヨウ
耀かしい	カガヤカシイ
耀かす	カガヤカス
耀き	カガヤキ
耀く	カガヤク
老い	オイ
老いさらばえる	オイサラバエル
老いぼれ	オイボレ
老いぼれる	オイボレル
老いらく	オイラク
老いる	オイル
老い先	オイサキ
老い木	オイキ
老い耄れ	オイボレ
老い耄れる	オイボレル
老い込む	オイコム
老かい	ロウカイ
老け	フケ
老ける	フケル
老け専	フケセン
老け役	フケヤク
老け込む	フケコム
老け顔	フケガオ
老ゆ	オユ
老人	ロウジン
老人ホーム	ロウジンホーム
老人保健施設	ロウジンホケンシセツ
老人力	ロウジンリョク
老人学	ロウジンガク
老人福祉	ロウジンフクシ
老人福祉法	ロウジンフクシホウ
老体	ロウタイ
老健	ロウケン
老健施設	ロウケンシセツ
老僕	ロウボク
老僧	ロウソウ
老儒	ロウジュ
老優	ロウユウ
老公	ロウコウ
老兵	ロウヘイ
老化	ロウカ
老友	ロウユウ
老境	ロウキョウ
老大家	ロウタイカ
老夫	ロウフ
老夫婦	ロウフウフ
老妓	ロウギ
老妻	ロウサイ
老婆	ロウバ
老婆心	ロウバシン
老婢	ロウヒ
老婦人	ロウフジン
老媼	ロウオウ
老嬢	ロウジョウ
老実	ロウジツ
老害	ロウガイ
老将	ロウショウ
老少	ロウショウ
老巧	ロウコウ
老師	ロウシ
老年	ロウネン
老年学	ロウネンガク
老年期	ロウネンキ
老幼	ロウヨウ
老廃	ロウハイ
老廃物	ロウハイブツ
老弱	ロウジャク
老後	ロウゴ
老手	ロウシュ
老朽	ロウキュウ
老朽化	ロウキュウカ
老来	ロウライ
老梅	ロウバイ
老樹	ロウジュ
老死	ロウシ
老母	ロウボ
老熟	ロウジュク
老父	ロウフ
老犬	ロウケン
老猫	ロウビョウ
老獪	ロウカイ
老生	ロウセイ
老病	ロウビョウ
老眼	ロウガン
老眼鏡	ロウガンキョウ
老練	ロウレン
老耄れ	オイボレ
老耄れる	オイボレル
老臣	ロウシン
老荘	ロウソウ
老衰	ロウスイ
老衲	ロウノウ
老視	ロウシ
老親	ロウシン
老身	ロウシン
老躯	ロウク
老軀	ロウク
老輩	ロウハイ
老農	ロウノウ
老酒	ロウシュ
老醜	ロウシュウ
老鋪	ロウホ
老雄	ロウユウ
老馬	ロウバ
老骨	ロウコツ
老鶯	ロウオウ
老齢	ロウレイ
老齢年金	ロウレイネンキン
考え	カンガエ
考えあわせる	カンガエアワセル
考えこむ	カンガエコム
考えごと	カンガエゴト
考えだす	カンガエダス
考えつく	カンガエツク
考えなおす	カンガエナオス
考えもの	カンガエモノ
考える	カンガエル
考え事	カンガエゴト
考え付く	カンガエツク
考え併せる	カンガエアワセル
考え出す	カンガエダス
考え合せる	カンガエアワセル
考え合わせる	カンガエアワセル
考え方	カンガエカタ
考え深い	カンガエブカイ
考え物	カンガエモノ
考え直す	カンガエナオス
考え込む	カンガエコム
考え違い	カンガエチガイ
考古	コウコ
考古学	コウコガク
考妣	コウヒ
考察	コウサツ
考慮	コウリョ
考按	コウアン
考査	コウサ
考案	コウアン
考現学	コウゲンガク
考究	コウキュウ
考覈	コウカク
考証	コウショウ
考証学	コウショウガク
考試	コウシ
考課	コウカ
考課表	コウカヒョウ
考量	コウリョウ
耄碌	モウロク
而も	シカモ
耐えしのぶ	タエシノブ
耐える	タエル
耐え凌ぐ	タエシノグ
耐え忍ぶ	タエシノブ
耐久	タイキュウ
耐久性	タイキュウセイ
耐久財	タイキュウザイ
耐乏	タイボウ
耐候性	タイコウセイ
耐刃	タイジン
耐圧	タイアツ
耐容	タイヨウ
耐寒	タイカン
耐寒性	タイカンセイ
耐性	タイセイ
耐性菌	タイセイキン
耐摩耗性	タイマモウセイ
耐暑	タイショ
耐水	タイスイ
耐水性	タイスイセイ
耐油性	タイユセイ
耐湿	タイシツ
耐火	タイカ
耐火建築物	タイカケンチクブツ
耐火性	タイカセイ
耐火物	タイカブツ
耐熱	タイネツ
耐熱性	タイネツセイ
耐燃性	タイネンセイ
耐用	タイヨウ
耐用年数	タイヨウネンスウ
耐病性	タイビョウセイ
耐蝕	タイショク
耐酸	タイサン
耐雪	タイセツ
耐震	タイシン
耐震化	タイシンカ
耐震基準	タイシンキジュン
耐震性	タイシンセイ
耐風	タイフウ
耐風性	タイフウセイ
耐食	タイショク
耐食性	タイショクセイ
耕うん	コウウン
耕す	タガヤス
耕作	コウサク
耕作者	コウサクシャ
耕土	コウド
耕地	コウチ
耕種	コウシュ
耕耘	コウウン
耕耘機	コウウンキ
耕運機	コウウンキ
耳あか	ミミアカ
耳うち	ミミウチ
耳かき	ミミカキ
耳かす	ミミカス
耳くそ	ミミクソ
耳ざとい	ミミザトイ
耳ざわり	ミミザワリ
耳たぶ	ミミタブ
耳もと	ミミモト
耳より	ミミヨリ
耳コピ	ミミコピ
耳タコ	ミミタコ
耳下腺	ジカセン
耳下腺炎	ジカセンエン
耳介	ジカイ
耳偏	ミミヘン
耳元	ミミモト
耳垂れ	ミミダレ
耳塚	ミミヅカ
耳孔	ジコウ
耳学問	ミミガクモン
耳寄り	ミミヨリ
耳小骨	ジショウコツ
耳年増	ミミドシマ
耳当て	ミミアテ
耳慣れる	ミミナレル
耳打ち	ミミウチ
耳抜き	ミミヌキ
耳掃除	ミミソウジ
耳掻き	ミミカキ
耳擦り	ミミコスリ
耳新しい	ミミアタラシイ
耳標	ジヒョウ
耳殻	ジカク
耳滓	ミミカス
耳珠	ジジュ
耳環	ミミワ
耳疾	ジシツ
耳石	ジセキ
耳管	ジカン
耳糞	ミミクソ
耳聡い	ミミザトイ
耳胼胝	ミミタコ
耳腔	ジコウ
耳触り	ミミザワリ
耳許	ミミモト
耳語	ジゴ
耳輪	ミミワ
耳遠い	ミミドオイ
耳金	ミミガネ
耳障り	ミミザワリ
耳隠し	ミミカクシ
耳順	ジジュン
耳飾り	ミミカザリ
耳馴れる	ミミナレル
耳鳴り	ミミナリ
耳鼻	ジビ
耳鼻咽喉科	ジビインコウカ
耳鼻科	ジビカ
耶蘇	ヤソ
耶蘇教	ヤソキョウ
耻じる	ハジル
耽ける	フケル
耽る	フケル
耽溺	タンデキ
耽美	タンビ
耽読	タンドク
聊か	イササカ
聖い	キヨイ
聖上	セイジョウ
聖代	セイダイ
聖体	セイタイ
聖像	セイゾウ
聖具	セイグ
聖典	セイテン
聖別	セイベツ
聖刻文字	セイコクモジ
聖化	セイカ
聖句	セイク
聖哲	セイテツ
聖地	セイチ
聖域	セイイキ
聖堂	セイドウ
聖夜	セイヤ
聖女	セイジョ
聖家族	セイカゾク
聖寵	セイチョウ
聖寿	セイジュ
聖帝	セイテイ
聖廟	セイビョウ
聖徒	セイト
聖性	セイセイ
聖恩	セイオン
聖戦	セイセン
聖断	セイダン
聖日	セイジツ
聖書	セイショ
聖書学	セイショガク
聖杯	セイハイ
聖柄	ヒジリヅカ
聖樹	セイジュ
聖歌	セイカ
聖歌隊	セイカタイ
聖殿	セイデン
聖母	セイボ
聖母子	セイボシ
聖水	セイスイ
聖油	セイユ
聖火	セイカ
聖王	セイオウ
聖画	セイガ
聖痕	セイコン
聖目	セイモク
聖祭	セイサイ
聖職	セイショク
聖職者	セイショクシャ
聖誕祭	セイタンサイ
聖賢	セイケン
聖蹟	セイセキ
聖遷	セイセン
聖都	セイト
聖餐式	セイサンシキ
聚居	シュウキョ
聚散	シュウサン
聚楽	ジュラク
聚集	シュウシュウ
聞え	キコエ
聞えよがし	キコエヨガシ
聞える	キコエル
聞かす	キカス
聞かせる	キカセル
聞きあきる	キキアキル
聞きおぼえ	キキオボエ
聞きおぼえる	キキオボエル
聞きおよぶ	キキオヨブ
聞きかえす	キキカエス
聞きかじる	キキカジル
聞きこむ	キキコム
聞きただす	キキタダス
聞きだす	キキダス
聞きつける	キキツケル
聞きとがめる	キキトガメル
聞きとどける	キキトドケル
聞きとる	キキトル
聞きどころ	キキドコロ
聞きなおす	キキナオス
聞きながす	キキナガス
聞きなす	キキナス
聞きほれる	キキホレル
聞きもの	キキモノ
聞きもらす	キキモラス
聞きわける	キキワケル
聞き上手	キキジョウズ
聞き下手	キキベタ
聞き付ける	キキツケル
聞き伝える	キキツタエル
聞き做す	キキナス
聞き入る	キキイル
聞き入れる	キキイレル
聞き出す	キキダス
聞き分け	キキワケ
聞き分ける	キキワケル
聞き及ぶ	キキオヨブ
聞き取り	キキトリ
聞き取る	キキトル
聞き合せ	キキアワセ
聞き合せる	キキアワセル
聞き合わせる	キキアワセル
聞き咎める	キキトガメル
聞き外す	キキハズス
聞き届ける	キキトドケル
聞き役	キキヤク
聞き応え	キキゴタエ
聞き惚れる	キキホレル
聞き所	キキドコロ
聞き手	キキテ
聞き捨てる	キキステル
聞き方	キキカタ
聞き書	キキガキ
聞き書き	キキガキ
聞き正す	キキタダス
聞き洩らす	キキモラス
聞き流す	キキナガス
聞き漏らす	キキモラス
聞き澄ます	キキスマス
聞き物	キキモノ
聞き直す	キキナオス
聞き知る	キキシル
聞き糺す	キキタダス
聞き納め	キキオサメ
聞き置く	キキオク
聞き耳	キキミミ
聞き苦しい	キキグルシイ
聞き落し	キキオトシ
聞き落す	キキオトス
聞き落とす	キキオトス
聞き覚え	キキオボエ
聞き覚える	キキオボエル
聞き質す	キキタダス
聞き込み	キキコミ
聞き込む	キキコム
聞き返す	キキカエス
聞き逃す	キキノガス
聞き過ごす	キキスゴス
聞き過す	キキスゴス
聞き違い	キキチガイ
聞き違える	キキチガエル
聞き酒	キキザケ
聞き飽きる	キキアキル
聞き齧る	キキカジル
聞く	キク
聞ける	キケル
聞こえ	キコエ
聞こえよがし	キコエヨガシ
聞こえる	キコエル
聞こし召す	キコシメス
聞ゆ	キコユ
聞ゆる	キコユル
聞上手	キキジョウズ
聞付ける	キキツケル
聞入る	キキイル
聞入れる	キキイレル
聞出す	キキダス
聞分け	キキワケ
聞分ける	キキワケル
聞取り	キキトリ
聞取る	キキトル
聞外す	キキハズス
聞届ける	キキトドケル
聞屋	ブンヤ
聞役	キキヤク
聞手	キキテ
聞書	キキガキ
聞書き	キキガキ
聞流す	キキナガス
聞物	キキモノ
聞知	ブンチ
聞耳	キキミミ
聞苦しい	キキグルシイ
聞茶	キキチャ
聞込み	キキコミ
聞込む	キキコム
聞返す	キキカエス
聞過ごす	キキスゴス
聞酒	キキザケ
聡い	サトイ
聡敏	ソウビン
聡明	ソウメイ
聯句	レンク
聯合	レンゴウ
聯弾	レンダン
聯想	レンソウ
聯珠	レンジュ
聯盟	レンメイ
聯立	レンリツ
聯絡	レンラク
聯繋	レンケイ
聯邦	レンポウ
聯関	レンカン
聯隊	レンタイ
聰明	ソウメイ
聳える	ソビエル
聳え立つ	ソビエタツ
聳やかす	ソビヤカス
聳立	ショウリツ
聴える	キコエル
聴き	キキ
聴きどころ	キキドコロ
聴きながす	キキナガス
聴きほれる	キキホレル
聴き入る	キキイル
聴き処	キキドコロ
聴き取り	キキトリ
聴き取る	キキトル
聴き惚れる	キキホレル
聴き手	キキテ
聴き方	キキカタ
聴き流す	キキナガス
聴き耳	キキミミ
聴き込む	キキコム
聴く	キク
聴こえる	キコエル
聴力	チョウリョク
聴取	チョウシュ
聴取り	キキトリ
聴取る	キキトル
聴取者	チョウシュシャ
聴従	チョウジュウ
聴手	キキテ
聴罪	チョウザイ
聴者	チョウシャ
聴聞	チョウモン
聴衆	チョウシュウ
聴視	チョウシ
聴覚	チョウカク
聴覚障害	チョウカクショウガイ
聴覚障害者	チョウカクショウガイシャ
聴解	チョウカイ
聴許	チョウキョ
聴診	チョウシン
聴診器	チョウシンキ
聴講	チョウコウ
聴講生	チョウコウセイ
聴音	チョウオン
聴音機	チョウオンキ
職人	ショクニン
職人技	ショクニンワザ
職人芸	ショクニンゲイ
職位	ショクイ
職住	ショクジュウ
職分	ショクブン
職制	ショクセイ
職務	ショクム
職務内容	ショクムナイヨウ
職務怠慢	ショクムタイマン
職務発明	ショクムハツメイ
職務経験	ショクムケイケン
職務給	ショクムキュウ
職務質問	ショクムシツモン
職印	ショクイン
職名	ショクメイ
職員	ショクイン
職員室	ショクインシツ
職員録	ショクインロク
職域	ショクイキ
職場	ショクバ
職場復帰	ショクバフッキ
職場環境	ショクバカンキョウ
職安	ショクアン
職層	ショクソウ
職工	ショッコウ
職掌	ショクショウ
職探し	ショクサガシ
職業	ショクギョウ
職業安定法	ショクギョウアンテイホウ
職業柄	ショクギョウガラ
職業病	ショクギョウビョウ
職業的	ショクギョウテキ
職業能力開発促進法	ショクギョウノウリョクカイハツソクシンホウ
職業能力開発大学校	ショクギョウノウリョクカイハツダイガッコウ
職業観	ショクギョウカン
職業訓練	ショクギョウクンレン
職権	ショッケン
職歴	ショクレキ
職種	ショクシュ
職組	ショクソ
職群	ショクグン
職能	ショクノウ
職能給	ショクノウキュウ
職責	ショクセキ
職質	ショクシツ
職長	ショクチョウ
職階	ショッカイ
職階制	ショッカイセイ
聾する	ロウスル
聾唖	ロウア
聾啞	ロウア
聾学校	ロウガッコウ
聾桟敷	ツンボサジキ
聾者	ロウシャ
肇国	チョウコク
肉じゃが	ニクジャガ
肉たたき	ニクタタキ
肉だんご	ニクダンゴ
肉づき	ニクヅキ
肉づく	ニクヅク
肉づけ	ニクヅケ
肉まん	ニクマン
肉ジャガ	ニクジャガ
肉ヒダ	ニクヒダ
肉付く	ニクヅク
肉付け	ニクヅケ
肉体	ニクタイ
肉体労働	ニクタイロウドウ
肉体的	ニクタイテキ
肉体美	ニクタイビ
肉入れ	ニクイレ
肉厚	ニクアツ
肉叢	シシムラ
肉叩き	ニクタタキ
肉団子	ニクダンゴ
肉声	ニクセイ
肉壺	ニクツボ
肉太	ニクブト
肉屋	ニクヤ
肉幹	ニクカン
肉店	ニクテン
肉弾	ニクダン
肉慾	ニクヨク
肉月	ニクヅキ
肉柱	ニクチュウ
肉棒	ニクボウ
肉欲	ニクヨク
肉池	ニクチ
肉片	ニクヘン
肉牛	ニクギュウ
肉球	ニクキュウ
肉用種	ニクヨウシュ
肉界	ニクカイ
肉的	ニクテキ
肉穴	ニクアナ
肉筆	ニクヒツ
肉粉	ニクフン
肉細	ニクボソ
肉置き	シシオキ
肉腫	ニクシュ
肉色	ニクイロ
肉襞	ニクヒダ
肉親	ニクシン
肉質	ニクシツ
肉迫	ニクハク
肉鍋	ニクナベ
肉離れ	ニクバナレ
肉類	ニクルイ
肉食妻帯	ニクジキサイタイ
肉食性	ニクショクセイ
肉食系	ニクショクケイ
肉饅	ニクマン
肉骨粉	ニクコップン
肋木	ロクボク
肋材	ロクザイ
肋筋	アバラキン
肋膜	ロクマク
肋膜炎	ロクマクエン
肋間	ロッカン
肋間筋	ロッカンキン
肌あれ	ハダアレ
肌ざわり	ハダザワリ
肌つや	ハダツヤ
肌合	ハダアイ
肌合い	ハダアイ
肌着	ハダギ
肌脱ぎ	ハダヌギ
肌色	ハダイロ
肌艶	ハダツヤ
肌荒れ	ハダアレ
肌落ち	ハダオチ
肌襦袢	ハダジュバン
肌見せ	ハダミセ
肌触り	ハダザワリ
肌質	ハダシツ
肌身	ハダミ
肖像権	ショウゾウケン
肖像画	ショウゾウガ
肘当て	ヒジアテ
肘打ち	ヒジウチ
肘掛	ヒジカケ
肘掛け	ヒジカケ
肘木	ヒジキ
肘枕	ヒジマクラ
肘鉄	ヒジテツ
肚裏	トリ
肛門	コウモン
肛門期	コウモンキ
肛門科	コウモンカ
肝いり	キモイリ
肝がん	カンガン
肝だめし	キモダメシ
肝っ玉	キモッタマ
肝不全	カンフゼン
肝入り	キモイリ
肝吸	キモスイ
肝吸い	キモスイ
肝吸虫	カンキュウチュウ
肝心	カンジン
肝機能	カンキノウ
肝機能障害	カンキノウショウガイ
肝油	カンユ
肝炎	カンエン
肝炎ウイルス	カンエンウイルス
肝煎	キモイリ
肝煎り	キモイリ
肝癌	カンガン
肝硬変	カンコウヘン
肝細胞がん	カンサイボウガン
肝細胞ガン	カンサイボウガン
肝細胞癌	カンサイボウガン
肝胆	カンタン
肝腎	カンジン
肝臓	カンゾウ
肝臓がん	カンゾウガン
肝臓ガン	カンゾウガン
肝臓病	カンゾウビョウ
肝臓癌	カンゾウガン
肝要	カンヨウ
肝試し	キモダメシ
肝銘	カンメイ
肝門	カンモン
股がる	マタガル
股ぐら	マタグラ
股ずれ	マタズレ
股下	マタシタ
股割り	マタワリ
股布	マタヌノ
股座	マタグラ
股引	モモヒキ
股引き	モモヒキ
股擦れ	マタズレ
股旅	マタタビ
股木	マタギ
股火	マタビ
股立	モモダチ
股立ち	モモダチ
股肉	モモニク
股肱	ココウ
股間	コカン
股関節	コカンセツ
肢体	シタイ
肢体不自由児	シタイフジユウジ
肥える	コエル
肥え土	コエツチ
肥え太る	コエフトル
肥し	コヤシ
肥す	コヤス
肥たご	コエタゴ
肥だめ	コエダメ
肥やし	コヤシ
肥やす	コヤス
肥よく	ヒヨク
肥る	フトル
肥効	ヒコウ
肥厚	ヒコウ
肥取り	コエトリ
肥壺	コエツボ
肥大	ヒダイ
肥大化	ヒダイカ
肥料	ヒリョウ
肥桶	コエオケ
肥沃	ヒヨク
肥満	ヒマン
肥満児	ヒマンジ
肥満症	ヒマンショウ
肥溜	コエダメ
肥溜め	コエダメ
肥立ち	ヒダチ
肥育	ヒイク
肥胖	ヒハン
肥馬	ヒバ
肩あげ	カタアゲ
肩がわり	カタガワリ
肩こり	カタコリ
肩ごし	カタゴシ
肩すかし	カタスカシ
肩たたき	カタタタキ
肩つき	カタツキ
肩ひじ	カタヒジ
肩ひも	カタヒモ
肩もみ	カタモミ
肩上げ	カタアゲ
肩付き	カタツキ
肩代り	カタガワリ
肩代わり	カタガワリ
肩先	カタサキ
肩入れ	カタイレ
肩凝り	カタコリ
肩口	カタグチ
肩叩き	カタタタキ
肩山	カタヤマ
肩幅	カタハバ
肩当	カタアテ
肩当て	カタアテ
肩息	カタイキ
肩掛	カタカケ
肩掛け	カタカケ
肩揉み	カタモミ
肩揚	カタアゲ
肩揚げ	カタアゲ
肩書	カタガキ
肩書き	カタガキ
肩替り	カタガワリ
肩替わり	カタガワリ
肩甲	ケンコウ
肩甲骨	ケンコウコツ
肩紐	カタヒモ
肩肘	カタヒジ
肩胛骨	ケンコウコツ
肩衝	カタツキ
肩衣	カタギヌ
肩越し	カタゴシ
肩身	カタミ
肩車	カタグルマ
肩透かし	カタスカシ
肩部	ケンブ
肩骨	ケンコツ
肯じる	ガエンジル
肯ずる	ガエンズル
肯んじる	ガエンジル
肯んずる	ガエンズル
肯定	コウテイ
肯定文	コウテイブン
肯定的	コウテイテキ
肯綮	コウケイ
肯諾	コウダク
育くむ	ハグクム
育ち	ソダチ
育ちゆく	ソダチユク
育ち盛り	ソダチザカリ
育ち行く	ソダチユク
育つ	ソダツ
育て	ソダテ
育てあげる	ソダテアゲル
育てる	ソダテル
育て上げる	ソダテアゲル
育て親	ソダテオヤ
育む	ハグクム
育ボス	イクボス
育メン	イクメン
育休	イクキュウ
育児	イクジ
育児介護休業法	イクジカイゴキュウギョウホウ
育児休暇	イクジキュウカ
育児休業	イクジキュウギョウ
育児休業給付	イクジキュウギョウキュウフ
育児放棄	イクジホウキ
育児時間	イクジジカン
育成	イクセイ
育林	イクリン
育樹	イクジュ
育毛	イクモウ
育毛剤	イクモウザイ
育種	イクシュ
育種学	イクシュガク
育種家	イクシュカ
育苗	イクビョウ
育英	イクエイ
育雛	イクスウ
肺がん	ハイガン
肺ガン	ハイガン
肺動脈	ハイドウミャク
肺吸虫	ハイキュウチュウ
肺尖	ハイセン
肺循環	ハイジュンカン
肺性心	ハイセイシン
肺患	ハイカン
肺気腫	ハイキシュ
肺水腫	ハイスイシュ
肺活量	ハイカツリョウ
肺浸潤	ハイシンジュン
肺炎	ハイエン
肺炎球菌	ハイエンキュウキン
肺病	ハイビョウ
肺癌	ハイガン
肺結核	ハイケッカク
肺肝	ハイカン
肺胞	ハイホウ
肺腑	ハイフ
肺臓	ハイゾウ
肺葉	ハイヨウ
肺門	ハイモン
肺静脈	ハイジョウミャク
肺魚	ハイギョ
胃がん	イガン
胃の腑	イノフ
胃もたれ	イモタレ
胃ろう	イロウ
胃ガン	イガン
胃下垂	イカスイ
胃凭れ	イモタレ
胃壁	イヘキ
胃底	イテイ
胃弱	イジャク
胃拡張	イカクチョウ
胃散	イサン
胃洗浄	イセンジョウ
胃液	イエキ
胃潰瘍	イカイヨウ
胃炎	イエン
胃病	イビョウ
胃痙攣	イケイレン
胃痛	イツウ
胃瘻	イロウ
胃癌	イガン
胃管	イカン
胃粘膜	イネンマク
胃腸	イチョウ
胃腸炎	イチョウエン
胃腸薬	イチョウヤク
胃腺	イセン
胃薬	イグスリ
胃袋	イブクロ
胃酸	イサン
胃酸過多症	イサンカタショウ
胆のう	タンノウ
胆力	タンリョク
胆嚢	タンノウ
胆嚢がん	タンノウガン
胆嚢ガン	タンノウガン
胆嚢炎	タンノウエン
胆嚢癌	タンノウガン
胆囊	タンノウ
胆気	タンキ
胆汁	タンジュウ
胆汁質	タンジュウシツ
胆汁酸	タンジュウサン
胆玉	キモダマ
胆略	タンリャク
胆石	タンセキ
胆石症	タンセキショウ
胆管	タンカン
胆管がん	タンカンガン
胆管炎	タンカンエン
胆管癌	タンカンガン
胆試し	キモダメシ
背く	ソムク
背ける	ソムケル
背すじ	セスジ
背なか	セナカ
背のう	ハイノウ
背の君	セノキミ
背びれ	セビレ
背もたれ	セモタレ
背わた	セワタ
背ワタ	セワタ
背乾鯨	セビクジラ
背任	ハイニン
背任罪	ハイニンザイ
背信	ハイシン
背光性	ハイコウセイ
背凭れ	セモタレ
背割り	セワリ
背反	ハイハン
背嚢	ハイノウ
背囊	ハイノウ
背圧	ハイアツ
背子	セコ
背屈	ハイクツ
背広	セビロ
背広組	セビログミ
背徳	ハイトク
背戸	セド
背戻	ハイレイ
背抜き	セヌキ
背教	ハイキョウ
背斜	ハイシャ
背日性	ハイジツセイ
背景	ハイケイ
背景音楽	ハイケイオンガク
背水	ハイスイ
背泳ぎ	セオヨギ
背理	ハイリ
背理法	ハイリホウ
背番号	セバンゴウ
背痛	ハイツウ
背皮	セガワ
背筋力	ハイキンリョク
背約	ハイヤク
背縫い	セヌイ
背美鯨	セミクジラ
背脂	セアブラ
背腸	セワタ
背臨	ハイリン
背表紙	セビョウシ
背負子	ショイコ
背走	ハイソウ
背越し	セゴシ
背部	ハイブ
背開き	セビラキ
背離	ハイリ
背面	ハイメン
背革	セガワ
背馳	ハイチ
背骨	セボネ
背高	セイタカ
背高鷸	セイタカシギ
背鰭	セビレ
胎仔	タイジ
胎便	タイベン
胎児	タイジ
胎内	タイナイ
胎動	タイドウ
胎嚢	タイノウ
胎土	タイド
胎教	タイキョウ
胎毒	タイドク
胎生	タイセイ
胎盤	タイバン
胎脂	タイシ
胎芽	タイガ
胎蔵	タイゾウ
胎蔵界	タイゾウカイ
胎齢	タイレイ
胚乳	ハイニュウ
胚子	ハイシ
胚性	ハイセイ
胚珠	ハイシュ
胚盤	ハイバン
胚盤胞	ハイバンホウ
胚移植	ハイイショク
胚胎	ハイタイ
胚膜	ハイマク
胚芽	ハイガ
胚芽米	ハイガマイ
胚葉	ハイヨウ
胚軸	ハイジク
胞子	ホウシ
胞子体	ホウシタイ
胞子葉	ホウシヨウ
胞状	ホウジョウ
胞胚	ホウハイ
胡乱	ウロン
胡人	コジン
胡地	コチ
胡弓	コキュウ
胡散	ウサン
胡桃割り	クルミワリ
胡椒	コショウ
胡椒草	コショウソウ
胡琴	コキン
胡瓜魚	キュウリウオ
胡粉	ゴフン
胡蘆	コロ
胡虜	コリョ
胡蝶	コチョウ
胡蝶蘭	コチョウラン
胡頽子	グミ
胡麻	ゴマ
胡麻化し	ゴマカシ
胡麻化す	ゴマカス
胡麻塩	ゴマシオ
胡麻油	ゴマアブラ
胡麻鯖	ゴマサバ
胯間	コカン
胴まわり	ドウマワリ
胴上げ	ドウアゲ
胴中	ドウナカ
胴丸	ドウマル
胴乱	ドウラン
胴体	ドウタイ
胴元	ドウモト
胴切り	ドウギリ
胴取	ドウトリ
胴取り	ドウトリ
胴回り	ドウマワリ
胴囲	ドウイ
胴巻き	ドウマキ
胴忘れ	ドウワスレ
胴慾	ドウヨク
胴欲	ドウヨク
胴着	ドウギ
胴突き	ドウヅキ
胴締め	ドウジメ
胴親	ドウオヤ
胴部	ドウブ
胴長	ドウナガ
胴間声	ドウマゴエ
胴震い	ドウブルイ
胸きゅん	ムネキュン
胸ぐら	ムナグラ
胸さわぎ	ムナサワギ
胸びれ	ムナビレ
胸もと	ムナモト
胸キュン	ムネキュン
胸三寸	ムネサンズン
胸中	キョウチュウ
胸倉	ムナグラ
胸像	キョウゾウ
胸元	ムナモト
胸先	ムナサキ
胸回り	ムネマワリ
胸囲	キョウイ
胸壁	キョウヘキ
胸奥	キョウオウ
胸幅	ムネハバ
胸底	キョウテイ
胸懐	キョウカイ
胸板	ムナイタ
胸椎	キョウツイ
胸毛	ムナゲ
胸水	キョウスイ
胸甲	キョウコウ
胸痛	キョウツウ
胸積もり	ムナヅモリ
胸突き八丁	ムナツキハッチョウ
胸章	キョウショウ
胸筋	キョウキン
胸肉	ムネニク
胸腺	キョウセン
胸膜	キョウマク
胸膜炎	キョウマクエン
胸臆	キョウオク
胸苦しい	ムナグルシイ
胸裏	キョウリ
胸裡	キョウリ
胸襟	キョウキン
胸許	ムナモト
胸部	キョウブ
胸部外科	キョウブゲカ
胸郭	キョウカク
胸鎖	キョウサ
胸間	キョウカン
胸飾り	ムネカザリ
胸騒ぎ	ムナサワギ
胸骨	キョウコツ
胸鰭	ムナビレ
胸黒	ムナグロ
能く	ヨク
能事	ノウジ
能力給	ノウリョクキュウ
能力者	ノウリョクシャ
能力開発	ノウリョクカイハツ
能動	ノウドウ
能動性	ノウドウセイ
能動態	ノウドウタイ
能動的	ノウドウテキ
能吏	ノウリ
能天気	ノウテンキ
能弁	ノウベン
能役者	ノウヤクシャ
能才	ノウサイ
能文	ノウブン
能書き	ノウガキ
能格	ノウカク
能楽	ノウガク
能楽堂	ノウガクドウ
能楽師	ノウガクシ
能率	ノウリツ
能率的	ノウリツテキ
能率給	ノウリツキュウ
能筆	ノウヒツ
能管	ノウカン
能舞台	ノウブタイ
能記	ノウキ
能転気	ノウテンキ
能開法	ノウカイホウ
能面	ノウメン
脂ぎる	アブラギル
脂っこい	アブラッコイ
脂ギッシュ	アブラギッシュ
脂下がる	ヤニサガル
脂取り紙	アブラトリガミ
脂性	アブラショウ
脂抜き	アブラヌキ
脂気	アブラケ
脂汗	アブラアセ
脂汚れ	アブラヨゴレ
脂溶性	シヨウセイ
脂漏	シロウ
脂粉	シフン
脂肉	アブラニク
脂肪	シボウ
脂肪肝	シボウカン
脂肪腫	シボウシュ
脂肪酸	シボウサン
脂腺	シセン
脂薬	アブラグスリ
脂質	シシツ
脂足	アブラアシ
脂身	アブラミ
脅え	オビエ
脅える	オビエル
脅し	オドシ
脅しつける	オドシツケル
脅し付ける	オドシツケル
脅し取る	オドシトル
脅す	オドス
脅威	キョウイ
脅迫	キョウハク
脅迫文	キョウハクブン
脅迫状	キョウハクジョウ
脅迫罪	キョウハクザイ
脆い	モロイ
脆化	ゼイカ
脆弱	ゼイジャク
脆弱性	ゼイジャクセイ
脇の下	ワキノシタ
脇付	ワキヅケ
脇差	ワキザシ
脇差し	ワキザシ
脇座	ワキザ
脇役	ワキヤク
脇息	キョウソク
脇戸	ワキド
脇指	ワキザシ
脇机	ワキヅクエ
脇柱	ワキバシラ
脇毛	ワキゲ
脇目	ワキメ
脇能	ワキノウ
脇腹	ワキバラ
脇芽	ワキメ
脇見	ワキミ
脇道	ワキミチ
脈々	ミャクミャク
脈うつ	ミャクウツ
脈動	ミャクドウ
脈圧	ミャクアツ
脈所	ミャクドコロ
脈打つ	ミャクウツ
脈拍	ミャクハク
脈搏	ミャクハク
脈波	ミャクハ
脈理	ミャクリ
脈管学	ミャッカンガク
脈絡	ミャクラク
脈絡膜	ミャクラクマク
脈翅類	ミャクシルイ
脈脈	ミャクミャク
脈診	ミャクシン
脊柱	セキチュウ
脊梁	セキリョウ
脊椎	セキツイ
脊椎動物	セキツイドウブツ
脊椎炎	セキツイエン
脊椎骨	セキツイコツ
脊索	セキサク
脊骨	セボネ
脊髄	セキズイ
脊髄炎	セキズイエン
脚下	キャッカ
脚光	キャッコウ
脚半	キャハン
脚本	キャクホン
脚本家	キャクホンカ
脚榻	キャタツ
脚注	キャクチュウ
脚立	キャタツ
脚絆	キャハン
脚線美	キャクセンビ
脚色	キャクショク
脚註	キャクチュウ
脚質	キャクシツ
脚部	キャクブ
脚韻	キャクイン
脛巾	ハバキ
脛当て	スネアテ
脛楯	ハイダテ
脛毛	スネゲ
脛節	ケイセツ
脛肉	スネニク
脛骨	ケイコツ
脛齧り	スネカジリ
脩竹	シュウチク
脱がす	ヌガス
脱ぎ捨てる	ヌギステル
脱ぎ揃える	ヌギソロエル
脱ぎ棄てる	ヌギステル
脱ぎ着	ヌギキ
脱ぐ	ヌグ
脱け	ヌケ
脱けだす	ヌケダス
脱ける	ヌケル
脱け出す	ヌケダス
脱け出る	ヌケデル
脱け殻	ヌケガラ
脱げる	ヌゲル
脱する	ダッスル
脱そ	ダッソ
脱亜入欧	ダツアニュウオウ
脱会	ダッカイ
脱俗	ダツゾク
脱兎	ダット
脱党	ダットウ
脱出	ダッシュツ
脱力	ダツリョク
脱力感	ダツリョクカン
脱北者	ダッポクシャ
脱却	ダッキャク
脱営	ダツエイ
脱垂	ダッスイ
脱塩	ダツエン
脱字	ダツジ
脱帽	ダツボウ
脱文	ダツブン
脱殻	ヌケガラ
脱毛	ダツモウ
脱毛剤	ダツモウザイ
脱毛症	ダツモウショウ
脱水	ダッスイ
脱水機	ダッスイキ
脱水症	ダッスイショウ
脱法	ダッポウ
脱漏	ダツロウ
脱灰	ダッカイ
脱炭	ダッタン
脱炭素	ダツタンソ
脱炭素化	ダツタンソカ
脱獄	ダツゴク
脱疽	ダッソ
脱皮	ダッピ
脱着	ダッチャク
脱硝	ダッショウ
脱硫	ダツリュウ
脱税	ダツゼイ
脱稿	ダッコウ
脱穀	ダッコク
脱穀機	ダッコクキ
脱窒	ダッチツ
脱糞	ダップン
脱線	ダッセン
脱肛	ダッコウ
脱脂	ダッシ
脱脂粉乳	ダッシフンニュウ
脱脂綿	ダッシメン
脱腸	ダッチョウ
脱臭	ダッシュウ
脱臭剤	ダッシュウザイ
脱臼	ダッキュウ
脱船	ダッセン
脱色	ダッショク
脱色剤	ダッショクザイ
脱落	ダツラク
脱藩	ダッパン
脱衣場	ダツイジョウ
脱走	ダッソウ
脱輪	ダツリン
脱退	ダッタイ
脱酸	ダッサン
脱離	ダツリ
脱魂	ダッコン
脳みそ	ノウミソ
脳トレ	ノウトレ
脳ドック	ノウドック
脳下垂体	ノウカスイタイ
脳内	ノウナイ
脳内圧	ノウナイアツ
脳出血	ノウシュッケツ
脳卒中	ノウソッチュウ
脳味噌	ノウミソ
脳圧	ノウアツ
脳塞栓	ノウソクセン
脳外科	ノウゲカ
脳天	ノウテン
脳天気	ノウテンキ
脳室	ノウシツ
脳幹	ノウカン
脳底	ノウテイ
脳性	ノウセイ
脳性まひ	ノウセイマヒ
脳性マヒ	ノウセイマヒ
脳性小児まひ	ノウセイショウニマヒ
脳性小児マヒ	ノウセイショウニマヒ
脳性小児麻痺	ノウセイショウニマヒ
脳性麻痺	ノウセイマヒ
脳挫傷	ノウザショウ
脳梁	ノウリョウ
脳梗塞	ノウコウソク
脳死	ノウシ
脳水腫	ノウスイシュ
脳波	ノウハ
脳波計	ノウハケイ
脳浮腫	ノウフシュ
脳溝	ノウコウ
脳溢血	ノウイッケツ
脳漿	ノウショウ
脳炎	ノウエン
脳病	ノウビョウ
脳病院	ノウビョウイン
脳症	ノウショウ
脳硬塞	ノウコウソク
脳磁	ノウジ
脳神経	ノウシンケイ
脳神経外科	ノウシンケイゲカ
脳脊髄炎	ノウセキズイエン
脳脊髄膜炎	ノウセキズイマクエン
脳腫瘍	ノウシュヨウ
脳膜	ノウマク
脳膜炎	ノウマクエン
脳蓋骨	ノウガイコツ
脳血栓	ノウケッセン
脳裏	ノウリ
脳裡	ノウリ
脳貧血	ノウヒンケツ
脳軟化症	ノウナンカショウ
脳髄	ノウズイ
脹よか	フクヨカ
脹らす	フクラス
脹らみ	フクラミ
脹らむ	フクラム
脹れあがる	フクレアガル
脹れっ面	フクレッツラ
脹れ上がる	フクレアガル
脹満	チョウマン
脾肉	ヒニク
脾腫	ヒシュ
脾腹	ヒバラ
脾臓	ヒゾウ
腋の下	ワキノシタ
腋下	エキカ
腋毛	ワキゲ
腎不全	ジンフゼン
腎炎	ジンエン
腎症	ジンショウ
腎盂	ジンウ
腎盂炎	ジンウエン
腎細胞がん	ジンサイボウガン
腎細胞ガン	ジンサイボウガン
腎細胞癌	ジンサイボウガン
腎臓	ジンゾウ
腎臓がん	ジンゾウガン
腎臓ガン	ジンゾウガン
腎臓学	ジンゾウガク
腎臓炎	ジンゾウエン
腎臓病	ジンゾウビョウ
腎臓癌	ジンゾウガン
腎虚	ジンキョ
腎障害	ジンショウガイ
腐す	クサス
腐らす	クサラス
腐り	クサリ
腐る	クサル
腐れ縁	クサレエン
腐乱	フラン
腐儒	フジュ
腐卵	フラン
腐心	フシン
腐敗	フハイ
腐敗臭	フハイシュウ
腐敗菌	フハイキン
腐朽	フキュウ
腐植	フショク
腐泥	フデイ
腐熟	フジュク
腐爛	フラン
腐生	フセイ
腐肉	フニク
腐臭	フシュウ
腐葉土	フヨウド
腐蝕	フショク
腐食	フショク
腐食剤	フショクザイ
腐食性	フショクセイ
腑分	フワケ
腑分け	フワケ
腑抜け	フヌケ
腑甲斐ない	フガイナイ
腑甲斐無い	フガイナイ
腓腹	ヒフク
腓腹筋	ヒフクキン
腓返り	コムラガエリ
腓骨	ヒコツ
腔腸	コウチョウ
腕きき	ウデキキ
腕こき	ウデコキ
腕ずく	ウデズク
腕ずもう	ウデズモウ
腕だめし	ウデダメシ
腕っこき	ウデッコキ
腕っぷし	ウデップシ
腕っ節	ウデップシ
腕まえ	ウデマエ
腕まくり	ウデマクリ
腕先	ウデサキ
腕利き	ウデキキ
腕前	ウデマエ
腕押し	ウデオシ
腕捲り	ウデマクリ
腕時計	ウデドケイ
腕枕	ウデマクラ
腕比べ	ウデクラベ
腕環	ウデワ
腕甲	ワンコウ
腕白	ワンパク
腕相撲	ウデズモウ
腕立て伏せ	ウデタテフセ
腕章	ワンショウ
腕競べ	ウデクラベ
腕組	ウデグミ
腕組み	ウデグミ
腕試し	ウデダメシ
腕足類	ワンソクルイ
腕輪	ウデワ
腕釧	ワンセン
腕飾り	ウデカザリ
腕首	ウデクビ
腕骨	ワンコツ
腟内	チツナイ
腟口	チツコウ
腟壁	チツヘキ
腟炎	チツエン
腥い	ナマグサイ
腫らす	ハラス
腫れ	ハレ
腫れあがる	ハレアガル
腫れぼったい	ハレボッタイ
腫れもの	ハレモノ
腫れる	ハレル
腫れ上がる	ハレアガル
腫れ物	ハレモノ
腫大	シュダイ
腫瘍	シュヨウ
腫瘍学	シュヨウガク
腫瘤	シュリュウ
腫脹	シュチョウ
腰あて	コシアテ
腰かけ	コシカケ
腰かける	コシカケル
腰だめ	コシダメ
腰つき	コシツキ
腰の物	コシノモノ
腰ばき	コシバキ
腰ひも	コシヒモ
腰みの	コシミノ
腰パン	コシパン
腰ミノ	コシミノ
腰丈	コシタケ
腰上げ	コシアゲ
腰付き	コシツキ
腰元	コシモト
腰刀	コシガタナ
腰回り	コシマワリ
腰囲	ヨウイ
腰垣	コシガキ
腰壁	コシカベ
腰巻	コシマキ
腰巻き	コシマキ
腰巾着	コシギンチャク
腰布	コシヌノ
腰帯	コシオビ
腰弁	コシベン
腰弁当	コシベントウ
腰弱	コシヨワ
腰張り	コシバリ
腰当て	コシアテ
腰技	コシワザ
腰折	コシオレ
腰折れ	コシオレ
腰抜け	コシヌケ
腰掛	コシカケ
腰掛け	コシカケ
腰掛ける	コシカケル
腰揚げ	コシアゲ
腰板	コシイタ
腰椎	ヨウツイ
腰気	コシケ
腰湯	コシユ
腰痛	ヨウツウ
腰砕け	コシクダケ
腰穿き	コシバキ
腰筋	ヨウキン
腰紐	コシヒモ
腰細	コシボソ
腰縄	コシナワ
腰羽目	コシバメ
腰蓑	コシミノ
腰部	ヨウブ
腰間	ヨウカン
腰障子	コシショウジ
腰骨	コシボネ
腰高	コシダカ
腱炎	ケンエン
腱索	ケンサク
腱膜	ケンマク
腱鞘	ケンショウ
腱鞘炎	ケンショウエン
腸カタル	チョウカタル
腸内	チョウナイ
腸壁	チョウヘキ
腸捻転	チョウネンテン
腸活	チョウカツ
腸液	チョウエキ
腸満	チョウマン
腸炎	チョウエン
腸癌	チョウガン
腸管	チョウカン
腸粘膜	チョウネンマク
腸結核	チョウケッカク
腸線	チョウセン
腸腺	チョウセン
腸詰	チョウヅメ
腸詰め	チョウヅメ
腸閉塞	チョウヘイソク
腸間膜	チョウカンマク
腸骨	チョウコツ
腹いせ	ハライセ
腹いっぱい	ハライッパイ
腹ごしらえ	ハラゴシラエ
腹ごなし	ハラゴナシ
腹だたしい	ハラダタシイ
腹づもり	ハラヅモリ
腹の虫	ハラノムシ
腹ばい	ハラバイ
腹ばう	ハラバウ
腹びれ	ハラビレ
腹ぺこ	ハラペコ
腹ぼて	ハラボテ
腹ペコ	ハラペコ
腹一杯	ハライッパイ
腹下し	ハラクダシ
腹下り	ハラクダリ
腹中	フクチュウ
腹切	ハラキリ
腹切り	ハラキリ
腹合せ	ハラアワセ
腹合わせ	ハラアワセ
腹囲	フクイ
腹壁	フクヘキ
腹変り	ハラガワリ
腹変わり	ハラガワリ
腹子	ハラコ
腹巻	ハラマキ
腹巻き	ハラマキ
腹当て	ハラアテ
腹心	フクシン
腹拵え	ハラゴシラエ
腹持ち	ハラモチ
腹掛け	ハラガケ
腹時計	ハラドケイ
腹案	フクアン
腹水	フクスイ
腹汚い	ハラギタナイ
腹癒せ	ハライセ
腹直筋	フクチョクキン
腹積もり	ハラヅモリ
腹積り	ハラヅモリ
腹穢い	ハラギタナイ
腹立たしい	ハラダタシイ
腹立ち	ハラダチ
腹立つ	ハラダツ
腹肉	ハラニク
腹背	フクハイ
腹膜	フクマク
腹膜炎	フクマクエン
腹芸	ハラゲイ
腹蔵	フクゾウ
腹話術	フクワジュツ
腹足類	フクソクルイ
腹身	ハラミ
腹這い	ハラバイ
腹違い	ハラチガイ
腹部	フクブ
腹開き	ハラビラキ
腹面	フクメン
腹鳴	フクメイ
腹黒	ハラグロ
腹黒い	ハラグロイ
腹鼓	ハラツヅミ
腺がん	センガン
腺ガン	センガン
腺様	センヨウ
腺病質	センビョウシツ
腺癌	センガン
腺腫	センシュ
腿上げ	モモアゲ
腿肉	モモニク
膀胱	ボウコウ
膀胱がん	ボウコウガン
膀胱ガン	ボウコウガン
膀胱炎	ボウコウエン
膀胱癌	ボウコウガン
膂力	リョリョク
膃肭獣	オットセイ
膃肭臍	オットセイ
膏腴	コウユ
膏血	コウケツ
膜壁	マクヘキ
膜性	マクセイ
膜状	マクジョウ
膜翅類	マクシルイ
膜質	マクシツ
膝かけ	ヒザカケ
膝がしら	ヒザガシラ
膝づめ	ヒザヅメ
膝丈	ヒザタケ
膝元	ヒザモト
膝射	シッシャ
膝射ち	ヒザウチ
膝拍子	ヒザビョウシ
膝掛	ヒザカケ
膝掛け	ヒザカケ
膝枕	ヒザマクラ
膝栗毛	ヒザクリゲ
膝立ち	ヒザダチ
膝蓋	シツガイ
膝蓋骨	シツガイコツ
膝行る	イザル
膝裏	ヒザウラ
膝許	ヒザモト
膝詰め	ヒザヅメ
膝蹴り	ヒザゲリ
膝車	ヒザグルマ
膝頭	ヒザガシラ
膠化	コウカ
膠原病	コウゲンビョウ
膠原質	コウゲンシツ
膠漆	コウシツ
膠状	コウジョウ
膠着	コウチャク
膠着語	コウチャクゴ
膣ヒダ	チツヒダ
膣内	チツナイ
膣口	チツコウ
膣壁	チツヘキ
膣炎	チツエン
膣痙攣	チツケイレン
膣癌	チツガン
膣穴	チツアナ
膣肉	チツニク
膣襞	チツヒダ
膣道	チツドウ
膣錠	チツジョウ
膨よか	フクヨカ
膨らし粉	フクラシコ
膨らす	フクラス
膨らます	フクラマス
膨らみ	フクラミ
膨らむ	フクラム
膨れあがる	フクレアガル
膨れっ面	フクレッツラ
膨れ上がる	フクレアガル
膨れ上る	フクレアガル
膨化	ボウカ
膨圧	ボウアツ
膨大	ボウダイ
膨張	ボウチョウ
膨張剤	ボウチョウザイ
膨張率	ボウチョウリツ
膨満	ボウマン
膨潤	ボウジュン
膨脹	ボウチョウ
膨隆	ボウリュウ
膳立て	ゼンダテ
膳部	ゼンブ
膵がん	スイガン
膵島	スイトウ
膵液	スイエキ
膵炎	スイエン
膵癌	スイガン
膵管	スイカン
膵臓	スイゾウ
膵臓がん	スイゾウガン
膵臓ガン	スイゾウガン
膵臓炎	スイゾウエン
膵臓癌	スイゾウガン
膺懲	ヨウチョウ
膾炙	カイシャ
膿みただれる	ウミタダレル
膿み爛れる	ウミタダレル
膿む	ウム
膿尿	ノウニョウ
膿栓	ノウセン
膿毒症	ノウドクショウ
膿疱	ノウホウ
膿疱疹	ノウホウシン
膿痂疹	ノウカシン
膿瘍	ノウヨウ
膿盆	ノウボン
膿胸	ノウキョウ
膿腫	ノウシュ
臀部	デンブ
臆す	オクス
臆する	オクスル
臆断	オクダン
臆測	オクソク
臆病	オクビョウ
臆病神	オクビョウガミ
臆病者	オクビョウモノ
臆病風	オクビョウカゼ
臆説	オクセツ
臆面	オクメン
臈たける	ロウタケル
臍帯血	サイタイケツ
臍曲がり	ヘソマガリ
臍曲り	ヘソマガリ
臍繰り	ヘソクリ
臑当	スネアテ
臑当て	スネアテ
臑齧り	スネカジリ
臓器	ゾウキ
臓物	ゾウモツ
臓腑	ゾウフ
臘月	ロウゲツ
臘梅	ロウバイ
臙脂	エンジ
臙脂色	エンジイロ
臣下	シンカ
臣事	シンジ
臣従	シンジュウ
臣服	シンプク
臣民	シンミン
臣節	シンセツ
臣籍	シンセキ
臥せる	フセル
臥位	ガイ
臥具	ガグ
臥蓐	ガジョク
臥褥	ガジョク
臨く	ノゾク
臨み	ノゾミ
臨む	ノゾム
臨休	リンキュウ
臨写	リンシャ
臨在	リンザイ
臨場	リンジョウ
臨場感	リンジョウカン
臨席	リンセキ
臨幸	リンコウ
臨床	リンショウ
臨床医	リンショウイ
臨床心理士	リンショウシンリシ
臨御	リンギョ
臨戦	リンセン
臨時	リンジ
臨時休業	リンジキュウギョウ
臨時収入	リンジシュウニュウ
臨時国会	リンジコッカイ
臨時工	リンジコウ
臨時従業員	リンジジュウギョウイン
臨時職員	リンジショクイン
臨時雇い	リンジヤトイ
臨時雇用	リンジコヨウ
臨書	リンショ
臨月	リンゲツ
臨検	リンケン
臨機	リンキ
臨機応変	リンキオウヘン
臨死	リンシ
臨海	リンカイ
臨港	リンコウ
臨港線	リンコウセン
臨界	リンカイ
臨界角	リンカイカク
臨界量	リンカイリョウ
臨空	リンクウ
臨終	リンジュウ
臨調	リンチョウ
自ずから	オノズカラ
自ずと	オノズト
自まま	ジママ
自主	ジシュ
自主トレ	ジシュトレ
自主性	ジシュセイ
自主権	ジシュケン
自主的	ジシュテキ
自主練	ジシュレン
自主練習	ジシュレンシュウ
自乗	ジジョウ
自乗根	ジジョウコン
自今	ジコン
自他	ジタ
自任	ジニン
自伝	ジデン
自体	ジタイ
自余	ジヨ
自作	ジサク
自作農	ジサクノウ
自供	ジキョウ
自信	ジシン
自修	ジシュウ
自傷	ジショウ
自働	ジドウ
自働化	ジドウカ
自儘	ジママ
自党	ジトウ
自公	ジコウ
自公民	ジコウミン
自刃	ジジン
自分	ジブン
自分らしさ	ジブンラシサ
自分事	ジブンゴト
自分史	ジブンシ
自分持ち	ジブンモチ
自分撮り	ジブンドリ
自分本位	ジブンホンイ
自分自身	ジブンジシン
自刎	ジフン
自利	ジリ
自制	ジセイ
自制心	ジセイシン
自刻	ジコク
自剄	ジケイ
自前	ジマエ
自助	ジジョ
自助論	ジジョロン
自動	ジドウ
自動体外式除細動器	ジドウタイガイシキジョサイドウキ
自動入力	ジドウニュウリョク
自動列車停止装置	ジドウレッシャテイシソウチ
自動列車制御装置	ジドウレッシャセイギョソウチ
自動制御	ジドウセイギョ
自動券売機	ジドウケンバイキ
自動化	ジドウカ
自動式	ジドウシキ
自動性	ジドウセイ
自動操縦装置	ジドウソウジュウソウチ
自動改札	ジドウカイサツ
自動改札機	ジドウカイサツキ
自動更新	ジドウコウシン
自動的	ジドウテキ
自動詞	ジドウシ
自動販売機	ジドウハンバイキ
自動車	ジドウシャ
自動車メーカー	ジドウシャメーカー
自動車専用道路	ジドウシャセンヨウドウロ
自動車損害賠償責任保険	ジドウシャソンガイバイショウセキニンホケン
自動車検査証	ジドウシャケンサショウ
自動車道	ジドウシャドウ
自動音声	ジドウオンセイ
自叙	ジジョ
自叙伝	ジジョデン
自問	ジモン
自問自答	ジモンジトウ
自営	ジエイ
自営業	ジエイギョウ
自営業者	ジエイギョウシャ
自嘲	ジチョウ
自噴	ジフン
自噴泉	ジフンセン
自国	ジコク
自国民	ジコクミン
自在	ジザイ
自在鉤	ジザイカギ
自堕落	ジダラク
自壊	ジカイ
自失	ジシツ
自存	ジソン
自学	ジガク
自学自習	ジガクジシュウ
自宅	ジタク
自宅待機	ジタクタイキ
自宅録音	ジタクロクオン
自宗	ジシュウ
自室	ジシツ
自害	ジガイ
自家	ジカ
自家撞着	ジカドウチャク
自家用	ジカヨウ
自家用車	ジカヨウシャ
自家製	ジカセイ
自尊	ジソン
自尊心	ジソンシン
自小作	ジコサク
自尽	ジジン
自工	ジコウ
自己	ジコ
自己中心的	ジコチュウシンテキ
自己主張	ジコシュチョウ
自己分析	ジコブンセキ
自己判断	ジコハンダン
自己効力感	ジココウリョクカン
自己同一性	ジコドウイツセイ
自己啓発	ジコケイハツ
自己愛	ジコアイ
自己抑制	ジコヨクセイ
自己流	ジコリュウ
自己満	ジコマン
自己満足	ジコマンゾク
自己申告	ジコシンコク
自己管理	ジコカンリ
自己肯定感	ジココウテイカン
自己評価	ジコヒョウカ
自己負担	ジコフタン
自己責任	ジコセキニン
自己資本比率	ジコシホンヒリツ
自己都合	ジコツゴウ
自己都合退職	ジコツゴウタイショク
自己陶酔	ジコトウスイ
自己隔離	ジコカクリ
自席	ジセキ
自序	ジジョ
自店	ジテン
自弁	ジベン
自強	ジキョウ
自彊	ジキョウ
自形	ジケイ
自律	ジリツ
自律的	ジリツテキ
自得	ジトク
自性	ジショウ
自惚	ウヌボレ
自惚れ	ウヌボレ
自惚れる	ウヌボレル
自意識	ジイシキ
自愛	ジアイ
自慢	ジマン
自慰	ジイ
自我	ジガ
自戒	ジカイ
自損	ジソン
自撮り	ジドリ
自撰	ジセン
自明	ジメイ
自暴	ジボウ
自暴自棄	ジボウジキ
自書	ジショ
自校	ジコウ
自棄っぱち	ヤケッパチ
自棄っ腹	ヤケッパラ
自棄糞	ヤケクソ
自棄酒	ヤケザケ
自業自得	ジゴウジトク
自機	ジキ
自死	ジシ
自殖	ジショク
自殺	ジサツ
自殺点	ジサツテン
自殺的	ジサツテキ
自毛	ジゲ
自民族中心主義	ジミンゾクチュウシンシュギ
自決	ジケツ
自決権	ジケツケン
自沈	ジチン
自治	ジチ
自治会	ジチカイ
自治体	ジチタイ
自治区	ジチク
自治州	ジチシュウ
自治権	ジチケン
自治省	ジチショウ
自治領	ジチリョウ
自注	ジチュウ
自活	ジカツ
自派	ジハ
自流	ジリュウ
自浄	ジジョウ
自涜	ジトク
自滅	ジメツ
自演	ジエン
自瀆	ジトク
自火	ジカ
自炊	ジスイ
自然主義	シゼンシュギ
自然主義者	シゼンシュギシャ
自然人	シゼンジン
自然体	シゼンタイ
自然光	シゼンコウ
自然免疫	シゼンメンエキ
自然公園	シゼンコウエン
自然学	シゼンガク
自然律	シゼンリツ
自然数	シゼンスウ
自然林	シゼンリン
自然権	シゼンケン
自然死	シゼンシ
自然法	シゼンホウ
自然界	シゼンカイ
自然的	シゼンテキ
自然科学	シゼンカガク
自然美	シゼンビ
自然葬	シゼンソウ
自然薯	ジネンジョ
自然観	シゼンカン
自然言語処理	シゼンゲンゴショリ
自然選択	シゼンセンタク
自然金	シゼンキン
自然銀	シゼンギン
自然食	シゼンショク
自然食品	シゼンショクヒン
自爆	ジバク
自生	ジセイ
自用	ジヨウ
自由	ジユウ
自由主義	ジユウシュギ
自由主義者	ジユウシュギシャ
自由刑	ジユウケイ
自由化	ジユウカ
自由国	ジユウコク
自由席	ジユウセキ
自由帳	ジユウチョウ
自由度	ジユウド
自由形	ジユウガタ
自由時間	ジユウジカン
自由業	ジユウギョウ
自由権	ジユウケン
自由民	ジユウミン
自由港	ジユウコウ
自由自在	ジユウジザイ
自由詩	ジユウシ
自由財	ジユウザイ
自由貿易	ジユウボウエキ
自由都市	ジユウトシ
自画	ジガ
自画像	ジガゾウ
自発	ジハツ
自発性	ジハツセイ
自発的	ジハツテキ
自白	ジハク
自白剤	ジハクザイ
自省	ジセイ
自社	ジシャ
自社株購入権	ジシャカブコウニュウケン
自称	ジショウ
自立	ジリツ
自立語	ジリツゴ
自筆	ジヒツ
自粛	ジシュク
自給	ジキュウ
自給率	ジキュウリツ
自給自足	ジキュウジソク
自縄自縛	ジジョウジバク
自縛	ジバク
自罰	ジバツ
自署	ジショ
自習	ジシュウ
自習室	ジシュウシツ
自腹	ジバラ
自若	ジジャク
自著	ジチョ
自薦	ジセン
自虐	ジギャク
自虐的	ジギャクテキ
自衛	ジエイ
自衛官	ジエイカン
自衛権	ジエイケン
自衛艦	ジエイカン
自裁	ジサイ
自製	ジセイ
自覚	ジカク
自覚的	ジカクテキ
自記	ジキ
自註	ジチュウ
自評	ジヒョウ
自認	ジニン
自説	ジセツ
自論	ジロン
自警	ジケイ
自警団	ジケイダン
自讃	ジサン
自負	ジフ
自負心	ジフシン
自販	ジハン
自販機	ジハンキ
自責	ジセキ
自責点	ジセキテン
自費	ジヒ
自賛	ジサン
自賠責	ジバイセキ
自賠責保険	ジバイセキホケン
自走	ジソウ
自走式	ジソウシキ
自走砲	ジソウホウ
自足	ジソク
自身	ジシン
自身番	ジシンバン
自軍	ジグン
自転	ジテン
自適	ジテキ
自選	ジセン
自邸	ジテイ
自閉	ジヘイ
自閉症	ジヘイショウ
自陣	ジジン
自領	ジリョウ
自首	ジシュ
臭い消し	ニオイケシ
臭み	クサミ
臭わす	ニオワス
臭化	シュウカ
臭化物	シュウカブツ
臭木	クサギ
臭橙	カボス
臭気	シュウキ
臭素	シュウソ
臭素酸	シュウソサン
臭腺	シュウセン
臭覚	シュウカク
臭鼠	ニオイネズミ
至って	イタッテ
至り	イタリ
至る	イタル
至るところ	イタルトコロ
至る所	イタルトコロ
至上	シジョウ
至人	シジン
至便	シベン
至公	シコウ
至善	シゼン
至大	シダイ
至妙	シミョウ
至宝	シホウ
至当	シトウ
至心	シシン
至急	シキュウ
至情	シジョウ
至極	シゴク
至正	シセイ
至福	シフク
至純	シジュン
至芸	シゲイ
至要	シヨウ
至言	シゲン
至誠	シセイ
至論	シロン
至近	シキン
至適	シテキ
至難	シナン
至高	シコウ
致し方	イタシカタ
致す	イタス
致傷	チショウ
致命	チメイ
致命傷	チメイショウ
致命率	チメイリツ
致命的	チメイテキ
致死	チシ
致死傷	チシショウ
致死性	チシセイ
致死率	チシリツ
致死量	チシリョウ
臼玉	ウスダマ
臼砲	キュウホウ
臼蓋	キュウガイ
舁き上げる	カキアゲル
舁き入れる	カキイレル
舁く	カク
舅姑	キュウコ
興ざめ	キョウザメ
興ざめる	キョウザメル
興し	オコシ
興じる	キョウジル
興す	オコス
興ずる	キョウズル
興る	オコル
興亜	コウア
興亡	コウボウ
興信所	コウシンジョ
興信録	コウシンロク
興収	コウシュウ
興味	キョウミ
興国	コウコク
興廃	コウハイ
興業	コウギョウ
興産	コウサン
興行	コウギョウ
興行収入	コウギョウシュウニュウ
興行場	コウギョウジョウ
興行師	コウギョウシ
興行権	コウギョウケン
興起	コウキ
興趣	キョウシュ
興醒し	キョウザマシ
興醒まし	キョウザマシ
興醒め	キョウザメ
興醒める	キョウザメル
興隆	コウリュウ
舌うち	シタウチ
舌がん	ゼツガン
舌ざわり	シタザワリ
舌たるい	シタタルイ
舌なめずり	シタナメズリ
舌下	ゼッカ
舌下錠	ゼッカジョウ
舌側	ゼッソク
舌先	シタサキ
舌尖	ゼッセン
舌平目	シタビラメ
舌戦	ゼッセン
舌打ち	シタウチ
舌根	ゼッコン
舌炎	ゼツエン
舌癌	ゼツガン
舌禍	ゼッカ
舌耕	ゼッコウ
舌舐めずり	シタナメズリ
舌苔	ゼッタイ
舌触り	シタザワリ
舌鋒	ゼッポウ
舌長	シタナガ
舌音	ゼツオン
舌頭	ゼットウ
舌骨	ゼッコツ
舌鮃	シタビラメ
舎兄	シャケイ
舎利別	シャリベツ
舎営	シャエイ
舎宅	シャタク
舎弟	シャテイ
舎監	シャカン
舎費	シャヒ
舐め	ナメ
舐めずる	ナメズル
舐めとる	ナメトル
舐めまわす	ナメマワス
舐める	ナメル
舐め上げる	ナメアゲル
舐め取る	ナメトル
舐め回す	ナメマワス
舐る	ネブル
舗装	ホソウ
舗装道路	ホソウドウロ
舗道	ホドウ
舞い	マイ
舞いあがる	マイアガル
舞いおちる	マイオチル
舞いおりる	マイオリル
舞い上がる	マイアガル
舞い戻る	マイモドル
舞い散る	マイチル
舞い立つ	マイタツ
舞い納める	マイオサメル
舞い落ちる	マイオチル
舞い踊る	マイオドル
舞い込む	マイコム
舞い降りる	マイオリル
舞上がる	マイアガル
舞台	ブタイ
舞台化	ブタイカ
舞台裏	ブタイウラ
舞姿	マイスガタ
舞子	マイコ
舞戻る	マイモドル
舞扇	マイオウギ
舞手	マイテ
舞文	ブブン
舞楽	ブガク
舞楽面	ブガクメン
舞殿	マイドノ
舞茸	マイタケ
舞踊	ブヨウ
舞踊団	ブヨウダン
舞踊家	ブヨウカ
舞踏	ブトウ
舞踏会	ブトウカイ
舞踏家	ブトウカ
舞踏病	ブトウビョウ
舟ばた	フナバタ
舟べり	フナベリ
舟下り	フナクダリ
舟人	フナビト
舟偏	フネヘン
舟唄	フナウタ
舟宿	フナヤド
舟歌	フナウタ
舟状	シュウジョウ
舟状骨	シュウジョウコツ
舟盛り	フナモリ
舟着	フナツキ
舟着き	フナツキ
舟端	フナバタ
舟航	シュウコウ
舟艇	シュウテイ
舟行	シュウコウ
舟路	シュウロ
舟遊び	フナアソビ
舟運	シュウウン
航宙	コウチュウ
航戦	コウセン
航法	コウホウ
航洋	コウヨウ
航海	コウカイ
航海図	コウカイズ
航海士	コウカイシ
航海日誌	コウカイニッシ
航海法	コウカイホウ
航海術	コウカイジュツ
航程	コウテイ
航空	コウクウ
航空チケット	コウクウチケット
航空交通管制	コウクウコウツウカンセイ
航空会社	コウクウガイシャ
航空便	コウクウビン
航空保険	コウクウホケン
航空券	コウクウケン
航空戦	コウクウセン
航空機	コウクウキ
航空法	コウクウホウ
航空無線	コウクウムセン
航空病	コウクウビョウ
航空管制	コウクウカンセイ
航空貨物	コウクウカモツ
航空路	コウクウロ
航空輸送	コウクウユソウ
航空運賃	コウクウウンチン
航空郵便	コウクウユウビン
航空隊	コウクウタイ
航続	コウゾク
航行	コウコウ
航走	コウソウ
航跡	コウセキ
航路	コウロ
航送	コウソウ
舫い	モヤイ
般化	ハンカ
般若	ハンニャ
舳先	ヘサキ
舳艫	ジクロ
舵取	カジトリ
舵取り	カジトリ
舵手	ダシュ
舵輪	ダリン
舶来	ハクライ
舶来品	ハクライヒン
舶用	ハクヨウ
舶載	ハクサイ
舷側	ゲンソク
舷梯	ゲンテイ
舷灯	ゲントウ
舷窓	ゲンソウ
舷門	ゲンモン
舷頭	ゲントウ
船だまり	フナダマリ
船のり	フナノリ
船べり	フナベリ
船上	センジョウ
船下り	フナクダリ
船中	センチュウ
船乗り	フナノリ
船人	フナビト
船体	センタイ
船側	センソク
船内	センナイ
船出	フナデ
船医	センイ
船台	センダイ
船名	センメイ
船員	センイン
船員保険	センインホケン
船団	センダン
船場	フナバ
船外	センガイ
船外活動	センガイカツドウ
船大工	フナダイク
船客	センキャク
船室	センシツ
船宿	フナヤド
船尾	センビ
船幅	センプク
船床	フナドコ
船待ち	フナマチ
船戦	フナイクサ
船掛かり	フナガカリ
船方	フナカタ
船旅	フナタビ
船板	フナイタ
船棚	フナダナ
船檣	センショウ
船歌	フナウタ
船渠	センキョ
船渡し	フナワタシ
船溜まり	フナダマリ
船溜り	フナダマリ
船玉	フナダマ
船留め	フナドメ
船着	フナツキ
船着き	フナツキ
船着き場	フナツキバ
船着場	フナツキバ
船祭	フナマツリ
船積み	フナヅミ
船窓	センソウ
船端	フナバタ
船籍	センセキ
船籍港	センセキコウ
船級	センキュウ
船縁	フナベリ
船繋り	フナガカリ
船舶	センパク
船艇	センテイ
船艙	センソウ
船艦	センカン
船荷	フナニ
船荷証券	フナニショウケン
船蔵	フナグラ
船虫	フナムシ
船賃	フナチン
船足	フナアシ
船遊び	フナアソビ
船酔い	フナヨイ
船隊	センタイ
船霊	フナダマ
船頭	センドウ
船首	センシュ
船首楼	センシュロウ
船魂	フナダマ
船齢	センレイ
艇庫	テイコ
艇身	テイシン
艇長	テイチョウ
艇首	テイシュ
艙口	ソウコウ
艤装	ギソウ
艦上	カンジョウ
艦体	カンタイ
艦内	カンナイ
艦名	カンメイ
艦尾	カンビ
艦影	カンエイ
艦攻	カンコウ
艦橋	カンキョウ
艦砲	カンポウ
艦種	カンシュ
艦船	カンセン
艦艇	カンテイ
艦載	カンサイ
艦載機	カンサイキ
艦長	カンチョウ
艦隊	カンタイ
艦首	カンシュ
艦齢	カンレイ
艨艟	モウドウ
艫座	トモザ
艫綱	トモヅナ
良う	ヨウ
良かれ	ヨカレ
良かろう	ヨカロウ
良き	ヨキ
良く	ヨク
良く良く	ヨクヨク
良さ	ヨサ
良しなに	ヨシナニ
良俗	リョウゾク
良剤	リョウザイ
良化	リョウカ
良医	リョウイ
良友	リョウユウ
良吏	リョウリ
良否	リョウヒ
良品	リョウヒン
良夜	リョウヤ
良好	リョウコウ
良妻	リョウサイ
良将	リョウショウ
良導体	リョウドウタイ
良工	リョウコウ
良師	リョウシ
良心	リョウシン
良性	リョウセイ
良書	リョウショ
良木	リョウボク
良材	リョウザイ
良案	リョウアン
良民	リョウミン
良法	リョウホウ
良港	リョウコウ
良田	リョウデン
良知	リョウチ
良種	リョウシュ
良策	リョウサク
良縁	リョウエン
良能	リョウノウ
良薬	リョウヤク
良計	リョウケイ
良識	リョウシキ
良貨	リョウカ
良質	リョウシツ
良風	リョウフウ
良馬	リョウバ
艱苦	カンク
艱難	カンナン
色々	イロイロ
色あせる	イロアセル
色いろ	イロイロ
色ごと	イロゴト
色っぽい	イロッポイ
色つや	イロツヤ
色づかい	イロヅカイ
色づく	イロヅク
色どり	イロドリ
色ぬり	イロヌリ
色み	イロミ
色むら	イロムラ
色よい	イロヨイ
色わけ	イロワケ
色んな	イロンナ
色ボケ	イロボケ
色ムラ	イロムラ
色事	イロゴト
色事師	イロゴトシ
色仕掛け	イロジカケ
色付く	イロヅク
色使い	イロヅカイ
色出し	イロダシ
色分	イロワケ
色分け	イロワケ
色刷	イロズリ
色刷り	イロズリ
色即是空	シキソクゼクウ
色収差	イロシュウサ
色取り	イロドリ
色合せ	イロアワセ
色合わせ	イロアワセ
色名	シキメイ
色呆け	イロボケ
色味	イロミ
色塗り	イロヌリ
色変り	イロガワリ
色変わり	イロガワリ
色女	イロオンナ
色好い	イロヨイ
色好み	イロゴノミ
色子	イロコ
色差	シキサ
色度	シキド
色弱	シキジャク
色彩	シキサイ
色恋	イロコイ
色悪	イロアク
色情	シキジョウ
色情狂	シキジョウキョウ
色情症	シキジョウショウ
色感	シキカン
色慾	シキヨク
色抜き	イロヌキ
色指数	イロシスウ
色揚げ	イロアゲ
色数	イロカズ
色斑	イロムラ
色柄	イロガラ
色欲	シキヨク
色止め	イロドメ
色気	イロケ
色水	イロミズ
色沢	シキタク
色消し	イロケシ
色温度	イロオンド
色焼け	イロヤケ
色物	イロモノ
色男	イロオトコ
色町	イロマチ
色界	シキカイ
色白	イロジロ
色盛り	イロザカリ
色目	イロメ
色盲	シキモウ
色直し	イロナオシ
色相	シキソウ
色眼鏡	イロメガネ
色石	イロイシ
色砂	イロスナ
色硝子	イロガラス
色神	シキシン
色移り	イロウツリ
色糸	イロイト
色素	シキソ
色素体	シキソタイ
色絵	イロエ
色良い	イロヨイ
色色	イロイロ
色艶	イロツヤ
色落ち	イロオチ
色葉	イロハ
色街	イロマチ
色褪せる	イロアセル
色覚	シキカク
色調	シキチョウ
色道	シキドウ
色違い	イロチガイ
色遣い	イロヅカイ
色里	イロザト
色鉛筆	イロエンピツ
色面	シキメン
色香	イロカ
色魔	シキマ
色鮮やか	イロアザヤカ
色黒	イログロ
艶々	ツヤツヤ
艶々しい	ツヤツヤシイ
艶かしい	ナマメカシイ
艶めかしい	ナマメカシイ
艶事	ツヤゴト
艶出し	ツヤダシ
艶女	エンジョ
艶容	エンヨウ
艶歌	エンカ
艶消し	ツヤケシ
艶然	エンゼン
艶物	ツヤモノ
艶福	エンプク
艶福家	エンプクカ
艶種	ツヤダネ
艶笑	エンショウ
艶美	エンビ
艶聞	エンブン
艶麗	エンレイ
艷冶	エンヤ
芋がゆ	イモガユ
芋がら	イモガラ
芋づる	イモヅル
芋づる式	イモヅルシキ
芋幹	イモガラ
芋掘り	イモホリ
芋洗い	イモアライ
芋焼酎	イモジョウチュウ
芋煮	イモニ
芋煮会	イモニカイ
芋版	イモバン
芋畑	イモバタケ
芋粥	イモガユ
芋羊羹	イモヨウカン
芋苗	ズイキ
芋蔓	イモヅル
芋蔓式	イモヅルシキ
芋虫	イモムシ
芋貝	イモガイ
芋頭	イモガシラ
芋餅	イモモチ
芍薬	シャクヤク
芒洋	ボウヨウ
芒種	ボウシュ
芙蓉	フヨウ
芙蓉峰	フヨウホウ
芝エビ	シバエビ
芝刈	シバカリ
芝刈り	シバカリ
芝刈り機	シバカリキ
芝刈機	シバカリキ
芝地	シバチ
芝居	シバイ
芝居好き	シバイズキ
芝居絵	シバイエ
芝桜	シバザクラ
芝海老	シバエビ
芝生	シバフ
芝目	シバメ
芝草	シバクサ
芝蘭	シラン
芝蝦	シバエビ
芟除	サンジョ
芥子油	カラシユ
芥子漬け	カラシヅケ
芥子粒	ケシツブ
芥子色	カラシイロ
芥子菜	カラシナ
芥箱	ゴミバコ
芦毛	アシゲ
芦荻	ロテキ
芬々	フンプン
芬芬	フンプン
芭蕉	バショウ
芯切り	シンキリ
芯地	シンジ
芯線	シンセン
花々	ハナバナ
花々しい	ハナバナシイ
花あらし	ハナアラシ
花いかだ	ハナイカダ
花いちもんめ	ハナイチモンメ
花かご	ハナカゴ
花かつお	ハナカツオ
花がさ	ハナガサ
花がつお	ハナガツオ
花き	カキ
花こう岩	カコウガン
花ことば	ハナコトバ
花ざかり	ハナザカリ
花すすき	ハナススキ
花だより	ハナダヨリ
花だん	カダン
花づくり	ハナヅクリ
花づな	ハナヅナ
花どき	ハナドキ
花はずかしい	ハナハズカシイ
花ばさみ	ハナバサミ
花びら	ハナビラ
花まつり	ハナマツリ
花やか	ハナヤカ
花やぐ	ハナヤグ
花ニラ	ハナニラ
花マル	ハナマル
花一匁	ハナイチモンメ
花丸	ハナマル
花代	ハナダイ
花供養	ハナクヨウ
花便り	ハナダヨリ
花信	カシン
花傘	ハナガサ
花入	ハナイレ
花入れ	ハナイレ
花冷え	ハナビエ
花卉	カキ
花台	カダイ
花合せ	ハナアワセ
花合わせ	ハナアワセ
花吹雪	ハナフブキ
花唇	カシン
花器	カキ
花壇	カダン
花売り	ハナウリ
花大根	ハナダイコン
花婿	ハナムコ
花嫁	ハナヨメ
花嫁姿	ハナヨメスガタ
花守	ハナモリ
花尽くし	ハナヅクシ
花尽し	ハナヅクシ
花屋	ハナヤ
花屋敷	ハナヤシキ
花崗岩	カコウガン
花嵐	ハナアラシ
花床	カショウ
花序	カジョ
花形株	ハナガタカブ
花忍	ハナシノブ
花恥ずかしい	ハナハズカシイ
花押	カオウ
花持ち	ハナモチ
花摘み	ハナツミ
花文字	ハナモジ
花明かり	ハナアカリ
花時	ハナドキ
花時計	ハナドケイ
花暦	ハナゴヨミ
花曇	ハナグモリ
花曇り	ハナグモリ
花月	カゲツ
花期	カキ
花札	ハナフダ
花札屋	ハナフダヤ
花材	カザイ
花束	ハナタバ
花板	ハナイタ
花林	カリン
花林糖	カリントウ
花柱	カチュウ
花柳界	カリュウカイ
花柳病	カリュウビョウ
花梗	カコウ
花梨	カリン
花椰菜	ハナヤサイ
花椿	ハナツバキ
花橘	ハナタチバナ
花水木	ハナミズキ
花氷	ハナゴオリ
花活け	ハナイケ
花潜	ハナムグリ
花火	ハナビ
花火師	ハナビシ
花物	ハナモノ
花王	カオウ
花環	ハナワ
花生け	ハナイケ
花畑	ハナバタケ
花畠	ハナバタケ
花盗人	ハナヌスビト
花盛り	ハナザカリ
花相撲	ハナズモウ
花神	カシン
花祭	ハナマツリ
花祭り	ハナマツリ
花立て	ハナタテ
花笠	ハナガサ
花筏	ハナイカダ
花筐	ハナガタミ
花筵	ハナムシロ
花簪	ハナカンザシ
花粉	カフン
花粉症	カフンショウ
花粉管	カフンカン
花紋	カモン
花結び	ハナムスビ
花綱	ハナヅナ
花綵	ハナヅナ
花聟	ハナムコ
花芯	カシン
花花しい	ハナバナシイ
花苔	ハナゴケ
花苗	ハナナエ
花茎	カケイ
花茗荷	ハナミョウガ
花茶	ハナチャ
花菱	ハナビシ
花落ち	ハナオチ
花葉	カヨウ
花蕊	カズイ
花蕾	カライ
花薄	ハナススキ
花虻	ハナアブ
花蜂	ハナバチ
花蜘蛛	ハナグモ
花蜜	カミツ
花被	カヒ
花被片	カヒヘン
花見	ハナミ
花見時	ハナミドキ
花見酒	ハナミザケ
花言葉	ハナコトバ
花譜	カフ
花豆	ハナマメ
花軸	カジク
花輪	ハナワ
花野	ハナノ
花金	ハナキン
花鈿	カデン
花鋏	ハナバサミ
花開く	ハナヒラク
花電車	ハナデンシャ
花霞	ハナガスミ
花韮	ハナニラ
花顔	カガン
花飾り	ハナカザリ
花魁	オイラン
花魁道中	オイランドウチュウ
花鳥	カチョウ
花鳥画	カチョウガ
花鳥風月	カチョウフウゲツ
花鶏	アトリ
芳ばしい	コウバシイ
芳信	ホウシン
芳名	ホウメイ
芳墨	ホウボク
芳志	ホウシ
芳恩	ホウオン
芳情	ホウジョウ
芳書	ホウショ
芳烈	ホウレツ
芳紀	ホウキ
芳純	ホウジュン
芳草	ホウソウ
芳醇	ホウジュン
芳香	ホウコウ
芳香剤	ホウコウザイ
芳香療法	ホウコウリョウホウ
芸ごと	ゲイゴト
芸事	ゲイゴト
芸人	ゲイニン
芸備線	ゲイビセン
芸名	ゲイメイ
芸域	ゲイイキ
芸大	ゲイダイ
芸子	ゲイコ
芸当	ゲイトウ
芸文	ゲイブン
芸林	ゲイリン
芸歴	ゲイレキ
芸者	ゲイシャ
芸能	ゲイノウ
芸能プロ	ゲイノウプロ
芸能プロダクション	ゲイノウプロダクション
芸能人	ゲイノウジン
芸能界	ゲイノウカイ
芸苑	ゲイエン
芸術	ゲイジュツ
芸術品	ゲイジュツヒン
芸術学	ゲイジュツガク
芸術家	ゲイジュツカ
芸術性	ゲイジュツセイ
芸術的	ゲイジュツテキ
芸術祭	ゲイジュツサイ
芸談	ゲイダン
芸道	ゲイドウ
芸風	ゲイフウ
芸香	ウンコウ
芽かぶ	メカブ
芽ぐむ	メグム
芽ばえる	メバエル
芽ぶく	メブク
芽出し	メダシ
芽吹き	メブキ
芽吹く	メブク
芽接ぎ	メツギ
芽球	ガキュウ
芽生え	メバエ
芽生える	メバエル
芽立ち	メダチ
芽胞	ガホウ
芽鱗	ガリン
苅る	カル
苑地	エンチ
苑池	エンチ
苔むす	コケムス
苔庭	コケニワ
苔桃	コケモモ
苔玉	コケダマ
苔生す	コケムス
苔癬	タイセン
苔虫	コケムシ
苗代時	ナワシロドキ
苗代苺	ナワシロイチゴ
苗圃	ビョウホ
苗字	ミョウジ
苗床	ナエドコ
苗木	ナエギ
苗裔	ビョウエイ
苗頭	ビョウトウ
苛々	イライラ
苛ち	イラチ
苛つく	イラツク
苛む	サイナム
苛めっ子	イジメッコ
苛める	イジメル
苛性	カセイ
苛政	カセイ
苛斂	カレン
苛烈	カレツ
苛立たしい	イラダタシイ
苛立ち	イラダチ
苛立つ	イラダツ
苛立てる	イラダテル
苛苛	イライラ
苛虐	カギャク
苛酷	カコク
苞葉	ホウヨウ
苟も	イヤシクモ
苟安	コウアン
若々しい	ワカワカシイ
若い	ワカイ
若き	ワカキ
若だんな	ワカダンナ
若どり	ワカドリ
若はげ	ワカハゲ
若め	ワカメ
若やか	ワカヤカ
若やぐ	ワカヤグ
若ハゲ	ワカハゲ
若作り	ワカヅクリ
若侍	ワカザムライ
若党	ワカトウ
若君	ワカギミ
若女将	ワカオカミ
若妻	ワカヅマ
若宮	ワカミヤ
若布	ワカメ
若年	ジャクネン
若年寄	ワカドシヨリ
若手	ワカテ
若旦那	ワカダンナ
若書き	ワカガキ
若朽	ジャッキュウ
若松	ワカマツ
若枝	ワカエダ
若武者	ワカムシャ
若死に	ワカジニ
若殿	ワカトノ
若殿原	ワカトノバラ
若水	ワカミズ
若湯	ワカユ
若潮	ワカシオ
若白髪	ワカシラガ
若盛り	ワカザカリ
若禿	ワカハゲ
若禿げ	ワカハゲ
若竹煮	ワカタケニ
若紫	ワカムラサキ
若緑	ワカミドリ
若芽	ワカメ
若若しい	ワカワカシイ
若草	ワカクサ
若菜	ワカナ
若葉	ワカバ
若蔵	ワカゾウ
若輩	ジャクハイ
若返り	ワカガエリ
若返る	ワカガエル
若造	ワカゾウ
若隠居	ワカインキョ
若頭	ワカガシラ
若魚子	ワカナゴ
若鳥	ワカドリ
若鶏	ワカドリ
若齢	ジャクレイ
苦々しい	ニガニガシイ
苦い	ニガイ
苦しまぎれ	クルシマギレ
苦しみ	クルシミ
苦しむ	クルシム
苦しめる	クルシメル
苦し紛れ	クルシマギレ
苦み	ニガミ
苦る	ニガル
苦労人	クロウニン
苦労性	クロウショウ
苦労話	クロウバナシ
苦厄	クヤク
苦吟	クギン
苦土	クド
苦境	クキョウ
苦学	クガク
苦学生	クガクセイ
苦役	クエキ
苦心	クシン
苦患	クゲン
苦悩	クノウ
苦悶	クモン
苦情	クジョウ
苦慮	クリョ
苦戦	クセン
苦手	ニガテ
苦木	ニガキ
苦杯	クハイ
苦楽	クラク
苦況	クキョウ
苦渋	クジュウ
苦灰石	クカイセキ
苦無	クナイ
苦熱	クネツ
苦瓜	ニガウリ
苦界	クガイ
苦痛	クツウ
苦盃	クハイ
苦笑	クショウ
苦節	クセツ
苦肉	クニク
苦肉の策	クニクノサク
苦苦しい	ニガニガシイ
苦虫	ニガムシ
苦行	クギョウ
苦衷	クチュウ
苦言	クゲン
苦諦	クタイ
苦闘	クトウ
苦難	クナン
苦鳴	クメイ
苧殻	オガラ
苧環	オダマキ
苫屋	トマヤ
英主	エイシュ
英仏	エイフツ
英会話	エイカイワ
英作文	エイサクブン
英俊	エイシュン
英傑	エイケツ
英単語	エイタンゴ
英印	エイイン
英名	エイメイ
英和	エイワ
英国人	エイコクジン
英姿	エイシ
英字	エイジ
英字紙	エイジシ
英式	エイシキ
英才	エイサイ
英数	エイスウ
英数字	エイスウジ
英文	エイブン
英文学	エイブンガク
英文法	エイブンポウ
英文科	エイブンカ
英断	エイダン
英日	エイニチ
英明	エイメイ
英智	エイチ
英書	エイショ
英検	エイケン
英気	エイキ
英法	エイホウ
英独	エイドク
英王	エイオウ
英知	エイチ
英米	エイベイ
英米法	エイベイホウ
英紙	エイシ
英英	エイエイ
英訳	エイヤク
英詩	エイシ
英語	エイゴ
英語力	エイゴリョク
英語圏	エイゴケン
英語学	エイゴガク
英語学科	エイゴガッカ
英貨	エイカ
英資	エイシ
英邁	エイマイ
英雄	エイユウ
英霊	エイレイ
英領	エイリョウ
英魂	エイコン
苺畑	イチゴバタケ
茂み	シゲミ
茂り	シゲリ
茂る	シゲル
茂林	モリン
茄子科	ナスカ
茄子紺	ナスコン
茅の輪	チノワ
茅ぶき	カヤブキ
茅台酒	マオタイシュ
茅渟	チヌ
茅潜り	カヤクグリ
茅茨	ボウシ
茅萱	チガヤ
茅葺	カヤブキ
茅葺き	カヤブキ
茅蜩	ヒグラシ
茉莉	マツリ
茎節	ケイセツ
茎若布	クキワカメ
茎茶	クキチャ
茎葉	ケイヨウ
茎頂	ケイチョウ
茗荷	ミョウガ
茘枝	レイシ
茜色	アカネイロ
茣蓙	ゴザ
茫々	ボウボウ
茫洋	ボウヨウ
茫漠	ボウバク
茫茫	ボウボウ
茯苓	ブクリョウ
茴香	ウイキョウ
茶々	チャチャ
茶いろ	チャイロ
茶うけ	チャウケ
茶がま	チャガマ
茶がゆ	チャガユ
茶きん	チャキン
茶こし	チャコシ
茶さじ	チャサジ
茶しぶ	チャシブ
茶せん	チャセン
茶そば	チャソバ
茶たく	チャタク
茶づけ	チャヅケ
茶の子	チャノコ
茶の湯	チャノユ
茶の間	チャノマ
茶代	チャダイ
茶入	チャイレ
茶入れ	チャイレ
茶出し	チャダシ
茶利	チャリ
茶化す	チャカス
茶匙	チャサジ
茶名	チャメイ
茶商	チャショウ
茶器	チャキ
茶坊主	チャボウズ
茶壷	チャツボ
茶壺	チャツボ
茶室	チャシツ
茶寿	チャジュ
茶屋酒	チャヤザケ
茶巾	チャキン
茶席	チャセキ
茶帯	チャオビ
茶房	サボウ
茶所	チャドコロ
茶托	チャタク
茶掛け	チャガケ
茶摘み	チャツミ
茶断ち	チャダチ
茶杓	チャシャク
茶柱	チャバシラ
茶棚	チャダナ
茶殻	チャガラ
茶毒蛾	チャドクガ
茶気	チャキ
茶汲み	チャクミ
茶渋	チャシブ
茶漉し	チャコシ
茶漬	チャヅケ
茶漬け	チャヅケ
茶瓶	チャビン
茶畑	チャバタケ
茶番	チャバン
茶盆	チャボン
茶目	チャメ
茶碗蒸し	チャワンムシ
茶筅	チャセン
茶筌	チャセン
茶筒	チャヅツ
茶箱	チャバコ
茶粥	チャガユ
茶腹	チャバラ
茶臼	チャウス
茶舗	チャホ
茶船	チャブネ
茶色	チャイロ
茶色い	チャイロイ
茶花	チャバナ
茶茶	チャチャ
茶菓子	チャガシ
茶華道	サカドウ
茶蕎麦	チャソバ
茶袋	チャブクロ
茶褐色	チャカッショク
茶請け	チャウケ
茶豆	チャマメ
茶道具	チャドウグ
茶釜	チャガマ
茶銘	チャメイ
茶陶	チャトウ
茶飯事	サハンジ
茶飲み	チャノミ
茶飲み友達	チャノミトモダチ
茶髪	チャパツ
茹でえび	ユデエビ
茹でこぼす	ユデコボス
茹でエビ	ユデエビ
茹でタコ	ユデタコ
茹で卵	ユデタマゴ
茹で汁	ユデジル
茹で海老	ユデエビ
茹で溢す	ユデコボス
茹で玉子	ユデタマゴ
茹で豚	ユデブタ
茹で麺	ユデメン
草々	ソウソウ
草いきれ	クサイキレ
草する	ソウスル
草っぱら	クサッパラ
草っ原	クサッパラ
草とり	クサトリ
草の根	クサノネ
草ぶき	クサブキ
草むしり	クサムシリ
草むす	クサムス
草むら	クサムラ
草やぶ	クサヤブ
草丈	クサタケ
草亀	クサガメ
草仮名	ソウガナ
草体	ソウタイ
草分け	クサワケ
草刈り	クサカリ
草刈り機	クサカリキ
草刈機	クサカリキ
草創	ソウソウ
草卒	ソウソツ
草双紙	クサゾウシ
草取	クサトリ
草取り	クサトリ
草叢	クサムラ
草合歓	クサネム
草堂	ソウドウ
草屋根	クサヤネ
草履虫	ゾウリムシ
草市	クサイチ
草庵	ソウアン
草房	ソウボウ
草摘み	クサツミ
草摺	クサズリ
草摺り	クサズリ
草書	ソウショ
草木瓜	クサボケ
草本	ソウホン
草枕	クサマクラ
草枯れ	クサガレ
草根	ソウコン
草案	ソウアン
草河豚	クサフグ
草海桐花	クサトベラ
草深い	クサブカイ
草炭	ソウタン
草生す	クサムス
草相撲	クサズモウ
草稿	ソウコウ
草競馬	クサケイバ
草笛	クサブエ
草箒	クサボウキ
草紫陽花	クサアジサイ
草肥	クサゴエ
草臥れる	クタビレル
草臥れ儲け	クタビレモウケ
草色	クサイロ
草草	ソウソウ
草葉	クサバ
草葺	クサブキ
草葺き	クサブキ
草藤	クサフジ
草藪	クサヤブ
草蘇鉄	クサソテツ
草蜉蝣	クサカゲロウ
草連玉	クサレダマ
草野球	クサヤキュウ
草陰	クサカゲ
草鞋	ワラジ
草鞋虫	ワラジムシ
草鞋銭	ワラジセン
草食	ソウショク
草食性	ソウショクセイ
草食系	ソウショクケイ
草餅	クサモチ
草魚	ソウギョ
荊冠	ケイカン
荊妻	ケイサイ
荏胡麻	エゴマ
荏苒	ジンゼン
荒々しい	アラアラシイ
荒い	アライ
荒くれ	アラクレ
荒くれ男	アラクレオトコ
荒くれ者	アラクレモノ
荒げる	アラゲル
荒ごなし	アラゴナシ
荒し回る	アラシマワル
荒す	アラス
荒だつ	アラダツ
荒っぽい	アラッポイ
荒び	スサビ
荒び海苔	スサビノリ
荒ぶ	スサブ
荒ぶる	アラブル
荒む	スサム
荒らげる	アララゲル
荒らし	アラシ
荒らし回る	アラシマワル
荒らす	アラス
荒れくるう	アレクルウ
荒れはてる	アレハテル
荒れる	アレル
荒れ地	アレチ
荒れ性	アレショウ
荒れ放題	アレホウダイ
荒れ果てる	アレハテル
荒れ止め	アレドメ
荒れ狂う	アレクルウ
荒れ球	アレダマ
荒れ肌	アレハダ
荒れ野	アレノ
荒事	アラゴト
荒仕事	アラシゴト
荒削り	アラケズリ
荒原	コウゲン
荒唐	コウトウ
荒唐無稽	コウトウムケイ
荒土	コウド
荒城	コウジョウ
荒壁	アラカベ
荒天	コウテン
荒夷	アラエビス
荒寥	コウリョウ
荒巻	アラマキ
荒巻き	アラマキ
荒布	アラメ
荒廃	コウハイ
荒技	アラワザ
荒木	アラキ
荒武者	アラムシャ
荒法師	アラホウシ
荒波	アラナミ
荒海	アラウミ
荒涼	コウリョウ
荒淫	コウイン
荒漠	コウバク
荒潮	アラシオ
荒物	アラモノ
荒物屋	アラモノヤ
荒狂う	アレクルウ
荒玉	アラタマ
荒目	アラメ
荒砥	アラト
荒稼ぎ	アラカセギ
荒立つ	アラダツ
荒立てる	アラダテル
荒筋	アラスジ
荒筵	アラムシロ
荒粕	アラカス
荒縄	アラナワ
荒肝	アラギモ
荒茶	アラチャ
荒荒しい	アラアラシイ
荒行	アラギョウ
荒誕	コウタン
荒馬	アラウマ
荘園制	ショウエンセイ
荘官	ショウカン
荘田	ショウデン
荘重	ソウチョウ
荳科	マメカ
荷い	ニナイ
荷おろし	ニオロシ
荷くずれ	ニクズレ
荷さばき	ニサバキ
荷づくり	ニヅクリ
荷ない	ニナイ
荷なう	ニナウ
荷ほどき	ニホドキ
荷下し	ニオロシ
荷下ろし	ニオロシ
荷主	ニヌシ
荷作り	ニヅクリ
荷動き	ニウゴキ
荷印	ニジルシ
荷卸	ニオロシ
荷卸し	ニオロシ
荷受	ニウケ
荷受け	ニウケ
荷受け人	ニウケニン
荷受人	ニウケニン
荷台	ニダイ
荷姿	ニスガタ
荷崩れ	ニクズレ
荷役	ニヤク
荷扱い	ニアツカイ
荷抜き	ニヌキ
荷担	カタン
荷拵え	ニゴシラエ
荷捌	ニサバキ
荷捌き	ニサバキ
荷揚げ	ニアゲ
荷札	ニフダ
荷棚	ニダナ
荷渡し	ニワタシ
荷為替	ニガワセ
荷物	ニモツ
荷物車	ニモツシャ
荷積	ニヅミ
荷積み	ニヅミ
荷縄	ニナワ
荷船	ニブネ
荷葉	カヨウ
荷解き	ニホドキ
荷車	ニグルマ
荷送り	ニオクリ
荷造り	ニヅクリ
荷降ろし	ニオロシ
荷電	カデン
荷鞍	ニグラ
荷馬	ニウマ
荷駄	ニダ
荼毘	ダビ
莞爾	カンジ
莢膜	キョウマク
莢豆	サヤマメ
莢豌豆	サヤエンドウ
莢隠元	サヤインゲン
莪朮	ガジュツ
莫大	バクダイ
莫迦	バカ
莫迦げる	バカゲル
莫迦莫迦しい	バカバカシイ
莫連	バクレン
菅藻	スガモ
菊人形	キクニンギョウ
菊作り	キクヅクリ
菊判	キクバン
菊戴	キクイタダキ
菊月	キクヅキ
菊畑	キクバタケ
菊石	キクイシ
菊芋	キクイモ
菊菜	キクナ
菊襲	キクガサネ
菊酒	キクザケ
菊重ね	キクガサネ
菊門	キクモン
菌体	キンタイ
菌床	キンショウ
菌核	キンカク
菌核病	キンカクビョウ
菌根	キンコン
菌界	キンカイ
菌種	キンシュ
菌糸	キンシ
菌血症	キンケツショウ
菌類	キンルイ
菓子屋	カシヤ
菓子折	カシオリ
菓子折り	カシオリ
菓子皿	カシザラ
菓子盆	カシボン
菓物	クダモノ
菖蒲湯	ショウブユ
菖蒲科	アヤメカ
菜っ葉	ナッパ
菜っ葉服	ナッパフク
菜の花	ナノハナ
菜ばし	サイバシ
菜切	ナキリ
菜切り	ナキリ
菜切り包丁	ナキリボウチョウ
菜園	サイエン
菜種	ナタネ
菜種梅雨	ナタネヅユ
菜種菜	ナタネナ
菜箸	サイバシ
菜葉	ナッパ
菜豆	サイトウ
菜食	サイショク
菜食主義	サイショクシュギ
菜食主義者	サイショクシュギシャ
菜飯	ナメシ
菝葜	サルトリイバラ
菠薐草	ホウレンソウ
菩提	ボダイ
菩提心	ボダイシン
菩提樹	ボダイジュ
菫色	スミレイロ
菫草	スミレグサ
華々しい	ハナバナシイ
華やか	ハナヤカ
華やぐ	ハナヤグ
華中	カチュウ
華人	カジン
華僑	カキョウ
華冑	カチュウ
華厳	ケゴン
華夷	カイ
華字	カジ
華客	カカク
華押	カオウ
華氏	カシ
華燭	カショク
華瓶	ケビョウ
華甲	カコウ
華美	カビ
華胥	カショ
華華しい	ハナバナシイ
華表	カヒョウ
華語	カゴ
華車	キャシャ
華道	カドウ
華鬘	ケマン
華鬘草	ケマンソウ
華麗	カレイ
菱脳	リョウノウ
菱蝗虫	ヒシバッタ
菱餅	ヒシモチ
菲才	ヒサイ
菴羅	アンラ
萌え	モエ
萌えたつ	モエタツ
萌える	モエル
萌え出る	モエデル
萌え立つ	モエタツ
萌す	キザス
萌む	メグム
萌やし	モヤシ
萌やしっ子	モヤシッコ
萌出	ホウシュツ
萌芽	ホウガ
萌葱色	モエギイロ
萌黄色	モエギイロ
萎びる	シナビル
萎む	シボム
萎れる	シオレル
萎凋	イチョウ
萎縮	イシュク
萎縮病	イシュクビョウ
萎縮腎	イシュクジン
萎靡	イビ
萩焼	ハギヤキ
萱ぶき	カヤブキ
萱堂	ケンドウ
萱葺	カヤブキ
萱葺き	カヤブキ
萱鼠	カヤネズミ
萼片	ガクヘン
落し	オトシ
落し主	オトシヌシ
落し入れる	オトシイレル
落し前	オトシマエ
落し卵	オトシタマゴ
落し噺	オトシバナシ
落し子	オトシゴ
落し所	オトシドコロ
落し文	オトシブミ
落し物	オトシモノ
落し穴	オトシアナ
落し紙	オトシガミ
落し胤	オトシダネ
落し蓋	オトシブタ
落し話	オトシバナシ
落す	オトス
落ち	オチ
落ちあゆ	オチアユ
落ちくぼむ	オチクボム
落ちこぼれ	オチコボレ
落ちこぼれる	オチコボレル
落ちこむ	オチコム
落ちつく	オチツク
落ちつける	オチツケル
落ちのびる	オチノビル
落ちぶれる	オチブレル
落ちゆく	オチユク
落ちる	オチル
落ち付き	オチツキ
落ち付く	オチツク
落ち付ける	オチツケル
落ち入る	オチイル
落ち口	オチグチ
落ち度	オチド
落ち延びる	オチノビル
落ち武者	オチムシャ
落ち目	オチメ
落ち着き	オチツキ
落ち着く	オチツク
落ち着ける	オチツケル
落ち穂	オチボ
落ち窪む	オチクボム
落ち葉	オチバ
落ち行く	オチユク
落ち込み	オチコミ
落ち込む	オチコム
落ち零れ	オチコボレ
落ち零れる	オチコボレル
落ち魚	オチウオ
落ち鮎	オチアユ
落っこちる	オッコチル
落っことす	オッコトス
落つ	オツ
落とし	オトシ
落としこむ	オトシコム
落としだね	オトシダネ
落としどころ	オトシドコロ
落としぶた	オトシブタ
落としまえ	オトシマエ
落としもの	オトシモノ
落とし主	オトシヌシ
落とし入れる	オトシイレル
落とし前	オトシマエ
落とし卵	オトシタマゴ
落とし噺	オトシバナシ
落とし子	オトシゴ
落とし所	オトシドコロ
落とし物	オトシモノ
落とし穴	オトシアナ
落とし紙	オトシガミ
落とし胤	オトシダネ
落とし蓋	オトシブタ
落とし話	オトシバナシ
落とし込む	オトシコム
落とす	オトス
落丁	ラクチョウ
落下	ラッカ
落下傘	ラッカサン
落付き	オチツキ
落伍	ラクゴ
落伍者	ラクゴシャ
落体	ラクタイ
落剝	ラクハク
落剥	ラクハク
落口	オチグチ
落命	ラクメイ
落城	ラクジョウ
落屑	ラクセツ
落差	ラクサ
落度	オチド
落後	ラクゴ
落想	ラクソウ
落慶	ラッケイ
落成	ラクセイ
落手	ラクシュ
落掌	ラクショウ
落日	ラクジツ
落書き	ラクガキ
落月	ラクゲツ
落木	ラクボク
落札者	ラクサツシャ
落果	ラッカ
落梅	ラクバイ
落橋	ラッキョウ
落款	ラッカン
落武者	オチムシャ
落水	ラクスイ
落涙	ラクルイ
落球	ラッキュウ
落盤	ラクバン
落着き	オチツキ
落着く	オチツク
落着ける	オチツケル
落石	ラクセキ
落磐	ラクバン
落穂	オチボ
落第	ラクダイ
落第点	ラクダイテン
落第生	ラクダイセイ
落筆	ラクヒツ
落籍	ラクセキ
落籍す	ヒカス
落綿	ラクメン
落胆	ラクタン
落胤	ラクイン
落花	ラッカ
落花生	ラッカセイ
落莫	ラクバク
落葉性	ラクヨウセイ
落葉樹	ラクヨウジュ
落行く	オチユク
落語	ラクゴ
落語家	ラクゴカ
落込み	オチコミ
落込む	オチコム
落選	ラクセン
落鉄	ラクテツ
落錘	ラクスイ
落陽	ラクヨウ
落雁	ラクガン
落雪	ラクセツ
落雷	ラクライ
落飾	ラクショク
落首	ラクシュ
落馬	ラクバ
落髪	ラクハツ
落魚	オチウオ
落鮎	オチアユ
葈耳	オナモミ
葉ずれ	ハズレ
葉たばこ	ハタバコ
葉っぱ	ハッパ
葉ねぎ	ハネギ
葉むら	ハムラ
葉タバコ	ハタバコ
葉ネギ	ハネギ
葉先	ハサキ
葉叢	ハムラ
葉巻	ハマキ
葉巻き	ハマキ
葉巻きタバコ	ハマキタバコ
葉巻き煙草	ハマキタバコ
葉序	ヨウジョ
葉影	ハカゲ
葉書	ハガキ
葉月	ハヅキ
葉末	ハズエ
葉枯れ	ハガレ
葉柄	ヨウヘイ
葉桜	ハザクラ
葉焼け	ハヤケ
葉煙草	ハタバコ
葉物	ハモノ
葉物野菜	ハモノヤサイ
葉状	ヨウジョウ
葉状体	ヨウジョウタイ
葉理	ヨウリ
葉緑体	ヨウリョクタイ
葉緑素	ヨウリョクソ
葉肉	ヨウニク
葉脈	ヨウミャク
葉腋	ヨウエキ
葉菜	ヨウサイ
葉菜類	ヨウサイルイ
葉葱	ハネギ
葉虫	ハムシ
葉蜂	ハバチ
葉蝋石	ヨウロウセキ
葉裏	ハウラ
葉越し	ハゴシ
葉身	ヨウシン
葉酸	ヨウサン
葉野菜	ハヤサイ
葉陰	ハカゲ
葉隠	ハガクレ
葉隠れ	ハガクレ
葉鞘	ヨウショウ
葉音	ハオト
葉風	ハカゼ
葉鶏頭	ハゲイトウ
葎草	カナムグラ
著しく	イチジルシク
著す	アラワス
著する	チャクスル
著る	キル
著わす	アラワス
著作	チョサク
著作家	チョサクカ
著作権	チョサクケン
著作物	チョサクブツ
著作者	チョサクシャ
著名	チョメイ
著名人	チョメイジン
著増	チョゾウ
著大	チョダイ
著明	チョメイ
著書	チョショ
著者	チョシャ
著莪	シャガ
著述	チョジュツ
著述家	チョジュツカ
葛切り	クズキリ
葛布	クズフ
葛折	ツヅラオリ
葛折り	ツヅラオリ
葛掛け	クズカケ
葛根	カッコン
葛湯	クズユ
葛粉	クズコ
葛藤科	ツヅラフジカ
葛餅	クズモチ
葛餡	クズアン
葛饅頭	クズマンジュウ
葛鬱金	クズウコン
葡萄糖	ブドウトウ
葡萄茶	エビチャ
葡萄酒	ブドウシュ
葦切	ヨシキリ
葦切り	ヨシキリ
葦戸	ヨシド
葦手	アシデ
葦毛	アシゲ
葦登	ヨシノボリ
葦簀	ヨシズ
葦簾	ヨシズ
葦舟	アシブネ
葦辺	アシベ
葬り	ホウムリ
葬り去る	ホウムリサル
葬儀	ソウギ
葬儀屋	ソウギヤ
葬具	ソウグ
葬列	ソウレツ
葬式	ソウシキ
葬礼	ソウレイ
葬祭	ソウサイ
葬送	ソウソウ
葭簀	ヨシズ
葱とろ	ネギトロ
葱坊主	ネギボウズ
葱油	ネギアブラ
葱焼き	ネギヤキ
葵祭	アオイマツリ
葷酒	クンシュ
葺き替え	フキカエ
葺き替える	フキカエル
葺き板	フキイタ
葺き石	フキイシ
葺く	フク
葺替え	フキカエ
葺石	フキイシ
蒐荷	シュウカ
蒐集	シュウシュウ
蒔き付け	マキツケ
蒔き付ける	マキツケル
蒔く	マク
蒔絵	マキエ
蒙る	コウムル
蒙古斑	モウコハン
蒙塵	モウジン
蒙昧	モウマイ
蒟醤	キンマ
蒲柳	ホリュウ
蒲焼	カバヤキ
蒲焼き	カバヤキ
蒲色	カバイロ
蒲鉾	カマボコ
蒲鉾形	カマボコガタ
蒲黄	ホオウ
蒸かし芋	フカシイモ
蒸かす	フカス
蒸ける	フケル
蒸しもの	ムシモノ
蒸し器	ムシキ
蒸し焼	ムシヤキ
蒸し焼き	ムシヤキ
蒸し煮	ムシニ
蒸し物	ムシモノ
蒸し菓子	ムシガシ
蒸し蒸し	ムシムシ
蒸し返す	ムシカエス
蒸し鍋	ムシナベ
蒸し風呂	ムシブロ
蒸し飯	ムシメシ
蒸し餃子	ムシギョーザ
蒸し魚	ムシザカナ
蒸し鶏	ムシドリ
蒸らす	ムラス
蒸れる	ムレル
蒸器	ムシキ
蒸散	ジョウサン
蒸気	ジョウキ
蒸気圧	ジョウキアツ
蒸気機関車	ジョウキキカンシャ
蒸気船	ジョウキセン
蒸汽	ジョウキ
蒸溜	ジョウリュウ
蒸焼	ムシヤキ
蒸焼き	ムシヤキ
蒸煮	ムシニ
蒸熱	ジョウネツ
蒸物	ムシモノ
蒸留	ジョウリュウ
蒸留器	ジョウリュウキ
蒸留塔	ジョウリュウトウ
蒸留水	ジョウリュウスイ
蒸留酒	ジョウリュウシュ
蒸発	ジョウハツ
蒸発岩	ジョウハツガン
蒸発熱	ジョウハツネツ
蒸発計	ジョウハツケイ
蒸着	ジョウチャク
蒸菓子	ムシガシ
蒸解	ジョウカイ
蒸返す	ムシカエス
蒸風呂	ムシブロ
蒼い	アオイ
蒼ざめる	アオザメル
蒼古	ソウコ
蒼天	ソウテン
蒼惶	ソウコウ
蒼枯	ソウコ
蒼氓	ソウボウ
蒼海	ソウカイ
蒼然	ソウゼン
蒼生	ソウセイ
蒼白い	アオジロイ
蒼穹	ソウキュウ
蒼茫	ソウボウ
蒼褪める	アオザメル
蒼鉛	ソウエン
蒼鉛剤	ソウエンザイ
蒼黒い	アオグロイ
蒿雀	アオジ
蓄え	タクワエ
蓄える	タクワエル
蓄熱	チクネツ
蓄積	チクセキ
蓄膿症	チクノウショウ
蓄財	チクザイ
蓄電	チクデン
蓄電器	チクデンキ
蓄電池	チクデンチ
蓄音器	チクオンキ
蓄音機	チクオンキ
蓄養	チクヨウ
蓋う	オオウ
蓋し	ケダシ
蓋つき	フタツキ
蓋付き	フタツキ
蓋明け	フタアケ
蓋然	ガイゼン
蓋然性	ガイゼンセイ
蓋然率	ガイゼンリツ
蓋然的	ガイゼンテキ
蓋物	フタモノ
蓋置き	フタオキ
蓋開け	フタアケ
蓍萩	メドハギ
蓐瘡	ジョクソウ
蓑亀	ミノガメ
蓑笠子	ミノカサゴ
蓑虫	ミノムシ
蓖麻	ヒマ
蓖麻子	ヒマシ
蓖麻子油	ヒマシユ
蓚酸	シュウサン
蓬生	ヨモギウ
蓬莱	ホウライ
蓬餅	ヨモギモチ
蓬髪	ホウハツ
蓮っ葉	ハスッパ
蓮台	レンダイ
蓮座	レンザ
蓮花	レンゲ
蓮華	レンゲ
蓮華草	レンゲソウ
蓮角	レンカク
蓮霧	レンブ
蓴菜	ジュンサイ
蔀戸	シトミド
蔑する	ナミスル
蔑み	サゲスミ
蔑む	サゲスム
蔑如	ベツジョ
蔑称	ベッショウ
蔑視	ベッシ
蔓人参	ツルニンジン
蔓巻	ツルマキ
蔓延	マンエン
蔓延る	ハビコル
蔓植物	ツルショクブツ
蔓橋	カズラバシ
蔓生	マンセイ
蔓竜胆	ツルリンドウ
蔓紫	ツルムラサキ
蔓苔桃	ツルコケモモ
蔓茘枝	ツルレイシ
蔓草	ツルクサ
蔓菜	ツルナ
蔓薔薇	ツルバラ
蔓衍	マンエン
蔓質	ツルダチ
蔗糖	ショトウ
蔦漆	ツタウルシ
蔦紅葉	ツタモミジ
蔦葛	ツタカズラ
蔦蔓	ツタカズラ
蔬菜	ソサイ
蔬食	ソショク
蔭口	カゲグチ
蔵する	ゾウスル
蔵づくり	クラヅクリ
蔵元	クラモト
蔵入り	クライリ
蔵入れ	クライレ
蔵出し	クラダシ
蔵匿	ゾウトク
蔵屋敷	クラヤシキ
蔵払い	クラバライ
蔵書	ゾウショ
蔵書印	ゾウショイン
蔵書票	ゾウショヒョウ
蔵本	ゾウホン
蔵浚え	クラザラエ
蔵版	ゾウハン
蔵相	ゾウショウ
蔵米	クラマイ
蔵置	ゾウチ
蔵造り	クラヅクリ
蔵開き	クラビラキ
蔽い	オオイ
蔽う	オオウ
蕁麻疹	ジンマシン
蕃人	バンジン
蕃国	バンコク
蕃地	バンチ
蕃夷	バンイ
蕃族	バンゾク
蕃書	バンショ
蕃殖	ハンショク
蕃茘枝	バンレイシ
蕉門	ショウモン
蕉風	ショウフウ
蕎麦がき	ソバガキ
蕎麦つゆ	ソバツユ
蕎麦切	ソバキリ
蕎麦切り	ソバキリ
蕎麦屋	ソバヤ
蕎麦店	ソバテン
蕎麦掻き	ソバガキ
蕎麦殻	ソバガラ
蕎麦汁	ソバツユ
蕎麦湯	ソバユ
蕎麦滓	ソバカス
蕎麦米	ソバゴメ
蕎麦粉	ソバコ
蕎麦飯	ソバメシ
蕗の薹	フキノトウ
蕨粉	ワラビコ
蕨餅	ワラビモチ
蕩々	トウトウ
蕩かす	トロカス
蕩ける	トロケル
蕩児	トウジ
蕩尽	トウジン
蕩蕩	トウトウ
蕪辞	ブジ
蕪雑	ブザツ
蕪鮨	カブラズシ
蕭々	ショウショウ
蕭寥	ショウリョウ
蕭条	ショウジョウ
蕭然	ショウゼン
蕭索	ショウサク
蕭蕭	ショウショウ
蕾む	ツボム
薀蓄	ウンチク
薄々	ウスウス
薄ぎたない	ウスギタナイ
薄ぐらい	ウスグライ
薄っすら	ウッスラ
薄っぺら	ウスッペラ
薄っぺらい	ウスッペライ
薄のろ	ウスノロ
薄べり	ウスベリ
薄ぼんやり	ウスボンヤリ
薄まる	ウスマル
薄め	ウスメ
薄める	ウスメル
薄め液	ウスメエキ
薄らぐ	ウスラグ
薄らとんかち	ウスラトンカチ
薄ら笑い	ウスラワライ
薄れる	ウスレル
薄バカ	ウスバカ
薄倖	ハッコウ
薄刃	ウスバ
薄切り	ウスギリ
薄利	ハクリ
薄利多売	ハクリタバイ
薄力粉	ハクリキコ
薄化粧	ウスゲショウ
薄口	ウスクチ
薄口しょうゆ	ウスクチショウユ
薄口醤油	ウスクチショウユ
薄味	ウスアジ
薄命	ハクメイ
薄商い	ウスアキナイ
薄地	ウスジ
薄型	ウスガタ
薄塗り	ウスヌリ
薄墨	ウスズミ
薄層	ハクソウ
薄幸	ハッコウ
薄弱	ハクジャク
薄志	ハクシ
薄情	ハクジョウ
薄手	ウスデ
薄揚げ	ウスアゲ
薄日	ウスビ
薄明	ハクメイ
薄明かり	ウスアカリ
薄明るい	ウスアカルイ
薄暑	ハクショ
薄暗がり	ウスクラガリ
薄暮	ハクボ
薄曇	ウスグモリ
薄曇り	ウスグモリ
薄板	ウスイタ
薄様	ウスヨウ
薄毛	ウスゲ
薄汚い	ウスギタナイ
薄汚れる	ウスヨゴレル
薄焼き	ウスヤキ
薄片	ハクヘン
薄物	ウスモノ
薄白い	ウスジロイ
薄皮	ウスカワ
薄目	ウスメ
薄着	ウスギ
薄笑い	ウスワライ
薄紗	ハクサ
薄紙	ウスガミ
薄紫	ウスムラサキ
薄給	ハッキュウ
薄絹	ウスギヌ
薄緑	ウスミドリ
薄縁	ウスベリ
薄肉	ウスニク
薄色	ウスイロ
薄茶	ウスチャ
薄荷油	ハッカユ
薄荷精	ハッカセイ
薄荷脳	ハッカノウ
薄葉	ウスヨウ
薄葉紙	ウスヨウシ
薄薄	ウスウス
薄謝	ハクシャ
薄造り	ウスヅクリ
薄遇	ハクグウ
薄闇	ウスヤミ
薄陽	ウスビ
薄雪	ウスユキ
薄雲	ウスグモ
薄靄	ウスモヤ
薄青	ウスアオ
薄馬鹿	ウスバカ
薄黒い	ウスグロイ
薊馬	アザミウマ
薔薇族	バラゾク
薔薇窓	バラマド
薔薇色	バライロ
薔薇鱮	バラタナゴ
薙ぎ倒す	ナギタオス
薙ぐ	ナグ
薙刀	ナギナタ
薙髪	チハツ
薤露	カイロ
薦め	ススメ
薦める	ススメル
薦被り	コモカブリ
薦骨	センコツ
薨ずる	コウズル
薨去	コウキョ
薨逝	コウセイ
薩婆訶	ソワカ
薩摩揚げ	サツマアゲ
薩摩芋	サツマイモ
薩長	サッチョウ
薪割り	マキワリ
薪水	シンスイ
薪炭	シンタン
薪能	タキギノウ
薫く	タク
薫じる	クンジル
薫ずる	クンズル
薫り	カオリ
薫る	カオル
薫染	クンセン
薫煙	クンエン
薫物	タキモノ
薫育	クンイク
薫蒸	クンジョウ
薫製	クンセイ
薫陶	クントウ
薫風	クンプウ
薫香	クンコウ
薬きょう	ヤッキョウ
薬づけ	クスリヅケ
薬中	ヤクチュウ
薬事	ヤクジ
薬事法	ヤクジホウ
薬傷	ヤクショウ
薬剤	ヤクザイ
薬剤学	ヤクザイガク
薬剤師	ヤクザイシ
薬力学	ヤクリキガク
薬効	ヤッコウ
薬包	ヤクホウ
薬包紙	ヤクホウシ
薬名	ヤクメイ
薬味	ヤクミ
薬味酒	ヤクミシュ
薬品	ヤクヒン
薬園	ヤクエン
薬売り	クスリウリ
薬学部	ヤクガクブ
薬室	ヤクシツ
薬害	ヤクガイ
薬局	ヤッキョク
薬局方	ヤッキョクホウ
薬屋	クスリヤ
薬師如来	ヤクシニョライ
薬店	ヤクテン
薬指	クスリユビ
薬方	ヤクホウ
薬材	ヤクザイ
薬歴	ヤクレキ
薬殺	ヤクサツ
薬毒	ヤクドク
薬液	ヤクエキ
薬漬	クスリヅケ
薬漬け	クスリヅケ
薬物	ヤクブツ
薬物学	ヤクブツガク
薬玉	クスダマ
薬理	ヤクリ
薬理学	ヤクリガク
薬用	ヤクヨウ
薬用酒	ヤクヨウシュ
薬疹	ヤクシン
薬石	ヤクセキ
薬研	ヤゲン
薬礼	ヤクレイ
薬科	ヤッカ
薬種	ヤクシュ
薬種商	ヤクシュショウ
薬筒	ヤクトウ
薬箱	クスリバコ
薬籠	ヤクロウ
薬缶	ヤカン
薬罐	ヤカン
薬膳	ヤクゼン
薬舗	ヤクホ
薬草	ヤクソウ
薬莢	ヤッキョウ
薬酒	ヤクシュ
薬量	ヤクリョウ
薬鋪	ヤクホ
薬鑵	ヤカン
薬食い	クスリグイ
薬餌	ヤクジ
薮医者	ヤブイシャ
薮柑子	ヤブコウジ
薮蛇	ヤブヘビ
薯蕷汁	トロロジル
薯蕷芋	トロロイモ
藁ぐつ	ワラグツ
藁しべ	ワラシベ
藁ぶき	ワラブキ
藁人形	ワラニンギョウ
藁半紙	ワラバンシ
藁塚	ワラヅカ
藁屋根	ワラヤネ
藁布団	ワラブトン
藁束	ワラタバ
藁沓	ワラグツ
藁灰	ワラバイ
藁筵	ワラムシロ
藁紙	ワラガミ
藁葺	ワラブキ
藁葺き	ワラブキ
藁蒲団	ワラブトン
藁靴	ワラグツ
藉口	シャコウ
藍摺	アイズリ
藍摺り	アイズリ
藍晶石	ランショウセキ
藍染	アイゾメ
藍染め	アイゾメ
藍瓶	アイガメ
藍花	アイバナ
藍藻	ランソウ
藍鮫	アイザメ
藜海老	アカザエビ
藝大	ゲイダイ
藝者	ゲイシャ
藝術	ゲイジュツ
藤づる	フジヅル
藤八拳	トウハチケン
藤本	トウホン
藤棚	フジダナ
藤空木	フジウツギ
藤紫	フジムラサキ
藤色	フジイロ
藤花	トウカ
藤蔓	フジヅル
藤袴	フジバカマ
藤豆	フジマメ
藩中	ハンチュウ
藩主	ハンシュ
藩侯	ハンコウ
藩儒	ハンジュ
藩医	ハンイ
藩命	ハンメイ
藩士	ハンシ
藩学	ハンガク
藩屏	ハンペイ
藩屛	ハンペイ
藩庁	ハンチョウ
藩政	ハンセイ
藩札	ハンサツ
藩校	ハンコウ
藩王	ハンオウ
藩祖	ハンソ
藩邸	ハンテイ
藩鎮	ハンチン
藩閥	ハンバツ
藩領	ハンリョウ
藪にらみ	ヤブニラミ
藪の中	ヤブノナカ
藪入	ヤブイリ
藪医者	ヤブイシャ
藪柑子	ヤブコウジ
藪椿	ヤブツバキ
藪犬	ヤブイヌ
藪睨み	ヤブニラミ
藪茗荷	ヤブミョウガ
藪萱草	ヤブカンゾウ
藪蕎麦	ヤブソバ
藪蘇鉄	ヤブソテツ
藪蘭	ヤブラン
藪蛇	ヤブヘビ
藹々	アイアイ
藹然	アイゼン
藹藹	アイアイ
藺草	イグサ
藺草科	イグサカ
藻くず	モクズ
藻場	モバ
藻塩	モシオ
藻屑	モクズ
藻抜け	モヌケ
藻掻き	モガキ
藻掻く	モガク
藻搔く	モガク
藻草	モグサ
藻菌類	ソウキンルイ
藻類	ソウルイ
藻類学	ソウルイガク
蘆木	ロボク
蘆毛	アシゲ
蘆荻	ロテキ
蘆辺	アシベ
蘇り	ヨミガエリ
蘇る	ヨミガエル
蘇木	ソボク
蘇生	ソセイ
蘇鉄	ソテツ
蘊蓄	ウンチク
蘚苔	センタイ
蘚苔学	センタイガク
蘭塔	ラントウ
蘭学者	ランガクシャ
蘭方	ランポウ
蘭画	ランガ
蘭語	ランゴ
蘭鋳	ランチュウ
蘭領	ランリョウ
蘿藦	ガガイモ
虎の子	トラノコ
虎の尾	トラノオ
虎の巻	トラノマキ
虎児	コジ
虎刈	トラガリ
虎刈り	トラガリ
虎列剌	コレラ
虎口	ココウ
虎挟み	トラバサミ
虎杖	イタドリ
虎柄	トラガラ
虎榜	コボウ
虎毛	トラゲ
虎河豚	トラフグ
虎海老	トラエビ
虎狩	トラガリ
虎狩り	トラガリ
虎狼	コロウ
虎猫	トラネコ
虎穴	コケツ
虎箱	トラバコ
虎落	モガリ
虎落笛	モガリブエ
虎豆	トラマメ
虎豹	コヒョウ
虎髭	トラヒゲ
虎魚	オコゼ
虎鱚	トラギス
虎鶫	トラツグミ
虐げる	シイタゲル
虐める	イジメル
虐使	ギャクシ
虐待	ギャクタイ
虐待死	ギャクタイシ
虐政	ギャクセイ
虐殺	ギャクサツ
虚け	ウツケ
虚しい	ムナシイ
虚しく	ムナシク
虚ろ	ウツロ
虚仮	コケ
虚伝	キョデン
虚位	キョイ
虚像	キョゾウ
虚勢	キョセイ
虚名	キョメイ
虚報	キョホウ
虚字	キョジ
虚実	キョジツ
虚弱	キョジャク
虚弱児	キョジャクジ
虚心	キョシン
虚数	キョスウ
虚栄	キョエイ
虚栄心	キョエイシン
虚根	キョコン
虚業	キョギョウ
虚構	キョコウ
虚無主義	キョムシュギ
虚無主義者	キョムシュギシャ
虚無的	キョムテキ
虚礼	キョレイ
虚空	コクウ
虚聞	キョブン
虚脱	キョダツ
虚血	キョケツ
虚血性	キョケツセイ
虚言症	キョゲンショウ
虚誕	キョタン
虚説	キョセツ
虚辞	キョジ
虚部	キョブ
虚飾	キョショク
虜囚	リョシュウ
虞れ	オソレ
虞犯	グハン
虞美人草	グビジンソウ
虫かご	ムシカゴ
虫けら	ムシケラ
虫こぶ	ムシコブ
虫さされ	ムシササレ
虫とり	ムシトリ
虫の息	ムシノイキ
虫めがね	ムシメガネ
虫よけ	ムシヨケ
虫ケラ	ムシケラ
虫メガネ	ムシメガネ
虫下し	ムシクダシ
虫偏	ムシヘン
虫出し	ムシダシ
虫刺され	ムシササレ
虫卵	チュウラン
虫取り	ムシトリ
虫喰い	ムシクイ
虫垂	チュウスイ
虫垂炎	チュウスイエン
虫媒	チュウバイ
虫害	チュウガイ
虫干し	ムシボシ
虫押え	ムシオサエ
虫押さえ	ムシオサエ
虫拳	ムシケン
虫札	ムシフダ
虫歯	ムシバ
虫気	ムシケ
虫狩	ムシカリ
虫瘤	ムシコブ
虫癭	チュウエイ
虫眼鏡	ムシメガネ
虫腹	ムシバラ
虫薬	ムシグスリ
虫螻	ムシケラ
虫送り	ムシオクリ
虫酸	ムシズ
虫除け	ムシヨケ
虫食い	ムシクイ
虫鰈	ムシガレイ
虱潰し	シラミツブシ
虹彩	コウサイ
虹梁	コウリョウ
虹色	ニジイロ
虹蜺	コウゲイ
虹霓	コウゲイ
虹鱒	ニジマス
虻蜂	アブハチ
蚊やり	カヤリ
蚊トンボ	カトンボ
蚊取り	カトリ
蚊柱	カバシラ
蚊燻し	カイブシ
蚊絶やし	カダヤシ
蚊蜻蛉	カトンボ
蚊遣	カヤリ
蚊遣り	カヤリ
蚊遣器	カヤリキ
蚊鉤	カバリ
蚊除け	カヨケ
蚕児	サンジ
蚕卵	サンラン
蚕卵紙	サンランシ
蚕室	サンシツ
蚕業	サンギョウ
蚕種	サンシュ
蚕糸	サンシ
蚕紙	サンシ
蚕繭	サンケン
蚕蛾	カイコガ
蚕豆	ソラマメ
蚕食	サンショク
蚤の市	ノミノイチ
蚤の衾	ノミノフスマ
蚤取り	ノミトリ
蚤取粉	ノミトリコ
蚯蚓脹れ	ミミズバレ
蛆虫	ウジムシ
蛇の目	ジャノメ
蛇体	ジャタイ
蛇使い	ヘビツカイ
蛇座	ヘビザ
蛇柄	ヘビガラ
蛇皮線	ジャビセン
蛇神	ヘビガミ
蛇紋岩	ジャモンガン
蛇結茨	ジャケツイバラ
蛇腹	ジャバラ
蛇蜻蛉	ヘビトンボ
蛇蝎	ダカツ
蛇蠍	ダカツ
蛇足	ダソク
蛇遣い	ヘビツカイ
蛇遣い座	ヘビツカイザ
蛇革	ヘビガワ
蛋白	タンパク
蛋白尿	タンパクニョウ
蛋白石	タンパクセキ
蛋白質	タンパクシツ
蛍光	ケイコウ
蛍光体	ケイコウタイ
蛍光塗料	ケイコウトリョウ
蛍光板	ケイコウバン
蛍光灯	ケイコウトウ
蛍光管	ケイコウカン
蛍光色	ケイコウショク
蛍烏賊	ホタルイカ
蛍狩	ホタルガリ
蛍狩り	ホタルガリ
蛍草	ホタルグサ
蛍袋	ホタルブクロ
蛍雪	ケイセツ
蛔虫	カイチュウ
蛙化現象	カエルカゲンショウ
蛙手	カエルデ
蛙泳ぎ	カエルオヨギ
蛙股	カエルマタ
蛞蝓	ナメクジ
蛞蝓魚	ナメクジウオ
蛭木	ヒルギ
蛭石	ヒルイシ
蛭蓆	ヒルムシロ
蛮カラ	バンカラ
蛮人	バンジン
蛮力	バンリョク
蛮勇	バンユウ
蛮地	バンチ
蛮声	バンセイ
蛮夷	バンイ
蛮族	バンゾク
蛮書	バンショ
蛮民	バンミン
蛮習	バンシュウ
蛮行	バンコウ
蛮風	バンプウ
蛮骨	バンコツ
蛸の木	タコノキ
蛸の足	タコノアシ
蛸入道	タコニュウドウ
蛸坊主	タコボウズ
蛸壷	タコツボ
蛸壺	タコツボ
蛸烏賊	タコイカ
蛸焼き	タコヤキ
蛸足	タコアシ
蛸部屋	タコベヤ
蛸配当	タコハイトウ
蛹化	ヨウカ
蛾眉	ガビ
蜀錦	ショッキン
蜀黍	モロコシ
蜂の巣	ハチノス
蜂毒	ハチドク
蜂熊	ハチクマ
蜂球	ホウキュウ
蜂窩	ホウカ
蜂蜜酒	ハチミツシュ
蜂起	ホウキ
蜂鳥	ハチドリ
蜃気楼	シンキロウ
蜆汁	シジミジル
蜆花	シジミバナ
蜆貝	シジミガイ
蜈蚣	ムカデ
蜒々	エンエン
蜘蛛手	クモデ
蜘蛛海星	クモヒトデ
蜘蛛猿	クモザル
蜚語	ヒゴ
蜜ろう	ミツロウ
蜜吸	ミツスイ
蜜壺	ミツツボ
蜜月	ミツゲツ
蜜柑	ミカン
蜜液	ミツエキ
蜜蝋	ミツロウ
蜜蠟	ミツロウ
蜜語	ミツゴ
蜜豆	ミツマメ
蜥蜴	トカゲ
蜥蜴座	トカゲザ
蜥蝪	トカゲ
蜻蛉玉	トンボダマ
蜻蛉返り	トンボガエリ
蜾蠃	スガル
蜿々	エンエン
蜿蜒	エンエン
蜿蜿	エンエン
蝃蝀	テイトウ
蝉しぐれ	セミシグレ
蝉時雨	セミシグレ
蝋人形	ロウニンギョウ
蝋染	ロウゾメ
蝋染め	ロウゾメ
蝋梅	ロウバイ
蝋燭	ロウソク
蝋石	ロウセキ
蝋管	ロウカン
蝋細工	ロウザイク
蝕する	ショクスル
蝕む	ムシバム
蝕分	ショクブン
蝕害	ショクガイ
蝕甚	ショクジン
蝗害	コウガイ
蝙蝠傘	コウモリガサ
蝙蝠蛾	コウモリガ
蝟集	イシュウ
蝦反り	エビゾリ
蝦夷地	エゾチ
蝦夷松	エゾマツ
蝦夷鹿	エゾシカ
蝦根	エビネ
蝦芋	エビイモ
蝦蔓	エビヅル
蝦蛄	シャコ
蝦蟇口	ガマグチ
蝦蟹	エビガニ
蝮草	マムシグサ
蝴蝶	コチョウ
蝶形骨	チョウケイコツ
蝶結び	チョウムスビ
蝶貝	チョウガイ
蝶鮫	チョウザメ
融かす	トカス
融けあう	トケアウ
融けこむ	トケコム
融ける	トケル
融剤	ユウザイ
融合	ユウゴウ
融和	ユウワ
融点	ユウテン
融着	ユウチャク
融解	ユウカイ
融解熱	ユウカイネツ
融資	ユウシ
融資枠	ユウシワク
融資額	ユウシガク
融通性	ユウズウセイ
融雪	ユウセツ
融雪剤	ユウセツザイ
螟蛉	メイレイ
螟蛾	メイガ
螢光	ケイコウ
螫す	サス
螺子切り	ネジキリ
螺子回し	ネジマワシ
螺子山	ネジヤマ
螺子止め	ネジドメ
螺子釘	ネジクギ
螺旋状	ラセンジョウ
螺線	ラセン
螺鈿	ラデン
螽斯	キリギリス
蟄伏	チップク
蟄居	チッキョ
蟇口	ガマグチ
蟇股	カエルマタ
蟒蛇	ウワバミ
蟠り	ワダカマリ
蟠る	ワダカマル
蟠踞	バンキョ
蟯虫	ギョウチュウ
蟹しゃぶ	カニシャブ
蟹工船	カニコウセン
蟹座	カニザ
蟹挟み	カニバサミ
蟹歩き	カニアルキ
蟹殻	カニガラ
蟹玉	カニタマ
蟹缶	カニカン
蟹股	ガニマタ
蟹蝙蝠	カニコウモリ
蟹行	カイコウ
蟹足腫	カイソクシュ
蟹飯	カニメシ
蟻の塔	アリノトウ
蟻んこ	アリンコ
蟻ん子	アリンコ
蟻地獄	アリジゴク
蟻塚	アリヅカ
蟻巻	アリマキ
蟻蜂	アリバチ
蟻走感	ギソウカン
蟻酸	ギサン
蟻食	アリクイ
蟾蜍	ヒキガエル
蟾酥	センソ
蠅帳	ハイチョウ
蠅毒草	ハエドクソウ
蠍座	サソリザ
蠕く	ウゴメク
蠕動	ゼンドウ
蠕虫	ゼンチュウ
蠟梅	ロウバイ
蠟燭	ロウソク
蠢かす	ウゴメカス
蠢く	ウゴメク
蠢めく	ウゴメク
蠢動	シュンドウ
蠧毒	トドク
蠱惑	コワク
蠱毒	コドク
血うみ	チウミ
血しぶき	チシブキ
血しょう	ケッショウ
血すじ	チスジ
血だまり	チダマリ
血だるま	チダルマ
血なまぐさい	チナマグサイ
血のり	チノリ
血の巡り	チノメグリ
血の気	チノケ
血の池	チノイケ
血の海	チノウミ
血の涙	チノナミダ
血の道	チノミチ
血の雨	チノアメ
血まなこ	チマナコ
血まみれ	チマミレ
血みどろ	チミドロ
血中	ケッチュウ
血便	ケツベン
血債	ケッサイ
血刀	チガタナ
血友病	ケツユウビョウ
血合	チアイ
血合い	チアイ
血圧	ケツアツ
血圧計	ケツアツケイ
血塊	ケッカイ
血塗る	チヌル
血小板	ケッショウバン
血尿	ケツニョウ
血戦	ケッセン
血抜き	チヌキ
血振り	チブリ
血斑	ケッパン
血族	ケツゾク
血書	ケッショ
血染め	チゾメ
血栓	ケッセン
血栓症	ケッセンショウ
血止め	チドメ
血気	ケッキ
血汐	チシオ
血沈	ケッチン
血流	ケツリュウ
血涙	ケツルイ
血液	ケツエキ
血液中	ケツエキチュウ
血液内科	ケツエキナイカ
血液型	ケツエキガタ
血液学	ケツエキガク
血液製剤	ケツエキセイザイ
血清	ケッセイ
血清学	ケッセイガク
血溜まり	チダマリ
血溜り	チダマリ
血漿	ケッショウ
血潮	チシオ
血煙	チケムリ
血球	ケッキュウ
血生臭い	チナマグサイ
血痕	ケッコン
血痰	ケッタン
血盟	ケツメイ
血目	チメ
血相	ケッソウ
血祭り	チマツリ
血税	ケツゼイ
血筋	チスジ
血管	ケッカン
血管系	ケッカンケイ
血管腫	ケッカンシュ
血糊	チノリ
血糖	ケットウ
血糖値	ケットウチ
血統	ケットウ
血統書	ケットウショ
血続き	チツヅキ
血胤	ケツイン
血胸	ケッキョウ
血腥い	チナマグサイ
血腫	ケッシュ
血膿	チウミ
血臭	ケッシュウ
血色	ケッショク
血色素	ケッシキソ
血行	ケッコウ
血豆	チマメ
血走る	チバシル
血路	ケツロ
血迷う	チマヨウ
血道	チミチ
血達磨	チダルマ
血闘	ケットウ
血風	ケップウ
血飛沫	チシブキ
血餅	ケッペイ
血鯛	チダイ
衆人	シュウジン
衆参	シュウサン
衆寡	シュウカ
衆庶	シュウショ
衆愚	シュウグ
衆智	シュウチ
衆望	シュウボウ
衆目	シュウモク
衆知	シュウチ
衆評	シュウヒョウ
衆論	シュウロン
衆議	シュウギ
衆議院	シュウギイン
衆議院議員	シュウギインギイン
衆議院選挙	シュウギインセンキョ
衆院	シュウイン
衆院選	シュウインセン
行々子	ギョウギョウシ
行き暮れる	ユキクレル
行くえ	ユクエ
行く手	ユクテ
行く末	ユクスエ
行く行く	ユクユク
行け行け	イケイケ
行ずる	ギョウズル
行ない	オコナイ
行なう	オコナウ
行乞	ギョウコツ
行事	ギョウジ
行人	コウジン
行使	コウシ
行儀	ギョウギ
行儀作法	ギョウギサホウ
行刑	ギョウケイ
行列	ギョウレツ
行列式	ギョウレツシキ
行動	コウドウ
行動パターン	コウドウパターン
行動制限	コウドウセイゲン
行動力	コウドウリョク
行動変容	コウドウヘンヨウ
行動指針	コウドウシシン
行動派	コウドウハ
行動特性	コウドウトクセイ
行動的	コウドウテキ
行動規範	コウドウキハン
行動計画	コウドウケイカク
行司	ギョウジ
行員	コウイン
行商	ギョウショウ
行商人	ギョウショウニン
行啓	ギョウケイ
行嚢	コウノウ
行在所	アンザイショ
行宮	アングウ
行平	ユキヒラ
行政	ギョウセイ
行政上	ギョウセイジョウ
行政不服審査法	ギョウセイフフクシンサホウ
行政区	ギョウセイク
行政学	ギョウセイガク
行政官	ギョウセイカン
行政府	ギョウセイフ
行政手続	ギョウセイテツヅキ
行政改革	ギョウセイカイカク
行政書士	ギョウセイショシ
行政権	ギョウセイケン
行政法	ギョウセイホウ
行政罰	ギョウセイバツ
行数	ギョウスウ
行文	コウブン
行方不明	ユクエフメイ
行方知れず	ユクエシレズ
行旅	コウリョ
行暮れる	ユキクレル
行書	ギョウショ
行楽	コウラク
行楽地	コウラクチ
行水	ギョウズイ
行火	アンカ
行為	コウイ
行状	ギョウジョウ
行番号	ギョウバンゴウ
行程	コウテイ
行程表	コウテイヒョウ
行縢	ムカバキ
行者忍辱	ギョウジャニンニク
行者葫	ギョウジャニンニク
行行子	ギョウギョウシ
行賞	コウショウ
行跡	ギョウセキ
行軍	コウグン
行進	コウシン
行進曲	コウシンキョク
行金	コウキン
行間	ギョウカン
行雲	コウウン
行革	ギョウカク
行革審	ギョウカクシン
行頭	ギョウトウ
衍字	エンジ
衍文	エンブン
衍義	エンギ
衒い	テライ
衒学	ゲンガク
衒学的	ゲンガクテキ
衒学者	ゲンガクシャ
衒気	ゲンキ
術中	ジュッチュウ
術前	ジュツゼン
術士	ジュツシ
術師	ジュツシ
術式	ジュツシキ
術後	ジュツゴ
術数	ジュッスウ
術策	ジュッサク
術計	ジュッケイ
術語	ジュツゴ
術野	ジュツヤ
街々	マチマチ
街づくり	マチヅクリ
街なか	マチナカ
街はずれ	マチハズレ
街並	マチナミ
街並み	マチナミ
街作り	マチヅクリ
街区	ガイク
街外れ	マチハズレ
街娼	ガイショウ
街宣	ガイセン
街宣車	ガイセンシャ
街明かり	マチアカリ
街明り	マチアカリ
街歩き	マチアルキ
街灯	ガイトウ
街燈	ガイトウ
街着	マチギ
街衢	ガイク
街角	マチカド
街路	ガイロ
街路樹	ガイロジュ
街道	カイドウ
街道筋	カイドウスジ
街金	マチキン
街頭	ガイトウ
街頭宣伝	ガイトウセンデン
衙門	ガモン
衛兵	エイヘイ
衛戍	エイジュ
衛所	エイショ
衛星	エイセイ
衛星国	エイセイコク
衛星系	エイセイケイ
衛星都市	エイセイトシ
衛生	エイセイ
衛生兵	エイセイヘイ
衛生士	エイセイシ
衛生学	エイセイガク
衛生状態	エイセイジョウタイ
衛生的	エイセイテキ
衛生管理	エイセイカンリ
衛生管理者	エイセイカンリシャ
衛視	エイシ
衝き上げる	ツキアゲル
衝き動かす	ツキウゴカス
衝動	ショウドウ
衝動的	ショウドウテキ
衝動買い	ショウドウガイ
衝天	ショウテン
衝心	ショウシン
衝撃	ショウゲキ
衝撃波	ショウゲキハ
衝撃的	ショウゲキテキ
衝突	ショウトツ
衝立	ツイタテ
衝立て	ツイタテ
衝羽根	ツクバネ
衝角	ショウカク
衡平	コウヘイ
衡量	コウリョウ
衣かつぎ	キヌカツギ
衣ずれ	キヌズレ
衣偏	コロモヘン
衣冠	イカン
衣帯	イタイ
衣摺れ	キヌズレ
衣擦れ	キヌズレ
衣文	エモン
衣料	イリョウ
衣料品	イリョウヒン
衣料品店	イリョウヒンテン
衣更え	コロモガエ
衣替え	コロモガエ
衣服	イフク
衣桁	イコウ
衣笠茸	キヌガサタケ
衣糧	イリョウ
衣紋	エモン
衣蛾	イガ
衣被ぎ	キヌカツギ
衣装	イショウ
衣装持ち	イショウモチ
衣裳	イショウ
衣類	イルイ
衣食	イショク
衣食住	イショクジュウ
衣香	イコウ
衣魚	シミ
表ざた	オモテザタ
表する	ヒョウスル
表れ	アラワレ
表れる	アラワレル
表わす	アラワス
表われ	アラワレ
表われる	アラワレル
表六玉	ヒョウロクダマ
表具	ヒョウグ
表具師	ヒョウグシ
表内	ヒョウナイ
表出	ヒョウシュツ
表割	ヒョウカツ
表口	オモテグチ
表号	ヒョウゴウ
表向き	オモテムキ
表土	ヒョウド
表在	ヒョウザイ
表地	オモテジ
表外	ヒョウガイ
表外漢字	ヒョウガイカンジ
表層	ヒョウソウ
表層的	ヒョウソウテキ
表店	オモテダナ
表座敷	オモテザシキ
表彰	ヒョウショウ
表彰台	ヒョウショウダイ
表彰状	ヒョウショウジョウ
表徴	ヒョウチョウ
表情	ヒョウジョウ
表情筋	ヒョウジョウキン
表意	ヒョウイ
表意文字	ヒョウイモジ
表戸	オモテド
表敬	ヒョウケイ
表方	オモテカタ
表明	ヒョウメイ
表書	オモテガキ
表書き	オモテガキ
表替	オモテガエ
表替え	オモテガエ
表札	ヒョウサツ
表構え	オモテガマエ
表決	ヒョウケツ
表決権	ヒョウケツケン
表沙汰	オモテザタ
表玄関	オモテゲンカン
表現	ヒョウゲン
表現主義	ヒョウゲンシュギ
表現力	ヒョウゲンリョク
表現型	ヒョウゲンガタ
表現者	ヒョウゲンシャ
表皮	ヒョウヒ
表目	オモテメ
表看板	オモテカンバン
表示	ヒョウジ
表示灯	ヒョウジトウ
表立つ	オモテダツ
表章	ヒョウショウ
表編み	オモテアミ
表舞台	オモテブタイ
表芸	オモテゲイ
表表紙	オモテビョウシ
表装	ヒョウソウ
表裏一体	ヒョウリイッタイ
表記	ヒョウキ
表記法	ヒョウキホウ
表象	ヒョウショウ
表通	オモテドオリ
表通り	オモテドオリ
表門	オモテモン
表面利率	ヒョウメンリリツ
表面化	ヒョウメンカ
表面張力	ヒョウメンチョウリョク
表面的	ヒョウメンテキ
表面積	ヒョウメンセキ
表音	ヒョウオン
表題	ヒョウダイ
衰え	オトロエ
衰える	オトロエル
衰亡	スイボウ
衰勢	スイセイ
衰弱	スイジャク
衰微	スイビ
衰残	スイザン
衰滅	スイメツ
衰退	スイタイ
衰運	スイウン
衰頽	スイタイ
衷心	チュウシン
衷情	チュウジョウ
衿ぐり	エリグリ
衿元	エリモト
衿先	エリサキ
衿芯	エリシン
衿裏	エリウラ
衿足	エリアシ
袁彦道	エンゲンドウ
袂糞	タモトクソ
袈裟懸け	ケサガケ
袋だたき	フクロダタキ
袋づめ	フクロヅメ
袋とじ	フクロトジ
袋めん	フクロメン
袋入り	フクロイリ
袋叩き	フクロダタキ
袋土竜	フクロモグラ
袋小路	フクロコウジ
袋帯	フクロオビ
袋戸	フクロド
袋棚	フクロダナ
袋物	フクロモノ
袋狐	フクロギツネ
袋狼	フクロオオカミ
袋網	フクロアミ
袋綴じ	フクロトジ
袋縫い	フクロヌイ
袋織	フクロオリ
袋織り	フクロオリ
袋耳	フクロミミ
袋茸	フクロタケ
袋虫	フクロムシ
袋角	フクロヅノ
袋詰	フクロヅメ
袋詰め	フクロヅメ
袋麺	フクロメン
袖ぐり	ソデグリ
袖なし	ソデナシ
袖の下	ソデノシタ
袖丈	ソデタケ
袖下	ソデシタ
袖乞い	ソデゴイ
袖付	ソデツケ
袖付け	ソデツケ
袖刳り	ソデグリ
袖印	ソデジルシ
袖口	ソデグチ
袖垣	ソデガキ
袖壁	ソデカベ
袖山	ソデヤマ
袖搦み	ソデガラミ
袖標	ソデジルシ
袖無し	ソデナシ
袖珍	シュウチン
袖章	ソデショウ
袖裏	ソデウラ
袞竜	コンリョウ
被い	オオイ
被う	オオウ
被け物	カズケモノ
被さる	カブサル
被す	カブス
被せ物	カブセモノ
被せ蓋	カブセブタ
被ばく	ヒバク
被りもの	カブリモノ
被り物	カブリモノ
被り笠	カブリガサ
被乗数	ヒジョウスウ
被介護者	ヒカイゴシャ
被保険者	ヒホケンシャ
被保険者証	ヒホケンシャショウ
被傭者	ヒヨウシャ
被写体	ヒシャタイ
被加数	ヒカスウ
被告	ヒコク
被告人	ヒコクニン
被嚢類	ヒノウルイ
被団協	ヒダンキョウ
被子植物	ヒシショクブツ
被官	ヒカン
被害	ヒガイ
被害地	ヒガイチ
被害届	ヒガイトドケ
被害者	ヒガイシャ
被布	ヒフ
被弾	ヒダン
被扶養者	ヒフヨウシャ
被昇天	ヒショウテン
被曝	ヒバク
被曝者	ヒバクシャ
被服	ヒフク
被検者	ヒケンシャ
被殻	ヒカク
被毛	ヒモウ
被治者	ヒチシャ
被減数	ヒゲンスウ
被災	ヒサイ
被災地	ヒサイチ
被災者	ヒサイシャ
被爆	ヒバク
被爆者	ヒバクシャ
被爆者援護法	ヒバクシャエンゴホウ
被用者	ヒヨウシャ
被疑者	ヒギシャ
被管	ヒカン
被膜	ヒマク
被虐	ヒギャク
被虐性愛	ヒギャクセイアイ
被覆	ヒフク
被選挙人	ヒセンキョニン
被選挙権	ヒセンキョケン
被除数	ヒジョスウ
被雇用者	ヒコヨウシャ
被風	ヒフ
被食者	ヒショクシャ
被験	ヒケン
被験者	ヒケンシャ
袴地	ハカマジ
袴着	ハカマギ
袴能	ハカマノウ
裁き	サバキ
裁く	サバク
裁ち	タチ
裁ちばさみ	タチバサミ
裁ち上がり	タチアガリ
裁ち出す	タチダス
裁ち切る	タチキル
裁ち割る	タチワル
裁ち屑	タチクズ
裁ち板	タチイタ
裁ち物	タチモノ
裁ち縫い	タチヌイ
裁ち落し	タチオトシ
裁ち落とし	タチオトシ
裁ち鋏	タチバサミ
裁つ	タツ
裁判	サイバン
裁判員	サイバンイン
裁判員制度	サイバンインセイド
裁判官	サイバンカン
裁判権	サイバンケン
裁判長	サイバンチョウ
裁可	サイカ
裁定	サイテイ
裁定取引	サイテイトリヒキ
裁断	サイダン
裁決	サイケツ
裁縫	サイホウ
裁縫い	タチヌイ
裁落とし	タチオトシ
裁許	サイキョ
裁量	サイリョウ
裁量労働	サイリョウロウドウ
裁量労働制	サイリョウロウドウセイ
裁量権	サイリョウケン
裂き烏賊	サキイカ
裂く	サク
裂ける	サケル
裂け目	サケメ
裂傷	レッショウ
裂地	キレジ
裂孔	レッコウ
裂果	レッカ
裂痔	キレジ
裂目	サケメ
裂罅	レッカ
裂肛	レッコウ
裂開	レッカイ
装る	ヨソル
装丁	ソウテイ
装備	ソウビ
装備庁	ソウビチョウ
装具	ソウグ
装塡	ソウテン
装填	ソウテン
装幀	ソウテイ
装弾	ソウダン
装架	ソウカ
装用	ソウヨウ
装甲	ソウコウ
装甲車	ソウコウシャ
装画	ソウガ
装着	ソウチャク
装置	ソウチ
装花	ソウカ
装荷	ソウカ
装薬	ソウヤク
装蹄	ソウテイ
装蹄師	ソウテイシ
装身具	ソウシング
装釘	ソウテイ
装飾	ソウショク
装飾品	ソウショクヒン
装飾性	ソウショクセイ
装飾美術	ソウショクビジュツ
装飾音	ソウショクオン
裏がわ	ウラガワ
裏ごし	ウラゴシ
裏だな	ウラダナ
裏っかわ	ウラッカワ
裏っ側	ウラッカワ
裏づけ	ウラヅケ
裏づける	ウラヅケル
裏ぶた	ウラブタ
裏スジ	ウラスジ
裏ドラ	ウラドラ
裏ワザ	ウラワザ
裏事情	ウラジジョウ
裏付け	ウラヅケ
裏付ける	ウラヅケル
裏作	ウラサク
裏側	ウラガワ
裏切	ウラギリ
裏切り	ウラギリ
裏切り者	ウラギリモノ
裏切る	ウラギル
裏口	ウラグチ
裏向き	ウラムキ
裏声	ウラゴエ
裏山	ウラヤマ
裏布	ウラヌノ
裏年	ウラドシ
裏店	ウラダナ
裏庭	ウラニワ
裏当て	ウラアテ
裏戸	ウラド
裏扉	ウラトビラ
裏手	ウラテ
裏打ち	ウラウチ
裏技	ウラワザ
裏抜け	ウラヌケ
裏拳	ウラケン
裏方	ウラカタ
裏書	ウラガキ
裏書き	ウラガキ
裏書人	ウラガキニン
裏木戸	ウラキド
裏板	ウライタ
裏漉し	ウラゴシ
裏町	ウラマチ
裏番	ウラバン
裏番組	ウラバングミ
裏白	ウラジロ
裏目	ウラメ
裏窓	ウラマド
裏筋	ウラスジ
裏紋	ウラモン
裏紙	ウラガミ
裏編み	ウラアミ
裏背戸	ウラセド
裏腹	ウラハラ
裏芸	ウラゲイ
裏蓋	ウラブタ
裏街道	ウラカイドウ
裏表	ウラオモテ
裏表紙	ウラビョウシ
裏衿	ウラエリ
裏襟	ウラエリ
裏話	ウラバナシ
裏込め	ウラゴメ
裏返し	ウラガエシ
裏返す	ウラガエス
裏返る	ウラガエル
裏道	ウラミチ
裏金	ウラガネ
裏長屋	ウラナガヤ
裏門	ウラモン
裏鬼門	ウラキモン
裕度	ユウド
裕福	ユウフク
補い	オギナイ
補する	ホスル
補てん	ホテン
補佐	ホサ
補佐人	ホサニン
補佐官	ホサカン
補佐役	ホサヤク
補体	ホタイ
補作	ホサク
補修	ホシュウ
補償	ホショウ
補充	ホジュウ
補則	ホソク
補助	ホジョ
補助犬	ホジョケン
補助者	ホジョシャ
補助費	ホジョヒ
補助輪	ホジョリン
補助金	ホジョキン
補塡	ホテン
補填	ホテン
補填金	ホテンキン
補完	ホカン
補導	ホドウ
補巻	ホカン
補強	ホキョウ
補弼	ホヒツ
補数	ホスウ
補整	ホセイ
補機	ホキ
補欠	ホケツ
補欠選挙	ホケツセンキョ
補正	ホセイ
補水	ホスイ
補法	ホホウ
補注	ホチュウ
補筆	ホヒツ
補給	ホキュウ
補給線	ホキュウセン
補習	ホシュウ
補習授業校	ホシュウジュギョウコウ
補習校	ホシュウコウ
補翼	ホヨク
補聴器	ホチョウキ
補職	ホショク
補肥	ホヒ
補色	ホショク
補薬	ホヤク
補血	ホケツ
補角	ホカク
補訂	ホテイ
補記	ホキ
補註	ホチュウ
補語	ホゴ
補説	ホセツ
補論	ホロン
補講	ホコウ
補足	ホソク
補選	ホセン
補遺	ホイ
補酵素	ホコウソ
補間	ホカン
補闕	ホケツ
補題	ホダイ
裨益	ヒエキ
裨補	ヒホ
裲襠	ウチカケ
裳着	モギ
裳脱け	モヌケ
裳裾	モスソ
裸んぼ	ハダカンボ
裸一貫	ハダカイッカン
裸体	ラタイ
裸像	ラゾウ
裸出	ラシュツ
裸参り	ハダカマイリ
裸地	ラチ
裸女	ラジョ
裸婦	ラフ
裸子植物	ラシショクブツ
裸族	ラゾク
裸木	ハダカギ
裸火	ハダカビ
裸男	ハダカオトコ
裸眼	ラガン
裸祭	ハダカマツリ
裸祭り	ハダカマツリ
裸耳	ラジ
裸足	ハダシ
裸踊り	ハダカオドリ
裸電球	ハダカデンキュウ
裸馬	ハダカウマ
裸鰯	ハダカイワシ
裸麦	ハダカムギ
製する	セイスル
製パン	セイパン
製作	セイサク
製作者	セイサクシャ
製作費	セイサクヒ
製函	セイカン
製剤	セイザイ
製品	セイヒン
製品化	セイヒンカ
製図	セイズ
製図板	セイズバン
製塩	セイエン
製本	セイホン
製材	セイザイ
製氷	セイヒョウ
製氷器	セイヒョウキ
製氷機	セイヒョウキ
製氷皿	セイヒョウザラ
製油	セイユ
製法	セイホウ
製版	セイハン
製産	セイサン
製番	セイバン
製粉	セイフン
製糖	セイトウ
製糸	セイシ
製糸業	セイシギョウ
製紙	セイシ
製紙業	セイシギョウ
製綱	セイコウ
製織	セイショク
製缶	セイカン
製茶	セイチャ
製菓	セイカ
製薬	セイヤク
製袋	セイタイ
製販	セイハン
製造	セイゾウ
製造元	セイゾウモト
製造業	セイゾウギョウ
製造番号	セイゾウバンゴウ
製造者	セイゾウシャ
製酪	セイラク
製鉄	セイテツ
製銅	セイドウ
製銑	セイセン
製鋼	セイコウ
製錬	セイレン
製陶	セイトウ
製革	セイカク
製靴	セイカ
製靴業	セイカギョウ
製麺	セイメン
製麻	セイマ
裾上げ	スソアゲ
裾分け	スソワケ
裾刈り	スソガリ
裾取り	スソトリ
裾回し	スソマワシ
裾模様	スソモヨウ
裾礁	キョショウ
裾野	スソノ
裾除け	スソヨケ
複々線	フクフクセン
複体	フクタイ
複写	フクシャ
複写機	フクシャキ
複利	フクリ
複刻	フッコク
複勝	フクショウ
複勝式	フクショウシキ
複占	フクセン
複合	フクゴウ
複合体	フクゴウタイ
複合媒体	フクゴウバイタイ
複合機	フクゴウキ
複合語	フクゴウゴ
複塩	フクエン
複婚	フクコン
複屈折	フククッセツ
複層	フクソウ
複層ガラス	フクソウガラス
複座	フクザ
複座機	フクザキ
複式	フクシキ
複数	フクスウ
複数人	フクスウニン
複数個	フクスウコ
複数回	フクスウカイ
複数形	フクスウケイ
複数都市	フクスウトシ
複文	フクブン
複方	フクホウ
複本	フクホン
複業	フクギョウ
複相	フクソウ
複眼	フクガン
複眼的	フクガンテキ
複素	フクソ
複素数	フクソスウ
複線	フクセン
複葉	フクヨウ
複葉機	フクヨウキ
複製	フクセイ
複製品	フクセイヒン
複製権	フクセイケン
複複線	フクフクセン
複視	フクシ
複雑	フクザツ
複雑化	フクザツカ
複雑性	フクザツセイ
複雑系	フクザツケイ
複音	フクオン
褊狭	ヘンキョウ
褌担ぎ	フンドシカツギ
褐変	カッペン
褐斑病	カッパンビョウ
褐炭	カッタン
褐藻	カッソウ
褐鉄鉱	カッテッコウ
褒めことば	ホメコトバ
褒めそやす	ホメソヤス
褒めたたえる	ホメタタエル
褒めちぎる	ホメチギル
褒める	ホメル
褒め上げる	ホメアゲル
褒め合い	ホメアイ
褒め殺す	ホメゴロス
褒め称える	ホメタタエル
褒め立てる	ホメタテル
褒め言葉	ホメコトバ
褒状	ホウジョウ
褒章	ホウショウ
褒美	ホウビ
褒詞	ホウシ
褒貶	ホウヘン
褒賞	ホウショウ
褒辞	ホウジ
褞袍	ドテラ
褥婦	ジョクフ
褥瘡	ジョクソウ
褪せる	アセル
褪める	サメル
褪紅	タイコウ
褪色	タイショク
褫奪	チダツ
褶曲	シュウキョク
褶襞	シュウヘキ
褻瀆	セットク
襖紙	フスマガミ
襖絵	フスマエ
襖越し	フスマゴシ
襞襟	ヒダエリ
襟ぐり	エリグリ
襟もと	エリモト
襟付き	エリツキ
襟元	エリモト
襟先	エリサキ
襟刳	エリグリ
襟刳り	エリグリ
襟回り	エリマワリ
襟巻	エリマキ
襟巻き	エリマキ
襟度	キンド
襟懐	キンカイ
襟章	エリショウ
襟裏	エリウラ
襟足	エリアシ
襟飾り	エリカザリ
襟首	エリクビ
襟髪	エリガミ
襤褸切れ	ボロキレ
襤褸屋	ボロヤ
襤褸滓	ボロカス
襤褸糞	ボロクソ
襲いかかる	オソイカカル
襲い掛かる	オソイカカル
襲う	オソウ
襲名	シュウメイ
襲封	シュウホウ
襲撃	シュウゲキ
襲来	シュウライ
襲歩	シュウホ
襲爵	シュウシャク
襲用	シュウヨウ
襲職	シュウショク
襲雷	シュウライ
襷がけ	タスキガケ
襷掛け	タスキガケ
西下	サイカ
西京	サイキョウ
西京漬	サイキョウヅケ
西京漬け	サイキョウヅケ
西側	ニシガワ
西入	ニシイル
西北西	セイホクセイ
西半球	ニシハンキュウ
西南西	セイナンセイ
西口	ニシグチ
西向き	ニシムキ
西哲	セイテツ
西回り	ニシマワリ
西土	セイド
西壁	セイヘキ
西寄り	ニシヨリ
西岸	セイガン
西廻り	ニシマワリ
西征	セイセイ
西戎	セイジュウ
西明かり	ニシアカリ
西暦	セイレキ
西棟	ニシトウ
西洋	セイヨウ
西洋なし	セイヨウナシ
西洋わさび	セイヨウワサビ
西洋ナシ	セイヨウナシ
西洋人	セイヨウジン
西洋化	セイヨウカ
西洋史	セイヨウシ
西洋山葵	セイヨウワサビ
西洋柊	セイヨウヒイラギ
西洋桜草	セイヨウサクラソウ
西洋梨	セイヨウナシ
西洋画	セイヨウガ
西洋風	セイヨウフウ
西洋館	セイヨウカン
西流	セイリュウ
西海岸	ニシカイガン
西漸	セイゼン
西瓜	スイカ
西瓜割り	スイカワリ
西端	セイタン
西紀	セイキ
西経	セイケイ
西縁	セイエン
西語	セイゴ
西諺	セイゲン
西軍	セイグン
西進	セイシン
西郊	セイコウ
西部	セイブ
西部劇	セイブゲキ
西陽	ニシビ
西館	ニシカン
西高東低	セイコウトウテイ
要す	ヨウス
要する	ヨウスル
要り	イリ
要り用	イリヨウ
要る	イル
要予約	ヨウヨヤク
要事	ヨウジ
要人	ヨウジン
要介護	ヨウカイゴ
要介護認定	ヨウカイゴニンテイ
要件	ヨウケン
要償	ヨウショウ
要具	ヨウグ
要務	ヨウム
要否	ヨウヒ
要員	ヨウイン
要因	ヨウイン
要図	ヨウズ
要地	ヨウチ
要塞	ヨウサイ
要害	ヨウガイ
要式	ヨウシキ
要心	ヨウジン
要所	ヨウショ
要撃	ヨウゲキ
要支援	ヨウシエン
要旨	ヨウシ
要望	ヨウボウ
要望書	ヨウボウショ
要求	ヨウキュウ
要注意	ヨウチュウイ
要港	ヨウコウ
要点	ヨウテン
要用	ヨウヨウ
要略	ヨウリャク
要目	ヨウモク
要石	カナメイシ
要確認	ヨウカクニン
要約	ヨウヤク
要素	ヨウソ
要綱	ヨウコウ
要義	ヨウギ
要職	ヨウショク
要衝	ヨウショウ
要覧	ヨウラン
要訣	ヨウケツ
要説	ヨウセツ
要談	ヨウダン
要請	ヨウセイ
要路	ヨウロ
要項	ヨウコウ
要領	ヨウリョウ
要黐	カナメモチ
覆い	オオイ
覆いかくす	オオイカクス
覆いかぶせる	オオイカブセル
覆い被せる	オオイカブセル
覆い隠す	オオイカクス
覆う	オオウ
覆す	クツガエス
覆る	クツガエル
覆刻	フッコク
覆土	フクド
覆審	フクシン
覆屋	オオイヤ
覆水	フクスイ
覆没	フクボツ
覆滅	フクメツ
覆蔵	フクゾウ
覆輪	フクリン
覆面	フクメン
覇業	ハギョウ
覇権	ハケン
覇気	ハキ
覇王	ハオウ
覇者	ハシャ
覇道	ハドウ
覊絆	キハン
見あきる	ミアキル
見あげる	ミアゲル
見あたる	ミアタル
見あわせる	ミアワセル
見いだす	ミイダス
見い出す	ミイダス
見うける	ミウケル
見うしなう	ミウシナウ
見えすく	ミエスク
見えっ張り	ミエッパリ
見える化	ミエルカ
見え見え	ミエミエ
見え透く	ミエスク
見おさめ	ミオサメ
見おぼえ	ミオボエ
見おろす	ミオロス
見かけ	ミカケ
見かける	ミカケル
見かねる	ミカネル
見きわめる	ミキワメル
見くびる	ミクビル
見こみ	ミコミ
見ごたえ	ミゴタエ
見ごろ	ミゴロ
見すえる	ミスエル
見すかす	ミスカス
見すてる	ミステル
見すぼらしい	ミスボラシイ
見すます	ミスマス
見す見す	ミスミス
見せあう	ミセアウ
見せかけ	ミセカケ
見せかける	ミセカケル
見せしめ	ミセシメ
見せつける	ミセツケル
見せどころ	ミセドコロ
見せびらかす	ミセビラカス
見せる	ミセル
見せ付ける	ミセツケル
見せ場	ミセバ
見せ所	ミセドコロ
見せ掛け	ミセカケ
見せ掛ける	ミセカケル
見せ板	ミセイタ
見せ消ち	ミセケチ
見せ物	ミセモノ
見せ玉	ミセギョク
見せ金	ミセガネ
見そめる	ミソメル
見たてる	ミタテル
見た目	ミタメ
見ちがえる	ミチガエル
見っともない	ミットモナイ
見っとも無い	ミットモナイ
見つかる	ミツカル
見つくろう	ミツクロウ
見つける	ミツケル
見つめる	ミツメル
見てくれ	ミテクレ
見とおし	ミトオシ
見とおす	ミトオス
見とがめる	ミトガメル
見とどける	ミトドケル
見とる	ミトル
見とれる	ミトレル
見どころ	ミドコロ
見なおす	ミナオス
見なし	ミナシ
見なす	ミナス
見ならう	ミナラウ
見ぬく	ミヌク
見ぬける	ミヌケル
見のがす	ミノガス
見はからう	ミハカラウ
見はらし	ミハラシ
見はる	ミハル
見はるかす	ミハルカス
見ばえ	ミバエ
見ひらく	ミヒラク
見ほれる	ミホレル
見まがう	ミマガウ
見まごう	ミマゴウ
見まね	ミマネ
見まわす	ミマワス
見まわる	ミマワル
見もの	ミモノ
見やぶる	ミヤブル
見やる	ミヤル
見る	ミル
見る見る	ミルミル
見れる	ミレル
見わけ	ミワケ
見わける	ミワケル
見わたす	ミワタス
見ケ〆	ミカジメ
見ケ〆料	ミカジメリョウ
見上げる	ミアゲル
見下げる	ミサゲル
見下す	ミクダス
見下ろす	ミオロス
見世	ミセ
見世棚	ミセダナ
見世物	ミセモノ
見事	ミゴト
見仏	ケンブツ
見付	ミツケ
見付かる	ミツカル
見付き	ミツキ
見付け	ミツケ
見付ける	ミツケル
見做し	ミナシ
見做す	ミナス
見優り	ミマサリ
見入る	ミイル
見兼ねる	ミカネル
見凝める	ミツメル
見処	ミドコロ
見出だす	ミイダス
見分	ケンブン
見分け	ミワケ
見分ける	ミワケル
見切り	ミキリ
見切り発車	ミキリハッシャ
見切る	ミキル
見切れる	ミキレル
見初める	ミソメル
見劣り	ミオトリ
見劣る	ミオトル
見収め	ミオサメ
見取り図	ミトリズ
見取る	ミトル
見取図	ミトリズ
見受ける	ミウケル
見台	ケンダイ
見合	ミアイ
見合い	ミアイ
見合す	ミアワス
見合せ	ミアワセ
見合せる	ミアワセル
見合わす	ミアワス
見合わせ	ミアワセ
見合わせる	ミアワセル
見向き	ミムキ
見向く	ミムク
見咎める	ミトガメル
見回す	ミマワス
見回り	ミマワリ
見回る	ミマワル
見地	ケンチ
見場	ミバ
見境	ミサカイ
見境い	ミサカイ
見変える	ミカエル
見学	ケンガク
見学者	ケンガクシャ
見守る	ミマモル
見定める	ミサダメル
見届ける	ミトドケル
見巧者	ミゴウシャ
見幕	ケンマク
見廻す	ミマワス
見張り	ミハリ
見張る	ミハル
見当	ケントウ
見当たる	ミアタル
見当る	ミアタル
見当識	ケントウシキ
見得	ミエ
見応え	ミゴタエ
見性	ケンショウ
見憶え	ミオボエ
見戍る	ミマモル
見抜く	ミヌク
見抜ける	ミヌケル
見捨てる	ミステル
見据える	ミスエル
見掛け	ミカケ
見掛ける	ミカケル
見放す	ミハナス
見放題	ミホウダイ
見料	ケンリョウ
見方	ミカタ
見映え	ミバエ
見晴かす	ミハルカス
見晴し	ミハラシ
見晴らし	ミハラシ
見晴らす	ミハラス
見晴るかす	ミハルカス
見本	ミホン
見本市	ミホンイチ
見本帳	ミホンチョウ
見染める	ミソメル
見栄	ミエ
見栄え	ミバエ
見栄っぱり	ミエッパリ
見栄っ張り	ミエッパリ
見栄坊	ミエボウ
見棄てる	ミステル
見極め	ミキワメ
見極める	ミキワメル
見残し	ミノコシ
見残す	ミノコス
見殺し	ミゴロシ
見比べる	ミクラベル
見渡し	ミワタシ
見渡す	ミワタス
見渡せる	ミワタセル
見澄ます	ミスマス
見物人	ケンブツニン
見番	ケンバン
見目	ミメ
見目形	ミメカタチ
見直し	ミナオシ
見直す	ミナオス
見真似	ミマネ
見知	ケンチ
見知り	ミシリ
見知る	ミシル
見破る	ミヤブル
見神	ケンシン
見積	ミツモリ
見積もり	ミツモリ
見積もる	ミツモル
見積り	ミツモリ
見積る	ミツモル
見積価格	ミツモリカカク
見積書	ミツモリショ
見窄らしい	ミスボラシイ
見立て	ミタテ
見立てる	ミタテル
見立絵	ミタテエ
見納め	ミオサメ
見縊る	ミクビル
見繕う	ミツクロウ
見習	ミナライ
見習い	ミナライ
見聞き	ミキキ
見聞録	ケンブンロク
見脈	ケンミャク
見舞	ミマイ
見舞い	ミマイ
見舞い状	ミマイジョウ
見舞い金	ミマイキン
見舞金	ミマイキン
見苦しい	ミグルシイ
見落し	ミオトシ
見落す	ミオトス
見落とし	ミオトシ
見落とす	ミオトス
見蕩れる	ミトレル
見覚え	ミオボエ
見覚える	ミオボエル
見解	ケンカイ
見計らう	ミハカラウ
見詰める	ミツメル
見誤る	ミアヤマル
見識	ケンシキ
見越し	ミコシ
見越す	ミコス
見較べる	ミクラベル
見込	ミコミ
見込み	ミコミ
見込み違い	ミコミチガイ
見込む	ミコム
見返し	ミカエシ
見返す	ミカエス
見返り	ミカエリ
見返る	ミカエル
見送り	ミオクリ
見送る	ミオクル
見逃がす	ミノガス
見逃し	ミノガシ
見逃す	ミノガス
見透かす	ミスカス
見透し	ミトオシ
見透す	ミトオス
見通	ミトオシ
見通し	ミトオシ
見通す	ミトオス
見過ごす	ミスゴス
見過す	ミスゴス
見違い	ミチガイ
見違える	ミチガエル
見遣る	ミヤル
見開き	ミヒラキ
見開く	ミヒラク
見間違い	ミマチガイ
見附	ミツケ
見限る	ミカギル
見離す	ミハナス
見霽かす	ミハルカス
見頃	ミゴロ
見飽きる	ミアキル
見高	ケンダカ
規制	キセイ
規制緩和	キセイカンワ
規則	キソク
規則的	キソクテキ
規定	キテイ
規定値	キテイチ
規律	キリツ
規整	キセイ
規格	キカク
規格判	キカクバン
規格化	キカクカ
規格品	キカクヒン
規格外	キカクガイ
規模	キボ
規模の経済	キボノケイザイ
規正	キセイ
規準	キジュン
規矩	キク
規程	キテイ
規範	キハン
規約	キヤク
規那	キナ
視える	ミエル
視つめる	ミツメル
視る	ミル
視力	シリョク
視力表	シリョクヒョウ
視姦	シカン
視学	シガク
視察	シサツ
視差	シサ
視床	シショウ
視度	シド
視座	シザ
視点	シテン
視界	シカイ
視神経	シシンケイ
視程	シテイ
視細胞	シサイボウ
視線	シセン
視聴率	シチョウリツ
視聴者	シチョウシャ
視聴覚	シチョウカク
視能訓練士	シノウクンレンシ
視覚	シカク
視覚化	シカクカ
視覚的	シカクテキ
視覚野	シカクヤ
視覚障害	シカクショウガイ
視覚障害者	シカクショウガイシャ
視角	シカク
視診	シシン
視詰める	ミツメル
視話法	シワホウ
視認	シニン
視野	シヤ
覗き	ノゾキ
覗きこむ	ノゾキコム
覗き機関	ノゾキカラクリ
覗き穴	ノゾキアナ
覗き窓	ノゾキマド
覗き見	ノゾキミ
覗き見る	ノゾキミル
覗き込む	ノゾキコム
覗く	ノゾク
覗機関	ノゾキカラクリ
覘き	ノゾキ
覘く	ノゾク
覚え	オボエ
覚えこむ	オボエコム
覚える	オボエル
覚え書	オボエガキ
覚え書き	オボエガキ
覚え込む	オボエコム
覚え違い	オボエチガイ
覚しい	オボシイ
覚せい	カクセイ
覚せい剤	カクセイザイ
覚ます	サマス
覚め際	サメギワ
覚り	サトリ
覚る	サトル
覚悟	カクゴ
覚書	オボエガキ
覚書き	オボエガキ
覚知	カクチ
覚者	カクシャ
覚醒	カクセイ
覚醒剤	カクセイザイ
覧る	ミル
親がかり	オヤガカリ
親がわり	オヤガワリ
親しく	シタシク
親しみ	シタシミ
親しむ	シタシム
親せき	シンセキ
親ばか	オヤバカ
親ばれ	オヤバレ
親ぼく	シンボク
親もと	オヤモト
親バカ	オヤバカ
親バレ	オヤバレ
親不孝	オヤフコウ
親中	シンチュウ
親交	シンコウ
親代り	オヤガワリ
親代わり	オヤガワリ
親任	シンニン
親任官	シンニンカン
親会社	オヤガイシャ
親元	オヤモト
親兵	シンペイ
親分	オヤブン
親切	シンセツ
親切心	シンセツシン
親切気	シンセツギ
親勝り	オヤマサリ
親友	シンユウ
親告	シンコク
親告罪	シンコクザイ
親和	シンワ
親和力	シンワリョク
親和性	シンワセイ
親和的	シンワテキ
親善	シンゼン
親好	シンコウ
親子関係	オヤコカンケイ
親字	オヤジ
親孝行	オヤコウコウ
親密	シンミツ
親局	オヤキョク
親展	シンテン
親征	シンセイ
親心	オヤゴコロ
親思い	オヤオモイ
親愛	シンアイ
親戚	シンセキ
親拝	シンパイ
親指	オヤユビ
親掛かり	オヤガカリ
親政	シンセイ
親文字	オヤモジ
親族関係	シンゾクカンケイ
親日	シンニチ
親日家	シンニチカ
親日派	シンニチハ
親書	シンショ
親柱	オヤバシラ
親株	オヤカブ
親業	オヤギョウ
親権者	シンケンシャ
親機	オヤキ
親殺し	オヤゴロシ
親水	シンスイ
親水基	シンスイキ
親水性	シンスイセイ
親油性	シンユセイ
親潮	オヤシオ
親父狩り	オヤジガリ
親犬	オヤイヌ
親猫	オヤネコ
親玉	オヤダマ
親王	シンノウ
親疎	シンソ
親睦	シンボク
親睦会	シンボクカイ
親知らず	オヤシラズ
親祭	シンサイ
親筆	シンピツ
親等	シントウ
親米	シンベイ
親署	シンショ
親臨	シンリン
親船	オヤブネ
親芋	オヤイモ
親藩	シンパン
親衛	シンエイ
親衛隊	シンエイタイ
親裁	シンサイ
親許	オヤモト
親譲り	オヤユズリ
親身	シンミ
親近	シンキン
親近感	シンキンカン
親里	オヤザト
親閲	シンエツ
親離れ	オヤバナレ
親電	シンデン
親露	シンロ
親韓	シンカン
親類	シンルイ
親類づきあい	シンルイヅキアイ
親類付き合い	シンルイヅキアイ
親類付合い	シンルイヅキアイ
親類書き	シンルイガキ
親馬鹿	オヤバカ
親骨	オヤボネ
親鳥	オヤドリ
覬覦	キユ
観じる	カンジル
観ずる	カンズル
観る	ミル
観世音	カンゼオン
観光	カンコウ
観光公害	カンコウコウガイ
観光地	カンコウチ
観光学	カンコウガク
観光客	カンコウキャク
観光庁	カンコウチョウ
観光業	カンコウギョウ
観光船	カンコウセン
観光都市	カンコウトシ
観兵式	カンペイシキ
観劇	カンゲキ
観天望気	カンテンボウキ
観客数	カンキャクスウ
観察	カンサツ
観察力	カンサツリョク
観察眼	カンサツガン
観念	カンネン
観念的	カンネンテキ
観念論	カンネンロン
観想	カンソウ
観戦	カンセン
観月	カンゲツ
観月会	カンゲツカイ
観望	カンボウ
観桜	カンオウ
観桜会	カンオウカイ
観梅	カンバイ
観楓	カンプウ
観測	カンソク
観潮	カンチョウ
観瀑	カンバク
観点	カンテン
観照	カンショウ
観相	カンソウ
観相学	カンソウガク
観経	カンギョウ
観能	カンノウ
観艦式	カンカンシキ
観菊	カンギク
観葉植物	カンヨウショクブツ
観衆	カンシュウ
観視	カンシ
観覧	カンラン
観覧席	カンランセキ
観覧者	カンランシャ
観覧車	カンランシャ
観護	カンゴ
観象	カンショウ
観賞	カンショウ
観賞魚	カンショウギョ
観閲	カンエツ
観音開き	カンノンビラキ
覿面	テキメン
角々しい	カドカドシイ
角だる	ツノダル
角っこ	カドッコ
角切り	カクギリ
角刈	カクガリ
角刈り	カクガリ
角化	カクカ
角化症	カクカショウ
角印	カクイン
角叉	ツノマタ
角回	カクカイ
角地	カドチ
角型	カクガタ
角岩	カクガン
角巻	カクマキ
角巻き	カクマキ
角帯	カクオビ
角帽	カクボウ
角店	カドミセ
角度	カクド
角抵	カクテイ
角書き	ツノガキ
角材	カクザイ
角栓	カクセン
角樽	ツノダル
角灯	カクトウ
角煮	カクニ
角状	カクジョウ
角瓶	カクビン
角番	カドバン
角皮	カクヒ
角皿	カクザラ
角盆	カクボン
角砂糖	カクザトウ
角立てる	カドダテル
角竜	ツノリュウ
角笛	ツノブエ
角細工	ツノザイク
角結膜炎	カクケツマクエン
角胡麻	ツノゴマ
角膜	カクマク
角膜炎	カクマクエン
角膜銀行	カクマクギンコウ
角苔	ツノゴケ
角苔類	ツノゴケルイ
角落ち	カクオチ
角蝉	ツノゼミ
角袖	カクソデ
角角しい	カドカドシイ
角觝	カクテイ
角貝	ツノガイ
角質	カクシツ
角質化	カクシツカ
角質層	カクシツソウ
角距離	カクキョリ
角逐	カクチク
角通	カクツウ
角速度	カクソクド
角部屋	カドベヤ
角銀鉱	カクギンコウ
角錐	カクスイ
角閃岩	カクセンガン
角閃石	カクセンセキ
角隠し	ツノカクシ
角食	カクショク
角鮫	ツノザメ
角鰈	ツノガレイ
觝触	テイショク
解かす	トカス
解きあかす	トキアカス
解きほぐす	トキホグス
解きほどく	トキホドク
解き放す	トキハナス
解き放つ	トキハナツ
解き方	トキカタ
解き明かす	トキアカス
解き明す	トキアカス
解き櫛	トキグシ
解き洗い	トキアライ
解き解く	トキホドク
解き解す	トキホグス
解き離す	トキハナス
解けあう	トケアウ
解けこむ	トケコム
解け合い	トケアイ
解け込む	トケコム
解り	ワカリ
解る	ワカル
解れ髪	ホツレガミ
解任	カイニン
解体	カイタイ
解体屋	カイタイヤ
解傭	カイヨウ
解像	カイゾウ
解像力	カイゾウリョク
解像度	カイゾウド
解党	カイトウ
解凍	カイトウ
解凍ソフト	カイトウソフト
解剖	カイボウ
解剖学	カイボウガク
解呪	カイジュ
解団	カイダン
解字	カイジ
解放	カイホウ
解放区	カイホウク
解放感	カイホウカン
解散	カイサン
解散権	カイサンケン
解明	カイメイ
解明かす	トキアカス
解析	カイセキ
解析学	カイセキガク
解毒	ゲドク
解毒剤	ゲドクザイ
解毒薬	ゲドクヤク
解氷	カイヒョウ
解決	カイケツ
解決方法	カイケツホウホウ
解決法	カイケツホウ
解決策	カイケツサク
解法	カイホウ
解洗い	トキアライ
解消	カイショウ
解熱	ゲネツ
解熱剤	ゲネツザイ
解熱薬	ゲネツヤク
解版	カイハン
解禁	カイキン
解禁日	カイキンビ
解答	カイトウ
解糖	カイトウ
解約	カイヤク
解約率	カイヤクリツ
解約金	カイヤクキン
解結	カイケツ
解纜	カイラン
解職	カイショク
解脱	ゲダツ
解語	カイゴ
解説	カイセツ
解説書	カイセツショ
解説者	カイセツシャ
解読	カイドク
解釈	カイシャク
解釈学	カイシャクガク
解錠	カイジョウ
解除	カイジョ
解雇	カイコ
解離	カイリ
解離度	カイリド
解題	カイダイ
触れあう	フレアウ
触れこむ	フレコム
触れ合い	フレアイ
触れ回る	フレマワル
触れ書	フレガキ
触れ書き	フレガキ
触れ込み	フレコミ
触れ込む	フレコム
触合い	フレアイ
触媒	ショクバイ
触感	ショッカン
触手	ショクシュ
触書	フレガキ
触書き	フレガキ
触法	ショクホウ
触発	ショクハツ
触腕	ショクワン
触覚	ショッカク
触覚器	ショッカクキ
触角	ショッカク
触診	ショクシン
触雷	ショクライ
触鬚	ショクシュ
言々	ゲンゲン
言いあてる	イイアテル
言いあらわす	イイアラワス
言いおく	イイオク
言いかえす	イイカエス
言いかえる	イイカエル
言いかける	イイカケル
言いがかり	イイガカリ
言いきかす	イイキカス
言いきかせる	イイキカセル
言いきる	イイキル
言いくるめる	イイクルメル
言いぐさ	イイグサ
言いたてる	イイタテル
言いつかる	イイツカル
言いつくろう	イイツクロウ
言いつけ	イイツケ
言いつける	イイツケル
言いつのる	イイツノル
言いなす	イイナス
言いのける	イイノケル
言いはなつ	イイハナツ
言いはやす	イイハヤス
言いはる	イイハル
言いふくめる	イイフクメル
言いふらす	イイフラス
言いふるす	イイフルス
言いまかす	イイマカス
言いまわし	イイマワシ
言いやる	イイヤル
言いよどむ	イイヨドム
言いよる	イイヨル
言いわけ	イイワケ
言い丸める	イイマルメル
言い争い	イイアラソイ
言い争う	イイアラソウ
言い付かる	イイツカル
言い付け	イイツケ
言い付ける	イイツケル
言い伏せる	イイフセル
言い伝え	イイツタエ
言い伝える	イイツタエル
言い値	イイネ
言い做す	イイナス
言い分	イイブン
言い分け	イイワケ
言い切り	イイキリ
言い切る	イイキル
言い募る	イイツノル
言い包める	イイクルメル
言い及ぶ	イイオヨブ
言い古す	イイフルス
言い合い	イイアイ
言い合わせる	イイアワセル
言い含める	イイフクメル
言い囃す	イイハヤス
言い回し	イイマワシ
言い回す	イイマワス
言い寄る	イイヨル
言い広める	イイヒロメル
言い廻し	イイマワシ
言い張る	イイハル
言い当てる	イイアテル
言い抜け	イイヌケ
言い抜ける	イイヌケル
言い捨てる	イイステル
言い掛ける	イイカケル
言い掛り	イイガカリ
言い換え	イイカエ
言い換える	イイカエル
言い改める	イイアラタメル
言い放つ	イイハナツ
言い散らす	イイチラス
言い方	イイカタ
言い旧す	イイフルス
言い暮らす	イイクラス
言い替え	イイカエ
言い替える	イイカエル
言い条	イイジョウ
言い残す	イイノコス
言い淀む	イイヨドム
言い添える	イイソエル
言い渋る	イイシブル
言い渡し	イイワタシ
言い渡す	イイワタス
言い漏らす	イイモラス
言い澱む	イイヨドム
言い直し	イイナオシ
言い直す	イイナオス
言い破る	イイヤブル
言い種	イイグサ
言い立てる	イイタテル
言い紛らす	イイマギラス
言い継ぐ	イイツグ
言い繕う	イイツクロウ
言い置く	イイオク
言い習わし	イイナラワシ
言い習わす	イイナラワス
言い聞かす	イイキカス
言い聞かせる	イイキカセル
言い草	イイグサ
言い落す	イイオトス
言い落とす	イイオトス
言い表す	イイアラワス
言い表せる	イイアラワセル
言い表わす	イイアラワス
言い触らす	イイフラス
言い訳	イイワケ
言い誤る	イイアヤマル
言い諭す	イイサトス
言い負かす	イイマカス
言い負ける	イイマケル
言い足す	イイタス
言い込める	イイコメル
言い返し	イイカエシ
言い返す	イイカエス
言い退ける	イイノケル
言い送る	イイオクル
言い逃がれ	イイノガレ
言い逃れ	イイノガレ
言い逃れる	イイノガレル
言い通す	イイトオス
言い過ごす	イイスゴス
言い違い	イイチガイ
言い違える	イイチガエル
言い遣る	イイヤル
言い開き	イイヒラキ
言い開く	イイヒラク
言づけ	コトヅケ
言づて	コトヅテ
言わす	イワス
言わずもがな	イワズモガナ
言上	ゴンジョウ
言伝	コトヅテ
言伝え	イイツタエ
言偏	ゴンベン
言做す	イイナス
言分け	イイワケ
言切り	イイキリ
言切る	イイキル
言動	ゲンドウ
言及	ゲンキュウ
言合わせる	イイアワセル
言含める	イイフクメル
言囃す	イイハヤス
言回し	イイマワシ
言外	ゲンガイ
言寄る	イイヨル
言張る	イイハル
言抜け	イイヌケ
言抜ける	イイヌケル
言挙げ	コトアゲ
言捨てる	イイステル
言掛かり	イイガカリ
言掛り	イイガカリ
言換え	イイカエ
言換える	イイカエル
言放つ	イイハナツ
言文	ゲンブン
言明	ゲンメイ
言暮らす	イイクラス
言替え	イイカエ
言替える	イイカエル
言残す	イイノコス
言添える	イイソエル
言渡し	イイワタシ
言渡す	イイワタス
言漏らす	イイモラス
言直し	イイナオシ
言直す	イイナオス
言祝ぐ	コトホグ
言種	イイグサ
言立てる	イイタテル
言繕う	イイツクロウ
言習わし	イイナラワシ
言習わす	イイナラワス
言聞かせる	イイキカセル
言草	イイグサ
言落す	イイオトス
言葉じり	コトバジリ
言葉つき	コトバツキ
言葉づかい	コトバヅカイ
言葉付き	コトバツキ
言葉使い	コトバヅカイ
言葉尻	コトバジリ
言葉数	コトバカズ
言葉狩り	コトバガリ
言葉責め	コトバゼメ
言葉質	コトバジチ
言葉遊び	コトバアソビ
言葉遣い	コトバヅカイ
言葉選び	コトバエラビ
言行	ゲンコウ
言行録	ゲンコウロク
言表	ゲンピョウ
言表す	イイアラワス
言触らす	イイフラス
言言	ゲンゲン
言訳	イイワケ
言詞	ゲンシ
言語モデル	ゲンゴモデル
言語化	ゲンゴカ
言語学	ゲンゴガク
言語権	ゲンゴケン
言語治療士	ゲンゴチリョウシ
言語聴覚士	ゲンゴチョウカクシ
言語道断	ゴンゴドウダン
言語野	ゲンゴヤ
言語障害	ゲンゴショウガイ
言誤る	イイアヤマル
言説	ゲンセツ
言論	ゲンロン
言論界	ゲンロンカイ
言負かす	イイマカス
言責	ゲンセキ
言辞	ゲンジ
言込める	イイコメル
言返し	イイカエシ
言返す	イイカエス
言述	ゲンジュツ
言逃れ	イイノガレ
言逃れる	イイノガレル
言通す	イイトオス
言違い	イイチガイ
言開き	イイヒラキ
言霊	コトダマ
訂する	テイスル
訂正	テイセイ
訂正印	テイセイイン
訃報	フホウ
計らい	ハカライ
計らう	ハカラウ
計り売り	ハカリウリ
計り直す	ハカリナオス
計り知る	ハカリシル
計る	ハカル
計上	ケイジョウ
計器	ケイキ
計帳	ケイチョウ
計数	ケイスウ
計数器	ケイスウキ
計数管	ケイスウカン
計時	ケイジ
計歩器	ケイホキ
計測	ケイソク
計測器	ケイソクキ
計理士	ケイリシ
計画	ケイカク
計画性	ケイカクセイ
計画書	ケイカクショ
計画的	ケイカクテキ
計略	ケイリャク
計算	ケイサン
計算器	ケイサンキ
計算尺	ケイサンジャク
計算式	ケイサンシキ
計算手	ケイサンシュ
計算書	ケイサンショ
計算機	ケイサンキ
計算機科学	ケイサンキカガク
計算量	ケイサンリョウ
計装	ケイソウ
計都	ケイト
計量	ケイリョウ
計量カップ	ケイリョウカップ
計量器	ケイリョウキ
計量士	ケイリョウシ
計量学	ケイリョウガク
計量法	ケイリョウホウ
計量経済学	ケイリョウケイザイガク
訊きかえす	キキカエス
訊き直す	キキナオス
訊き返す	キキカエス
訊く	キク
訊ね	タズネ
訊ねる	タズネル
訊問	ジンモン
訌争	コウソウ
討ちとる	ウチトル
討ちもらす	ウチモラス
討ち入り	ウチイリ
討ち入る	ウチイル
討ち取る	ウチトル
討ち止める	ウチトメル
討ち死に	ウチジニ
討ち滅ぼす	ウチホロボス
討ち破る	ウチヤブル
討つ	ウツ
討伐	トウバツ
討入	ウチイリ
討入り	ウチイリ
討匪	トウヒ
討取る	ウチトル
討尋	トウジン
討幕	トウバク
討止める	ウチトメル
討死	ウチジニ
討死に	ウチジニ
討滅	トウメツ
討究	トウキュウ
討論	トウロン
討論会	トウロンカイ
討議	トウギ
討首	ウチクビ
訓え	オシエ
訓える	オシエル
訓ずる	クンズル
訓み下し	ヨミクダシ
訓み下す	ヨミクダス
訓む	ヨム
訓令	クンレイ
訓告	クンコク
訓導	クンドウ
訓戒	クンカイ
訓点	クンテン
訓示	クンジ
訓練	クンレン
訓練データ	クンレンデータ
訓練生	クンレンセイ
訓育	クンイク
訓詁	クンコ
訓詁学	クンコガク
訓話	クンワ
訓誡	クンカイ
訓誨	クンカイ
訓読	クンドク
訓読み	クンヨミ
訓諭	クンユ
訓辞	クンジ
訓釈	クンシャク
訓電	クンデン
託かる	コトヅカル
託す	タクス
託する	タクスル
託つ	カコツ
託児	タクジ
託児所	タクジショ
託児施設	タクジシセツ
託宣	タクセン
託送	タクソウ
記する	キスル
記事	キジ
記入	キニュウ
記入例	キニュウレイ
記入欄	キニュウラン
記号	キゴウ
記号学	キゴウガク
記号素	キゴウソ
記号論	キゴウロン
記名	キメイ
記帳	キチョウ
記念	キネン
記念切手	キネンキッテ
記念品	キネンヒン
記念日	キネンビ
記念樹	キネンジュ
記念物	キネンブツ
記念碑	キネンヒ
記念祭	キネンサイ
記念誌	キネンシ
記念館	キネンカン
記性	キセイ
記憶	キオク
記憶力	キオクリョク
記憶媒体	キオクバイタイ
記憶術	キオクジュツ
記憶装置	キオクソウチ
記数法	キスウホウ
記法	キホウ
記章	キショウ
記紀	キキ
記者	キシャ
記者団	キシャダン
記者室	キシャシツ
記誦	キショウ
記譜	キフ
記載	キサイ
記載事項	キサイジコウ
記載漏れ	キサイモレ
記述	キジュツ
記銘	キメイ
記錄	キロク
記録	キロク
記録的	キロクテキ
訛り	ナマリ
訛る	ナマル
訛伝	カデン
訛字	カジ
訛語	カゴ
訛音	カオン
訝かる	イブカル
訝しい	イブカシイ
訝しむ	イブカシム
訝る	イブカル
訟務	ショウム
訣別	ケツベツ
訥々	トツトツ
訥弁	トツベン
訥訥	トツトツ
訪ねる	タズネル
訪れ	オトズレ
訪れる	オトズレル
訪ロ	ホウロ
訪中	ホウチュウ
訪印	ホウイン
訪台	ホウタイ
訪問	ホウモン
訪問先	ホウモンサキ
訪問支援	ホウモンシエン
訪問着	ホウモンギ
訪問者	ホウモンシャ
訪日	ホウニチ
訪日外国人旅行者	ホウニチガイコクジンリョコウシャ
訪朝	ホウチョウ
訪欧	ホウオウ
訪比	ホウヒ
訪米	ホウベイ
訪緬	ホウメン
訪英	ホウエイ
訪露	ホウロ
訪韓	ホウカン
設い	シツライ
設え	シツラエ
設える	シツラエル
設け	モウケ
設ける	モウケル
設例	セツレイ
設備	セツビ
設備費	セツビヒ
設問	セツモン
設営	セツエイ
設定	セッテイ
設立	セツリツ
設立者	セツリツシャ
設置	セッチ
設計	セッケイ
設計図	セッケイズ
設計書	セッケイショ
設題	セツダイ
許し色	ユルシイロ
許す	ユルス
許可	キョカ
許可制	キョカセイ
許可書	キョカショ
許可証	キョカショウ
許否	キョヒ
許容	キョヨウ
許容量	キョヨウリョウ
許状	キョジョウ
許認可	キョニンカ
許諾	キョダク
訳あり	ワケアリ
訳す	ヤクス
訳する	ヤクスル
訳アリ	ワケアリ
訳出	ヤクシュツ
訳合	ワケアイ
訳合い	ワケアイ
訳名	ヤクメイ
訳文	ヤクブン
訳書	ヤクショ
訳有り	ワケアリ
訳本	ヤクホン
訳柄	ワケガラ
訳業	ヤクギョウ
訳注	ヤクチュウ
訳知り	ワケシリ
訳筆	ヤクヒツ
訳者	ヤクシャ
訳註	ヤクチュウ
訳詞	ヤクシ
訳詩	ヤクシ
訳語	ヤクゴ
訳読	ヤクドク
訳載	ヤクサイ
訳述	ヤクジュツ
訴え	ウッタエ
訴えかける	ウッタエカケル
訴える	ウッタエル
訴え出る	ウッタエデル
訴え掛ける	ウッタエカケル
訴人	ソニン
訴因	ソイン
訴外	ソガイ
訴権	ソケン
訴求	ソキュウ
訴求力	ソキュウリョク
訴状	ソジョウ
訴訟	ソショウ
訴訟法	ソショウホウ
訴追	ソツイ
訴額	ソガク
訴願	ソガン
診せる	ミセル
診る	ミル
診察	シンサツ
診察券	シンサツケン
診察台	シンサツダイ
診察室	シンサツシツ
診断	シンダン
診断士	シンダンシ
診断学	シンダンガク
診断書	シンダンショ
診査	シンサ
診療	シンリョウ
診療報酬	シンリョウホウシュウ
診療科	シンリョウカ
診療費	シンリョウヒ
註する	チュウスル
註疏	チュウソ
註解	チュウカイ
註記	チュウキ
註釈	チュウシャク
証する	ショウスル
証人	ショウニン
証券	ショウケン
証券会社	ショウケンガイシャ
証券化	ショウケンカ
証券取引法	ショウケントリヒキホウ
証券市場	ショウケンシジョウ
証券番号	ショウケンバンゴウ
証印	ショウイン
証取	ショウトリ
証取法	ショウトリホウ
証左	ショウサ
証憑	ショウヒョウ
証拠	ショウコ
証拠書類	ショウコショルイ
証拠金	ショウコキン
証文	ショウモン
証明	ショウメイ
証明力	ショウメイリョク
証明書	ショウメイショ
証明証	ショウメイショウ
証書	ショウショ
証果	ショウカ
証票	ショウヒョウ
証紙	ショウシ
証言	ショウゲン
証言者	ショウゲンシャ
証跡	ショウセキ
詐り	イツワリ
詐る	イツワル
詐偽	サギ
詐取	サシュ
詐害	サガイ
詐欺	サギ
詐欺師	サギシ
詐欺罪	サギザイ
詐略	サリャク
詐病	サビョウ
詐称	サショウ
詐術	サジュツ
詐話師	サワシ
詔勅	ショウチョク
詔書	ショウショ
評す	ヒョウス
評する	ヒョウスル
評伝	ヒョウデン
評価	ヒョウカ
評価基準	ヒョウカキジュン
評価損	ヒョウカソン
評価益	ヒョウカエキ
評価者	ヒョウカシャ
評判	ヒョウバン
評決	ヒョウケツ
評注	ヒョウチュウ
評点	ヒョウテン
評者	ヒョウシャ
評言	ヒョウゲン
評註	ヒョウチュウ
評語	ヒョウゴ
評説	ヒョウセツ
評論	ヒョウロン
評論家	ヒョウロンカ
評議	ヒョウギ
評議会	ヒョウギカイ
評議員	ヒョウギイン
評釈	ヒョウシャク
詛い	ノロイ
詛う	ノロウ
詞宗	シソウ
詞書	コトバガキ
詞書き	コトバガキ
詞章	シショウ
詞花集	シカシュウ
詞華集	シカシュウ
詞藻	シソウ
詠じる	エイジル
詠ずる	エイズル
詠みこむ	ヨミコム
詠み人	ヨミビト
詠み手	ヨミテ
詠み込む	ヨミコム
詠む	ヨム
詠人	ヨミビト
詠史	エイシ
詠吟	エイギン
詠唱	エイショウ
詠嘆	エイタン
詠歎	エイタン
詠込む	ヨミコム
詠進	エイシン
詣で	モウデ
詣でる	モウデル
詣り	マイリ
詣る	マイル
試し切り	タメシギリ
試し刷り	タメシズリ
試し斬り	タメシギリ
試し算	タメシザン
試し読み	タメシヨミ
試す	タメス
試み	ココロミ
試みる	ココロミル
試乗	シジョウ
試作	シサク
試作品	シサクヒン
試作機	シサクキ
試供	シキョウ
試供品	シキョウヒン
試写	シシャ
試写会	シシャカイ
試合い	シアイ
試合中	シアイチュウ
試合場	シアイジョウ
試合終了	シアイシュウリョウ
試問	シモン
試射	シシャ
試技	シギ
試掘	シクツ
試掘権	シクツケン
試料	シリョウ
試案	シアン
試演	シエン
試煉	シレン
試用	シヨウ
試用期間	シヨウキカン
試着	シチャク
試着室	シチャクシツ
試筆	シヒツ
試算	シサン
試算表	シサンヒョウ
試練	シレン
試聴	シチョウ
試薬	シヤク
試行	シコウ
試行錯誤	シコウサクゴ
試補	シホ
試製	シセイ
試訳	シヤク
試読	シドク
試論	シロン
試買	シバイ
試走	シソウ
試遊	シユウ
試運転	シウンテン
試金	シキン
試金石	シキンセキ
試錐	シスイ
試錐機	シスイキ
試錬	シレン
試食	シショク
試飲	シイン
試験	シケン
試験データ	シケンデータ
試験会場	シケンカイジョウ
試験台	シケンダイ
試験場	シケンジョウ
試験官	シケンカン
試験的	シケンテキ
試験科目	シケンカモク
試験管	シケンカン
試験紙	シケンシ
試験結果	シケンケッカ
試験項目	シケンコウモク
詩人	シジン
詩仙	シセン
詩体	シタイ
詩作	シサク
詩僧	シソウ
詩劇	シゲキ
詩友	シユウ
詩句	シク
詩史	シシ
詩吟	シギン
詩型	シケイ
詩境	シキョウ
詩壇	シダン
詩宗	シソウ
詩客	シカク
詩家	シカ
詩巻	シカン
詩形	シケイ
詩情	シジョウ
詩想	シソウ
詩意	シイ
詩才	シサイ
詩抄	シショウ
詩文	シブン
詩書	シショ
詩業	シギョウ
詩的	シテキ
詩眼	シガン
詩碑	シヒ
詩神	シシン
詩稿	シコウ
詩篇	シヘン
詩編	シヘン
詩聖	シセイ
詩興	シキョウ
詩藻	シソウ
詩行	シギョウ
詩語	シゴ
詩論	シロン
詩賦	シフ
詩趣	シシュ
詩選	シセン
詩集	シシュウ
詩風	シフウ
詫び	ワビ
詫びる	ワビル
詫び入る	ワビイル
詫び状	ワビジョウ
詫び言	ワビゴト
詫状	ワビジョウ
詫言	ワビゴト
詭弁	キベン
詭計	キケイ
詭謀	キボウ
詭道	キドウ
詮ない	センナイ
詮方	センカタ
詮無い	センナイ
詮索	センサク
詮衡	センコウ
詮議	センギ
詰み	ツミ
詰む	ツム
詰めかける	ツメカケル
詰めこむ	ツメコム
詰めもの	ツメモノ
詰めよる	ツメヨル
詰め合せ	ツメアワセ
詰め合わせ	ツメアワセ
詰め合わせる	ツメアワセル
詰め寄る	ツメヨル
詰め所	ツメショ
詰め掛ける	ツメカケル
詰め放題	ツメホウダイ
詰め替え	ツメカエ
詰め替える	ツメカエル
詰め物	ツメモノ
詰め碁	ツメゴ
詰め腹	ツメバラ
詰め襟	ツメエリ
詰め込む	ツメコム
詰合せ	ツメアワセ
詰合わせ	ツメアワセ
詰問	キツモン
詰寄る	ツメヨル
詰将棋	ツメショウギ
詰屈	キックツ
詰所	ツメショ
詰替え	ツメカエ
詰物	ツメモノ
詰碁	ツメゴ
詰腹	ツメバラ
詰襟	ツメエリ
詰責	キッセキ
詰込む	ツメコム
話しあう	ハナシアウ
話しかける	ハナシカケル
話しことば	ハナシコトバ
話しこむ	ハナシコム
話し合い	ハナシアイ
話し声	ハナシゴエ
話し手	ハナシテ
話し掛ける	ハナシカケル
話し方	ハナシカタ
話し言葉	ハナシコトバ
話し込む	ハナシコム
話す	ハナス
話せる	ハナセル
話半分	ハナシハンブン
話合い	ハナシアイ
話柄	ワヘイ
話法	ワホウ
話者	ワシャ
話芸	ワゲイ
話術	ワジュツ
話言葉	ハナシコトバ
話頭	ワトウ
話題	ワダイ
話題作	ワダイサク
話題化	ワダイカ
話題性	ワダイセイ
該博	ガイハク
該当者	ガイトウシャ
詳しい	クワシイ
詳しく	クワシク
詳伝	ショウデン
詳報	ショウホウ
詳密	ショウミツ
詳注	ショウチュウ
詳略	ショウリャク
詳細	ショウサイ
詳解	ショウカイ
詳言	ショウゲン
詳記	ショウキ
詳説	ショウセツ
詳論	ショウロン
詳述	ショウジュツ
詳録	ショウロク
誂え	アツラエ
誂える	アツラエル
誂え向き	アツラエムキ
誄詞	ルイシ
誅する	チュウスル
誅伐	チュウバツ
誅戮	チュウリク
誅殺	チュウサツ
誅求	チュウキュウ
誅滅	チュウメツ
誇らか	ホコラカ
誇らしい	ホコラシイ
誇り顔	ホコリガオ
誇る	ホコル
誇大	コダイ
誇大妄想	コダイモウソウ
誇張	コチョウ
誇張法	コチョウホウ
誇示	コジ
誇称	コショウ
誉めそやす	ホメソヤス
誉めたたえる	ホメタタエル
誉めちぎる	ホメチギル
誉める	ホメル
誉め上げる	ホメアゲル
誉め称える	ホメタタエル
誉め言葉	ホメコトバ
誉れ	ホマレ
誌す	シルス
誌上	シジョウ
誌代	シダイ
誌名	シメイ
誌面	シメン
認め印	ミトメイン
認可	ニンカ
認可保育所	ニンカホイクショ
認可外保育所	ニンカガイホイクショ
認否	ニンピ
認定	ニンテイ
認定こども園	ニンテイコドモエン
認定医	ニンテイイ
認定証	ニンテイショウ
認容	ニンヨウ
認知	ニンチ
認知症	ニンチショウ
認許	ニンキョ
認証	ニンショウ
認証官	ニンショウカン
認証式	ニンショウシキ
認諾	ニンダク
認識	ニンシキ
認識力	ニンシキリョク
認識票	ニンシキヒョウ
認識論	ニンシキロン
誑かす	タブラカス
誑し	タラシ
誑しこむ	タラシコム
誑し込む	タラシコム
誑す	タラス
誓い	チカイ
誓文	セイモン
誓書	セイショ
誓約	セイヤク
誓約書	セイヤクショ
誓紙	セイシ
誓詞	セイシ
誓願	セイガン
誕生	タンジョウ
誕生会	タンジョウカイ
誕生地	タンジョウチ
誕生日	タンジョウビ
誕生石	タンジョウセキ
誕辰	タンシン
誘いかける	サソイカケル
誘い出す	サソイダス
誘い掛ける	サソイカケル
誘い水	サソイミズ
誘い込む	サソイコム
誘かい	ユウカイ
誘き出す	オビキダス
誘き寄せる	オビキヨセル
誘く	オビク
誘因	ユウイン
誘客	ユウキャク
誘導	ユウドウ
誘導体	ユウドウタイ
誘導弾	ユウドウダン
誘導性	ユウドウセイ
誘導路	ユウドウロ
誘引	ユウイン
誘惑	ユウワク
誘惑者	ユウワクシャ
誘拐	ユウカイ
誘拐犯	ユウカイハン
誘殺	ユウサツ
誘爆	ユウバク
誘発	ユウハツ
誘発剤	ユウハツザイ
誘致	ユウチ
誘蛾灯	ユウガトウ
誘起	ユウキ
誘電	ユウデン
誘電体	ユウデンタイ
誘電率	ユウデンリツ
語い	ゴイ
語らい	カタライ
語らう	カタラウ
語りあう	カタリアウ
語りあかす	カタリアカス
語りかける	カタリカケル
語りぐさ	カタリグサ
語りつぐ	カタリツグ
語りべ	カタリベ
語り伝える	カタリツタエル
語り口	カタリクチ
語り古す	カタリフルス
語り手	カタリテ
語り掛ける	カタリカケル
語り明かす	カタリアカス
語り物	カタリモノ
語り種	カタリグサ
語り継ぐ	カタリツグ
語り草	カタリグサ
語り部	カタリベ
語中	ゴチュウ
語例	ゴレイ
語勢	ゴセイ
語原	ゴゲン
語句	ゴク
語史	ゴシ
語呂	ゴロ
語基	ゴキ
語学力	ゴガクリョク
語学留学	ゴガクリュウガク
語尾	ゴビ
語幹	ゴカン
語序	ゴジョ
語弊	ゴヘイ
語彙	ゴイ
語彙力	ゴイリョク
語形	ゴケイ
語形論	ゴケイロン
語意	ゴイ
語感	ゴカン
語数	ゴスウ
語族	ゴゾク
語末	ゴマツ
語根	ゴコン
語格	ゴカク
語気	ゴキ
語法	ゴホウ
語派	ゴハ
語源	ゴゲン
語源学	ゴゲンガク
語用論	ゴヨウロン
語素	ゴソ
語群	ゴグン
語義	ゴギ
語脈	ゴミャク
語誌	ゴシ
語調	ゴチョウ
語路	ゴロ
語部	カタリベ
語釈	ゴシャク
語録	ゴロク
語音	ゴオン
語順	ゴジュン
語頭	ゴトウ
語類	ゴルイ
誠実	セイジツ
誠心	セイシン
誠忠	セイチュウ
誠意	セイイ
誡め	イマシメ
誡める	イマシメル
誣いる	シイル
誤ち	アヤマチ
誤つ	アヤマツ
誤り	アヤマリ
誤り伝える	アヤマリツタエル
誤り率	アヤマリリツ
誤る	アヤマル
誤伝	ゴデン
誤信	ゴシン
誤写	ゴシャ
誤判	ゴハン
誤動作	ゴドウサ
誤嚥	ゴエン
誤報	ゴホウ
誤変換	ゴヘンカン
誤字	ゴジ
誤審	ゴシン
誤射	ゴシャ
誤導	ゴドウ
誤差	ゴサ
誤操作	ゴソウサ
誤文	ゴブン
誤断	ゴダン
誤植	ゴショク
誤爆	ゴバク
誤用	ゴヨウ
誤答	ゴトウ
誤算	ゴサン
誤聞	ゴブン
誤脱	ゴダツ
誤表記	ゴヒョウキ
誤解	ゴカイ
誤記	ゴキ
誤訳	ゴヤク
誤診	ゴシン
誤認	ゴニン
誤読	ゴドク
誤謬	ゴビュウ
誤配	ゴハイ
誤飲	ゴイン
誤魔化し	ゴマカシ
誤魔化す	ゴマカス
誨淫	カイイン
説きつける	トキツケル
説き付ける	トキツケル
説き伏せる	トキフセル
説き分ける	トキワケル
説き勧める	トキススメル
説き及ぶ	トキオヨブ
説き明かし	トキアカシ
説き明かす	トキアカス
説き示す	トキシメス
説き聞かせる	トキキカセル
説き起こす	トキオコス
説き起す	トキオコス
説き述べる	トキノベル
説く	トク
説付ける	トキツケル
説伏	セップク
説伏せる	トキフセル
説及ぶ	トキオヨブ
説得	セットク
説得力	セットクリョク
説教	セッキョウ
説教師	セッキョウシ
説教者	セッキョウシャ
説明	セツメイ
説明会	セツメイカイ
説明文	セツメイブン
説明書	セツメイショ
説明的	セツメイテキ
説明責任	セツメイセキニン
説服	セップク
説法	セッポウ
説破	セッパ
説示	セツジ
説経	セッキョウ
説経節	セッキョウブシ
説話	セツワ
説諭	セツユ
説起こす	トキオコス
説起す	トキオコス
説述	セツジュツ
読み	ヨミ
読みあさる	ヨミアサル
読みかえす	ヨミカエス
読みかけ	ヨミカケ
読みかける	ヨミカケル
読みがな	ヨミガナ
読みきかせ	ヨミキカセ
読みこむ	ヨミコム
読みごたえ	ヨミゴタエ
読みつぐ	ヨミツグ
読みで	ヨミデ
読みとく	ヨミトク
読みとばす	ヨミトバス
読みとる	ヨミトル
読みなおす	ヨミナオス
読みふける	ヨミフケル
読みもの	ヨミモノ
読み上げ	ヨミアゲ
読み上げる	ヨミアゲル
読み下し	ヨミクダシ
読み下す	ヨミクダス
読み人	ヨミビト
読み仮名	ヨミガナ
読み出し	ヨミダシ
読み出す	ヨミダス
読み切り	ヨミキリ
読み取り	ヨミトリ
読み取り専用	ヨミトリセンヨウ
読み取り機	ヨミトリキ
読み取る	ヨミトル
読み合せ	ヨミアワセ
読み合せる	ヨミアワセル
読み合わせ	ヨミアワセ
読み合わせる	ヨミアワセル
読み応え	ヨミゴタエ
読み手	ヨミテ
読み掛け	ヨミカケ
読み掛ける	ヨミカケル
読み方	ヨミカタ
読み書き	ヨミカキ
読み書きそろばん	ヨミカキソロバン
読み書き算盤	ヨミカキソロバン
読み替える	ヨミカエル
読み札	ヨミフダ
読み流す	ヨミナガス
読み漁る	ヨミアサル
読み物	ヨミモノ
読み癖	ヨミクセ
読み直す	ヨミナオス
読み破る	ヨミヤブル
読み継ぐ	ヨミツグ
読み耽ける	ヨミフケル
読み耽る	ヨミフケル
読み聞かす	ヨミキカス
読み聞かせ	ヨミキカセ
読み聞かせる	ヨミキカセル
読み落とす	ヨミオトス
読み解く	ヨミトク
読み誤る	ヨミアヤマル
読み込み	ヨミコミ
読み込む	ヨミコム
読み返す	ヨミカエス
読み進む	ヨミススム
読み過ごす	ヨミスゴス
読み違い	ヨミチガイ
読み違う	ヨミチガウ
読み違え	ヨミチガエ
読み違える	ヨミチガエル
読み飛ばす	ヨミトバス
読む	ヨム
読める	ヨメル
読モ	ドクモ
読上げ	ヨミアゲ
読上げる	ヨミアゲル
読了	ドクリョウ
読人	ヨミビト
読会	ドッカイ
読出し	ヨミダシ
読切	ヨミキリ
読切り	ヨミキリ
読取	ヨミトリ
読取り	ヨミトリ
読取り機	ヨミトリキ
読取る	ヨミトル
読取機	ヨミトリキ
読唇術	ドクシンジュツ
読図	ドクズ
読売	ヨミウリ
読影	ドクエイ
読後	ドクゴ
読後感	ドクゴカン
読心術	ドクシンジュツ
読書き	ヨミカキ
読書家	ドクショカ
読替える	ヨミカエル
読札	ヨミフダ
読漁る	ヨミアサル
読点	トウテン
読物	ヨミモノ
読破	ドクハ
読者	ドクシャ
読者モデル	ドクシャモデル
読者層	ドクシャソウ
読耽る	ヨミフケル
読解	ドッカイ
読解力	ドッカイリョク
読話	ドクワ
読譜	ドクフ
読込	ヨミコミ
読込む	ヨミコム
読返す	ヨミカエス
読過	ドッカ
読響	ヨミキョウ
誰々	ダレダレ
誰それ	ダレソレ
誰何	スイカ
誰誰	ダレダレ
課す	カス
課する	カスル
課員	カイン
課外	カガイ
課徴金	カチョウキン
課業	カギョウ
課目	カモク
課程	カテイ
課税	カゼイ
課税対象額	カゼイタイショウガク
課税所得	カゼイショトク
課税標準	カゼイヒョウジュン
課税率	カゼイリツ
課金	カキン
課長	カチョウ
課長代理	カチョウダイリ
課長補佐	カチョウホサ
課題	カダイ
課題曲	カダイキョク
誹り	ソシリ
誹る	ソシル
誹毀	ヒキ
誹諧	ハイカイ
誹謗	ヒボウ
誹譏	ヒキ
誹議	ヒギ
誹風	ハイフウ
誼み	ヨシミ
調う	トトノウ
調える	トトノエル
調べ	シラベ
調べもの	シラベモノ
調べる	シラベル
調べ上げる	シラベアゲル
調べ室	シラベシツ
調べ帯	シラベオビ
調べ物	シラベモノ
調べ直す	シラベナオス
調べ車	シラベグルマ
調べ革	シラベガワ
調乳	チョウニュウ
調停	チョウテイ
調光	チョウコウ
調剤	チョウザイ
調剤薬局	チョウザイヤッキョク
調印	チョウイン
調印式	チョウインシキ
調号	チョウゴウ
調合	チョウゴウ
調味	チョウミ
調味料	チョウミリョウ
調和	チョウワ
調子者	チョウシモノ
調室	シラベシツ
調度	チョウド
調度品	チョウドヒン
調弦	チョウゲン
調律	チョウリツ
調性	チョウセイ
調教	チョウキョウ
調教師	チョウキョウシ
調整	チョウセイ
調整中	チョウセイチュウ
調整池	チョウセイチ
調書	チョウショ
調査	チョウサ
調査員	チョウサイン
調査団	チョウサダン
調査官	チョウサカン
調査書	チョウサショ
調査票	チョウサヒョウ
調査船	チョウサセン
調査部	チョウサブ
調法	チョウホウ
調波	チョウハ
調理	チョウリ
調理人	チョウリニン
調理器具	チョウリキグ
調理場	チョウリバ
調理室	チョウリシツ
調理師	チョウリシ
調理道具	チョウリドウグ
調略	チョウリャク
調節	チョウセツ
調節卵	チョウセツラン
調練	チョウレン
調色	チョウショク
調薬	チョウヤク
調製	チョウセイ
調速機	チョウソクキ
調進	チョウシン
調達	チョウタツ
調音	チョウオン
調香	チョウコウ
調香師	チョウコウシ
調髪	チョウハツ
諂い	ヘツライ
諄々	ジュンジュン
諄諄	ジュンジュン
談じる	ダンジル
談じ込む	ダンジコム
談ずる	ダンズル
談判	ダンパン
談林	ダンリン
談笑	ダンショウ
談義	ダンギ
談話	ダンワ
談話室	ダンワシツ
談論	ダンロン
談議	ダンギ
請い	コイ
請い受ける	コイウケル
請い求める	コイモトメル
請う	コウ
請け	ウケ
請けおう	ウケオウ
請ける	ウケル
請け人	ウケニン
請け出す	ウケダス
請け取り	ウケトリ
請け取る	ウケトル
請け合い	ウケアイ
請け戻し	ウケモドシ
請け書	ウケショ
請け負い	ウケオイ
請け負う	ウケオウ
請じる	ショウジル
請じ入れる	ショウジイレル
請ずる	ショウズル
請人	ウケニン
請出す	ウケダス
請取	ウケトリ
請合い	ウケアイ
請戻し	ウケモドシ
請暇	セイカ
請書	ウケショ
請求	セイキュウ
請求書	セイキュウショ
請求権	セイキュウケン
請求額	セイキュウガク
請訓	セイクン
請託	セイタク
請負	ウケオイ
請負う	ウケオウ
請負人	ウケオイニン
請負師	ウケオイシ
請負業	ウケオイギョウ
請雨	ショウウ
請願	セイガン
請願書	セイガンショ
請願権	セイガンケン
請願者	セイガンシャ
諌め	イサメ
諌める	イサメル
諌止	カンシ
諌死	カンシ
諌言	カンゲン
諍い	イサカイ
諒する	リョウスル
諒察	リョウサツ
諒恕	リョウジョ
諒承	リョウショウ
諒解	リョウカイ
諒闇	リョウアン
論い	アゲツライ
論じる	ロンジル
論ずる	ロンズル
論争	ロンソウ
論判	ロンパン
論及	ロンキュウ
論叢	ロンソウ
論告	ロンコク
論壇	ロンダン
論外	ロンガイ
論定	ロンテイ
論弁	ロンベン
論弁的	ロンベンテキ
論戦	ロンセン
論拠	ロンキョ
論攷	ロンコウ
論敵	ロンテキ
論文	ロンブン
論断	ロンダン
論旨	ロンシ
論決	ロンケツ
論法	ロンポウ
論点	ロンテン
論理	ロンリ
論理和	ロンリワ
論理学	ロンリガク
論理的	ロンリテキ
論破	ロンパ
論究	ロンキュウ
論策	ロンサク
論結	ロンケツ
論考	ロンコウ
論証	ロンショウ
論証的	ロンショウテキ
論評	ロンピョウ
論詰	ロンキツ
論説	ロンセツ
論調	ロンチョウ
論議	ロンギ
論賛	ロンサン
論述	ロンジュツ
論鋒	ロンポウ
論陣	ロンジン
論集	ロンシュウ
論難	ロンナン
論題	ロンダイ
論駁	ロンバク
諛い	ヘツライ
諛辞	ユジ
諜報	チョウホウ
諜報員	チョウホウイン
諤々	ガクガク
諤諤	ガクガク
諦め	アキラメ
諦める	アキラメル
諦め顔	アキラメガオ
諦観	テイカン
諧声	カイセイ
諧調	カイチョウ
諧謔	カイギャク
諫め	イサメ
諫める	イサメル
諫止	カンシ
諫死	カンシ
諫言	カンゲン
諭し	サトシ
諭す	サトス
諭告	ユコク
諭旨	ユシ
諭旨免職	ユシメンショク
諭旨解雇	ユシカイコ
諭示	ユシ
諮る	ハカル
諮問	シモン
諮詢	シジュン
諳んじる	ソランジル
諳んずる	ソランズル
諳記	アンキ
諳譜	アンプ
諷する	フウスル
諷刺	フウシ
諷経	フギン
諷詠	フウエイ
諷諌	フウカン
諷諫	フウカン
諸々	モロモロ
諸事	ショジ
諸事情	ショジジョウ
諸仏	ショブツ
諸侯	ショコウ
諸元	ショゲン
諸兄	ショケイ
諸公	ショコウ
諸共	モロトモ
諸処	ショショ
諸刃	モロハ
諸力	ショリョク
諸君	ショクン
諸味	モロミ
諸国	ショコク
諸士	ショシ
諸外国	ショガイコク
諸天	ショテン
諸姉	ショシ
諸子百家	ショシヒャッカ
諸学	ショガク
諸家	ショカ
諸寺	ショジ
諸将	ショショウ
諸尊	ショソン
諸島	ショトウ
諸州	ショシュウ
諸差し	モロザシ
諸式	ショシキ
諸彦	ショゲン
諸徳	ショトク
諸悪	ショアク
諸所	ショショ
諸手当	ショテアテ
諸掛かり	ショガカリ
諸掛り	ショガカリ
諸政	ショセイ
諸教	ショキョウ
諸方	ショホウ
諸氏	ショシ
諸法	ショホウ
諸法無我	ショホウムガ
諸注意	ショチュウイ
諸派	ショハ
諸点	ショテン
諸物	ショブツ
諸王	ショオウ
諸相	ショソウ
諸種	ショシュ
諸経	ショキョウ
諸経費	ショケイヒ
諸肌	モロハダ
諸膝	モロヒザ
諸般	ショハン
諸色	ショシキ
諸芸	ショゲイ
諸藩	ショハン
諸行	ショギョウ
諸行無常	ショギョウムジョウ
諸語	ショゴ
諸説	ショセツ
諸諸	モロモロ
諸費	ショヒ
諸賢	ショケン
諸道	ショドウ
諸邦	ショホウ
諺解	ゲンカイ
諺語	ゲンゴ
諾々	ダクダク
諾する	ダクスル
諾否	ダクヒ
諾諾	ダクダク
謀将	ボウショウ
謀殺	ボウサツ
謀略	ボウリャク
謀臣	ボウシン
謀計	ボウケイ
謀議	ボウギ
謁える	マミエル
謁する	エッスル
謁見	エッケン
謂れ	イワレ
謂わゆる	イワユル
謄写	トウシャ
謄写版	トウシャバン
謄本	トウホン
謎々	ナゾナゾ
謎かけ	ナゾカケ
謎掛け	ナゾカケ
謎解き	ナゾトキ
謎謎	ナゾナゾ
謗り	ソシリ
謗る	ソシル
謙そん	ケンソン
謙る	ヘリクダル
謙抑	ケンヨク
謙称	ケンショウ
謙虚	ケンキョ
謙譲	ケンジョウ
謙譲語	ケンジョウゴ
謙辞	ケンジ
謙遜	ケンソン
謚号	シゴウ
講じる	コウジル
講ずる	コウズル
講和	コウワ
講堂	コウドウ
講壇	コウダン
講学	コウガク
講座	コウザ
講書	コウショ
講書始	コウショハジメ
講武	コウブ
講武所	コウブショ
講演	コウエン
講演会	コウエンカイ
講演料	コウエンリョウ
講社	コウシャ
講究	コウキュウ
講筵	コウエン
講義	コウギ
講習	コウシュウ
講習会	コウシュウカイ
講評	コウヒョウ
講話	コウワ
講読	コウドク
講談	コウダン
講談師	コウダンシ
講述	コウジュツ
講釈	コウシャク
講釈師	コウシャクシ
謝する	シャスル
謝り	アヤマリ
謝る	アヤマル
謝恩	シャオン
謝恩会	シャオンカイ
謝意	シャイ
謝状	シャジョウ
謝礼	シャレイ
謝礼金	シャレイキン
謝絶	シャゼツ
謝罪	シャザイ
謝肉祭	シャニクサイ
謝辞	シャジ
謝金	シャキン
謡い	ウタイ
謡い物	ウタイモノ
謡曲	ヨウキョク
謡物	ウタイモノ
謦咳	ケイガイ
謫所	タクショ
謬り	アヤマリ
謬る	アヤマル
謬見	ビュウケン
謬説	ビュウセツ
謬論	ビュウロン
謳い文句	ウタイモンク
謳歌	オウカ
謹み	ツツシミ
謹む	ツツシム
謹厳	キンゲン
謹呈	キンテイ
謹告	キンコク
謹啓	キンケイ
謹慎	キンシン
謹書	キンショ
謹白	キンパク
謹直	キンチョク
謹聴	キンチョウ
謹製	キンセイ
謹言	キンゲン
謹話	キンワ
謹賀	キンガ
謹賀新年	キンガシンネン
謹選	キンセン
證券	ショウケン
證據	ショウコ
譌字	カジ
譏り	ソシリ
譏る	ソシル
識る	シル
識別	シキベツ
識別子	シキベツシ
識別番号	シキベツバンゴウ
識字	シキジ
識字率	シキジリツ
識者	シキシャ
識閾	シキイキ
譚歌	タンカ
譚詩	タンシ
譜代	フダイ
譜第	フダイ
譜表	フヒョウ
譜読み	フヨミ
譜面	フメン
警め	イマシメ
警める	イマシメル
警ら	ケイラ
警世	ケイセイ
警乗	ケイジョウ
警備	ケイビ
警備員	ケイビイン
警備部	ケイビブ
警備隊	ケイビタイ
警務	ケイム
警務官	ケイムカン
警句	ケイク
警吏	ケイリ
警告	ケイコク
警告メッセージ	ケイコクメッセージ
警告灯	ケイコクトウ
警告色	ケイコクショク
警固	ケイゴ
警報	ケイホウ
警報器	ケイホウキ
警報機	ケイホウキ
警官	ケイカン
警察医	ケイサツイ
警察学校	ケイサツガッコウ
警察官	ケイサツカン
警察庁	ケイサツチョウ
警察手帳	ケイサツテチョウ
警察権	ケイサツケン
警察法	ケイサツホウ
警察犬	ケイサツケン
警察署	ケイサツショ
警戒	ケイカイ
警戒区域	ケイカイクイキ
警戒心	ケイカイシン
警戒色	ケイカイショク
警手	ケイシュ
警抜	ケイバツ
警棒	ケイボウ
警泥	ケイドロ
警笛	ケイテキ
警衛	ケイエイ
警視	ケイシ
警視正	ケイシセイ
警視監	ケイシカン
警視総監	ケイシソウカン
警視長	ケイシチョウ
警護	ケイゴ
警邏	ケイラ
警部	ケイブ
警部補	ケイブホ
警醒	ケイセイ
警鐘	ケイショウ
警防	ケイボウ
警防団	ケイボウダン
警音器	ケイオンキ
譬え	タトエ
譬える	タトエル
譬え歌	タトエウタ
譬え話	タトエバナシ
譬喩	ヒユ
議す	ギス
議する	ギスル
議了	ギリョウ
議事	ギジ
議事堂	ギジドウ
議事録	ギジロク
議会	ギカイ
議員	ギイン
議場	ギジョウ
議定書	ギテイショ
議席	ギセキ
議案	ギアン
議決	ギケツ
議決権	ギケツケン
議論	ギロン
議連	ギレン
議運	ギウン
議運委	ギウンイ
議長	ギチョウ
議長国	ギチョウコク
議院	ギイン
議院内閣制	ギインナイカクセイ
議院運営委員会	ギインウンエイイインカイ
議題	ギダイ
譲り	ユズリ
譲りうける	ユズリウケル
譲りわたす	ユズリワタス
譲り受け	ユズリウケ
譲り受ける	ユズリウケル
譲り受け人	ユズリウケニン
譲り合い	ユズリアイ
譲り渡し	ユズリワタシ
譲り渡す	ユズリワタス
譲り状	ユズリジョウ
譲り葉	ユズリハ
譲る	ユズル
譲与	ジョウヨ
譲位	ジョウイ
譲受	ユズリウケ
譲受け	ユズリウケ
譲受人	ユズリウケニン
譲歩	ジョウホ
譲渡し	ユズリワタシ
譲渡可能定期預金証書	ジョウトカノウテイキヨキンショウショ
譲渡性預金	ジョウトセイヨキン
譲渡所得	ジョウトショトク
譲葉	ユズリハ
譲許	ジョウキョ
譴責	ケンセキ
護り	マモリ
護り刀	マモリガタナ
護り手	マモリテ
護る	マモル
護国	ゴコク
護岸	ゴガン
護憲	ゴケン
護憲派	ゴケンハ
護持	ゴジ
護摩	ゴマ
護摩木	ゴマギ
護民官	ゴミンカン
護法	ゴホウ
護衛	ゴエイ
護謨	ゴム
護身	ゴシン
護身術	ゴシンジュツ
護送	ゴソウ
護送車	ゴソウシャ
讀む	ヨム
讀賣	ヨミウリ
讃える	タタエル
讃める	ホメル
讃嘆	サンタン
讃岐岩	サヌキガン
讃歌	サンカ
讃美	サンビ
讃美歌	サンビカ
讃辞	サンジ
變更	ヘンコウ
讒する	ザンスル
讒口	ザンコウ
讒臣	ザンシン
讒言	ザンゲン
讒訴	ザンソ
讒誣	ザンブ
讒謗	ザンボウ
讚える	タタエル
讚歌	サンカ
讚美	サンビ
讚美歌	サンビカ
讚辞	サンジ
谷あい	タニアイ
谷まる	キワマル
谷川	タニガワ
谷折り	タニオリ
谷渡り	タニワタリ
谷町	タニマチ
谷空木	タニウツギ
谷筋	タニスジ
谷風	タニカゼ
谿流	ケイリュウ
谿谷	ケイコク
豁然	カツゼン
豆かす	マメカス
豆だぬき	マメダヌキ
豆まき	マメマキ
豆乳	トウニュウ
豆台風	マメタイフウ
豆幹	マメガラ
豆撒き	マメマキ
豆本	マメホン
豆板	マメイタ
豆板銀	マメイタギン
豆果	トウカ
豆殻	マメガラ
豆炭	マメタン
豆狸	マメダヌキ
豆球	マメキュウ
豆科	マメカ
豆粒	マメツブ
豆粕	マメカス
豆絞り	マメシボリ
豆蔵	マメゾウ
豆象虫	マメゾウムシ
豆鉄砲	マメデッポウ
豆電球	マメデンキュウ
豆餅	マメモチ
豊か	ユタカ
豊乳	ホウニュウ
豊作	ホウサク
豊凶	ホウキョウ
豊富	ホウフ
豊年	ホウネン
豊年祭	ホウネンサイ
豊年蝦	ホウネンエビ
豊後梅	ブンゴウメ
豊水	ホウスイ
豊沃	ホウヨク
豊満	ホウマン
豊漁	ホウリョウ
豊潤	ホウジュン
豊熟	ホウジュク
豊稔	ホウネン
豊穣	ホウジョウ
豊穰	ホウジョウ
豊胸	ホウキョウ
豊艶	ホウエン
豊頬	ホウキョウ
豊麗	ホウレイ
豌豆	エンドウ
豎子	ジュシ
豚こま	ブタコマ
豚しゃぶ	ブタシャブ
豚とろ	トントロ
豚ばら	ブタバラ
豚まん	ブタマン
豚めし	ブタメシ
豚カツ	トンカツ
豚コマ	ブタコマ
豚トロ	トントロ
豚バラ	ブタバラ
豚丼	ブタドン
豚児	トンジ
豚小間	ブタコマ
豚平	トンペイ
豚玉	ブタタマ
豚箱	ブタバコ
豚細	ブタコマ
豚肋	ブタバラ
豚脂	トンシ
豚舎	トンシャ
豚芋	ブタイモ
豚草	ブタクサ
豚足	トンソク
豚飯	ブタメシ
豚骨	トンコツ
豚骨ラーメン	トンコツラーメン
豚鼻	ブタバナ
象る	カタドル
象亀	ゾウガメ
象使い	ゾウツカイ
象嵌	ゾウガン
象形	ショウケイ
象形文字	ショウケイモジ
象徴	ショウチョウ
象徴主義	ショウチョウシュギ
象徴的	ショウチョウテキ
象徴詩	ショウチョウシ
象戯	ショウギ
象海豹	ゾウアザラシ
象牙	ゾウゲ
象牙色	ゾウゲイロ
象牙質	ゾウゲシツ
象皮病	ゾウヒビョウ
象眼	ゾウガン
象虫	ゾウムシ
象限	ショウゲン
象限儀	ショウゲンギ
豪い	エライ
豪傑	ゴウケツ
豪剣	ゴウケン
豪勇	ゴウユウ
豪勢	ゴウセイ
豪商	ゴウショウ
豪壮	ゴウソウ
豪奢	ゴウシャ
豪宕	ゴウトウ
豪家	ゴウカ
豪快	ゴウカイ
豪放	ゴウホウ
豪放磊落	ゴウホウライラク
豪族	ゴウゾク
豪毅	ゴウキ
豪爽	ゴウソウ
豪球	ゴウキュウ
豪的	ゴウテキ
豪胆	ゴウタン
豪腕	ゴウワン
豪華	ゴウカ
豪華版	ゴウカバン
豪語	ゴウゴ
豪農	ゴウノウ
豪速球	ゴウソッキュウ
豪遊	ゴウユウ
豪邁	ゴウマイ
豪邸	ゴウテイ
豪雨	ゴウウ
豪雪	ゴウセツ
豪雪地帯	ゴウセツチタイ
豹変	ヒョウヘン
豹柄	ヒョウガラ
豺狼	サイロウ
豼貅	ヒキュウ
貔貅	ヒキュウ
貝がら	カイガラ
貝偏	カイヘン
貝割り	カイワリ
貝割れ大根	カイワレダイコン
貝割れ菜	カイワレナ
貝合せ	カイアワセ
貝合わせ	カイアワセ
貝杓子	カイジャクシ
貝柱	カイバシラ
貝殻	カイガラ
貝殻骨	カイガラボネ
貝母	バイモ
貝毒	カイドク
貝灰	カイバイ
貝焼	カイヤキ
貝焼き	カイヤキ
貝紫	カイムラサキ
貝肉	カイニク
貝葉	バイヨウ
貝貨	バイカ
貝輪	カイワ
貝類	カイルイ
貞女	テイジョ
貞婦	テイフ
貞操	テイソウ
貞操帯	テイソウタイ
貞淑	テイシュク
貞潔	テイケツ
貞烈	テイレツ
貞節	テイセツ
貞門	テイモン
負い	オイ
負い目	オイメ
負い革	オイカワ
負う	オウ
負かす	マカス
負かる	マカル
負け	マケ
負けぎらい	マケギライ
負ける	マケル
負けん気	マケンキ
負け嫌い	マケギライ
負け惜しみ	マケオシミ
負け戦	マケイクサ
負け星	マケボシ
負け犬	マケイヌ
負け組	マケグミ
負け組み	マケグミ
負け試合	マケジアイ
負け越し	マケコシ
負け越す	マケコス
負け軍	マケイクサ
負の遺産	フノイサン
負ぶい紐	オブイヒモ
負ぶう	オブウ
負ぶさる	オブサル
負わす	オワス
負んぶ	オンブ
負んぶ飛蝗	オンブバッタ
負債	フサイ
負傷	フショウ
負傷兵	フショウヘイ
負傷者	フショウシャ
負号	フゴウ
負担	フタン
負担金	フタンキン
負担額	フタンガク
負数	フスウ
負極	フキョク
負目	オイメ
負組	マケグミ
負荷	フカ
負荷テスト	フカテスト
負触媒	フショクバイ
負託	フタク
負電気	フデンキ
財テク	ザイテク
財力	ザイリョク
財務	ザイム
財務大臣	ザイムダイジン
財務官	ザイムカン
財務局	ザイムキョク
財務相	ザイムショウ
財務省	ザイムショウ
財務諸表	ザイムショヒョウ
財嚢	ザイノウ
財団	ザイダン
財団法人	ザイダンホウジン
財宝	ザイホウ
財形	ザイケイ
財形貯蓄	ザイケイチョチク
財投	ザイトウ
財政	ザイセイ
財政学	ザイセイガク
財政家	ザイセイカ
財政投融資	ザイセイトウユウシ
財政法	ザイセイホウ
財政難	ザイセイナン
財源	ザイゲン
財産	ザイサン
財産刑	ザイサンケイ
財産区	ザイサンク
財産家	ザイサンカ
財産権	ザイサンケン
財産犯	ザイサンハン
財産税	ザイサンゼイ
財界	ザイカイ
財界人	ザイカイジン
財相	ザイショウ
財経	ザイケイ
財貨	ザイカ
財運	ザイウン
財閥	ザイバツ
貢ぎ	ミツギ
貢ぎ物	ミツギモノ
貢ぐ	ミツグ
貢物	ミツギモノ
貢献	コウケン
貢献度	コウケンド
貢献者	コウケンシャ
貢租	コウソ
貢納	コウノウ
貢賦	コウフ
貢進	コウシン
貧しい	マズシイ
貧する	ヒンスル
貧乏	ビンボウ
貧乏人	ビンボウニン
貧乏性	ビンボウショウ
貧乏神	ビンボウガミ
貧乳	ヒンニュウ
貧困	ヒンコン
貧困層	ヒンコンソウ
貧困率	ヒンコンリツ
貧困線	ヒンコンセン
貧土	ヒンド
貧富	ヒンプ
貧寒	ヒンカン
貧小	ヒンショウ
貧弱	ヒンジャク
貧打	ヒンダ
貧村	ヒンソン
貧毛類	ヒンモウルイ
貧民	ヒンミン
貧民窟	ヒンミンクツ
貧民街	ヒンミンガイ
貧相	ヒンソウ
貧窮	ヒンキュウ
貧者	ヒンジャ
貧苦	ヒンク
貧血	ヒンケツ
貧賎	ヒンセン
貧賤	ヒンセン
貧農	ヒンノウ
貧道	ヒンドウ
貧鉱	ヒンコウ
貨客	カキャク
貨幣	カヘイ
貨幣学	カヘイガク
貨幣石	カヘイセキ
貨殖	カショク
貨物船	カモツセン
貨物車	カモツシャ
貨物駅	カモツエキ
貨財	カザイ
貨車	カシャ
販ぐ	ヒサグ
販促	ハンソク
販売	ハンバイ
販売価格	ハンバイカカク
販売促進	ハンバイソクシン
販売元	ハンバイモト
販売員	ハンバイイン
販売店	ハンバイテン
販売業者	ハンバイギョウシャ
販売権	ハンバイケン
販売機	ハンバイキ
販売者	ハンバイシャ
販売費	ハンバイヒ
販社	ハンシャ
販管費	ハンカンヒ
販路	ハンロ
貪り読む	ムサボリヨム
貪り食う	ムサボリクウ
貪り食らう	ムサボリクラウ
貪る	ムサボル
貪食	ドンショク
貫乳	カンニュウ
貫入	カンニュウ
貫徹	カンテツ
貫流	カンリュウ
貫目	カンメ
貫禄	カンロク
貫通	カンツウ
貫録	カンロク
責っ付く	セッツク
責めさいなむ	セメサイナム
責めたてる	セメタテル
責めつける	セメツケル
責める	セメル
責め付ける	セメツケル
責め立てる	セメタテル
責め苛む	セメサイナム
責め苦	セメク
責め落とす	セメオトス
責め道具	セメドウグ
責め馬	セメウマ
責了	セキリョウ
責任	セキニン
責任感	セキニンカン
責任者	セキニンシャ
責務	セキム
責立てる	セメタテル
責苦	セメク
責道具	セメドウグ
責馬	セメウマ
貯え	タクワエ
貯える	タクワエル
貯まる	タマル
貯める	タメル
貯め込む	タメコム
貯木	チョボク
貯木場	チョボクジョウ
貯水	チョスイ
貯水槽	チョスイソウ
貯水池	チョスイチ
貯湯	チョトウ
貯炭	チョタン
貯留	チョリュウ
貯蓄	チョチク
貯蓄保険	チョチクホケン
貯蔵	チョゾウ
貯蔵品	チョゾウヒン
貯蔵庫	チョゾウコ
貯金	チョキン
貯金局	チョキンキョク
貯金通帳	チョキンツウチョウ
貯食	チョショク
貰い	モライ
貰い受ける	モライウケル
貰い子	モライゴ
貰い手	モライテ
貰い泣き	モライナキ
貰い湯	モライユ
貰い火	モライビ
貰い笑い	モライワライ
貰える	モラエル
貰泣き	モライナキ
貴下	キカ
貴僧	キソウ
貴兄	キケイ
貴公	キコウ
貴公子	キコウシ
貴台	キダイ
貴君	キクン
貴国	キコク
貴地	キチ
貴婦人	キフジン
貴学	キガク
貴宅	キタク
貴官	キカン
貴家	キカ
貴意	キイ
貴所	キショ
貴方任せ	アナタマカセ
貴族	キゾク
貴族制	キゾクセイ
貴族的	キゾクテキ
貴札	キサツ
貴校	キコウ
貴様	キサマ
貴殿	キデン
貴石	キセキ
貴社	キシャ
貴種	キシュ
貴簡	キカン
貴紳	キシン
貴翰	キカン
貴腐	キフ
貴見	キケン
貴覧	キラン
貴誌	キシ
貴賎	キセン
貴賓	キヒン
貴賓室	キヒンシツ
貴賤	キセン
貴酬	キシュウ
貴重	キチョウ
貴重品	キチョウヒン
貴金属	キキンゾク
貴顕	キケン
貶す	ケナス
貶み	サゲスミ
貶む	サゲスム
貶める	オトシメル
貶下	ヘンゲ
買いあおる	カイアオル
買いあさる	カイアサル
買いかえ	カイカエ
買いかえる	カイカエル
買いかぶり	カイカブリ
買いかぶる	カイカブル
買いことば	カイコトバ
買いこむ	カイコム
買いそろえる	カイソロエル
買いたたく	カイタタク
買いだめ	カイダメ
買いつけ	カイツケ
買いつける	カイツケル
買いどき	カイドキ
買い上げ	カイアゲ
買い上げる	カイアゲル
買い与える	カイアタエル
買い主	カイヌシ
買い付け	カイツケ
買い付ける	カイツケル
買い値	カイネ
買い入れ	カイイレ
買い入れる	カイイレル
買い出し	カイダシ
買い出す	カイダス
買い切り	カイキリ
買い初め	カイゾメ
買い占め	カイシメ
買い占める	カイシメル
買い取り	カイトリ
買い取る	カイトル
買い受ける	カイウケル
買い叩く	カイタタク
買い場	カイバ
買い増す	カイマス
買い子	カイコ
買い得	カイドク
買い急ぎ	カイイソギ
買い戻し	カイモドシ
買い戻す	カイモドス
買い手	カイテ
買い手市場	カイテシジョウ
買い掛け	カイカケ
買い揃える	カイソロエル
買い換え	カイカエ
買い換える	カイカエル
買い支え	カイササエ
買い方	カイカタ
買い時	カイドキ
買い替え	カイカエ
買い替える	カイカエル
買い気	カイキ
買い求める	カイモトメル
買い漁る	カイアサル
買い煽る	カイアオル
買い物袋	カイモノブクロ
買い立て	カイタテ
買い置き	カイオキ
買い薬	カイグスリ
買い被り	カイカブリ
買い被る	カイカブル
買い言葉	カイコトバ
買い越し	カイコシ
買い足す	カイタス
買い込み	カイコミ
買い込む	カイコム
買い集める	カイアツメル
買い食い	カイグイ
買上げ	カイアゲ
買上げる	カイアゲル
買主	カイヌシ
買付	カイツケ
買付け	カイツケ
買値	カイネ
買入	カイイレ
買入れ	カイイレ
買入れる	カイイレル
買出し	カイダシ
買切り	カイキリ
買占め	カイシメ
買占める	カイシメル
買収	バイシュウ
買取	カイトリ
買取り	カイトリ
買受ける	カイウケル
買叩く	カイタタク
買建	カイダテ
買得	カイドク
買戻し	カイモドシ
買戻す	カイモドス
買手	カイテ
買掛金	カイカケキン
買換え	カイカエ
買替え	カイカエ
買溜め	カイダメ
買物袋	カイモノブクロ
買置き	カイオキ
買言葉	カイコトバ
買込み	カイコミ
買込む	カイコム
貸しあたえる	カシアタエル
貸しきる	カシキル
貸しつけ	カシツケ
貸しつける	カシツケル
貸しはがし	カシハガシ
貸し下げる	カシサゲル
貸し与える	カシアタエル
貸し主	カシヌシ
貸し事務所	カシジムショ
貸し付	カシツケ
貸し付け	カシツケ
貸し付ける	カシツケル
貸し倒れ	カシダオレ
貸し借り	カシカリ
貸し出し	カシダシ
貸し出す	カシダス
貸し切り	カシキリ
貸し切る	カシキル
貸し別荘	カシベッソウ
貸し剝がし	カシハガシ
貸し剥がし	カシハガシ
貸し剥し	カシハガシ
貸し地	カシチ
貸し売り	カシウリ
貸し室	カシシツ
貸し店舗	カシテンポ
貸し座敷	カシザシキ
貸し手	カシテ
貸し方	カシカタ
貸し本	カシホン
貸し株	カシカブ
貸し渋り	カシシブリ
貸し自転車	カシジテンシャ
貸し衣装	カシイショウ
貸し賃	カシチン
貸し越し	カシコシ
貸し金	カシキン
貸し金庫	カシキンコ
貸与	タイヨ
貸与権	タイヨケン
貸主	カシヌシ
貸事務所	カシジムショ
貸付	カシツケ
貸付け	カシツケ
貸付残高	カシツケザンダカ
貸付金	カシツケキン
貸倒	カシダオレ
貸倒れ	カシダオレ
貸借	タイシャク
貸借対照表	タイシャクタイショウヒョウ
貸元	カシモト
貸出	カシダシ
貸出し	カシダシ
貸出す	カシダス
貸出期間	カシダシキカン
貸出金	カシダシキン
貸切	カシキリ
貸切り	カシキリ
貸別荘	カシベッソウ
貸席	カシセキ
貸店舗	カシテンポ
貸座敷	カシザシキ
貸手	カシテ
貸方	カシカタ
貸本	カシホン
貸本屋	カシホンヤ
貸株	カシカブ
貸自転車	カシジテンシャ
貸費	タイヒ
貸賃	カシチン
貸越	カシコシ
貸越し	カシコシ
貸金	カシキン
貸金庫	カシキンコ
貸金業	カシキンギョウ
貸金業法	カシキンギョウホウ
貸間	カシマ
費える	ツイエル
費す	ツイヤス
費やす	ツイヤス
費消	ヒショウ
費用	ヒヨウ
費用対効果	ヒヨウタイコウカ
費目	ヒモク
費途	ヒト
貼りあわせる	ハリアワセル
貼りかえる	ハリカエル
貼りつく	ハリツク
貼りつける	ハリツケル
貼り付く	ハリツク
貼り付け	ハリツケ
貼り付ける	ハリツケル
貼り出し	ハリダシ
貼り出す	ハリダス
貼り合せる	ハリアワセル
貼り合わせる	ハリアワセル
貼り替え	ハリカエ
貼り替える	ハリカエル
貼り札	ハリフダ
貼り箱	ハリバコ
貼り紙	ハリガミ
貼り絵	ハリエ
貼り薬	ハリグスリ
貼付け	ハリツケ
貼付ける	ハリツケル
貼替え	ハリカエ
貼箱	ハリバコ
貼紙	ハリガミ
貽貝	イガイ
貿易	ボウエキ
貿易商	ボウエキショウ
貿易港	ボウエキコウ
貿易風	ボウエキフウ
賀す	ガス
賀する	ガスル
賀宴	ガエン
賀寿	ガジュ
賀意	ガイ
賀慶	ガケイ
賀春	ガシュン
賀状	ガジョウ
賀表	ガヒョウ
賀詞	ガシ
賂い	マイナイ
賃上げ	チンアゲ
賃下げ	チンサゲ
賃仕事	チンシゴト
賃借	チンシャク
賃借り	チンガリ
賃借人	チンシャクニン
賃借権	チンシャクケン
賃労働	チンロウドウ
賃料	チンリョウ
賃率	チンリツ
賃貸	チンタイ
賃貸し	チンガシ
賃貸人	チンタイニン
賃貸住宅	チンタイジュウタク
賃貸借	チンタイシャク
賃貸借契約	チンタイシャクケイヤク
賃貸契約	チンタイケイヤク
賃貸料	チンタイリョウ
賃貸料金	チンタイリョウキン
賃走	チンソウ
賃金体系	チンギンタイケイ
賃金労働	チンギンロウドウ
賃金水準	チンギンスイジュン
賃銀	チンギン
賃銭	チンセン
賃餅	チンモチ
賄い	マカナイ
賄い方	マカナイカタ
賄方	マカナイカタ
賄賂	ワイロ
賄賂罪	ワイロザイ
資す	シス
資する	シスル
資力	シリョク
資性	シセイ
資料	シリョウ
資料室	シリョウシツ
資料集	シリョウシュウ
資料館	シリョウカン
資本	シホン
資本主義	シホンシュギ
資本力	シホンリョク
資本家	シホンカ
資本論	シホンロン
資本財	シホンザイ
資本金	シホンキン
資材	シザイ
資格	シカク
資格取得	シカクシュトク
資源	シゲン
資源ごみ	シゲンゴミ
資源エネルギー庁	シゲンエネルギーチョウ
資源ゴミ	シゲンゴミ
資源塵	シゲンゴミ
資産	シサン
資産家	シサンカ
資産形成	シサンケイセイ
資産株	シサンカブ
資産管理	シサンカンリ
資産運用	シサンウンヨウ
資産配分	シサンハイブン
資財	シザイ
資質	シシツ
資金	シキン
資金循環	シキンジュンカン
資金洗浄	シキンセンジョウ
資金源	シキンゲン
資金繰り	シキングリ
資金計画	シキンケイカク
資金調達	シキンチョウタツ
資金運用	シキンウンヨウ
賊名	ゾクメイ
賊子	ゾクシ
賊将	ゾクショウ
賊徒	ゾクト
賊臣	ゾクシン
賊軍	ゾクグン
賎民	センミン
賑々しい	ニギニギシイ
賑やか	ニギヤカ
賑やかさ	ニギヤカサ
賑やかし	ニギヤカシ
賑やかす	ニギヤカス
賑わい	ニギワイ
賑わう	ニギワウ
賑わす	ニギワス
賑わせる	ニギワセル
賑賑しい	ニギニギシイ
賓格	ヒンカク
賓辞	ヒンジ
賛える	タタエル
賛助	サンジョ
賛助員	サンジョイン
賛同	サンドウ
賛否	サンピ
賛嘆	サンタン
賛意	サンイ
賛成	サンセイ
賛歌	サンカ
賛美	サンビ
賛美歌	サンビカ
賛辞	サンジ
賜り物	タマワリモノ
賜る	タマワル
賜わる	タマワル
賜暇	シカ
賜杯	シハイ
賜物	タマモノ
賜盃	シハイ
賜金	シキン
賞する	ショウスル
賞でる	メデル
賞める	ホメル
賞与	ショウヨ
賞典	ショウテン
賞味	ショウミ
賞味期限	ショウミキゲン
賞品	ショウヒン
賞嘆	ショウタン
賞揚	ショウヨウ
賞杯	ショウハイ
賞歎	ショウタン
賞牌	ショウハイ
賞状	ショウジョウ
賞盃	ショウハイ
賞罰	ショウバツ
賞美	ショウビ
賞詞	ショウシ
賞讃	ショウサン
賞讚	ショウサン
賞賛	ショウサン
賞辞	ショウジ
賞金	ショウキン
賞金王	ショウキンオウ
賠償	バイショウ
賠償金	バイショウキン
賠責	バイセキ
賢い	カシコイ
賢しい	サカシイ
賢しら	サカシラ
賢主	ケンシュ
賢人	ケンジン
賢兄	ケンケイ
賢哲	ケンテツ
賢夫人	ケンプジン
賢妻	ケンサイ
賢察	ケンサツ
賢帝	ケンテイ
賢弟	ケンテイ
賢愚	ケング
賢慮	ケンリョ
賢才	ケンサイ
賢明	ケンメイ
賢木	サカキ
賢母	ケンボ
賢答	ケントウ
賢臣	ケンシン
賤しい	イヤシイ
賤しむ	イヤシム
賤しめる	イヤシメル
賤吏	センリ
賤女	センジョ
賤民	センミン
賦する	フスル
賦与	フヨ
賦形剤	フケイザイ
賦払い	ブバライ
賦活	フカツ
賦税	フゼイ
賦課	フカ
質す	タダス
質入れ	シチイレ
質券	シチケン
質問	シツモン
質問攻め	シツモンゼメ
質問者	シツモンシャ
質問表	シツモンヒョウ
質実	シツジツ
質屋	シチヤ
質感	シツカン
質料	シツリョウ
質札	シチフダ
質朴	シツボク
質権	シチケン
質権者	シチケンシャ
質樸	シツボク
質流れ	シチナガレ
質点	シツテン
質点系	シツテンケイ
質疑	シツギ
質的	シツテキ
質素	シッソ
質草	シチグサ
質量	シツリョウ
質量数	シツリョウスウ
賭けごと	カケゴト
賭け事	カケゴト
賭け物	カケモノ
賭け碁	カケゴ
賭け金	カケキン
賭す	トス
賭する	トスル
賭事	カケゴト
賭博	トバク
賭博師	トバクシ
賭弓	ノリユミ
賭金	カケキン
賺す	スカス
購入	コウニュウ
購入日	コウニュウビ
購入者	コウニュウシャ
購求	コウキュウ
購読	コウドク
購読者	コウドクシャ
購買	コウバイ
購買力	コウバイリョク
購買力平価	コウバイリョクヘイカ
購買部	コウバイブ
賽の河原	サイノカワラ
賽の目	サイノメ
賽子	サイコロ
賽銭	サイセン
賽銭箱	サイセンバコ
贅沢	ゼイタク
贅沢品	ゼイタクヒン
贅肉	ゼイニク
贅言	ゼイゲン
贈りもの	オクリモノ
贈り主	オクリヌシ
贈り名	オクリナ
贈り物	オクリモノ
贈る	オクル
贈与	ゾウヨ
贈位	ゾウイ
贈収賄	ゾウシュウワイ
贈号	ゾウゴウ
贈名	オクリナ
贈呈	ゾウテイ
贈物	オクリモノ
贈答	ゾウトウ
贈答品	ゾウトウヒン
贈賄	ゾウワイ
贈賄罪	ゾウワイザイ
贋作	ガンサク
贋作者	ガンサクシャ
贋者	ニセモノ
贋造	ガンゾウ
贋金	ニセガネ
贋首	ニセクビ
贏ち得る	カチエル
贏つ	カツ
贓品	ゾウヒン
贔屓目	ヒイキメ
贖い	アガナイ
贖宥	ショクユウ
赤々	アカアカ
赤あざ	アカアザ
赤い	アカイ
赤いわし	アカイワシ
赤えい	アカエイ
赤かぶ	アカカブ
赤がえる	アカガエル
赤さび	アカサビ
赤さびる	アカサビル
赤じそ	アカジソ
赤すぐり	アカスグリ
赤だし	アカダシ
赤ちゃん	アカチャン
赤ちゃん返り	アカチャンガエリ
赤っ恥	アカッパジ
赤とんぼ	アカトンボ
赤ひげ	アカヒゲ
赤べこ	アカベコ
赤み	アカミ
赤みそ	アカミソ
赤む	アカム
赤むけ	アカムケ
赤むつ	アカムツ
赤める	アカメル
赤らむ	アカラム
赤らめる	アカラメル
赤ら顔	アカラガオ
赤んぼ	アカンボ
赤んぼう	アカンボウ
赤エイ	アカエイ
赤カブ	アカカブ
赤ガエル	アカガエル
赤キャベツ	アカキャベツ
赤ゲット	アカゲット
赤サビ	アカサビ
赤ジソ	アカジソ
赤スグリ	アカスグリ
赤タン	アカタン
赤チン	アカチン
赤ワイン	アカワイン
赤信号	アカシンゴウ
赤備え	アカゾナエ
赤児	アカゴ
赤出し	アカダシ
赤出汁	アカダシ
赤剥け	アカムケ
赤化	セッカ
赤味	アカミ
赤味噌	アカミソ
赤啄木鳥	アカゲラ
赤四手	アカシデ
赤土	アカツチ
赤地	アカジ
赤外	セキガイ
赤外線	セキガイセン
赤字	アカジ
赤富士	アカフジ
赤帯	アカオビ
赤帽	アカボウ
赤心	セキシン
赤恥	アカハジ
赤房	アカブサ
赤提灯	アカチョウチン
赤新聞	アカシンブン
赤木	アカギ
赤札	アカフダ
赤杉	アカスギ
赤松	アカマツ
赤樫	アカガシ
赤毛	アカゲ
赤水母	アカクラゲ
赤沈	セキチン
赤泥	セキデイ
赤海老	アカエビ
赤潮	アカシオ
赤燐	セキリン
赤狩	アカガリ
赤狩り	アカガリ
赤玉	アカダマ
赤玉土	アカダマツチ
赤珊瑚	アカサンゴ
赤痢	セキリ
赤痢菌	セキリキン
赤痣	アカアザ
赤目魚	メナダ
赤矢柄	アカヤガラ
赤短	アカタン
赤砂糖	アカザトウ
赤禍	セッカ
赤福餅	アカフクモチ
赤紙	アカガミ
赤紫	アカムラサキ
赤紫蘇	アカジソ
赤組	アカグミ
赤経	セッケイ
赤絵	アカエ
赤線	アカセン
赤緯	セキイ
赤翡翠	アカショウビン
赤肉	アカニク
赤肌	アカハダ
赤腹	アカハラ
赤膚	アカハダ
赤花	アカバナ
赤花科	アカバナカ
赤茄子	アカナス
赤茶	アカチャ
赤茶ける	アカチャケル
赤菱	アカビシ
赤蕪	アカカブ
赤藻屑	アカモク
赤虫	アカムシ
赤蛙	アカガエル
赤蜻蛉	アカトンボ
赤螺	アカニシ
赤蟻	アカアリ
赤血	セッケツ
赤血球	セッケッキュウ
赤裸々	セキララ
赤裸裸	セキララ
赤誠	セキセイ
赤貝	アカガイ
赤貧	セキヒン
赤赤	アカアカ
赤身	アカミ
赤身肉	アカミニク
赤軍	セキグン
赤道祭	セキドウサイ
赤酢	アカズ
赤酸塊	アカスグリ
赤鉄鉱	セキテッコウ
赤銹	アカサビ
赤錆	アカサビ
赤錆び	アカサビ
赤錆びる	アカサビル
赤門	アカモン
赤電車	アカデンシャ
赤面症	セキメンショウ
赤頭巾	アカズキン
赤飯	セキハン
赤髪	アカガミ
赤髭	アカヒゲ
赤鬚	アカヒゲ
赤鬼	アカオニ
赤魚鯛	アコウダイ
赤鯛	アカダイ
赤鰈	アカガレイ
赤鰭	アカヒレ
赤鰯	アカイワシ
赤鱝	アカエイ
赤鹿	アカシカ
赤黒い	アカグロイ
赤鼠	アカネズミ
赤鼻	アカハナ
赦し	ユルシ
赦す	ユルス
赦免	シャメン
赧らむ	アカラム
赧らめる	アカラメル
赧然	タンゼン
赧顔	タンガン
赫き	カガヤキ
赫怒	カクド
赫灼	カクシャク
赫然	カクゼン
赭い	アカイ
赭ら顔	アカラガオ
赭土	シャド
赭熊	シャグマ
赭顔	シャガン
走らす	ハシラス
走りこむ	ハシリコム
走りぬける	ハシリヌケル
走りまわる	ハシリマワル
走り使い	ハシリヅカイ
走り出る	ハシリデル
走り去る	ハシリサル
走り回る	ハシリマワル
走り寄る	ハシリヨル
走り廻る	ハシリマワル
走り抜ける	ハシリヌケル
走り書き	ハシリガキ
走り梅雨	ハシリヅユ
走り読み	ハシリヨミ
走り込み	ハシリコミ
走り込む	ハシリコム
走り過ぎる	ハシリスギル
走光性	ソウコウセイ
走力	ソウリョク
走化性	ソウカセイ
走向	ソウコウ
走塁	ソウルイ
走性	ソウセイ
走時	ソウジ
走書き	ハシリガキ
走査	ソウサ
走法	ソウホウ
走狗	ソウク
走破	ソウハ
走禽類	ソウキンルイ
走繞	ソウニョウ
走者	ソウシャ
走行	ソウコウ
走行中	ソウコウチュウ
走行距離	ソウコウキョリ
走行車線	ソウコウシャセン
走路	ソウロ
走野老	ハシリドコロ
走馬灯	ソウマトウ
走馬燈	ソウマトウ
走鳥類	ソウチョウルイ
赴く	オモムク
赴任	フニン
赴任地	フニンチ
赴援	フエン
起きあがる	オキアガル
起きがけ	オキガケ
起きぬけ	オキヌケ
起きる	オキル
起き上がる	オキアガル
起き上る	オキアガル
起き伏し	オキフシ
起き出す	オキダス
起き抜け	オキヌケ
起き掛け	オキガケ
起き直る	オキナオル
起き臥し	オキフシ
起き返る	オキカエル
起こし	オコシ
起こす	オコス
起こり	オコリ
起こる	オコル
起し	オコシ
起す	オコス
起ちあがる	タチアガル
起ち上がる	タチアガル
起る	オコル
起上がる	オキアガル
起上る	オキアガル
起伏	キフク
起債	キサイ
起動	キドウ
起動ディスク	キドウディスク
起原	キゲン
起句	キク
起因	キイン
起坐	キザ
起始	キシ
起工	キコウ
起工式	キコウシキ
起床	キショウ
起承転結	キショウテンケツ
起案	キアン
起業	キギョウ
起業家	キギョウカ
起死	キシ
起死回生	キシカイセイ
起毛	キモウ
起源	キゲン
起点	キテン
起爆	キバク
起爆剤	キバクザイ
起爆薬	キバクヤク
起用	キヨウ
起票	キヒョウ
起稿	キコウ
起立	キリツ
起筆	キヒツ
起算	キサン
起臥	キガ
起草	キソウ
起訴	キソ
起訴状	キソジョウ
起請	キショウ
起請文	キショウモン
起重機	キジュウキ
起電	キデン
起電力	キデンリョク
起震車	キシンシャ
起首	キシュ
超える	コエル
超す	コス
超ド級	チョウドキュウ
超ミニ	チョウミニ
超人	チョウジン
超人的	チョウジンテキ
超伝導	チョウデンドウ
超俗	チョウゾク
超克	チョウコク
超党派	チョウトウハ
超凡	チョウボン
超勤	チョウキン
超合金	チョウゴウキン
超大作	チョウタイサク
超巨星	チョウキョセイ
超常	チョウジョウ
超弩級	チョウドキュウ
超新星	チョウシンセイ
超法規的	チョウホウキテキ
超流動	チョウリュウドウ
超然	チョウゼン
超特急	チョウトッキュウ
超現実主義	チョウゲンジツシュギ
超短波	チョウタンパ
超硬	チョウコウ
超絶	チョウゼツ
超能力	チョウノウリョク
超能力者	チョウノウリョクシャ
超脱	チョウダツ
超自我	チョウジガ
超自然	チョウシゼン
超訳	チョウヤク
超越	チョウエツ
超越数	チョウエツスウ
超越的	チョウエツテキ
超軽量	チョウケイリョウ
超過	チョウカ
超過分	チョウカブン
超過勤務	チョウカキンム
超過勤務手当	チョウカキンムテアテ
超過額	チョウカガク
超邁	チョウマイ
超電導	チョウデンドウ
超音波	チョウオンパ
超音速	チョウオンソク
超高層	チョウコウソウ
超高温	チョウコウオン
越える	コエル
越し屋根	コシヤネ
越す	コス
越冬	エットウ
越境	エッキョウ
越境学習	エッキョウガクシュウ
越境者	エッキョウシャ
越屋根	コシヤネ
越度	オチド
越権	エッケン
越波	エッパ
趣き	オモムキ
趣く	オモムク
趣向	シュコウ
趣味	シュミ
趣好	シュコウ
趣意	シュイ
趣旨	シュシ
趣致	シュチ
趨勢	スウセイ
趨向	スウコウ
足あと	アシアト
足かけ	アシカケ
足かせ	アシカセ
足がかり	アシガカリ
足げ	アシゲ
足ごしらえ	アシゴシラエ
足さばき	アシサバキ
足し	タシ
足し前	タシマエ
足し算	タシザン
足す	タス
足ずり	アシズリ
足だまり	アシダマリ
足つき	アシツキ
足どり	アシドリ
足ならし	アシナラシ
足はこび	アシハコビ
足ひれ	アシヒレ
足ぶみ	アシブミ
足まめ	アシマメ
足もと	アシモト
足りる	タリル
足る	タル
足ヒレ	アシヒレ
足並	アシナミ
足並み	アシナミ
足乗せ	アシノセ
足付き	アシツキ
足代	アシダイ
足任せ	アシマカセ
足元	アシモト
足先	アシサキ
足入れ	アシイレ
足刀	ソクトウ
足切り	アシキリ
足労	ソクロウ
足半	アシナカ
足台	アシダイ
足回り	アシマワリ
足囲	ソクイ
足固め	アシガタメ
足型	アシガタ
足場	アシバ
足廻り	アシマワリ
足弱	アシヨワ
足形	アシガタ
足忠実	アシマメ
足慣らし	アシナラシ
足払い	アシバライ
足技	アシワザ
足抜き	アシヌキ
足拍子	アシビョウシ
足拭き	アシフキ
足拵え	アシゴシラエ
足指	アシユビ
足捌き	アシサバキ
足掛かり	アシガカリ
足掛け	アシカケ
足掛り	アシガカリ
足掻き	アガキ
足掻く	アガク
足搔き	アガキ
足搔く	アガク
足搦み	アシガラミ
足摺り	アシズリ
足早	アシバヤ
足根	ソッコン
足根骨	ソッコンコツ
足業	アシワザ
足止め	アシドメ
足浴	ソクヨク
足温器	ソクオンキ
足湯	アシユ
足溜まり	アシダマリ
足溜り	アシダマリ
足留め	アシドメ
足白癬	アシハクセン
足継ぎ	アシツギ
足背	ソクハイ
足腰	アシコシ
足芸	アシゲイ
足萎え	アシナエ
足袋	タビ
足触り	アシザワリ
足許	アシモト
足趾	ソクシ
足蹴	アシゲ
足蹴り	アシゲリ
足軽	アシガル
足輪	アシワ
足速	アシバヤ
足運び	アシハコビ
足遣い	アシヅカイ
足部	ソクブ
足音	アシオト
足頸	アシクビ
足首	アシクビ
足馴らし	アシナラシ
足駄	アシダ
趾間	シカン
跋扈	バッコ
跋文	バツブン
跋渉	バッショウ
跑足	ダクアシ
距たる	ヘダタル
距てる	ヘダテル
距離	キョリ
距離感	キョリカン
跡かた	アトカタ
跡づける	アトヅケル
跡とり	アトトリ
跡付ける	アトヅケル
跡切れ	トギレ
跡切れる	トギレル
跡切れ跡切れ	トギレトギレ
跡取	アトトリ
跡取り	アトトリ
跡地	アトチ
跡始末	アトシマツ
跡形	アトカタ
跡方	アトカタ
跡目	アトメ
跡絶え	トダエ
跡絶える	トダエル
跡継	アトツギ
跡継ぎ	アトツギ
跨がる	マタガル
跨ぎ	マタギ
跨ぐ	マタグ
跨る	マタガル
跨線	コセン
跨線橋	コセンキョウ
跪坐	キザ
跪拝	キハイ
路上	ロジョウ
路上駐車	ロジョウチュウシャ
路側帯	ロソクタイ
路傍	ロボウ
路地	ロジ
路床	ロショウ
路標	ロヒョウ
路用	ロヨウ
路盤	ロバン
路程	ロテイ
路線	ロセン
路線バス	ロセンバス
路線価	ロセンカ
路銀	ロギン
路面	ロメン
路面店	ロメンテン
路面電車	ロメンデンシャ
路頭	ロトウ
路駐	ロチュウ
跳ねあがる	ハネアガル
跳ねっ返り	ハネッカエリ
跳ねのける	ハネノケル
跳ねまわる	ハネマワル
跳ねる	ハネル
跳ね上がり	ハネアガリ
跳ね上がる	ハネアガル
跳ね上げ	ハネアゲ
跳ね上げる	ハネアゲル
跳ね上り	ハネアガリ
跳ね上る	ハネアガル
跳ね回る	ハネマワル
跳ね橋	ハネバシ
跳ね炭	ハネズミ
跳ね起き	ハネオキ
跳ね起きる	ハネオキル
跳ね返す	ハネカエス
跳ね返り	ハネカエリ
跳ね返る	ハネカエル
跳ね除ける	ハネノケル
跳ね飛ばす	ハネトバス
跳び	トビ
跳びあがる	トビアガル
跳びおりる	トビオリル
跳びすさる	トビスサル
跳びつく	トビツク
跳びのく	トビノク
跳びはねる	トビハネル
跳び上がる	トビアガル
跳び上る	トビアガル
跳び下りる	トビオリル
跳び箱	トビバコ
跳び虫	トビムシ
跳び越える	トビコエル
跳び越す	トビコス
跳び蹴り	トビゲリ
跳び降りる	トビオリル
跳ぶ	トブ
跳弾	チョウダン
跳梁	チョウリョウ
跳箱	トビバコ
跳虫	トビムシ
跳躍	チョウヤク
跳馬	チョウバ
跳鼠	トビネズミ
践む	フム
践祚	センソ
踊らす	オドラス
踊り	オドリ
踊り上がる	オドリアガル
踊り場	オドリバ
踊り子	オドリコ
踊り字	オドリジ
踊り念仏	オドリネンブツ
踊り手	オドリテ
踊り明かす	オドリアカス
踊り歌	オドリウタ
踊り狂う	オドリクルウ
踊り食い	オドリグイ
踊る	オドル
踊場	オドリバ
踊子	オドリコ
踊念仏	オドリネンブツ
踊歌	オドリウタ
踏まえる	フマエル
踏みいる	フミイル
踏みいれる	フミイレル
踏みかえる	フミカエル
踏みこたえる	フミコタエル
踏みしだく	フミシダク
踏みしめる	フミシメル
踏みだす	フミダス
踏みつけ	フミツケ
踏みつける	フミツケル
踏みつぶす	フミツブス
踏みとどまる	フミトドマル
踏みならす	フミナラス
踏みにじる	フミニジル
踏み上げ	フミアゲ
踏み付け	フミツケ
踏み付ける	フミツケル
踏み倒す	フミタオス
踏み入る	フミイル
踏み入れる	フミイレル
踏み出し	フミダシ
踏み出す	フミダス
踏み分ける	フミワケル
踏み切り	フミキリ
踏み切る	フミキル
踏み割る	フミワル
踏み台	フミダイ
踏み固める	フミカタメル
踏み均す	フミナラス
踏み場	フミバ
踏み外す	フミハズス
踏み抜く	フミヌク
踏み替える	フミカエル
踏み板	フミイタ
踏み段	フミダン
踏み殺す	フミコロス
踏み消す	フミケス
踏み潰す	フミツブス
踏み留まる	フミトドマル
踏み石	フミイシ
踏み破る	フミヤブル
踏み立てる	フミタテル
踏み絵	フミエ
踏み締める	フミシメル
踏み荒す	フミアラス
踏み荒らす	フミアラス
踏み貫く	フミヌク
踏み越える	フミコエル
踏み越す	フミコス
踏み跡	フミアト
踏み躙る	フミニジル
踏み車	フミグルマ
踏み込み	フミコミ
踏み込む	フミコム
踏み迷う	フミマヨウ
踏み違える	フミチガエル
踏み鳴らす	フミナラス
踏む	フム
踏んづける	フンヅケル
踏んばる	フンバル
踏ん付ける	フンヅケル
踏ん切り	フンギリ
踏ん反る	フンゾル
踏ん張り	フンバリ
踏ん張る	フンバル
踏付け	フミツケ
踏付ける	フミツケル
踏倒す	フミタオス
踏出す	フミダス
踏切	フミキリ
踏切り	フミキリ
踏切る	フミキル
踏台	フミダイ
踏抜く	フミヌク
踏板	フミイタ
踏査	トウサ
踏段	フミダン
踏石	フミイシ
踏破	トウハ
踏絵	フミエ
踏締める	フミシメル
踏襲	トウシュウ
踏車	フミグルマ
踏鞴	タタラ
踞る	ウズクマル
踠き	モガキ
踠き苦しむ	モガキクルシム
踪跡	ソウセキ
踰越	ユエツ
踵落し	カカトオトシ
踵落とし	カカトオトシ
踵骨	ショウコツ
蹂躙	ジュウリン
蹂躪	ジュウリン
蹄葉炎	テイヨウエン
蹄鉄	テイテツ
蹈襲	トウシュウ
蹈鞴	タタラ
蹉跌	サテツ
蹉跎	サダ
蹌踉	ソウロウ
蹌踉ける	ヨロケル
蹌踉めく	ヨロメク
蹙める	シカメル
蹠行性	ショコウセイ
蹣跚	マンサン
蹲い	ツクバイ
蹴っ飛ばす	ケットバス
蹴とばす	ケトバス
蹴りあげる	ケリアゲル
蹴りこむ	ケリコム
蹴りとばす	ケリトバス
蹴り上げる	ケリアゲル
蹴り付ける	ケリツケル
蹴り入れる	ケリイレル
蹴り出す	ケリダス
蹴り殺す	ケリコロス
蹴り込む	ケリコム
蹴り返す	ケリカエス
蹴り飛ばす	ケリトバス
蹴る	ケル
蹴上がり	ケアガリ
蹴上げ	ケアゲ
蹴上げる	ケアゲル
蹴倒す	ケタオス
蹴出す	ケダス
蹴合い	ケアイ
蹴手繰り	ケタグリ
蹴散らす	ケチラス
蹴爪	ケヅメ
蹴球	シュウキュウ
蹴破る	ケヤブル
蹴立てる	ケタテル
蹴落す	ケオトス
蹴落とす	ケオトス
蹴込み	ケコミ
蹴込む	ケコム
蹴返し	ケカエシ
蹴返す	ケカエス
蹴飛ばす	ケトバス
蹶る	ケル
蹶然	ケツゼン
蹶起	ケッキ
躁うつ	ソウウツ
躁うつ病	ソウウツビョウ
躁狂	ソウキョウ
躁病	ソウビョウ
躁転	ソウテン
躁鬱	ソウウツ
躁鬱病	ソウウツビョウ
躁鬱質	ソウウツシツ
躄る	イザル
躄魚	イザリウオ
躊躇	チュウチョ
躊躇い	タメライ
躊躇い傷	タメライキズ
躍らす	オドラス
躍り	オドリ
躍りかかる	オドリカカル
躍りでる	オドリデル
躍り上がる	オドリアガル
躍り出る	オドリデル
躍り掛かる	オドリカカル
躍り掛る	オドリカカル
躍り込む	オドリコム
躍る	オドル
躍動	ヤクドウ
躍如	ヤクジョ
躍起	ヤッキ
躍進	ヤクシン
躓き	ツマズキ
躙り口	ニジリグチ
躙り寄る	ニジリヨル
躙る	ニジル
躙口	ニジリグチ
身うごき	ミウゴキ
身うち	ミウチ
身がまえ	ミガマエ
身がる	ミガル
身ぐるみ	ミグルミ
身ごしらえ	ミゴシラエ
身ごなし	ミゴナシ
身ごもる	ミゴモル
身じまい	ミジマイ
身じろぎ	ミジロギ
身じろぐ	ミジログ
身すぎ	ミスギ
身だしなみ	ミダシナミ
身づくろい	ミヅクロイ
身なり	ミナリ
身のほど	ミノホド
身のまわり	ミノマワリ
身の丈	ミノタケ
身の上	ミノウエ
身の代金	ミノシロキン
身の回り	ミノマワリ
身の廻り	ミノマワリ
身の毛	ミノケ
身の程	ミノホド
身びいき	ミビイキ
身ぶり	ミブリ
身ぶるい	ミブルイ
身もだえ	ミモダエ
身もだえる	ミモダエル
身もと	ミモト
身より	ミヨリ
身バレ	ミバレ
身丈	ミタケ
身中	シンチュウ
身仕舞い	ミジマイ
身代り	ミガワリ
身代わり	ミガワリ
身代金	ミノシロキン
身体つき	カラダツキ
身体づくり	カラダヅクリ
身体上	シンタイジョウ
身体作り	カラダヅクリ
身体刑	シンタイケイ
身体性	シンタイセイ
身体的	シンタイテキ
身体言語	シンタイゲンゴ
身体障がい者	シンタイショウガイシャ
身体障がい者手帳	シンタイショウガイシャテチョウ
身体障害者	シンタイショウガイシャ
身体障害者手帳	シンタイショウガイシャテチョウ
身体障害者福祉法	シンタイショウガイシャフクシホウ
身元	ミモト
身元保証	ミモトホショウ
身元保証人	ミモトホショウニン
身元保証書	ミモトホショウショ
身元確認	ミモトカクニン
身光	シンコウ
身共	ミドモ
身分	ミブン
身分制	ミブンセイ
身分証	ミブンショウ
身分証明	ミブンショウメイ
身分証明書	ミブンショウメイショ
身動き	ミウゴキ
身動ぎ	ミジロギ
身動ぐ	ミジログ
身勝手	ミガッテ
身包み	ミグルミ
身受け	ミウケ
身嗜み	ミダシナミ
身売り	ミウリ
身奇麗	ミギレイ
身寄り	ミヨリ
身幅	ミハバ
身廊	シンロウ
身形	ミナリ
身悶え	ミモダエ
身悶える	ミモダエル
身投げ	ミナゲ
身拵え	ミゴシラエ
身持	ミモチ
身持ち	ミモチ
身振り	ミブリ
身支度	ミジタク
身方	ミカタ
身替り	ミガワリ
身替わり	ミガワリ
身柄	ミガラ
身構え	ミガマエ
身構える	ミガマエル
身空	ミソラ
身篭もる	ミゴモル
身篭る	ミゴモル
身籠もる	ミゴモル
身籠る	ミゴモル
身繕い	ミヅクロイ
身罷る	ミマカル
身許	ミモト
身請	ミウケ
身請け	ミウケ
身贔屓	ミビイキ
身軽	ミガル
身辺	シンペン
身過ぎ	ミスギ
身重	ミオモ
身銭	ミゼニ
身長	シンチョウ
身障者	シンショウシャ
身震い	ミブルイ
身頃	ミゴロ
躬行	キュウコウ
躯体	クタイ
躯幹	クカン
躱す	カワス
躾け	シツケ
躾ける	シツケル
躾る	シツケル
軀体	クタイ
軈て	ヤガテ
車いす	クルマイス
車えび	クルマエビ
車イス	クルマイス
車エビ	クルマエビ
車上	シャジョウ
車両	シャリョウ
車両重量	シャリョウジュウリョウ
車中	シャチュウ
車中泊	シャチュウハク
車井戸	クルマイド
車代	クルマダイ
車体	シャタイ
車偏	クルマヘン
車内	シャナイ
車内灯	シャナイトウ
車列	シャレツ
車券	シャケン
車前	オオバコ
車前科	オオバコカ
車力	シャリキ
車台	シャダイ
車名	シャメイ
車回し	クルママワシ
車外	シャガイ
車夫	シャフ
車室	シャシツ
車寄	クルマヨセ
車寄せ	クルマヨセ
車屋	クルマヤ
車座	クルマザ
車庫	シャコ
車引き	クルマヒキ
車掌	シャショウ
車掌区	シャショウク
車掌車	シャショウシャ
車椅子	クルマイス
車検	シャケン
車検証	シャケンショウ
車止	クルマドメ
車止め	クルマドメ
車海老	クルマエビ
車百合	クルマユリ
車種	シャシュ
車窓	シャソウ
車糖	クルマトウ
車線	シャセン
車蝦	クルマエビ
車軸	シャジク
車軸草	シャジクソウ
車軸藻	シャジクモ
車載	シャサイ
車載器	シャサイキ
車輌	シャリョウ
車輛	シャリョウ
車輪	シャリン
車輪梅	シャリンバイ
車輪止め	シャリンドメ
車速	シャソク
車道	シャドウ
車酔い	クルマヨイ
車重	シャジュウ
車間	シャカン
車馬	シャバ
車高	シャコウ
軋み	キシミ
軋む	キシム
軋る	キシル
軋轢	アツレキ
軌条	キジョウ
軌範	キハン
軌跡	キセキ
軌道	キドウ
軌間	キカン
軍事	グンジ
軍事力	グンジリョク
軍事化	グンジカ
軍事学	グンジガク
軍事的	グンジテキ
軍事費	グンジヒ
軍人	グンジン
軍令	グンレイ
軍令部	グンレイブ
軍使	グンシ
軍備	グンビ
軍備拡張	グンビカクチョウ
軍備縮小	グンビシュクショウ
軍刀	グントウ
軍刑法	グンケイホウ
軍制	グンセイ
軍功	グンコウ
軍務	グンム
軍勢	グンゼイ
軍医	グンイ
軍卒	グンソツ
軍営	グンエイ
軍器	グンキ
軍団	グンダン
軍団長	グンダンチョウ
軍国	グンコク
軍国主義	グンコクシュギ
軍国主義者	グンコクシュギシャ
軍士	グンシ
軍夫	グンプ
軍容	グンヨウ
軍属	グンゾク
軍師	グンシ
軍帽	グンボウ
軍律	グンリツ
軍扇	グンセン
軍手	グンテ
軍拡	グンカク
軍持	グンジ
軍政	グンセイ
軍旅	グンリョ
軍旗	グンキ
軍書	グンショ
軍曹	グンソウ
軍服	グンプク
軍楽	グンガク
軍楽隊	グンガクタイ
軍機	グンキ
軍歌	グンカ
軍歴	グンレキ
軍民	グンミン
軍法	グンポウ
軍港	グンコウ
軍用	グンヨウ
軍用犬	グンヨウケン
軍用金	グンヨウキン
軍略	グンリャク
軍票	グンピョウ
軍種	グンシュ
軍管区	グンカンク
軍籍	グンセキ
軍紀	グンキ
軍縮	グンシュク
軍艦	グンカン
軍艦旗	グンカンキ
軍装	グンソウ
軍規	グンキ
軍記	グンキ
軍記物語	グンキモノガタリ
軍談	グンダン
軍警	グンケイ
軍議	グンギ
軍費	グンピ
軍資	グンシ
軍資金	グンシキン
軍道	グンドウ
軍部	グンブ
軍配	グンバイ
軍長	グンチョウ
軍門	グンモン
軍閥	グンバツ
軍陣	グンジン
軍隊	グンタイ
軍需	グンジュ
軍需品	グンジュヒン
軍靴	グンカ
軍馬	グンバ
軍鼓	グンコ
軒なみ	ノキナミ
軒丈	ノキタケ
軒下	ノキシタ
軒並	ノキナミ
軒並み	ノキナミ
軒先	ノキサキ
軒忍	ノキシノブ
軒数	ケンスウ
軒昂	ケンコウ
軒灯	ケントウ
軒猿	ノキザル
軒端	ノキバ
軒輊	ケンチ
軟らか	ヤワラカ
軟らかい	ヤワラカイ
軟体	ナンタイ
軟体動物	ナンタイドウブツ
軟便	ナンベン
軟化	ナンカ
軟化症	ナンカショウ
軟口蓋	ナンコウガイ
軟式	ナンシキ
軟弱	ナンジャク
軟性	ナンセイ
軟投	ナントウ
軟文学	ナンブンガク
軟条	ナンジョウ
軟毛	ナンモウ
軟水	ナンスイ
軟泥	ナンデイ
軟派	ナンパ
軟球	ナンキュウ
軟白	ナンパク
軟着陸	ナンチャクリク
軟禁	ナンキン
軟膏	ナンコウ
軟膏剤	ナンコウザイ
軟膜	ナンマク
軟調	ナンチョウ
軟論	ナンロン
軟質	ナンシツ
軟鉄	ナンテツ
軟鋼	ナンコウ
軟風	ナンプウ
軟骨	ナンコツ
転々	テンテン
転かす	コカス
転がり出る	コロガリデル
転がり落ちる	コロガリオチル
転がり込む	コロガリコム
転がる	コロガル
転ける	コケル
転げまわる	コロゲマワル
転げる	コロゲル
転げ回る	コロゲマワル
転げ落ちる	コロゲオチル
転げ込む	コロゲコム
転じる	テンジル
転ずる	テンズル
転た	ウタタ
転た寝	ウタタネ
転ばす	コロバス
転び寝	コロビネ
転任	テンニン
転位	テンイ
転住	テンジュウ
転作	テンサク
転借	テンシャク
転入	テンニュウ
転入届	テンニュウトドケ
転入生	テンニュウセイ
転写	テンシャ
転写紙	テンシャシ
転出	テンシュツ
転出先	テンシュツサキ
転出届	テンシュツトドケ
転勤	テンキン
転勤族	テンキンゾク
転化	テンカ
転化糖	テンカトウ
転句	テンク
転向	テンコウ
転呼	テンコ
転回	テンカイ
転園	テンエン
転地	テンチ
転売	テンバイ
転売ヤー	テンバイヤー
転嫁	テンカ
転子	テンシ
転学	テンガク
転宅	テンタク
転居	テンキョ
転居先	テンキョサキ
転属	テンゾク
転帰	テンキ
転座	テンザ
転得	テントク
転成	テンセイ
転戦	テンセン
転折	テンセツ
転換	テンカン
転換期	テンカンキ
転換点	テンカンテン
転校	テンコウ
転校生	テンコウセイ
転機	テンキ
転注	テンチュウ
転活	テンカツ
転炉	テンロ
転用	テンヨウ
転瞬	テンシュン
転石	テンセキ
転社	テンシャ
転科	テンカ
転移	テンイ
転籍	テンセキ
転置	テンチ
転義	テンギ
転職	テンショク
転職サイト	テンショクサイト
転職活動	テンショクカツドウ
転舵	テンダ
転落	テンラク
転補	テンポ
転覆	テンプク
転記	テンキ
転訛	テンカ
転調	テンチョウ
転貸	テンタイ
転貸借	テンタイシャク
転身	テンシン
転車台	テンシャダイ
転転	テンテン
転載	テンサイ
転轍	テンテツ
転轍機	テンテツキ
転送	テンソウ
転造	テンゾウ
転進	テンシン
転部	テンブ
転針	テンシン
転院	テンイン
軸受	ジクウケ
軸受け	ジクウケ
軸木	ジクギ
軸棒	ジクボウ
軸物	ジクモノ
軸索	ジクサク
軸組	ジクグミ
軸線	ジクセン
軸芯	ジクシン
軸装	ジクソウ
軸足	ジクアシ
軸距	ジクキョ
軼事	イツジ
軽しめる	カロシメル
軽べつ	ケイベツ
軽め	カルメ
軽んじる	カロンジル
軽んずる	カロンズル
軽トラ	ケイトラ
軽佻	ケイチョウ
軽侮	ケイブ
軽信	ケイシン
軽傷	ケイショウ
軽卒	ケイソツ
軽口	カルクチ
軽合金	ケイゴウキン
軽四	ケイヨン
軽妙	ケイミョウ
軽少	ケイショウ
軽巡	ケイジュン
軽工業	ケイコウギョウ
軽度	ケイド
軽度懸念	ケイドケネン
軽微	ケイビ
軽快	ケイカイ
軽挙	ケイキョ
軽挙妄動	ケイキョモウドウ
軽捷	ケイショウ
軽易	ケイイ
軽業	カルワザ
軽業師	カルワザシ
軽気球	ケイキキュウ
軽水	ケイスイ
軽水炉	ケイスイロ
軽油	ケイユ
軽減	ケイゲン
軽演劇	ケイエンゲキ
軽火器	ケイカキ
軽焼き	カルヤキ
軽犯罪	ケイハンザイ
軽率	ケイソツ
軽症	ケイショウ
軽石	カルイシ
軽罪	ケイザイ
軽羹	カルカン
軽自動車	ケイジドウシャ
軽舟	ケイシュウ
軽蔑	ケイベツ
軽薄	ケイハク
軽袗	カルサン
軽装	ケイソウ
軽視	ケイシ
軽質	ケイシツ
軽躁	ケイソウ
軽車	ケイシャ
軽輩	ケイハイ
軽量	ケイリョウ
軽量級	ケイリョウキュウ
軽金属	ケイキンゾク
軽電機	ケイデンキ
軽震	ケイシン
軽音	ケイオン
軽音楽	ケイオンガク
軽風	ケイフウ
軽食	ケイショク
軽騎兵	ケイキヘイ
軽鬆土	ケイソウド
軽鴨	カルガモ
較べ	クラベ
較べもの	クラベモノ
較べる	クラベル
較べ物	クラベモノ
較正	コウセイ
載せる	ノセル
載っかる	ノッカル
載っける	ノッケル
載る	ノル
載荷	サイカ
載貨	サイカ
載録	サイロク
輓近	バンキン
輓馬	バンバ
輔く	タスク
輔ける	タスケル
輔佐	ホサ
輔助	ホジョ
輔導	ホドウ
輔弼	ホヒツ
輔翼	ホヨク
輜重	シチョウ
輜重兵	シチョウヘイ
輝かしい	カガヤカシイ
輝かす	カガヤカス
輝き	カガヤキ
輝く	カガヤク
輝やかしい	カガヤカシイ
輝度	キド
輝点	キテン
輝石	キセキ
輝線	キセン
輦台	レンダイ
輦車	レンシャ
輩出	ハイシュツ
輩行	ハイコウ
輪かく	リンカク
輪っか	ワッカ
輪っぱ	ワッパ
輪タク	リンタク
輪中	ワジュウ
輪乗り	ワノリ
輪伐	リンバツ
輪作	リンサク
輪切り	ワギリ
輪唱	リンショウ
輪姦	リンカン
輪差	ワサ
輪廓	リンカク
輪形	リンケイ
輪投げ	ワナゲ
輪抜け	ワヌケ
輪栽	リンサイ
輪状	リンジョウ
輪生	リンセイ
輪留め	ワドメ
輪番	リンバン
輪番制	リンバンセイ
輪禍	リンカ
輪縄	ワナワ
輪舞	リンブ
輪舞曲	リンブキョク
輪蔵	リンゾウ
輪虫	ワムシ
輪行	リンコウ
輪行袋	リンコウブクロ
輪読	リンドク
輪講	リンコウ
輪距	リンキョ
輪転	リンテン
輪軸	リンジク
輪郭	リンカク
輪鼓	リュウゴ
輸入品	ユニュウヒン
輸入国	ユニュウコク
輸入車	ユニュウシャ
輸入量	ユニュウリョウ
輸入額	ユニュウガク
輸出入	ユシュツニュウ
輸出国	ユシュツコク
輸出港	ユシュツコウ
輸出額	ユシュツガク
輸卵管	ユランカン
輸尿管	ユニョウカン
輸液	ユエキ
輸血	ユケツ
輸送	ユソウ
輸送力	ユソウリョク
輸送機	ユソウキ
輸送科	ユソウカ
輸送船	ユソウセン
輸送費	ユソウヒ
輸送車	ユソウシャ
輸送量	ユソウリョウ
輸配送	ユハイソウ
輸銀	ユギン
輻射	フクシャ
輻射熱	フクシャネツ
輻湊	フクソウ
輻輳	フクソウ
輾転	テンテン
輿入れ	コシイレ
輿地	ヨチ
輿望	ヨボウ
輿論	ヨロン
轆轤	ロクロ
轆轤首	ロクロクビ
轍鮒	テップ
轗軻	カンカ
轟かす	トドロカス
轟き	トドロキ
轟く	トドロク
轟沈	ゴウチン
轟然	ゴウゼン
轟音	ゴウオン
轡虫	クツワムシ
轢き殺す	ヒキコロス
轢き逃げ	ヒキニゲ
轢断	レキダン
轢死	レキシ
轢殺	レキサツ
轢殺す	ヒキコロス
轢逃げ	ヒキニゲ
轢過	レキカ
辛々	カラガラ
辛うじて	カロウジテ
辛みそ	カラミソ
辛め	カラメ
辛らつ	シンラツ
辛党	カラトウ
辛労	シンロウ
辛勝	シンショウ
辛口	カラクチ
辛味噌	カラミソ
辛夷	コブシ
辛子漬け	カラシヅケ
辛子色	カラシイロ
辛抱	シンボウ
辛棒	シンボウ
辛気	シンキ
辛苦	シンク
辛螺	ニシ
辛辣	シンラツ
辛酸	シンサン
辞す	ジス
辞する	ジスル
辞む	イナム
辞める	ヤメル
辞世	ジセイ
辞令	ジレイ
辞任	ジニン
辞去	ジキョ
辞彙	ジイ
辞意	ジイ
辞書	ジショ
辞書学	ジショガク
辞書形	ジショケイ
辞林	ジリン
辞柄	ジヘイ
辞職	ジショク
辞職願	ジショクネガイ
辞色	ジショク
辞表	ジヒョウ
辞退	ジタイ
辟易	ヘキエキ
辣油	ラーユ
辣腕	ラツワン
辭典	ジテン
辮髪	ベンパツ
辯論	ベンロン
辰巳	タツミ
辰年	タツドシ
辱い	カタジケナイ
辱しめ	ハズカシメ
辱しめる	ハズカシメル
辱め	ハズカシメ
辱める	ハズカシメル
辱知	ジョクチ
農事	ノウジ
農会	ノウカイ
農作	ノウサク
農作業	ノウサギョウ
農兵	ノウヘイ
農具	ノウグ
農務	ノウム
農園	ノウエン
農地	ノウチ
農地法	ノウチホウ
農場	ノウジョウ
農大	ノウダイ
農夫	ノウフ
農奴	ノウド
農婦	ノウフ
農学校	ノウガッコウ
農学者	ノウガクシャ
農学部	ノウガクブ
農家	ノウカ
農山村	ノウサンソン
農山漁村	ノウサンギョソン
農工	ノウコウ
農政	ノウセイ
農書	ノウショ
農期	ノウキ
農本主義	ノウホンシュギ
農村	ノウソン
農林	ノウリン
農林水産省	ノウリンスイサンショウ
農業	ノウギョウ
農業国	ノウギョウコク
農業家	ノウギョウカ
農業機械	ノウギョウキカイ
農業試験場	ノウギョウシケンジョウ
農機具	ノウキグ
農民	ノウミン
農水	ノウスイ
農水産	ノウスイサン
農水省	ノウスイショウ
農法	ノウホウ
農漁村	ノウギョソン
農漁業	ノウギョギョウ
農漁民	ノウギョミン
農牧	ノウボク
農産	ノウサン
農産物	ノウサンブツ
農用	ノウヨウ
農用地	ノウヨウチ
農相	ノウショウ
農繁期	ノウハンキ
農耕	ノウコウ
農芸	ノウゲイ
農薬	ノウヤク
農道	ノウドウ
農閑期	ノウカンキ
農高	ノウコウ
辷り	スベリ
辷る	スベル
辺ぴ	ヘンピ
辺上	ヘンジョウ
辺土	ヘンド
辺地	ヘンチ
辺塞	ヘンサイ
辺境	ヘンキョウ
辺境伯	ヘンキョウハク
辺幅	ヘンプク
辺材	ヘンザイ
辺疆	ヘンキョウ
辺縁系	ヘンエンケイ
辺鄙	ヘンピ
辺陬	ヘンスウ
辻々	ツジツジ
辻が花	ツジガハナ
辻ヶ花	ツジガハナ
辻占	ツジウラ
辻堂	ツジドウ
辻強盗	ツジゴウトウ
辻待ち	ツジマチ
辻斬	ツジギリ
辻斬り	ツジギリ
辻札	ツジフダ
辻番	ツジバン
辻褄	ツジツマ
辻説法	ツジセッポウ
辻辻	ツジツジ
辻風	ツジカゼ
辻馬車	ツジバシャ
込みあげる	コミアゲル
込み上がる	コミアガル
込み上げる	コミアゲル
込み入る	コミイル
込み出し	コミダシ
込める	コメル
込め物	コメモノ
込上げる	コミアゲル
込入る	コミイル
辿々しい	タドタドシイ
辿りつく	タドリツク
辿り着く	タドリツク
辿る	タドル
辿辿しい	タドタドシイ
迂回	ウカイ
迂廻	ウカイ
迂愚	ウグ
迂曲	ウキョク
迂濶	ウカツ
迂生	ウセイ
迂言	ウゲン
迂路	ウロ
迂遠	ウエン
迂闊	ウカツ
迅速	ジンソク
迅雷	ジンライ
迎い	ムカイ
迎え	ムカエ
迎えいれる	ムカエイレル
迎えうつ	ムカエウツ
迎える	ムカエル
迎え人	ムカエビト
迎え入れる	ムカエイレル
迎え打つ	ムカエウツ
迎え撃つ	ムカエウツ
迎え火	ムカエビ
迎え角	ムカエカク
迎え討つ	ムカエウツ
迎え酒	ムカエザケ
迎撃	ゲイゲキ
迎春	ゲイシュン
迎賓	ゲイヒン
迎賓館	ゲイヒンカン
迎車	ゲイシャ
近い	チカイ
近ごろ	チカゴロ
近しい	チカシイ
近づき	チカヅキ
近づく	チカヅク
近づける	チカヅケル
近め	チカメ
近よる	チカヨル
近世	キンセイ
近事	キンジ
近付き	チカヅキ
近付ける	チカヅケル
近代	キンダイ
近代主義	キンダイシュギ
近代人	キンダイジン
近代劇	キンダイゲキ
近代化	キンダイカ
近代史	キンダイシ
近代的	キンダイテキ
近代詩	キンダイシ
近代都市	キンダイトシ
近似	キンジ
近似値	キンジチ
近位	キンイ
近体	キンタイ
近作	キンサク
近侍	キンジ
近傍	キンボウ
近刊	キンカン
近医	キンイ
近古	キンコ
近回り	チカマワリ
近因	キンイン
近国	キンゴク
近在	キンザイ
近地点	キンチテン
近場	チカバ
近寄せる	チカヨセル
近寄る	チカヨル
近年	キンネン
近影	キンエイ
近情	キンジョウ
近所	キンジョ
近接	キンセツ
近日	キンジツ
近日点	キンジツテン
近時	キンジ
近景	キンケイ
近未来	キンミライ
近村	キンソン
近来	キンライ
近業	キンギョウ
近況	キンキョウ
近海	キンカイ
近点	キンテン
近点年	キンテンネン
近点月	キンテンゲツ
近状	キンジョウ
近現代	キンゲンダイ
近畿圏	キンキケン
近目	チカメ
近県	キンケン
近着	キンチャク
近称	キンショウ
近縁	キンエン
近臣	キンシン
近著	キンチョ
近衛兵	コノエヘイ
近視	キンシ
近視眼	キンシガン
近親	キンシン
近親婚	キンシンコン
近親相姦	キンシンソウカン
近親者	キンシンシャ
近親調	キンシンチョウ
近詠	キンエイ
近赤外線	キンセキガイセン
近距離	キンキョリ
近辺	キンペン
近道	チカミチ
近郊	キンコウ
近郷	キンゴウ
近間	チカマ
近隣	キンリン
近隣県	キンリンケン
近頃	チカゴロ
返し技	カエシワザ
返し縫い	カエシヌイ
返す	カエス
返す返す	カエスガエス
返り値	カエリチ
返り忠	カエリチュウ
返り点	カエリテン
返り血	カエリチ
返り討ち	カエリウチ
返上	ヘンジョウ
返事	ヘンジ
返付	ヘンプ
返信	ヘンシン
返信用	ヘンシンヨウ
返信用封筒	ヘンシンヨウフウトウ
返却	ヘンキャク
返却値	ヘンキャクチ
返咲き	カエリザキ
返品	ヘンピン
返報	ヘンポウ
返戻	ヘンレイ
返戻金	ヘンレイキン
返書	ヘンショ
返本	ヘンポン
返杯	ヘンパイ
返歌	ヘンカ
返済	ヘンサイ
返照	ヘンショウ
返球	ヘンキュウ
返盃	ヘンパイ
返礼	ヘンレイ
返礼品	ヘンレイヒン
返答	ヘントウ
返納	ヘンノウ
返辞	ヘンジ
返送	ヘンソウ
返還	ヘンカン
返金	ヘンキン
返電	ヘンデン
迦羅	カラ
迦陵頻伽	カリョウビンガ
迦陵頻迦	カリョウビンガ
迫りくる	セマリクル
迫り上がる	セリアガル
迫り上げる	セリアゲル
迫り上る	セリアガル
迫り出す	セリダス
迫り来る	セマリクル
迫上がる	セリアガル
迫出す	セリダス
迫力	ハクリョク
迫害	ハクガイ
迫持	セリモチ
迫撃	ハクゲキ
迫撃砲	ハクゲキホウ
迫真	ハクシン
迫石	セリイシ
迭立	テツリツ
迯げる	ニゲル
述べる	ノベル
述べ立てる	ノベタテル
述作	ジュッサク
述懐	ジュッカイ
述語	ジュツゴ
述部	ジュツブ
迷い	マヨイ
迷いこむ	マヨイコム
迷い箸	マヨイバシ
迷い込む	マヨイコム
迷う	マヨウ
迷わす	マヨワス
迷信	メイシン
迷児	マイゴ
迷夢	メイム
迷妄	メイモウ
迷子	マイゴ
迷子札	マイゴフダ
迷子石	マイゴイシ
迷宮	メイキュウ
迷彩	メイサイ
迷彩服	メイサイフク
迷惑	メイワク
迷惑メール	メイワクメール
迷惑料	メイワクリョウ
迷文	メイブン
迷言	メイゲン
迷論	メイロン
迷走	メイソウ
迷路	メイロ
迷霧	メイム
迷鳥	メイチョウ
迹門	シャクモン
追々	オイオイ
追いあげる	オイアゲル
追いうち	オイウチ
追いおとす	オイオトス
追いかえす	オイカエス
追いかける	オイカケル
追いがつお	オイガツオ
追いこす	オイコス
追いこみ	オイコミ
追いこむ	オイコム
追いすがる	オイスガル
追いたてる	オイタテル
追いだき	オイダキ
追いだす	オイダス
追いつく	オイツク
追いつめる	オイツメル
追いぬく	オイヌク
追いはぎ	オイハギ
追いはらう	オイハラウ
追いまわす	オイマワス
追いやる	オイヤル
追いコン	オイコン
追い上げる	オイアゲル
追い付く	オイツク
追い出し	オイダシ
追い出す	オイダス
追い切り	オイキリ
追い剝ぎ	オイハギ
追い剥ぎ	オイハギ
追い回す	オイマワス
追い手	オイテ
追い打ち	オイウチ
追い抜き	オイヌキ
追い抜く	オイヌク
追い掛ける	オイカケル
追い撃ち	オイウチ
追い散らす	オイチラス
追い求める	オイモトメル
追い炊き	オイダキ
追い焚き	オイダキ
追い着く	オイツク
追い立て	オイタテ
追い立てる	オイタテル
追い縋る	オイスガル
追い羽根	オイバネ
追い腹	オイバラ
追い落し	オイオトシ
追い落とし	オイオトシ
追い落とす	オイオトス
追い討ち	オイウチ
追い詰める	オイツメル
追い越し	オイコシ
追い越す	オイコス
追い込み	オイコミ
追い込む	オイコム
追い返す	オイカエス
追い迫る	オイセマル
追い追い	オイオイ
追い遣る	オイヤル
追い銭	オイセン
追い駆ける	オイカケル
追い鰹	オイガツオ
追う	オウ
追っ	オッ
追っかけ	オッカケ
追っかける	オッカケル
追っつく	オッツク
追って書き	オッテガキ
追っぱらう	オッパラウ
追っ付く	オッツク
追っ付け	オッツケ
追っ手	オッテ
追っ掛け	オッカケ
追っ掛ける	オッカケル
追付く	オイツク
追伸	ツイシン
追体験	ツイタイケン
追出し	オイダシ
追出す	オイダス
追分	オイワケ
追分節	オイワケブシ
追剝	オイハギ
追剝ぎ	オイハギ
追剥	オイハギ
追加	ツイカ
追加保証金	ツイカホショウキン
追加料金	ツイカリョウキン
追及	ツイキュウ
追及権	ツイキュウケン
追号	ツイゴウ
追啓	ツイケイ
追善	ツイゼン
追回す	オイマワス
追尾	ツイビ
追弔	ツイチョウ
追徴	ツイチョウ
追徴金	ツイチョウキン
追悼	ツイトウ
追悼式	ツイトウシキ
追想	ツイソウ
追慕	ツイボ
追憶	ツイオク
追懐	ツイカイ
追打ち	オイウチ
追抜き	オイヌキ
追抜く	オイヌク
追掛ける	オイカケル
追撃	ツイゲキ
追撃ち	オイウチ
追放	ツイホウ
追散らす	オイチラス
追求	ツイキュウ
追河	オイカワ
追炊き	オイダキ
追焚き	オイダキ
追熟	ツイジュク
追福	ツイフク
追究	ツイキュウ
追突	ツイトツ
追窮	ツイキュウ
追立てる	オイタテル
追納	ツイノウ
追給	ツイキュウ
追羽根	オイバネ
追而書	オッテガキ
追而書き	オッテガキ
追腹	オイバラ
追落し	オイオトシ
追落とし	オイオトシ
追行	ツイコウ
追補	ツイホ
追視	ツイシ
追討	ツイトウ
追討ち	オイウチ
追記	ツイキ
追訴	ツイソ
追証	オイショウ
追証拠金	オイショウコキン
追試	ツイシ
追試験	ツイシケン
追認	ツイニン
追贈	ツイゾウ
追走	ツイソウ
追越	オイコシ
追越し	オイコシ
追越す	オイコス
追越車線	オイコシシャセン
追跡	ツイセキ
追跡者	ツイセキシャ
追蹤	ツイショウ
追込み	オイコミ
追返す	オイカエス
追追	オイオイ
追送	ツイソウ
追録	ツイロク
追随	ツイズイ
退がる	サガル
退け時	ヒケドキ
退け際	ヒケギワ
退っ引き	ノッピキ
退める	ヤメル
退京	タイキョウ
退任	タイニン
退会	タイカイ
退位	タイイ
退位礼正殿の儀	タイイレイセイデンノギ
退出	タイシュツ
退勢	タイセイ
退勤	タイキン
退化	タイカ
退却	タイキャク
退去	タイキョ
退団	タイダン
退園	タイエン
退場	タイジョウ
退塾	タイジュク
退嬰	タイエイ
退学	タイガク
退官	タイカン
退室	タイシツ
退寮	タイリョウ
退居	タイキョ
退屈	タイクツ
退屈しのぎ	タイクツシノギ
退屈凌ぎ	タイクツシノギ
退席	タイセキ
退庁	タイチョウ
退店	タイテン
退座	タイザ
退廃	タイハイ
退廷	タイテイ
退役	タイエキ
退所	タイショ
退散	タイサン
退校	タイコウ
退歩	タイホ
退治	タイジ
退治る	タイジル
退潮	タイチョウ
退社	タイシャ
退縮	タイシュク
退職	タイショク
退職勧奨	タイショクカンショウ
退職届	タイショクトドケ
退職年金	タイショクネンキン
退職後	タイショクゴ
退職給付	タイショクキュウフ
退職者	タイショクシャ
退職金	タイショクキン
退職金制度	タイショクキンセイド
退職願	タイショクネガイ
退艦	タイカン
退色	タイショク
退蔵	タイゾウ
退行	タイコウ
退行テスト	タイコウテスト
退路	タイロ
退転	タイテン
退避	タイヒ
退部	タイブ
退院	タイイン
退陣	タイジン
退隠	タイイン
退館	タイカン
退魔	タイマ
送り	オクリ
送りがな	オクリガナ
送りこむ	オクリコム
送りだす	オクリダス
送りつける	オクリツケル
送りむかえ	オクリムカエ
送りオオカミ	オクリオオカミ
送り主	オクリヌシ
送り付ける	オクリツケル
送り仮名	オクリガナ
送り倒し	オクリタオシ
送り先	オクリサキ
送り出し	オクリダシ
送り出す	オクリダス
送り字	オクリジ
送り届ける	オクリトドケル
送り手	オクリテ
送り火	オクリビ
送り状	オクリジョウ
送り狼	オクリオオカミ
送り足	オクリアシ
送り込み	オクリコミ
送り込む	オクリコム
送り迎え	オクリムカエ
送り返す	オクリカエス
送る	オクル
送付	ソウフ
送付先	ソウフサキ
送付状	ソウフジョウ
送信	ソウシン
送信元	ソウシンモト
送信機	ソウシンキ
送信者	ソウシンシャ
送像	ソウゾウ
送出	ソウシュツ
送別	ソウベツ
送別会	ソウベツカイ
送受	ソウジュ
送受信	ソウジュシン
送呈	ソウテイ
送客	ソウキャク
送料	ソウリョウ
送検	ソウケン
送気	ソウキ
送気管	ソウキカン
送水	ソウスイ
送球	ソウキュウ
送稿	ソウコウ
送籍	ソウセキ
送致	ソウチ
送葬	ソウソウ
送話	ソウワ
送話器	ソウワキ
送辞	ソウジ
送迎	ソウゲイ
送迎バス	ソウゲイバス
送達	ソウタツ
送還	ソウカン
送配	ソウハイ
送金	ソウキン
送金先	ソウキンサキ
送金額	ソウキンガク
送附	ソウフ
送電	ソウデン
送電塔	ソウデントウ
送電網	ソウデンモウ
送電線	ソウデンセン
送風	ソウフウ
送風機	ソウフウキ
逃がし弁	ニガシベン
逃げ	ニゲ
逃げうせる	ニゲウセル
逃げだす	ニゲダス
逃げのびる	ニゲノビル
逃げまどう	ニゲマドウ
逃げまわる	ニゲマワル
逃げる	ニゲル
逃げ出す	ニゲダス
逃げ去る	ニゲサル
逃げ口	ニゲグチ
逃げ口上	ニゲコウジョウ
逃げ回る	ニゲマワル
逃げ場	ニゲバ
逃げ失せる	ニゲウセル
逃げ帰る	ニゲカエル
逃げ延びる	ニゲノビル
逃げ惑う	ニゲマドウ
逃げ支度	ニゲジタク
逃げ散る	ニゲチル
逃げ水	ニゲミズ
逃げ溝	ニゲミゾ
逃げ腰	ニゲゴシ
逃げ落ちる	ニゲオチル
逃げ走る	ニゲハシル
逃げ足	ニゲアシ
逃げ込む	ニゲコム
逃げ道	ニゲミチ
逃げ隠れる	ニゲカクレル
逃げ馬	ニゲウマ
逃れる	ノガレル
逃れ出る	ノガレデル
逃亡	トウボウ
逃亡中	トウボウチュウ
逃亡者	トウボウシャ
逃出す	ニゲダス
逃口上	ニゲコウジョウ
逃惑う	ニゲマドウ
逃走	トウソウ
逃走中	トウソウチュウ
逃避	トウヒ
逃避行	トウヒコウ
逆さ	サカサ
逆さことば	サカサコトバ
逆さま	サカサマ
逆さまつげ	サカサマツゲ
逆さまつ毛	サカサマツゲ
逆さ睫	サカサマツゲ
逆さ睫毛	サカサマツゲ
逆さ言葉	サカサコトバ
逆ざや	ギャクザヤ
逆しま	サカシマ
逆ぞり	サカゾリ
逆なで	サカナデ
逆ねじ	サカネジ
逆むけ	サカムケ
逆らう	サカラウ
逆ギレ	ギャクギレ
逆ザヤ	ギャクザヤ
逆上	ギャクジョウ
逆上がり	サカアガリ
逆上せ	ノボセ
逆上せあがる	ノボセアガル
逆上せる	ノボセル
逆上せ上がる	ノボセアガル
逆位	ギャクイ
逆修	ギャクシュ
逆側	ギャクガワ
逆児	サカゴ
逆切れ	ギャクギレ
逆剃り	サカゾリ
逆剥け	サカムケ
逆叉	サカマタ
逆向き	ギャクムキ
逆回転	ギャクカイテン
逆境	ギャッキョウ
逆夢	サカユメ
逆子	サカゴ
逆宣伝	ギャクセンデン
逆巻く	サカマク
逆引き	ギャクビキ
逆徒	ギャクト
逆心	ギャクシン
逆性	ギャクセイ
逆恨み	サカウラミ
逆戻り	ギャクモドリ
逆捩じ	サカネジ
逆探	ギャクタン
逆探知	ギャクタンチ
逆接	ギャクセツ
逆援	ギャクエン
逆撫で	サカナデ
逆数	ギャクスウ
逆断層	ギャクダンソウ
逆方向	ギャクホウコウ
逆旅	ゲキリョ
逆日歩	ギャクヒブ
逆様	サカサマ
逆比	ギャクヒ
逆比例	ギャクヒレイ
逆毛	サカゲ
逆波	サカナミ
逆流	ギャクリュウ
逆浸透	ギャクシントウ
逆玉	ギャクタマ
逆産	ギャクザン
逆用	ギャクヨウ
逆立ち	サカダチ
逆立つ	サカダツ
逆算	ギャクサン
逆縁	ギャクエン
逆胴	ギャクドウ
逆臣	ギャクシン
逆茂木	サカモギ
逆落し	サカオトシ
逆落とし	サカオトシ
逆襲	ギャクシュウ
逆説	ギャクセツ
逆説的	ギャクセツテキ
逆賊	ギャクゾク
逆走	ギャクソウ
逆転	ギャクテン
逆転写	ギャクテンシャ
逆転層	ギャクテンソウ
逆輸入	ギャクユニュウ
逆送	ギャクソウ
逆進税	ギャクシンゼイ
逆運	ギャクウン
逆関数	ギャクカンスウ
逆鞘	ギャクザヤ
逆順	ギャクジュン
逆鱗	ゲキリン
逍遥	ショウヨウ
透かし	スカシ
透かしっぺ	スカシッペ
透かしっ屁	スカシッペ
透かし彫	スカシボリ
透かし彫り	スカシボリ
透かす	スカス
透き	スキ
透きとおる	スキトオル
透き写し	スキウツシ
透き徹る	スキトオル
透き見	スキミ
透き通る	スキトオル
透き間	スキマ
透く	スク
透ける	スケル
透け感	スケカン
透け透け	スケスケ
透り	トオリ
透る	トオル
透写	トウシャ
透察	トウサツ
透彫	スカシボリ
透徹	トウテツ
透明	トウメイ
透明帯	トウメイタイ
透明度	トウメイド
透明性	トウメイセイ
透明感	トウメイカン
透析	トウセキ
透水	トウスイ
透水層	トウスイソウ
透水性	トウスイセイ
透百合	スカシユリ
透磁率	トウジリツ
透視	トウシ
透視図	トウシズ
透視画法	トウシガホウ
透輝石	トウキセキ
透過	トウカ
透過性	トウカセイ
透過率	トウカリツ
逐う	オウ
逐年	チクネン
逐日	チクジツ
逐条	チクジョウ
逐次	チクジ
逐語	チクゴ
逐鹿	チクロク
逓伝	テイデン
逓信	テイシン
逓倍	テイバイ
逓増	テイゾウ
逓次	テイジ
逓減	テイゲン
逓送	テイソウ
途上	トジョウ
途上国	トジョウコク
途中	トチュウ
途中下車	トチュウゲシャ
途切らせる	トギラセル
途切れ	トギレ
途切れる	トギレル
途切れ途切れ	トギレトギレ
途惑う	トマドウ
途方	トホウ
途次	トジ
途端	トタン
途絶	トゼツ
途絶え	トダエ
途絶える	トダエル
途足	ミチアシ
逕庭	ケイテイ
逗留	トウリュウ
這々	ホウホウ
這いずり回る	ハイズリマワル
這いずる	ハイズル
這いつくばう	ハイツクバウ
這いつくばる	ハイツクバル
這いまわる	ハイマワル
這いよる	ハイヨル
這い上がる	ハイアガル
這い下りる	ハイオリル
這い出す	ハイダス
這い出る	ハイデル
這い回る	ハイマワル
這い寄る	ハイヨル
這い戻る	ハイモドル
這い登る	ハイノボル
這い蹲る	ハイツクバル
這い込む	ハイコム
這い這い	ハイハイ
這い降りる	ハイオリル
這入る	ハイル
這松	ハイマツ
這般	シャハン
這裏	シャリ
通いつめる	カヨイツメル
通い妻	カヨイヅマ
通い婚	カヨイコン
通い帳	カヨイチョウ
通い箱	カヨイバコ
通い詰める	カヨイツメル
通い路	カヨイジ
通し切符	トオシキップ
通し券	トオシケン
通し番号	トオシバンゴウ
通し矢	トオシヤ
通じ	ツウジ
通じあう	ツウジアウ
通じる	ツウジル
通ずる	ツウズル
通せんぼう	トオセンボウ
通りかかる	トオリカカル
通りがかり	トオリガカリ
通りこす	トオリコス
通りすがり	トオリスガリ
通りすがる	トオリスガル
通りすぎる	トオリスギル
通りぬける	トオリヌケル
通りみち	トオリミチ
通り合わせる	トオリアワセル
通り名	トオリナ
通り抜け	トオリヌケ
通り抜ける	トオリヌケル
通り掛かる	トオリカカル
通り掛け	トオリガケ
通り掛り	トオリガカリ
通り言葉	トオリコトバ
通り越す	トオリコス
通り路	トオリミチ
通り過ぎる	トオリスギル
通り道	トオリミチ
通り雨	トオリアメ
通り魔	トオリマ
通る	トオル
通事	ツウジ
通交	ツウコウ
通人	ツウジン
通例	ツウレイ
通俗	ツウゾク
通俗化	ツウゾクカ
通俗的	ツウゾクテキ
通信	ツウシン
通信制	ツウシンセイ
通信員	ツウシンイン
通信士	ツウシンシ
通信教育	ツウシンキョウイク
通信料	ツウシンリョウ
通信機器	ツウシンキキ
通信社	ツウシンシャ
通信簿	ツウシンボ
通信網	ツウシンモウ
通信講座	ツウシンコウザ
通信販売	ツウシンハンバイ
通信費	ツウシンヒ
通信路	ツウシンロ
通信速度	ツウシンソクド
通函	カヨイバコ
通分	ツウブン
通券	ツウケン
通則	ツウソク
通力	ツウリキ
通勤	ツウキン
通勤定期	ツウキンテイキ
通勤手当	ツウキンテアテ
通勤時間	ツウキンジカン
通勤災害	ツウキンサイガイ
通史	ツウシ
通告	ツウコク
通商	ツウショウ
通園	ツウエン
通園バス	ツウエンバス
通報	ツウホウ
通報者	ツウホウシャ
通塾	ツウジュク
通奏	ツウソウ
通好	ツウコウ
通婚	ツウコン
通学	ツウガク
通学バス	ツウガクバス
通学帽	ツウガクボウ
通学路	ツウガクロ
通宝	ツウホウ
通巻	ツウカン
通常	ツウジョウ
通常国会	ツウジョウコッカイ
通常業務	ツウジョウギョウム
通年	ツウネン
通底	ツウテイ
通弁	ツウベン
通弊	ツウヘイ
通念	ツウネン
通性	ツウセイ
通所	ツウショ
通教	ツウキョウ
通時	ツウジ
通時的	ツウジテキ
通暁	ツウギョウ
通有	ツウユウ
通有性	ツウユウセイ
通期	ツウキ
通気	ツウキ
通気口	ツウキコウ
通気性	ツウキセイ
通水	ツウスイ
通牒	ツウチョウ
通産相	ツウサンショウ
通用	ツウヨウ
通用口	ツウヨウグチ
通用門	ツウヨウモン
通直	ツウチョク
通知	ツウチ
通知書	ツウチショ
通知表	ツウチヒョウ
通研	ツウケン
通称	ツウショウ
通算	ツウサン
通箱	カヨイバコ
通約	ツウヤク
通級	ツウキュウ
通経	ツウケイ
通航	ツウコウ
通船	ツウセン
通草	アケビ
通行	ツウコウ
通行人	ツウコウニン
通行料	ツウコウリョウ
通行料金	ツウコウリョウキン
通行権	ツウコウケン
通行止め	ツウコウドメ
通行税	ツウコウゼイ
通覧	ツウラン
通観	ツウカン
通解	ツウカイ
通言	ツウゲン
通訳	ツウヤク
通訳者	ツウヤクシャ
通詞	ツウジ
通話	ツウワ
通話料	ツウワリョウ
通語	ツウゴ
通説	ツウセツ
通読	ツウドク
通論	ツウロン
通謀	ツウボウ
通貨	ツウカ
通貨供給量	ツウカキョウキュウリョウ
通販	ツウハン
通貫	ツウカン
通辞	ツウジ
通運	ツウウン
通過	ツウカ
通釈	ツウシャク
通関	ツウカン
通院	ツウイン
通電	ツウデン
通風	ツウフウ
通風機	ツウフウキ
逝去	セイキョ
逞しい	タクマシイ
速さ	ハヤサ
速まる	ハヤマル
速め	ハヤメ
速める	ハヤメル
速やか	スミヤカ
速乾	ソッカン
速乾性	ソッカンセイ
速修	ソクシュウ
速写	ソクシャ
速力	ソクリョク
速効	ソッコウ
速効性肥料	ソッコウセイヒリョウ
速報	ソクホウ
速報値	ソクホウチ
速射	ソクシャ
速射砲	ソクシャホウ
速度	ソクド
速度計	ソクドケイ
速急	ソッキュウ
速成	ソクセイ
速断	ソクダン
速歩き	ハヤアルキ
速決	ソッケツ
速球	ソッキュウ
速筆	ソクヒツ
速筋	ソッキン
速算	ソクサン
速記	ソッキ
速記者	ソッキシャ
速記術	ソッキジュツ
速記録	ソッキロク
速読	ソクドク
速贄	ハヤニエ
速足	ハヤアシ
速達	ソクタツ
速達郵便	ソクタツユウビン
速醸	ソクジョウ
造りあげる	ツクリアゲル
造りかえる	ツクリカエル
造りだす	ツクリダス
造り上げる	ツクリアゲル
造り主	ツクリヌシ
造り付け	ツクリツケ
造り出す	ツクリダス
造り変える	ツクリカエル
造り手	ツクリテ
造り替える	ツクリカエル
造り直す	ツクリナオス
造り花	ツクリバナ
造り込み	ツクリコミ
造仏	ゾウブツ
造像	ゾウゾウ
造兵	ゾウヘイ
造化	ゾウカ
造反	ゾウハン
造反者	ゾウハンシャ
造営	ゾウエイ
造園	ゾウエン
造型	ゾウケイ
造字	ゾウジ
造幣	ゾウヘイ
造幣局	ゾウヘイキョク
造形	ゾウケイ
造形美	ゾウケイビ
造影	ゾウエイ
造影剤	ゾウエイザイ
造成	ゾウセイ
造替	ゾウタイ
造本	ゾウホン
造林	ゾウリン
造機	ゾウキ
造次	ゾウジ
造物	ゾウブツ
造物主	ゾウブツシュ
造船	ゾウセン
造船業	ゾウセンギョウ
造花	ゾウカ
造血	ゾウケツ
造血剤	ゾウケツザイ
造言	ゾウゲン
造設	ゾウセツ
造詣	ゾウケイ
造語	ゾウゴ
造酒	ゾウシュ
逡巡	シュンジュン
逢いびき	アイビキ
逢い引き	アイビキ
逢引	アイビキ
逢引き	アイビキ
逢瀬	オウセ
逢着	ホウチャク
連なり	ツラナリ
連なる	ツラナル
連ねる	ツラネル
連べ打ち	ツルベウチ
連む	ツルム
連らく	レンラク
連れこむ	ツレコム
連れしょん	ツレション
連れそう	ツレソウ
連れだす	ツレダス
連れだつ	ツレダツ
連れまわす	ツレマワス
連れる	ツレル
連れ出す	ツレダス
連れ去り	ツレサリ
連れ去る	ツレサル
連れ合い	ツレアイ
連れ回す	ツレマワス
連れ帰る	ツレカエル
連れ戻す	ツレモドス
連れ歩く	ツレアルク
連れ添う	ツレソウ
連れ舞	ツレマイ
連れ込み	ツレコミ
連れ込む	ツレコム
連ドラ	レンドラ
連休	レンキュウ
連体	レンタイ
連体形	レンタイケイ
連体詞	レンタイシ
連作	レンサク
連係	レンケイ
連写	レンシャ
連判状	レンバンジョウ
連動	レンドウ
連勝	レンショウ
連勤	レンキン
連取	レンシュ
連句	レンク
連合	レンゴウ
連合会	レンゴウカイ
連合体	レンゴウタイ
連合国	レンゴウコク
連合軍	レンゴウグン
連合野	レンゴウヤ
連名	レンメイ
連吟	レンギン
連呼	レンコ
連坐	レンザ
連声	レンジョウ
連夜	レンヤ
連奏	レンソウ
連子鯛	レンコダイ
連対	レンタイ
連射	レンシャ
連山	レンザン
連峯	レンポウ
連峰	レンポウ
連帯	レンタイ
連帯保証人	レンタイホショウニン
連帯債務	レンタイサイム
連帯感	レンタイカン
連年	レンネン
連座	レンザ
連座制	レンザセイ
連想	レンソウ
連戦	レンセン
連打	レンダ
連投	レントウ
連接	レンセツ
連携	レンケイ
連敗	レンパイ
連日	レンジツ
連星	レンセイ
連木	レンギ
連枝	レンシ
連歌	レンガ
連歌師	レンガシ
連泊	レンパク
連濁	レンダク
連火	レンガ
連玉	レダマ
連珠	レンジュ
連珠毛	レンジュモウ
連理	レンリ
連理草	レンリソウ
連環	レンカン
連用	レンヨウ
連用形	レンヨウケイ
連番	レンバン
連発	レンパツ
連盟	レンメイ
連破	レンパ
連立	レンリツ
連立政権	レンリツセイケン
連累	レンルイ
連結	レンケツ
連結器	レンケツキ
連結純利益	レンケツジュンリエキ
連絡	レンラク
連絡会	レンラクカイ
連絡先	レンラクサキ
連絡帳	レンラクチョウ
連絡網	レンラクモウ
連絡船	レンラクセン
連続	レンゾク
連続ドラマ	レンゾクドラマ
連続犯	レンゾクハン
連続的	レンゾクテキ
連続起業家	レンゾクキギョウカ
連綿	レンメン
連繋	レンケイ
連署	レンショ
連翹	レンギョウ
連舞	ツレマイ
連荘	レンチャン
連行	レンコウ
連衡	レンコウ
連袂	レンベイ
連装	レンソウ
連覇	レンパ
連言	レンゲン
連記	レンキ
連語	レンゴ
連載	レンサイ
連辞	レンジ
連邦	レンポウ
連邦共和国	レンポウキョウワコク
連邦制	レンポウセイ
連銀	レンギン
連鎖	レンサ
連鎖店	レンサテン
連鎖式	レンサシキ
連鎖的	レンサテキ
連関	レンカン
連隊	レンタイ
連隊旗	レンタイキ
連隊長	レンタイチョウ
連雀	レンジャク
連音	レンオン
逮夜	タイヤ
逮捕	タイホ
逮捕歴	タイホレキ
逮捕状	タイホジョウ
逮捕者	タイホシャ
週休	シュウキュウ
週休三日制	シュウキュウミッカセイ
週内	シュウナイ
週刊	シュウカン
週刊誌	シュウカンシ
週別	シュウベツ
週報	シュウホウ
週平均	シュウヘイキン
週日	シュウジツ
週明け	シュウアケ
週末	シュウマツ
週次	シュウジ
週番	シュウバン
週給	シュウキュウ
週足	シュウアシ
週間	シュウカン
進ずる	シンズル
進ぜる	シンゼル
進み	ススミ
進み具合	ススミグアイ
進み出る	ススミデル
進める	ススメル
進め方	ススメカタ
進上	シンジョウ
進入	シンニュウ
進入灯	シンニュウトウ
進出	シンシュツ
進化	シンカ
進化形	シンカケイ
進化系	シンカケイ
進化論	シンカロン
進取	シンシュ
進呈	シンテイ
進塁	シンルイ
進塁打	シンルイダ
進境	シンキョウ
進学	シンガク
進学塾	シンガクジュク
進学率	シンガクリツ
進展	シンテン
進度	シンド
進捗	シンチョク
進捗状況	シンチョクジョウキョウ
進撃	シンゲキ
進攻	シンコウ
進数	シンスウ
進歩	シンポ
進歩主義	シンポシュギ
進歩主義者	シンポシュギシャ
進歩性	シンポセイ
進歩的	シンポテキ
進水	シンスイ
進水式	シンスイシキ
進物	シンモツ
進発	シンパツ
進級	シンキュウ
進航	シンコウ
進行	シンコウ
進行中	シンコウチュウ
進行係	シンコウガカリ
進行形	シンコウケイ
進行役	シンコウヤク
進行性	シンコウセイ
進行波	シンコウハ
進行状況	シンコウジョウキョウ
進行癌	シンコウガン
進言	シンゲン
進講	シンコウ
進貢	シンコウ
進貢船	シンコウセン
進路	シンロ
進軍	シングン
進退伺	シンタイウカガイ
進退伺い	シンタイウカガイ
進運	シンウン
進達	シンタツ
進駐	シンチュウ
進駐軍	シンチュウグン
逸する	イッスル
逸らす	ソラス
逸り気	ハヤリギ
逸り立つ	ハヤリタツ
逸れ弾	ソレダマ
逸れ矢	ソレヤ
逸れ者	ハグレモノ
逸事	イツジ
逸出	イッシュツ
逸史	イッシ
逸品	イッピン
逸失	イッシツ
逸文	イツブン
逸早く	イチハヤク
逸書	イッショ
逸材	イツザイ
逸楽	イツラク
逸機	イッキ
逸民	イツミン
逸聞	イツブン
逸脱	イツダツ
逸話	イツワ
逸走	イッソウ
逸足	イッソク
逸遊	イツユウ
逼る	セマル
逼塞	ヒッソク
逼迫	ヒッパク
遁げる	ニゲル
遁す	ノガス
遁れ	ノガレ
遁れる	ノガレル
遁甲	トンコウ
遁走	トンソウ
遁辞	トンジ
遂げる	トゲル
遂せる	オオセル
遂に	ツイニ
遂行	スイコウ
遅々	チチ
遅く	オソク
遅し	オソシ
遅まき	オソマキ
遅め	オソメ
遅らす	オクラス
遅らせる	オクラセル
遅れ	オクレ
遅ればせ	オクレバセ
遅れる	オクレル
遅れ馳せ	オクレバセ
遅出	オソデ
遅刻	チコク
遅効	チコウ
遅効性肥料	チコウセイヒリョウ
遅参	チサン
遅咲き	オソザキ
遅延	チエン
遅払い	チハライ
遅日	チジツ
遅滞	チタイ
遅生まれ	オソウマレ
遅番	オソバン
遅疑	チギ
遅発	チハツ
遅発性	チハツセイ
遅筆	チヒツ
遅筋	チキン
遅蒔き	オソマキ
遅速	チソク
遅進児	チシンジ
遅遅	チチ
遅達	チタツ
遅配	チハイ
遅鈍	チドン
遅霜	オソジモ
遇す	グウス
遇する	グウスル
遊ばす	アソバス
遊ばせ言葉	アソバセコトバ
遊びごころ	アソビゴコロ
遊びたわむれる	アソビタワムレル
遊びほうける	アソビホウケル
遊びまわる	アソビマワル
遊びゴコロ	アソビゴコロ
遊び事	アソビゴト
遊び人	アソビニン
遊び仲間	アソビナカマ
遊び呆ける	アソビホウケル
遊び回る	アソビマワル
遊び場	アソビバ
遊び好き	アソビズキ
遊び心	アソビゴコロ
遊び惚ける	アソビホウケル
遊び戯れる	アソビタワムレル
遊び暮す	アソビクラス
遊び暮らす	アソビクラス
遊び歌	アソビウタ
遊び歩く	アソビアルク
遊び疲れる	アソビツカレル
遊び盛り	アソビザカリ
遊び着	アソビギ
遊び道具	アソビドウグ
遊人	ユウジン
遊休	ユウキュウ
遊侠	ユウキョウ
遊具	ユウグ
遊印	ユウイン
遊君	ユウクン
遊吟	ユウギン
遊園	ユウエン
遊園地	ユウエンチ
遊士	ユウシ
遊女	ユウジョ
遊女屋	ユウジョヤ
遊子	ユウシ
遊学	ユウガク
遊客	ユウカク
遊尺	ユウシャク
遊山	ユサン
遊底	ユウテイ
遊廓	ユウカク
遊弋	ユウヨク
遊惰	ユウダ
遊戯	ユウギ
遊技	ユウギ
遊技場	ユウギジョウ
遊撃	ユウゲキ
遊撃戦	ユウゲキセン
遊撃手	ユウゲキシュ
遊撃隊	ユウゲキタイ
遊星	ユウセイ
遊楽	ユウラク
遊標	ユウヒョウ
遊歩	ユウホ
遊歩道	ユウホドウ
遊歴	ユウレキ
遊民	ユウミン
遊水地	ユウスイチ
遊泳	ユウエイ
遊漁船	ユウギョセン
遊牧	ユウボク
遊牧民	ユウボクミン
遊猟	ユウリョウ
遊環	ユウカン
遊興	ユウキョウ
遊興施設	ユウキョウシセツ
遊芸	ユウゲイ
遊蕩	ユウトウ
遊覧	ユウラン
遊覧船	ユウランセン
遊説	ユウゼイ
遊資	ユウシ
遊走	ユウソウ
遊走腎	ユウソウジン
遊軍	ユウグン
遊郭	ユウカク
遊里	ユウリ
遊金	ユウキン
遊離	ユウリ
遊離基	ユウリキ
遊魚	ユウギョ
運だめし	ウンダメシ
運の尽き	ウンノツキ
運び	ハコビ
運びこむ	ハコビコム
運び上げる	ハコビアゲル
運び入れる	ハコビイレル
運び出す	ハコビダス
運び去る	ハコビサル
運び屋	ハコビヤ
運び手	ハコビテ
運び足	ハコビアシ
運び込む	ハコビコム
運ぶ	ハコブ
運まかせ	ウンマカセ
運上	ウンジョウ
運任せ	ウンマカセ
運休	ウンキュウ
運動	ウンドウ
運動不足	ウンドウブソク
運動会	ウンドウカイ
運動員	ウンドウイン
運動器	ウンドウキ
運動学	ウンドウガク
運動家	ウンドウカ
運動性	ウンドウセイ
運動着	ウンドウギ
運動部	ウンドウブ
運動野	ウンドウヤ
運動量	ウンドウリョウ
運動靴	ウンドウグツ
運勢	ウンセイ
運否	ウンプ
運命的	ウンメイテキ
運命論	ウンメイロン
運営	ウンエイ
運営費	ウンエイヒ
運座	ウンザ
運指	ウンシ
運搬	ウンパン
運搬船	ウンパンセン
運搬費	ウンパンヒ
運気	ウンキ
運河	ウンガ
運漕	ウンソウ
運用	ウンヨウ
運用リスク	ウンヨウリスク
運用形態	ウンヨウケイタイ
運用方法	ウンヨウホウホウ
運筆	ウンピツ
運算	ウンザン
運脚	ウンキャク
運航	ウンコウ
運行	ウンコウ
運試し	ウンダメシ
運賃	ウンチン
運転	ウンテン
運転中	ウンテンチュウ
運転免許	ウンテンメンキョ
運転免許証	ウンテンメンキョショウ
運転士	ウンテンシ
運転席	ウンテンセキ
運転手	ウンテンシュ
運転者	ウンテンシャ
運転資金	ウンテンシキン
運輸	ウンユ
運輸安全委員会	ウンユアンゼンイインカイ
運送	ウンソウ
運送人	ウンソウニン
運送屋	ウンソウヤ
運送料	ウンソウリョウ
運送業	ウンソウギョウ
運送状	ウンソウジョウ
運送費	ウンソウヒ
運針	ウンシン
遍く	アマネク
遍在	ヘンザイ
遍歴	ヘンレキ
遍羅	ベラ
遍路	ヘンロ
過ぎ	スギ
過ぎゆく	スギユク
過ぎ去る	スギサル
過ぎ物	スギモノ
過ぎ者	スギモノ
過ぎ越し	スギコシ
過ごす	スゴス
過す	スゴス
過ち	アヤマチ
過不及	カフキュウ
過保護	カホゴ
過信	カシン
過充電	カジュウデン
過冷却	カレイキャク
過分	カブン
過剰	カジョウ
過剰摂取	カジョウセッシュ
過労	カロウ
過労死	カロウシ
過労死ライン	カロウシライン
過半	カハン
過半数	カハンスウ
過去	カコ
過去る	スギサル
過去作	カコサク
過去問	カコモン
過去帳	カコチョウ
過去形	カコケイ
過多	カタ
過大	カダイ
過失	カシツ
過失犯	カシツハン
過失致死	カシツチシ
過客	カカク
過密	カミツ
過小	カショウ
過少	カショウ
過少申告	カショウシンコク
過年度	カネンド
過度	カド
過当	カトウ
過形成	カケイセイ
過怠	カタイ
過敏	カビン
過敏症	カビンショウ
過日	カジツ
過渡	カト
過渡期	カトキ
過渡的	カトテキ
過激	カゲキ
過激派	カゲキハ
過熱	カネツ
過熱器	カネツキ
過現未	カゲンミ
過疎	カソ
過疎化	カソカ
過硫酸	カリュウサン
過称	カショウ
過程	カテイ
過積載	カセキサイ
過納	カノウ
過般	カハン
過褒	カホウ
過誤	カゴ
過誤腫	カゴシュ
過賞	カショウ
過越	スギコシ
過酷	カコク
過酸	カサン
過酸化水素	カサンカスイソ
過酸化水素水	カサンカスイソスイ
過量	カリョウ
過電圧	カデンアツ
過食	カショク
過食症	カショクショウ
過飽和	カホウワ
道々	ミチミチ
道しるべ	ミチシルベ
道すがら	ミチスガラ
道のり	ミチノリ
道ばた	ミチバタ
道交法	ドウコウホウ
道仏	ドウブツ
道会	ドウカイ
道会議員	ドウカイギイン
道俗	ドウゾク
道具	ドウグ
道具一式	ドウグイッシキ
道具主義	ドウグシュギ
道具屋	ドウグヤ
道具方	ドウグカタ
道具立て	ドウグダテ
道具箱	ドウグバコ
道内	ドウナイ
道化	ドウケ
道化る	ドウケル
道化師	ドウケシ
道化者	ドウケモノ
道半ば	ミチナカバ
道営	ドウエイ
道場	ドウジョウ
道場破り	ドウジョウヤブリ
道塗	ドウト
道士	ドウシ
道家	ドウカ
道州制	ドウシュウセイ
道幅	ミチハバ
道庁	ドウチョウ
道床	ドウショウ
道府県	ドウフケン
道徳	ドウトク
道徳律	ドウトクリツ
道徳心	ドウトクシン
道徳性	ドウトクセイ
道徳的	ドウトクテキ
道徳的危険	ドウトクテキキケン
道心	ドウシン
道念	ドウネン
道悪	ミチワル
道教え	ミチオシエ
道板	ミチイタ
道柳	ミチヤナギ
道案内	ミチアンナイ
道楽者	ドウラクモノ
道歌	ドウカ
道民	ドウミン
道沿い	ミチゾイ
道理	ドウリ
道産子	ドサンコ
道県	ドウケン
道着	ドウギ
道破	ドウハ
道立	ドウリツ
道端	ミチバタ
道筋	ミチスジ
道管	ドウカン
道糸	ミチイト
道義	ドウギ
道義的	ドウギテキ
道脇	ミチワキ
道芝	ミチシバ
道草	ミチクサ
道蔵	ドウゾウ
道行	ミチユキ
道行き	ミチユキ
道観	ドウカン
道話	ドウワ
道諦	ドウタイ
道警	ドウケイ
道議	ドウギ
道議会	ドウギカイ
道議会議員	ドウギカイギイン
道議選	ドウギセン
道路	ドウロ
道路交通法	ドウロコウツウホウ
道路地図	ドウロチズ
道路族	ドウロゾク
道路標識	ドウロヒョウシキ
道路橋	ドウロキョウ
道路法	ドウロホウ
道途	ドウト
道都	ドウト
道順	ミチジュン
達し	タッシ
達す	タッス
達する	タッスル
達て	タッテ
達人	タツジン
達弁	タツベン
達意	タツイ
達成	タッセイ
達成度	タッセイド
達成感	タッセイカン
達文	タツブン
達眼	タツガン
達磨船	ダルマセン
達示	タッシ
達筆	タッピツ
達見	タッケン
達観	タッカン
達識	タッシキ
違い棚	チガイダナ
違乱	イラン
違令	イレイ
違例	イレイ
違勅	イチョク
違反者	イハンシャ
違和	イワ
違和感	イワカン
違式	イシキ
違憲	イケン
違棚	チガイダナ
違法	イホウ
違法性	イホウセイ
違算	イサン
違約	イヤク
違約金	イヤクキン
違背	イハイ
違警罪	イケイザイ
遙か	ハルカ
遜る	ヘリクダル
遜色	ソンショク
遠ざかる	トオザカル
遠ざける	トオザケル
遠っ走り	トオッパシリ
遠のく	トオノク
遠のける	トオノケル
遠ぼえ	トオボエ
遠まわし	トオマワシ
遠まわり	トオマワリ
遠め	トオメ
遠乗り	トオノリ
遠位	エンイ
遠出	トオデ
遠吠	トオボエ
遠吠え	トオボエ
遠回し	トオマワシ
遠回り	トオマワリ
遠因	エンイン
遠地点	エンチテン
遠大	エンダイ
遠山里	トオヤマザト
遠島	エントウ
遠巻き	トオマキ
遠廻し	トオマワシ
遠廻り	トオマワリ
遠当て	トオアテ
遠征	エンセイ
遠征試合	エンセイジアイ
遠征軍	エンセイグン
遠征隊	エンセイタイ
遠心	エンシン
遠心分離機	エンシンブンリキ
遠心力	エンシンリョク
遠慮	エンリョ
遠戚	エンセキ
遠投	エントウ
遠景	エンケイ
遠望	エンボウ
遠来	エンライ
遠沈	エンチン
遠泳	エンエイ
遠洋	エンヨウ
遠浅	トオアサ
遠海	エンカイ
遠火	トオビ
遠猷	エンユウ
遠目	トオメ
遠矢	トオヤ
遠祖	エンソ
遠称	エンショウ
遠縁	トオエン
遠視	エンシ
遠謀	エンボウ
遠赤外線	エンセキガイセン
遠足	エンソク
遠距離	エンキョリ
遠距離恋愛	エンキョリレンアイ
遠路	エンロ
遠近法	エンキンホウ
遠退く	トオノク
遠退ける	トオノケル
遠隔	エンカク
遠隔医療	エンカクイリョウ
遠隔地	エンカクチ
遠隔操作	エンカクソウサ
遠隔測定	エンカクソクテイ
遠隔視	エンカクシ
遠雷	エンライ
遠音	トオネ
遠駆け	トオガケ
遠鳴り	トオナリ
遡る	サカノボル
遡上	ソジョウ
遡求	ソキュウ
遡航	ソコウ
遡行	ソコウ
遣い手	ツカイテ
遣い込み	ツカイコミ
遣い込む	ツカイコム
遣える	ツカエル
遣っ付ける	ヤッツケル
遣らかす	ヤラカス
遣らす	ヤラス
遣らせ	ヤラセ
遣り取り	ヤリトリ
遣り口	ヤリクチ
遣り場	ヤリバ
遣り手	ヤリテ
遣り掛け	ヤリカケ
遣り方	ヤリカタ
遣り残し	ヤリノコシ
遣り残す	ヤリノコス
遣り水	ヤリミズ
遣り甲斐	ヤリガイ
遣り直し	ヤリナオシ
遣り直す	ヤリナオス
遣り繰り	ヤリクリ
遣り込める	ヤリコメル
遣り返す	ヤリカエス
遣り逃げ	ヤリニゲ
遣り遂げる	ヤリトゲル
遣り過ぎ	ヤリスギ
遣り過ごす	ヤリスゴス
遣り過す	ヤリスゴス
遣る	ヤル
遣る気	ヤルキ
遣わす	ツカワス
遣唐使	ケントウシ
遣外	ケンガイ
遣手	ヤリテ
遣欧	ケンオウ
遣水	ヤリミズ
遣米	ケンベイ
遣隋使	ケンズイシ
遥々	ハルバル
遥か	ハルカ
遥任	ヨウニン
遥拝	ヨウハイ
遥遠	ヨウエン
遥遥	ハルバル
適える	カナエル
適す	テキス
適する	テキスル
適中	テキチュウ
適任	テキニン
適任者	テキニンシャ
適作	テキサク
適例	テキレイ
適切	テキセツ
適合	テキゴウ
適否	テキヒ
適地	テキチ
適宜	テキギ
適度	テキド
適当	テキトウ
適役	テキヤク
適応	テキオウ
適応力	テキオウリョク
適応性	テキオウセイ
適応症	テキオウショウ
適応能力	テキオウノウリョク
適性	テキセイ
適性検査	テキセイケンサ
適所	テキショ
適時	テキジ
適時打	テキジダ
適材	テキザイ
適材適所	テキザイテキショ
適業	テキギョウ
適正	テキセイ
適法	テキホウ
適法性	テキホウセイ
適温	テキオン
適潤	テキジュン
適用	テキヨウ
適用外	テキヨウガイ
適用範囲	テキヨウハンイ
適用除外	テキヨウジョガイ
適者	テキシャ
適職	テキショク
適薬	テキヤク
適訳	テキヤク
適評	テキヒョウ
適語	テキゴ
適量	テキリョウ
適齢	テキレイ
適齢期	テキレイキ
遭わす	アワス
遭逢	ソウホウ
遭遇	ソウグウ
遭遇戦	ソウグウセン
遭難	ソウナン
遭難者	ソウナンシャ
遮へい	シャヘイ
遮る	サエギル
遮二無二	シャニムニ
遮光	シャコウ
遮断	シャダン
遮断器	シャダンキ
遮断機	シャダンキ
遮水	シャスイ
遮熱	シャネツ
遮蔽	シャヘイ
遮音	シャオン
遮音壁	シャオンヘキ
遵奉	ジュンポウ
遵守	ジュンシュ
遵法	ジュンポウ
遵行	ジュンコウ
遷す	ウツス
遷り変わる	ウツリカワル
遷る	ウツル
遷化	センゲ
遷宮	セングウ
遷幸	センコウ
遷座	センザ
遷延	センエン
遷移	センイ
遷都	セント
遷音速	センオンソク
選び	エラビ
選びだす	エラビダス
選びとる	エラビトル
選び出す	エラビダス
選び取り	エラビトリ
選び取る	エラビトル
選び抜く	エラビヌク
選び方	エラビカタ
選ぶ	エラブ
選任	センニン
選出	センシュツ
選別	センベツ
選地	センチ
選外	センガイ
選奨	センショウ
選好	センコウ
選定	センテイ
選対	センタイ
選局	センキョク
選帝侯	センテイコウ
選手	センシュ
選手団	センシュダン
選手村	センシュムラ
選手権	センシュケン
選手生命	センシュセイメイ
選抜	センバツ
選択制	センタクセイ
選択式	センタクシキ
選択的	センタクテキ
選択的夫婦別姓	センタクテキフウフベッセイ
選択肢	センタクシ
選挙	センキョ
選挙人	センキョニン
選挙区	センキョク
選挙戦	センキョセン
選挙権	センキョケン
選挙法	センキョホウ
選曲	センキョク
選書	センショ
選果	センカ
選歌	センカ
選民	センミン
選炭	センタン
選球	センキュウ
選球眼	センキュウガン
選科	センカ
選管	センカン
選考	センコウ
選考会	センコウカイ
選者	センジャ
選良	センリョウ
選言	センゲン
選言的	センゲンテキ
選評	センピョウ
選進	センシン
選鉱	センコウ
選集	センシュウ
遺す	ノコス
遺事	イジ
遺伝	イデン
遺伝子	イデンシ
遺伝学	イデンガク
遺伝性	イデンセイ
遺伝率	イデンリツ
遺伝病	イデンビョウ
遺体	イタイ
遺作	イサク
遺児	イジ
遺制	イセイ
遺告	ユイゴウ
遺命	イメイ
遺品	イヒン
遺嘱	イショク
遺址	イシ
遺墨	イボク
遺失	イシツ
遺失品	イシツヒン
遺失物	イシツブツ
遺子	イシ
遺宝	イホウ
遺家族	イカゾク
遺尿	イニョウ
遺影	イエイ
遺徳	イトク
遺志	イシ
遺恨	イコン
遺愛	イアイ
遺憾	イカン
遺戒	イカイ
遺文	イブン
遺族	イゾク
遺族年金	イゾクネンキン
遺族給付	イゾクキュウフ
遺書	イショ
遺棄	イキ
遺棄罪	イキザイ
遺業	イギョウ
遺構	イコウ
遺残	イザン
遺漏	イロウ
遺烈	イレツ
遺物	イブツ
遺産	イサン
遺産税	イサンゼイ
遺留	イリュウ
遺留分	イリュウブン
遺留品	イリュウヒン
遺稿	イコウ
遺筆	イヒツ
遺精	イセイ
遺習	イシュウ
遺脱	イダツ
遺臣	イシン
遺著	イチョ
遺言状	ユイゴンジョウ
遺訓	イクン
遺詠	イエイ
遺誡	イカイ
遺賢	イケン
遺贈	イゾウ
遺跡	イセキ
遺蹟	イセキ
遺風	イフウ
遺骨	イコツ
遺髪	イハツ
遼遠	リョウエン
遽か	ニワカ
遽しい	アワタダシイ
遽然	キョゼン
避く	サク
避妊	ヒニン
避妊具	ヒニング
避妊薬	ヒニンヤク
避寒	ヒカン
避暑	ヒショ
避暑地	ヒショチ
避止	ヒシ
避球	ヒキュウ
避病院	ヒビョウイン
避諱	ヒキ
避退	ヒタイ
避難	ヒナン
避難先	ヒナンサキ
避難地	ヒナンチ
避難所	ヒナンジョ
避難民	ヒナンミン
避雷針	ヒライシン
邀える	ムカエル
邀え撃つ	ムカエウツ
邀撃	ヨウゲキ
邁進	マイシン
還す	カエス
還る	カエル
還付	カンプ
還付金	カンプキン
還俗	ゲンゾク
還元	カンゲン
還元剤	カンゲンザイ
還元糖	カンゲントウ
還啓	カンケイ
還幸	カンコウ
還御	カンギョ
還暦	カンレキ
還流	カンリュウ
還送	カンソウ
還都	カント
邏卒	ラソツ
那辺	ナヘン
邦人	ホウジン
邦土	ホウド
邦字	ホウジ
邦家	ホウカ
邦文	ホウブン
邦暦	ホウレキ
邦楽	ホウガク
邦画	ホウガ
邦船	ホウセン
邦訳	ホウヤク
邦語	ホウゴ
邦貨	ホウカ
邦銀	ホウギン
邦題	ホウダイ
邪ま	ヨコシマ
邪宗	ジャシュウ
邪心	ジャシン
邪念	ジャネン
邪恋	ジャレン
邪悪	ジャアク
邪慳	ジャケン
邪推	ジャスイ
邪教	ジャキョウ
邪智	ジャチ
邪曲	ジャキョク
邪欲	ジャヨク
邪気	ジャキ
邪法	ジャホウ
邪淫	ジャイン
邪眼	ジャガン
邪知	ジャチ
邪神	ジャシン
邪術	ジャジュツ
邪見	ジャケン
邪視	ジャシ
邪説	ジャセツ
邪論	ジャロン
邪道	ジャドウ
邪険	ジャケン
邪飛	ジャヒ
邪鬼	ジャキ
邪魔	ジャマ
邪魔物	ジャマモノ
邯鄲	カンタン
邯鄲師	カンタンシ
邸内	テイナイ
邸宅	テイタク
郁々	イクイク
郁郁	イクイク
郊外	コウガイ
郊外化	コウガイカ
郎女	イラツメ
郎子	イラツコ
郡代	グンダイ
郡制	グンセイ
郡県	グンケン
郡部	グンブ
郡長	グンチョウ
部下	ブカ
部会	ブカイ
部位	ブイ
部内	ブナイ
部分	ブブン
部分け	ブワケ
部分一致	ブブンイッチ
部分的	ブブンテキ
部分音	ブブンオン
部厚	ブアツ
部品	ブヒン
部員	ブイン
部外	ブガイ
部外者	ブガイシャ
部室	ブシツ
部将	ブショウ
部局	ブキョク
部屋代	ヘヤダイ
部屋住み	ヘヤズミ
部屋割	ヘヤワリ
部屋割り	ヘヤワリ
部屋子	ヘヤゴ
部屋履き	ヘヤバキ
部屋持ち	ヘヤモチ
部屋探し	ヘヤサガシ
部屋番号	ヘヤバンゴウ
部屋着	ヘヤギ
部属	ブゾク
部数	ブスウ
部族	ブゾク
部材	ブザイ
部活	ブカツ
部活動	ブカツドウ
部署	ブショ
部落	ブラク
部落民	ブラクミン
部課長	ブカチョウ
部費	ブヒ
部長	ブチョウ
部長代理	ブチョウダイリ
部門	ブモン
部門長	ブモンチョウ
部隊	ブタイ
部面	ブメン
部類	ブルイ
部首	ブシュ
郭清	カクセイ
郭言葉	クルワコトバ
郭門	カクモン
郵便	ユウビン
郵便はがき	ユウビンハガキ
郵便ポスト	ユウビンポスト
郵便マーク	ユウビンマーク
郵便受け	ユウビンウケ
郵便局	ユウビンキョク
郵便振替	ユウビンフリカエ
郵便物	ユウビンブツ
郵便番号	ユウビンバンゴウ
郵便私書箱	ユウビンシショバコ
郵便箱	ユウビンバコ
郵便葉書	ユウビンハガキ
郵便記号	ユウビンキゴウ
郵便車	ユウビンシャ
郵券	ユウケン
郵政	ユウセイ
郵税	ユウゼイ
郵船	ユウセン
郵袋	ユウタイ
郵貯	ユウチョ
郵趣	ユウシュ
郵送	ユウソウ
郵送料	ユウソウリョウ
郵送費	ユウソウヒ
郷党	キョウトウ
郷友	キョウユウ
郷国	キョウコク
郷土	キョウド
郷土史	キョウドシ
郷土愛	キョウドアイ
郷土色	キョウドショク
郷士	ゴウシ
郷愁	キョウシュウ
郷村	ゴウソン
郷社	ゴウシャ
郷里制	ゴウリセイ
郷鎮	ゴウチン
郷関	キョウカン
都々逸	ドドイツ
都下	トカ
都人士	トジンシ
都会	トカイ
都会人	トカイジン
都会的	トカイテキ
都入り	ミヤコイリ
都内	トナイ
都区	トク
都卒	トソツ
都合	ツゴウ
都営	トエイ
都城	トジョウ
都外	トガイ
都大路	ミヤコオオジ
都市ガス	トシガス
都市再生機構	トシサイセイキコウ
都市化	トシカ
都市史	トシシ
都市名	トシメイ
都市圏	トシケン
都市型	トシガタ
都市封鎖	トシフウサ
都市部	トシブ
都市鉱山	トシコウザン
都市銀行	トシギンコウ
都庁	トチョウ
都府	トフ
都府県	トフケン
都度	ツド
都心	トシン
都心部	トシンブ
都忘れ	ミヤコワスレ
都政	トセイ
都民	トミン
都民税	トミンゼイ
都県	トケン
都督	トトク
都知事	トチジ
都税	トゼイ
都立	トリツ
都草	ミヤコグサ
都落ち	ミヤコオチ
都議	トギ
都議会	トギカイ
都議選	トギセン
都護	トゴ
都連	トレン
都道	トドウ
都道府県	トドウフケン
都道府県警察	トドウフケンケイサツ
都邑	トユウ
都都逸	ドドイツ
都鄙	トヒ
都銀	トギン
都雅	トガ
都電	トデン
都鳥	ミヤコドリ
鄙びる	ヒナビル
鄙俗	ヒゾク
鄙劣	ヒレツ
鄙歌	ヒナウタ
鄙猥	ヒワイ
鄙蝙蝠	ヒナコウモリ
鄙見	ヒケン
鄙言	ヒゲン
鄙語	ヒゴ
鄙諺	ヒゲン
鄙陋	ヒロウ
鄭重	テイチョウ
酉の市	トリノイチ
酉の待	トリノマチ
酉の町	トリノマチ
酉偏	トリヘン
酉年	トリドシ
酋長	シュウチョウ
酌み取り	クミトリ
酌み取る	クミトル
酌む	クム
酌婦	シャクフ
酌量	シャクリョウ
配す	ハイス
配する	ハイスル
配りもの	クバリモノ
配り物	クバリモノ
配る	クバル
配下	ハイカ
配乗	ハイジョウ
配付	ハイフ
配位子	ハイイシ
配信	ハイシン
配偶	ハイグウ
配偶体	ハイグウタイ
配偶子	ハイグウシ
配偶者	ハイグウシャ
配偶者控除	ハイグウシャコウジョ
配備	ハイビ
配光	ハイコウ
配分	ハイブン
配列	ハイレツ
配剤	ハイザイ
配合	ハイゴウ
配向	ハイコウ
配向性	ハイコウセイ
配属	ハイゾク
配布	ハイフ
配席	ハイセキ
配座	ハイザ
配当	ハイトウ
配当率	ハイトウリツ
配当金	ハイトウキン
配当額	ハイトウガク
配役	ハイヤク
配意	ハイイ
配慮	ハイリョ
配所	ハイショ
配本	ハイホン
配架	ハイカ
配植	ハイショク
配水	ハイスイ
配水管	ハイスイカン
配流	ハイル
配点	ハイテン
配牌	ハイパイ
配球	ハイキュウ
配管	ハイカン
配糖体	ハイトウタイ
配給	ハイキュウ
配給制	ハイキュウセイ
配線	ハイセン
配線図	ハイセンズ
配線盤	ハイセンバン
配置	ハイチ
配置薬	ハイチヤク
配置転換	ハイチテンカン
配膳	ハイゼン
配船	ハイセン
配色	ハイショク
配荷	ハイカ
配賦	ハイフ
配車	ハイシャ
配転	ハイテン
配送	ハイソウ
配送先	ハイソウサキ
配送料	ハイソウリョウ
配送費	ハイソウヒ
配達人	ハイタツニン
配達員	ハイタツイン
配電	ハイデン
配電所	ハイデンショ
配電盤	ハイデンバン
配電線	ハイデンセン
配食	ハイショク
酎ハイ	チュウハイ
酒かす	サケカス
酒だる	サカダル
酒もり	サカモリ
酒乱	シュラン
酒仙	シュセン
酒保	シュホ
酒倉	サカグラ
酒名	シュメイ
酒呑	サケノミ
酒呑み	サケノミ
酒器	シュキ
酒場	サカバ
酒塩	サカシオ
酒好き	サケズキ
酒客	シュカク
酒害	シュガイ
酒宴	シュエン
酒家	シュカ
酒席	シュセキ
酒徒	シュト
酒手	サカテ
酒旗	サカバタ
酒杯	シュハイ
酒楼	シュロウ
酒樽	サカダル
酒母	シュボ
酒毒	シュドク
酒池肉林	シュチニクリン
酒盗	シュトウ
酒盛	サカモリ
酒盛り	サカモリ
酒石	シュセキ
酒石酸	シュセキサン
酒税	シュゼイ
酒粕	サケカス
酒精	シュセイ
酒糟	サケカス
酒肉	シュニク
酒臭い	サケクサイ
酒興	シュキョウ
酒色	シュショク
酒蒸し	サカムシ
酒蔵	サカグラ
酒豪	シュゴウ
酒販	シュハン
酒造	シュゾウ
酒造り	サケヅクリ
酒量	シュリョウ
酒風呂	サケブロ
酒食	シュショク
酒飲み	サケノミ
酔いしれる	ヨイシレル
酔いつぶす	ヨイツブス
酔いつぶれる	ヨイツブレル
酔いどれ	ヨイドレ
酔い心地	ヨイゴコチ
酔い止め	ヨイドメ
酔い潰す	ヨイツブス
酔い潰れる	ヨイツブレル
酔い痴れる	ヨイシレル
酔い覚まし	ヨイザマシ
酔い覚め	ヨイザメ
酔い醒まし	ヨイザマシ
酔い醒め	ヨイザメ
酔っぱらい	ヨッパライ
酔っぱらう	ヨッパラウ
酔っ払い	ヨッパライ
酔わす	ヨワス
酔余	スイヨ
酔態	スイタイ
酔払い	ヨッパライ
酔歩	スイホ
酔漢	スイカン
酔狂	スイキョウ
酔眼	スイガン
酔興	スイキョウ
酔顔	スイガン
酖溺	タンデキ
酢だこ	スダコ
酢づけ	スヅケ
酢のもの	スノモノ
酢の物	スノモノ
酢みそ	スミソ
酢ダコ	スダコ
酢味噌	スミソ
酢和え	スアエ
酢橘	スダチ
酢水	スミズ
酢洗い	スアライ
酢漬	スヅケ
酢漬け	スヅケ
酢蛸	スダコ
酢豆腐	スドウフ
酢豚	スブタ
酢貝	スガイ
酢酸	サクサン
酢酸菌	サクサンキン
酢酸鉛	サクサンナマリ
酢醤油	スジョウユ
酢飯	スメシ
酩酊	メイテイ
酪農	ラクノウ
酪農家	ラクノウカ
酪農業	ラクノウギョウ
酪酸	ラクサン
酬い	ムクイ
酬いる	ムクイル
酬う	ムクウ
酵母	コウボ
酵母菌	コウボキン
酵素	コウソ
酷しい	キビシイ
酷たらしい	ムゴタラシイ
酷似	コクジ
酷使	コクシ
酷刑	コッケイ
酷吏	コクリ
酷悪	コクアク
酷暑	コクショ
酷暑日	コクショビ
酷烈	コクレツ
酷熱	コクネツ
酷税	コクゼイ
酷薄	コクハク
酷評	コクヒョウ
酷遇	コクグウ
酸っぱい	スッパイ
酸っぱみ	スッパミ
酸っぱ味	スッパミ
酸化	サンカ
酸化剤	サンカザイ
酸化数	サンカスウ
酸化物	サンカブツ
酸化鉄	サンカテツ
酸化銅	サンカドウ
酸化防止剤	サンカボウシザイ
酸塊	スグリ
酸度	サンド
酸性	サンセイ
酸性塩	サンセイエン
酸性岩	サンセイガン
酸性度	サンセイド
酸性泉	サンセイセン
酸性紙	サンセイシ
酸性雨	サンセイウ
酸敗	サンパイ
酸桃	スモモ
酸欠	サンケツ
酸素	サンソ
酸素欠乏	サンソケツボウ
酸素欠乏症	サンソケツボウショウ
酸素酸	サンソサン
酸茎	スグキ
酸葉	スイバ
酸類	サンルイ
酸鼻	サンビ
醇乎	ジュンコ
醇化	ジュンカ
醇朴	ジュンボク
醇正	ジュンセイ
醇美	ジュンビ
醋酸	サクサン
醍醐	ダイゴ
醍醐味	ダイゴミ
醒ます	サマス
醒める	サメル
醒覚	セイカク
醗酵	ハッコウ
醜体	シュウタイ
醜婦	シュウフ
醜怪	シュウカイ
醜悪	シュウアク
醜態	シュウタイ
醜業	シュウギョウ
醜業婦	シュウギョウフ
醜状	シュウジョウ
醜猥	シュウワイ
醜聞	シュウブン
醜行	シュウコウ
醜貌	シュウボウ
醜類	シュウルイ
醤油ラーメン	ショウユラーメン
醤油粕	ショウユカス
醤蝦	アミ
醱酵	ハッコウ
醴泉	レイセン
醵出	キョシュツ
醵金	キョキン
醸しだす	カモシダス
醸し出す	カモシダス
醸す	カモス
醸成	ジョウセイ
醸造	ジョウゾウ
醸造家	ジョウゾウカ
醸造業	ジョウゾウギョウ
醸造酒	ジョウゾウシュ
采の目	サイノメ
采六	サイロク
采配	サイハイ
采配蘭	サイハイラン
釈放	シャクホウ
釈明	シャクメイ
釈義	シャクギ
釈迦如来	シャカニョライ
里がえり	サトガエリ
里づくり	サトヅクリ
里作り	サトヅクリ
里地	サトチ
里子	サトゴ
里山	サトヤマ
里帰り	サトガエリ
里心	サトゴコロ
里数	リスウ
里方	サトカタ
里桜	サトザクラ
里神楽	サトカグラ
里程	リテイ
里芋	サトイモ
里芋科	サトイモカ
里親	サトオヤ
里言葉	サトコトバ
里謡	リヨウ
里雪	サトユキ
重々	ジュウジュウ
重々しい	オモオモシイ
重い	オモイ
重おもしい	オモオモシイ
重き	オモキ
重さ	オモサ
重し	オモシ
重し石	オモシイシ
重たい	オモタイ
重なり	カサナリ
重なりあう	カサナリアウ
重ねる	カサネル
重ね合わせ	カサネアワセ
重ね合わせる	カサネアワセル
重ね打ち	カサネウチ
重ね書き	カサネガキ
重ね着	カサネギ
重ね言葉	カサネコトバ
重ね重ね	カサネガサネ
重ね餅	カサネモチ
重み	オモミ
重み付け	オモミヅケ
重め	オモメ
重んじる	オモンジル
重んずる	オモンズル
重代	ジュウダイ
重任	ジュウニン
重体	ジュウタイ
重出	ジュウシュツ
重刑	ジュウケイ
重刷	ジュウサツ
重刻	ジュウコク
重力	ジュウリョク
重力圏	ジュウリョクケン
重力子	ジュウリョクシ
重力波	ジュウリョクハ
重加算税	ジュウカサンゼイ
重労働	ジュウロウドウ
重合	ジュウゴウ
重合体	ジュウゴウタイ
重味	オモミ
重唱	ジュウショウ
重商主義	ジュウショウシュギ
重土	ジュウド
重圧	ジュウアツ
重圧感	ジュウアツカン
重大	ジュウダイ
重大性	ジュウダイセイ
重奏	ジュウソウ
重婚	ジュウコン
重層	ジュウソウ
重巡	ジュウジュン
重工	ジュウコウ
重工業	ジュウコウギョウ
重度	ジュウド
重弁	ジュウベン
重役室	ジュウヤクシツ
重心	ジュウシン
重患	ジュウカン
重態	ジュウタイ
重戦車	ジュウセンシャ
重手	オモデ
重文	ジュウブン
重星	ジュウセイ
重曹	ジュウソウ
重根	ジュウコン
重機	ジュウキ
重殺	ジュウサツ
重母音	ジュウボイン
重水	ジュウスイ
重水炉	ジュウスイロ
重水素	ジュウスイソ
重油	ジュウユ
重湯	オモユ
重火器	ジュウカキ
重炭酸ソーダ	ジュウタンサンソーダ
重炭酸ナトリウム	ジュウタンサンナトリウム
重炭酸曹達	ジュウタンサンソーダ
重点	ジュウテン
重点的	ジュウテンテキ
重爆	ジュウバク
重版	ジュウハン
重犯罪	ジュウハンザイ
重病	ジュウビョウ
重症	ジュウショウ
重症化	ジュウショウカ
重症患者	ジュウショウカンジャ
重症者	ジュウショウシャ
重盗	ジュウトウ
重石	オモシ
重砲	ジュウホウ
重科	ジュウカ
重税	ジュウゼイ
重種	ジュウシュ
重積	ジュウセキ
重立つ	オモダツ
重箱	ジュウバコ
重箱読み	ジュウバコヨミ
重篤	ジュウトク
重粒子	ジュウリュウシ
重縁	ジュウエン
重罪	ジュウザイ
重罰	ジュウバツ
重職	ジュウショク
重臣	ジュウシン
重苦しい	オモクルシイ
重装	ジュウソウ
重要	ジュウヨウ
重要人物	ジュウヨウジンブツ
重要度	ジュウヨウド
重要性	ジュウヨウセイ
重要文化財	ジュウヨウブンカザイ
重要業績評価指標	ジュウヨウギョウセキヒョウカシヒョウ
重要視	ジュウヨウシ
重視	ジュウシ
重解	ジュウカイ
重詰	ジュウヅメ
重詰め	ジュウヅメ
重責	ジュウセキ
重質	ジュウシツ
重軽傷	ジュウケイショウ
重農主義	ジュウノウシュギ
重連	ジュウレン
重過失	ジュウカシツ
重重	ジュウジュウ
重重しい	オモオモシイ
重量	ジュウリョウ
重量感	ジュウリョウカン
重量挙げ	ジュウリョウアゲ
重量級	ジュウリョウキュウ
重金属	ジュウキンゾク
重鎮	ジュウチン
重陽	チョウヨウ
重電	ジュウデン
重電機	ジュウデンキ
野いちご	ノイチゴ
野うさぎ	ノウサギ
野ぐそ	ノグソ
野ざらし	ノザラシ
野ねずみ	ノネズミ
野ばら	ノバラ
野ウサギ	ノウサギ
野グソ	ノグソ
野バラ	ノバラ
野中	ノナカ
野乗	ヤジョウ
野人	ヤジン
野伏せり	ノブセリ
野兎病	ヤトビョウ
野党	ヤトウ
野分き	ノワキ
野卑	ヤヒ
野原	ノハラ
野史	ヤシ
野合	ヤゴウ
野営	ヤエイ
野垂れ死	ノタレジニ
野垂れ死に	ノタレジニ
野垂れ死ぬ	ノタレジヌ
野垂死	ノタレジニ
野垂死に	ノタレジニ
野外	ヤガイ
野外劇	ヤガイゲキ
野外調査	ヤガイチョウサ
野天	ノテン
野太い	ノブトイ
野太刀	ノダチ
野宿	ノジュク
野山	ノヤマ
野川	ノガワ
野師	ヤシ
野帳	ヤチョウ
野心	ヤシン
野心家	ヤシンカ
野性	ヤセイ
野戦	ヤセン
野戦砲	ヤセンホウ
野手	ヤシュ
野放し	ノバナシ
野放図	ノホウズ
野放途	ノホウズ
野晒	ノザラシ
野晒し	ノザラシ
野暮	ヤボ
野暮ったい	ヤボッタイ
野暮天	ヤボテン
野望	ヤボウ
野末	ノズエ
野次	ヤジ
野次る	ヤジル
野次馬	ヤジウマ
野武士	ノブシ
野沢菜	ノザワナ
野火	ノビ
野点	ノダテ
野焼き	ノヤキ
野牛	ヤギュウ
野牡丹	ノボタン
野狐禅	ヤコゼン
野猪	ヤチョ
野猫	ノネコ
野猿	ヤエン
野獣	ヤジュウ
野獣派	ヤジュウハ
野球	ヤキュウ
野球場	ヤキュウジョウ
野球帽	ヤキュウボウ
野球拳	ヤキュウケン
野球部	ヤキュウブ
野生	ヤセイ
野生児	ヤセイジ
野生化	ヤセイカ
野盗	ヤトウ
野砲	ヤホウ
野禽	ヤキン
野積み	ノヅミ
野立て	ノダテ
野糞	ノグソ
野羊	ヤギ
野育ち	ノソダチ
野臥せり	ノブセリ
野良	ノラ
野良ネコ	ノラネコ
野良仕事	ノラシゴト
野良犬	ノライヌ
野良猫	ノラネコ
野良着	ノラギ
野苺	ノイチゴ
野茉莉	エゴノキ
野茨	ノイバラ
野菊	ノギク
野菜	ヤサイ
野葡萄	ノブドウ
野蒜	ノビル
野薊	ノアザミ
野蛮	ヤバン
野蛮人	ヤバンジン
野趣	ヤシュ
野辺	ノベ
野辺送り	ノベオクリ
野遊び	ノアソビ
野道	ノミチ
野選	ヤセン
野郎	ヤロウ
野鄙	ヤヒ
野雁	ノガン
野音	ヤオン
野風	ノカゼ
野駒	ノゴマ
野鳥	ヤチョウ
野鳥観察	ヤチョウカンサツ
野鳩	ノバト
野鴨	ノガモ
野鶏	ヤケイ
量り	ハカリ
量り売り	ハカリウリ
量り込む	ハカリコム
量る	ハカル
量刑	リョウケイ
量器	リョウキ
量子	リョウシ
量子コンピューター	リョウシコンピューター
量子化	リョウシカ
量子数	リョウシスウ
量子論	リョウシロン
量定	リョウテイ
量感	リョウカン
量水標	リョウスイヒョウ
量産	リョウサン
量的	リョウテキ
量詞	リョウシ
量販	リョウハン
量販店	リョウハンテン
金かせぎ	カネカセギ
金くぎ	カナクギ
金しばり	カナシバリ
金ぞく	キンゾク
金だらい	カナダライ
金づかい	カネヅカイ
金づち	カナヅチ
金づる	カネヅル
金てこ	カナテコ
金のなる木	カネノナルキ
金ぱく	キンパク
金ぴか	キンピカ
金まわり	カネマワリ
金め	カネメ
金めっき	キンメッキ
金もうけ	カネモウケ
金ピカ	キンピカ
金一封	キンイップウ
金串	カナグシ
金主	キンシュ
金位	キンイ
金使い	カネヅカイ
金偏	カネヘン
金側	キンガワ
金儲け	カネモウケ
金光り	キンビカリ
金入れ	カネイレ
金具	カナグ
金円	キンエン
金切り声	カナキリゴエ
金切声	カナキリゴエ
金利	キンリ
金券	キンケン
金剛	コンゴウ
金剛力	コンゴウリキ
金剛力士	コンゴウリキシ
金剛心	コンゴウシン
金剛杵	コンゴウショ
金剛界	コンゴウカイ
金剛石	コンゴウセキ
金力	キンリョク
金印	キンイン
金品	キンピン
金員	キンイン
金回り	カネマワリ
金団	キントン
金地	キンジ
金坑	キンコウ
金城	キンジョウ
金堂	コンドウ
金塊	キンカイ
金壺	カナツボ
金太郎あめ	キンタロウアメ
金太郎飴	キンタロウアメ
金婚	キンコン
金婚式	キンコンシキ
金子	キンス
金字塔	キンジトウ
金将	キンショウ
金屎	カナクソ
金屏風	キンビョウブ
金屑	カナクズ
金属	キンゾク
金属性	キンゾクセイ
金属板	キンゾクバン
金属片	キンゾクヘン
金属製	キンゾクセイ
金属音	キンゾクオン
金工	キンコウ
金市場	キンシジョウ
金床	カナトコ
金座	キンザ
金庫株	キンコカブ
金性	キンショウ
金扇	キンセン
金打	キンチョウ
金払い	カネバライ
金敷	カナシキ
金敷き	カナシキ
金文	キンブン
金時	キントキ
金時豆	キントキマメ
金曜	キンヨウ
金曜日	キンヨウビ
金木犀	キンモクセイ
金札	キンサツ
金杯	キンパイ
金柑	キンカン
金梅	キンバイ
金棒	カナボウ
金槌	カナヅチ
金槌頭	カナヅチアタマ
金権	キンケン
金橘	キンカン
金欠	キンケツ
金欲	キンヨク
金歯	キンバ
金殿	キンデン
金気	カナケ
金波	キンパ
金満	キンマン
金準備	キンジュンビ
金為替	キンガワセ
金烏	キンウ
金無垢	キンムク
金牌	キンパイ
金牛宮	キンギュウキュウ
金物	カナモノ
金玉糖	キンギョクトウ
金環	キンカン
金環食	キンカンショク
金瘡小草	キランソウ
金的	キンテキ
金盃	キンパイ
金目鯛	キンメダイ
金看板	キンカンバン
金眼	キンメ
金石	キンセキ
金砂	キンシャ
金砂子	キンスナゴ
金科玉条	キンカギョクジョウ
金稼ぎ	カネカセギ
金穴	キンケツ
金筋	キンスジ
金策	キンサク
金箔	キンパク
金管	キンカン
金管楽器	キンカンガッキ
金糸	キンシ
金糸梅	キンシバイ
金紅花	キンコウカ
金納	キンノウ
金紗	キンシャ
金継ぎ	キンツギ
金網	カナアミ
金緑石	キンリョクセキ
金縁	キンブチ
金縛り	カナシバリ
金繰り	カネグリ
金聾	カナツンボ
金脈	キンミャク
金腹	キンパラ
金臭い	カナクサイ
金葉	キンヨウ
金葎	カナムグラ
金蓮花	キンレンカ
金蔓	カネヅル
金蚉	カナブン
金蛇	カナヘビ
金融	キンユウ
金融債	キンユウサイ
金融商品	キンユウショウヒン
金融市場	キンユウシジョウ
金融庁	キンユウチョウ
金融業	キンユウギョウ
金融機関	キンユウキカン
金融機関コード	キンユウキカンコード
金融界	キンユウカイ
金融街	キンユウガイ
金蠅	キンバエ
金袋	カネブクロ
金製	キンセイ
金襴	キンラン
金襴鳥	キンランチョウ
金解禁	キンカイキン
金言	キンゲン
金詰まり	カネヅマリ
金詰り	カネヅマリ
金談	キンダン
金貨	キンカ
金貸し	カネカシ
金賞	キンショウ
金輪際	コンリンザイ
金轡	カナグツワ
金運	キンウン
金遣い	カネヅカイ
金釘	カナクギ
金釘流	カナクギリュウ
金鉄	キンテツ
金鉱	キンコウ
金銀	キンギン
金銅	コンドウ
金銭	キンセン
金銭債権	キンセンサイケン
金銭的	キンセンテキ
金鋏	カナバサミ
金錆	カナサビ
金鍔	キンツバ
金閣	キンカク
金闕	キンケツ
金隠し	キンカクシ
金雀児	エニシダ
金雀枝	エニシダ
金離れ	カネバナレ
金雲母	キンウンモ
金頭	カナガシラ
金額	キンガク
金食い	カネクイ
金高	キンダカ
金髪	キンパツ
金魚	キンギョ
金魚すくい	キンギョスクイ
金魚掬い	キンギョスクイ
金魚草	キンギョソウ
金魚藻	キンギョモ
金魚鉢	キンギョバチ
金鳩	キンバト
金鳳花	キンポウゲ
金鵄	キンシ
釘づけ	クギヅケ
釘付け	クギヅケ
釘抜き	クギヌキ
釘隠	クギカクシ
釘隠し	クギカクシ
釜めし	カマメシ
釜場	カマバ
釜師	カマシ
釜揚げ	カマアゲ
釜揚げうどん	カマアゲウドン
釜敷	カマシキ
釜敷き	カマシキ
釜煎り	カマイリ
釜玉うどん	カマタマウドン
釜飯	カマメシ
針ねずみ	ハリネズミ
針もぐら	ハリモグラ
針仕事	ハリシゴト
針供養	ハリクヨウ
針刺し	ハリサシ
針千本	ハリセンボン
針土竜	ハリモグラ
針外し	ハリハズシ
針子	ハリコ
針小棒大	シンショウボウダイ
針山	ハリヤマ
針桐	ハリギリ
針槐	ハリエンジュ
針治療	ハリチリョウ
針烏賊	ハリイカ
針目	ハリメ
針穴	ハリアナ
針箱	ハリバコ
針莧	ハリビユ
針葉	シンヨウ
針葉樹	シンヨウジュ
針葉樹林	シンヨウジュリン
針術	シンジュツ
針路	シンロ
針金	ハリガネ
針金虫	ハリガネムシ
針鼠	ハリネズミ
釣ざお	ツリザオ
釣りあげる	ツリアゲル
釣りざお	ツリザオ
釣り上がる	ツリアガル
釣り上げ	ツリアゲ
釣り上げる	ツリアゲル
釣り上る	ツリアガル
釣り下がる	ツリサガル
釣り下げる	ツリサゲル
釣り人	ツリビト
釣り具	ツリグ
釣り出す	ツリダス
釣り台	ツリダイ
釣り合い	ツリアイ
釣り堀	ツリボリ
釣り場	ツリバ
釣り客	ツリキャク
釣り師	ツリシ
釣り床	ツリドコ
釣り手	ツリテ
釣り書き	ツリガキ
釣り棚	ツリダナ
釣り殿	ツリドノ
釣り竿	ツリザオ
釣り籠	ツリカゴ
釣り糸	ツリイト
釣り花	ツリバナ
釣り込む	ツリコム
釣り針	ツリバリ
釣り銭	ツリセン
釣り鐘	ツリガネ
釣る	ツル
釣上げ	ツリアゲ
釣具	ツリグ
釣台	ツリダイ
釣合	ツリアイ
釣合い	ツリアイ
釣堀	ツリボリ
釣場	ツリバ
釣床	ツリドコ
釣手	ツリテ
釣書き	ツリガキ
釣果	チョウカ
釣殿	ツリドノ
釣瓶	ツルベ
釣瓶落とし	ツルベオトシ
釣竿	ツリザオ
釣糸	ツリイト
釣船草	ツリフネソウ
釣花	ツリバナ
釣針	ツリバリ
釣鉤	ツリバリ
釣銭	ツリセン
釣鐘	ツリガネ
釣鐘草	ツリガネソウ
釣魚	チョウギョ
鈍す	ナマス
鈍する	ドンスル
鈍らす	ニブラス
鈍刀	ドントウ
鈍化	ドンカ
鈍器	ドンキ
鈍感	ドンカン
鈍感力	ドンカンリョク
鈍才	ドンサイ
鈍根	ドンコン
鈍物	ドンブツ
鈍甲	ドンコ
鈍痛	ドンツウ
鈍磨	ドンマ
鈍行	ドンコウ
鈍角	ドンカク
鈍足	ドンソク
鈍重	ドンジュウ
鈍間	ノロマ
鈍麻	ドンマ
鈑金	バンキン
鈔本	ショウホン
鈴なり	スズナリ
鈴口	スズグチ
鈴懸	スズカケ
鈴生り	スズナリ
鈴蘭	スズラン
鈴蘭灯	スズラントウ
鈴虫	スズムシ
鉄かぶと	テツカブト
鉄くず	テツクズ
鉄さび	テツサビ
鉄ちり	テッチリ
鉄なべ	テツナベ
鉄アレイ	テツアレイ
鉄亜鈴	テツアレイ
鉄人	テツジン
鉄人レース	テツジンレース
鉄傘	テッサン
鉄兜	テツカブト
鉄刀	テットウ
鉄分	テツブン
鉄則	テッソク
鉄剣	テッケン
鉄剤	テツザイ
鉄器	テッキ
鉄塊	テッカイ
鉄塔	テットウ
鉄塩	テツエン
鉄壁	テッペキ
鉄屑	テツクズ
鉄山	テツザン
鉄工	テッコウ
鉄帽	テツボウ
鉄平石	テッペイセキ
鉄床	カナトコ
鉄心	テッシン
鉄扇	テッセン
鉄扉	テッピ
鉄拳	テッケン
鉄敷	カナシキ
鉄材	テツザイ
鉄条網	テツジョウモウ
鉄板	テッパン
鉄板焼	テッパンヤキ
鉄板焼き	テッパンヤキ
鉄柱	テッチュウ
鉄柵	テッサク
鉄格子	テツゴウシ
鉄桶	テットウ
鉄梃	カナテコ
鉄槌	テッツイ
鉄橋	テッキョウ
鉄気	カナケ
鉄沓	カナグツ
鉄泉	テッセン
鉄渋	カナシブ
鉄火	テッカ
鉄火みそ	テッカミソ
鉄火味噌	テッカミソ
鉄火場	テッカバ
鉄火巻	テッカマキ
鉄無地	テツムジ
鉄片	テッペン
鉄球	テッキュウ
鉄琴	テッキン
鉄環	テッカン
鉄瓶	テツビン
鉄甲	テッコウ
鉄甲船	テッコウセン
鉄石	テッセキ
鉄砲水	テッポウミズ
鉄砲玉	テッポウダマ
鉄砲百合	テッポウユリ
鉄砲虫	テッポウムシ
鉄窓	テッソウ
鉄筆	テッピツ
鉄筋	テッキン
鉄管	テッカン
鉄粉	テップン
鉄索	テッサク
鉄網	テツモウ
鉄線	テッセン
鉄腕	テツワン
鉄船	テッセン
鉄色	テツイロ
鉄菱	テツビシ
鉄血	テッケツ
鉄路	テツロ
鉄道	テツドウ
鉄道林	テツドウリン
鉄道橋	テツドウキョウ
鉄道網	テツドウモウ
鉄道車両	テツドウシャリョウ
鉄道馬車	テツドウバシャ
鉄道駅	テツドウエキ
鉄鉱	テッコウ
鉄銭	テッセン
鉄鋼	テッコウ
鉄鋼業	テッコウギョウ
鉄錆	テツサビ
鉄鍋	テツナベ
鉄鎖	テッサ
鉄鏃	テツゾク
鉄面皮	テツメンピ
鉄馬	テツバ
鉄骨	テッコツ
鉄魚	テツギョ
鉈豆	ナタマメ
鉋屑	カンナクズ
鉋身	カンナミ
鉗む	ツグム
鉗子	カンシ
鉛丹	エンタン
鉛板	エンバン
鉛槧	エンザン
鉛樹	エンジュ
鉛毒	エンドク
鉛版	エンバン
鉛玉	ナマリダマ
鉛白	エンパク
鉛直	エンチョク
鉛直線	エンチョクセン
鉛筆	エンピツ
鉛筆画	エンピツガ
鉛管	エンカン
鉛色	ナマリイロ
鉛重石	エンジュウセキ
鉛鉱	エンコウ
鉢合せ	ハチアワセ
鉢合わせ	ハチアワセ
鉢合わせる	ハチアワセル
鉢巻	ハチマキ
鉢巻き	ハチマキ
鉢植	ハチウエ
鉢植え	ハチウエ
鉢物	ハチモノ
鉢虫類	ハチムシルイ
鉢金	ハチガネ
鉤の手	カギノテ
鉤型	カギガタ
鉤括弧	カギカッコ
鉤爪	カギヅメ
鉤縄	カギナワ
鉤裂き	カギザキ
鉤針	カギバリ
鉦叩	カネタタキ
鉦叩き	カネタタキ
鉱区	コウク
鉱夫	コウフ
鉱害	コウガイ
鉱層	コウソウ
鉱山	コウザン
鉱工業	コウコウギョウ
鉱床	コウショウ
鉱床学	コウショウガク
鉱柱	コウチュウ
鉱業	コウギョウ
鉱業権	コウギョウケン
鉱業法	コウギョウホウ
鉱毒	コウドク
鉱水	コウスイ
鉱油	コウユ
鉱泉	コウセン
鉱泥	コウデイ
鉱物	コウブツ
鉱物学	コウブツガク
鉱石	コウセキ
鉱脈	コウミャク
鉱質	コウシツ
鉾先	ホコサキ
銀あん	ギンアン
銀ねず	ギンネズ
銀ぶら	ギンブラ
銀ザケ	ギンザケ
銀ダラ	ギンダラ
銀バエ	ギンバエ
銀世界	ギンセカイ
銀位	ギンイ
銀側	ギンガワ
銀合歓	ギンネム
銀器	ギンキ
銀地	ギンジ
銀坑	ギンコウ
銀塊	ギンカイ
銀塩	ギンエン
銀婚式	ギンコンシキ
銀将	ギンショウ
銀山	ギンザン
銀嶺	ギンレイ
銀幕	ギンマク
銀扇	ギンセン
銀時計	ギンドケイ
銀木犀	ギンモクセイ
銀本位	ギンホンイ
銀朱	ギンシュ
銀杏返し	イチョウガエシ
銀杯	ギンパイ
銀歯	ギンバ
銀河	ギンガ
銀河団	ギンガダン
銀河系	ギンガケイ
銀河群	ギンガグン
銀波	ギンパ
銀流し	ギンナガシ
銀漢	ギンカン
銀灰色	ギンカイショク
銀牌	ギンパイ
銀狐	ギンギツネ
銀玉	ギンダマ
銀白色	ギンハクショク
銀皮症	ギンピショウ
銀盃	ギンパイ
銀盤	ギンバン
銀目鯛	ギンメダイ
銀砂子	ギンスナゴ
銀笛	ギンテキ
銀箭	ギンセン
銀粉	ギンプン
銀糸	ギンシ
銀紙	ギンガミ
銀経	ギンケイ
銀縁	ギンブチ
銀翼	ギンヨク
銀腹	ギンパラ
銀舎利	ギンシャリ
銀蝿	ギンバエ
銀蠅	ギンバエ
銀行	ギンコウ
銀行コード	ギンコウコード
銀行券	ギンコウケン
銀行印	ギンコウイン
銀行口座	ギンコウコウザ
銀行員	ギンコウイン
銀行家	ギンコウカ
銀行振込	ギンコウフリコミ
銀行業	ギンコウギョウ
銀行法	ギンコウホウ
銀行預金	ギンコウヨキン
銀製	ギンセイ
銀貨	ギンカ
銀賞	ギンショウ
銀輪	ギンリン
銀鈴	ギンレイ
銀鉱	ギンコウ
銀銭	ギンセン
銀鏡	ギンキョウ
銀餡	ギンアン
銀髪	ギンパツ
銀鮒	ギンブナ
銀鮫	ギンザメ
銀鮭	ギンザケ
銀鱈	ギンダラ
銀鱗	ギンリン
銀鼠	ギンネズ
銃丸	ジュウガン
銃傷	ジュウショウ
銃刀法	ジュウトウホウ
銃刑	ジュウケイ
銃剣	ジュウケン
銃剣術	ジュウケンジュツ
銃創	ジュウソウ
銃口	ジュウコウ
銃器	ジュウキ
銃士	ジュウシ
銃声	ジュウセイ
銃尾	ジュウビ
銃床	ジュウショウ
銃座	ジュウザ
銃弾	ジュウダン
銃後	ジュウゴ
銃手	ジュウシュ
銃把	ジュウハ
銃撃	ジュウゲキ
銃撃戦	ジュウゲキセン
銃殺	ジュウサツ
銃火	ジュウカ
銃火器	ジュウカキ
銃爪	ヒキガネ
銃犯罪	ジュウハンザイ
銃猟	ジュウリョウ
銃眼	ジュウガン
銃砲	ジュウホウ
銃身	ジュウシン
銅像	ドウゾウ
銅剣	ドウケン
銅器	ドウキ
銅山	ドウザン
銅戈	ドウカ
銅板	ドウバン
銅牌	ドウハイ
銅盤	ドウバン
銅箔	ドウハク
銅線	ドウセン
銅臭	ドウシュウ
銅製	ドウセイ
銅貨	ドウカ
銅賞	ドウショウ
銅鉱	ドウコウ
銅銭	ドウセン
銅鏃	ドウゾク
銅鏡	ドウキョウ
銅鐸	ドウタク
銓衡	センコウ
銘々	メイメイ
銘々皿	メイメイザラ
銘じる	メイジル
銘ずる	メイズル
銘仙	メイセン
銘刀	メイトウ
銘品	メイヒン
銘打つ	メイウツ
銘文	メイブン
銘木	メイボク
銘板	メイバン
銘柄	メイガラ
銘柄米	メイガラマイ
銘茶	メイチャ
銘菓	メイカ
銘記	メイキ
銘酒	メイシュ
銘酒屋	メイシュヤ
銘醸	メイジョウ
銘銘	メイメイ
銘銘皿	メイメイザラ
銚子	チョウシ
銚釐	チロリ
銜える	クワエル
銜え込む	クワエコム
銭亀	ゼニガメ
銭入れ	ゼニイレ
銭失い	ゼニウシナイ
銭湯	セントウ
銭箱	ゼニバコ
銭苔	ゼニゴケ
銭葵	ゼニアオイ
銭貨	センカ
銭金	ゼニカネ
銷却	ショウキャク
銷夏	ショウカ
銷沈	ショウチン
鋏む	ハサム
鋏虫	ハサミムシ
鋏角	キョウカク
鋏角類	キョウカクルイ
鋒矢	ホウシ
鋒鋩	ホウボウ
鋤き起こす	スキオコス
鋤き起す	スキオコス
鋤き返す	スキカエス
鋤く	スク
鋤簾	ジョレン
鋤返す	スキカエス
鋩子	ボウシ
鋪装	ホソウ
鋪道	ホドウ
鋭利	エイリ
鋭意	エイイ
鋭敏	エイビン
鋭気	エイキ
鋭角	エイカク
鋭鋒	エイホウ
鋳つぶす	イツブス
鋳る	イル
鋳型	イガタ
鋳工	チュウコウ
鋳掛	イカケ
鋳掛け	イカケ
鋳掛屋	イカケヤ
鋳植機	チュウショクキ
鋳潰す	イツブス
鋳物	イモノ
鋳直し	イナオシ
鋳直す	イナオス
鋳貨	チュウカ
鋳込	イコミ
鋳込み	イコミ
鋳込む	イコム
鋳造	チュウゾウ
鋳金	チュウキン
鋳鉄	チュウテツ
鋳鉄管	チュウテツカン
鋳鋼	チュウコウ
鋸草	ノコギリソウ
鋼材	コウザイ
鋼玉	コウギョク
鋼球	コウキュウ
鋼矢板	コウヤイタ
鋼管	コウカン
鋼索	コウサク
鋼索鉄道	コウサクテツドウ
鋼線	コウセン
鋼製	コウセイ
鋼鉄	コウテツ
錆つく	サビツク
錆び	サビ
錆びつく	サビツク
錆びる	サビル
錆び付く	サビツク
錆付く	サビツク
錆止め	サビドメ
錆色	サビイロ
錆落とし	サビオトシ
錐もみ	キリモミ
錐体	スイタイ
錐体路	スイタイロ
錐揉み	キリモミ
錐状体	スイジョウタイ
錐面	スイメン
錘状	スイジョウ
錚々	ソウソウ
錚錚	ソウソウ
錠前	ジョウマエ
錠剤	ジョウザイ
錦上	キンジョウ
錦地	キンチ
錦旗	キンキ
錦木	ニシキギ
錦秋	キンシュウ
錦糸卵	キンシタマゴ
錦紗	キンシャ
錦絵	ニシキエ
錦繍	キンシュウ
錦繡	キンシュウ
錦華鳥	キンカチョウ
錦蛇	ニシキヘビ
錦鯉	ニシキゴイ
錦鶏	キンケイ
錨地	ビョウチ
錨泊	ビョウハク
錨綱	イカリヅナ
錨草	イカリソウ
錫婚式	スズコンシキ
錫杖草	シャクジョウソウ
錫箔	スズハク
錬り	ネリ
錬る	ネル
錬れる	ネレル
錬成	レンセイ
錬磨	レンマ
錬金術	レンキンジュツ
錬鉄	レンテツ
錯そう	サクソウ
錯乱	サクラン
錯体	サクタイ
錯簡	サッカン
錯綜	サクソウ
錯落	サクラク
錯視	サクシ
錯覚	サッカク
錯角	サッカク
錯語	サクゴ
錯誤	サクゴ
錯雑	サクザツ
録する	ロクスル
録れる	トレル
録取	ロクシュ
録画	ロクガ
録音	ロクオン
錺職	カザリショク
鍋つかみ	ナベツカミ
鍋ぶた	ナベブタ
鍋墨	ナベズミ
鍋奉行	ナベブギョウ
鍋尻	ナベジリ
鍋底	ナベゾコ
鍋底景気	ナベゾコケイキ
鍋掴み	ナベツカミ
鍋敷き	ナベシキ
鍋料理	ナベリョウリ
鍋焼	ナベヤキ
鍋焼うどん	ナベヤキウドン
鍋焼き	ナベヤキ
鍋焼きうどん	ナベヤキウドン
鍋物	ナベモノ
鍋蓋	ナベブタ
鍋釜	ナベカマ
鍋鉉	ナベヅル
鍋鶴	ナベヅル
鍔広	ツバビロ
鍔音	ツバオト
鍛え	キタエ
鍛えあげる	キタエアゲル
鍛える	キタエル
鍛え上げる	キタエアゲル
鍛え直す	キタエナオス
鍛冶場	カジバ
鍛冶屋	カジヤ
鍛工	タンコウ
鍛接	タンセツ
鍛練	タンレン
鍛造	タンゾウ
鍛金	タンキン
鍛鉄	タンテツ
鍛錬	タンレン
鍬入れ	クワイレ
鍬形	クワガタ
鍬形虫	クワガタムシ
鍵っ子	カギッコ
鍵アカ	カギアカ
鍵アカウント	カギアカウント
鍵形	カギガタ
鍵束	カギタバ
鍵盤	ケンバン
鍵穴	カギアナ
鍵開け	カギアケ
鍼灸	シンキュウ
鍼灸師	シンキュウシ
鍼術	シンジュツ
鍾乳石	ショウニュウセキ
鍾愛	ショウアイ
鍾馗	ショウキ
鎌柄	カマツカ
鎌槍	カマヤリ
鎌止め	カマドメ
鎌首	カマクビ
鎌髭	カマヒゲ
鎌鼬	カマイタチ
鎔解	ヨウカイ
鎖かたびら	クサリカタビラ
鎖国	サコク
鎖帷子	クサリカタビラ
鎖港	サコウ
鎖状	サジョウ
鎖線	サセン
鎖編み	クサリアミ
鎖肛	サコウ
鎖蛇	クサリヘビ
鎖鎌	クサリガマ
鎖陰	サイン
鎖骨	サコツ
鎚矛	ツチホコ
鎧う	ヨロウ
鎧戸	ヨロイド
鎧板	ヨロイイタ
鎧櫃	ヨロイビツ
鎧窓	ヨロイマド
鎧草	ヨロイグサ
鎮まる	シズマル
鎮め	シズメ
鎮める	シズメル
鎮台	チンダイ
鎮咳	チンガイ
鎮咳剤	チンガイザイ
鎮咳薬	チンガイヤク
鎮圧	チンアツ
鎮守	チンジュ
鎮定	チンテイ
鎮座	チンザ
鎮撫	チンブ
鎮火	チンカ
鎮痙	チンケイ
鎮痙剤	チンケイザイ
鎮痛	チンツウ
鎮痛剤	チンツウザイ
鎮痛薬	チンツウヤク
鎮護	チンゴ
鎮静	チンセイ
鎮静剤	チンセイザイ
鎮魂歌	チンコンカ
鏑矢	カブラヤ
鏖殺	オウサツ
鏡もち	カガミモチ
鏡像	キョウゾウ
鏡像体	キョウゾウタイ
鏡割	カガミワリ
鏡割り	カガミワリ
鏡台	キョウダイ
鏡文字	カガミモジ
鏡板	カガミイタ
鏡筒	キョウトウ
鏡鑑	キョウカン
鏡開き	カガミビラキ
鏡面	キョウメン
鏡餅	カガミモチ
鏤める	チリバメル
鐘つき	カネツキ
鐘堂	ショウドウ
鐘塔	ショウトウ
鐘声	ショウセイ
鐘撞	カネツキ
鐘撞き	カネツキ
鐘銘	ショウメイ
鐘鼓	ショウコ
鐙革	アブミガワ
鐚一文	ビタイチモン
鐫る	エル
鑄る	イル
鑑みる	カンガミル
鑑別	カンベツ
鑑別所	カンベツショ
鑑定	カンテイ
鑑定人	カンテイニン
鑑定医	カンテイイ
鑑定士	カンテイシ
鑑定官	カンテイカン
鑑定家	カンテイカ
鑑定書	カンテイショ
鑑札	カンサツ
鑑査	カンサ
鑑識	カンシキ
鑑識眼	カンシキガン
鑑賞	カンショウ
鑒みる	カンガミル
鑞付け	ロウヅケ
鑢掛け	ヤスリガケ
鑽る	キル
鑽孔	サンコウ
鑽孔機	サンコウキ
鑿井	サクセイ
長々	ナガナガ
長々しい	ナガナガシイ
長いす	ナガイス
長き	ナガキ
長ぐつ	ナガグツ
長ける	タケル
長さ	ナガサ
長じる	チョウジル
長ずる	チョウズル
長そで	ナガソデ
長たらしい	ナガタラシイ
長っちり	ナガッチリ
長っ尻	ナガッチリ
長っ細い	ナガッポソイ
長つづき	ナガツヅキ
長なす	ナガナス
長ねぎ	ナガネギ
長びく	ナガビク
長め	ナガメ
長もち	ナガモチ
長らえる	ナガラエル
長らく	ナガラク
長イス	ナガイス
長ナス	ナガナス
長ネギ	ナガネギ
長丁場	ナガチョウバ
長上	チョウジョウ
長久	チョウキュウ
長亀	オサガメ
長信銀	チョウシンギン
長元	チョウゲン
長元坊	チョウゲンボウ
長兄	チョウケイ
長円	チョウエン
長吏	チョウリ
長呼	チョウコ
長命	チョウメイ
長唄	ナガウタ
長嘆	チョウタン
長回し	ナガマワシ
長坐	チョウザ
長城	チョウジョウ
長大息	チョウタイソク
長姉	チョウシ
長寿	チョウジュ
長寿命	チョウジュミョウ
長尻	ナガジリ
長居	ナガイ
長屋	ナガヤ
長崎絵	ナガサキエ
長巻	ナガマキ
長幼	チョウヨウ
長広舌	チョウコウゼツ
長弓	チョウキュウ
長引く	ナガビク
長征	チョウセイ
長径	チョウケイ
長患い	ナガワズライ
長所	チョウショ
長手	ナガテ
長打	チョウダ
長打率	チョウダリツ
長押	ナゲシ
長押し	ナガオシ
長持	ナガモチ
長持ち	ナガモチ
長文	チョウブン
長方形	チョウホウケイ
長時間	チョウジカン
長時間労働	チョウジカンロウドウ
長期	チョウキ
長期休暇	チョウキキュウカ
長期優良住宅	チョウキユウリョウジュウタク
長期入院	チョウキニュウイン
長期化	チョウキカ
長期戦	チョウキセン
長期的	チョウキテキ
長期間	チョウキカン
長机	ナガヅクエ
長板	ナガイタ
長柄	ナガエ
長椅子	ナガイス
長歎	チョウタン
長毛	チョウモウ
長汀	チョウテイ
長波	チョウハ
長湯	ナガユ
長火鉢	ナガヒバチ
長煩い	ナガワズライ
長生	チョウセイ
長生き	ナガイキ
長男	チョウナン
長着	ナガギ
長短	チョウタン
長石	チョウセキ
長篇	チョウヘン
長粒米	チョウリュウマイ
長細い	ナガホソイ
長続き	ナガツヅキ
長編	チョウヘン
長編み	ナガアミ
長老	チョウロウ
長考	チョウコウ
長脇差	ナガワキザシ
長芋	ナガイモ
長茄子	ナガナス
長葱	ナガネギ
長薯	ナガイモ
長虫	ナガムシ
長詩	チョウシ
長話	ナガバナシ
長調	チョウチョウ
長談義	ナガダンギ
長講	チョウコウ
長財布	ナガザイフ
長足	チョウソク
長距離	チョウキョリ
長跪	チョウキ
長身	チョウシン
長躯	チョウク
長軀	チョウク
長軸	チョウジク
長辺	チョウヘン
長追い	ナガオイ
長途	チョウト
長逝	チョウセイ
長針	チョウシン
長長	ナガナガ
長閑	ノドカ
長閑か	ノドカ
長閑やか	ノドヤカ
長電話	ナガデンワ
長音	チョウオン
長音符	チョウオンプ
長音階	チョウオンカイ
長須鯨	ナガスクジラ
長頭	チョウトウ
長風呂	ナガブロ
長駆	チョウク
長髪	チョウハツ
長鳴き	ナガナキ
長鼻	チョウビ
門下	モンカ
門下生	モンカセイ
門並	カドナミ
門並み	カドナミ
門主	モンシュ
門人	モンジン
門内	モンナイ
門前払	モンゼンバライ
門前払い	モンゼンバライ
門口	カドグチ
門地	モンチ
門外	モンガイ
門外漢	モンガイカン
門弟	モンテイ
門徒	モント
門戸	モンコ
門松	カドマツ
門標	モンピョウ
門歯	モンシ
門派	モンパ
門流	モンリュウ
門火	カドビ
門灯	モントウ
門生	モンセイ
門番	モンバン
門脈	モンミャク
門葉	モンヨウ
門衛	モンエイ
門跡	モンゼキ
門違い	カドチガイ
門鑑	モンカン
門閥	モンバツ
門限	モンゲン
門院	モンイン
閃かす	ヒラメカス
閃き	ヒラメキ
閃光	センコウ
閃光弾	センコウダン
閃光灯	センコウトウ
閃緑岩	センリョクガン
閉ざす	トザス
閉じこめる	トジコメル
閉じこもる	トジコモル
閉じる	トジル
閉じ篭もる	トジコモル
閉じ篭る	トジコモル
閉じ籠もる	トジコモル
閉じ籠る	トジコモル
閉じ込める	トジコメル
閉じ込もる	トジコモル
閉そく	ヘイソク
閉まり	シマリ
閉まる	シマル
閉める	シメル
閉め出し	シメダシ
閉め出す	シメダス
閉め切り	シメキリ
閉会	ヘイカイ
閉会式	ヘイカイシキ
閉口	ヘイコウ
閉園	ヘイエン
閉場	ヘイジョウ
閉塞	ヘイソク
閉居	ヘイキョ
閉山	ヘイザン
閉幕	ヘイマク
閉庁	ヘイチョウ
閉店	ヘイテン
閉廷	ヘイテイ
閉式	ヘイシキ
閉息	ヘイソク
閉所	ヘイショ
閉扉	ヘイヒ
閉曲線	ヘイキョクセン
閉架	ヘイカ
閉校	ヘイコウ
閉業	ヘイギョウ
閉止	ヘイシ
閉殻	ヘイカク
閉眼	ヘイガン
閉篭もる	トジコモル
閉籠もる	トジコモル
閉経	ヘイケイ
閉講	ヘイコウ
閉込める	トジコメル
閉鎖	ヘイサ
閉門	ヘイモン
閉院	ヘイイン
閉集合	ヘイシュウゴウ
閉館	ヘイカン
閊え	ツカエ
開きなおる	ヒラキナオル
開き封	ヒラキフウ
開き戸	ヒラキド
開き癖	ヒラキグセ
開き直る	ヒラキナオル
開けたて	アケタテ
開けっぴろげ	アケッピロゲ
開けっ広げ	アケッピロゲ
開けはなつ	アケハナツ
開け広げ	アケヒロゲ
開け広げる	アケヒロゲル
開け放し	アケハナシ
開け放す	アケハナス
開け放つ	アケハナツ
開け渡す	アケワタス
開け立て	アケタテ
開け閉て	アケタテ
開け閉め	アケシメ
開会	カイカイ
開会式	カイカイシキ
開傘	カイサン
開催	カイサイ
開催中	カイサイチュウ
開催国	カイサイコク
開催地	カイサイチ
開催日	カイサイビ
開先	カイサキ
開削	カイサク
開創	カイソウ
開化	カイカ
開口	カイコウ
開口率	カイコウリツ
開口部	カイコウブ
開咬	カイコウ
開国	カイコク
開園	カイエン
開基	カイキ
開場	カイジョウ
開墾	カイコン
開始	カイシ
開始日	カイシビ
開始時刻	カイシジコク
開学	カイガク
開宴	カイエン
開封	カイフウ
開局	カイキョク
開巻	カイカン
開幕	カイマク
開幕戦	カイマクセン
開平	カイヘイ
開庁	カイチョウ
開店	カイテン
開府	カイフ
開度	カイド
開廷	カイテイ
開式	カイシキ
開悟	カイゴ
開戦	カイセン
開所	カイショ
開扉	カイヒ
開披	カイヒ
開拓	カイタク
開拓使	カイタクシ
開拓者	カイタクシャ
開拓者精神	カイタクシャセイシン
開放	カイホウ
開放感	カイホウカン
開放的	カイホウテキ
開方	カイホウ
開明	カイメイ
開映	カイエイ
開札	カイサツ
開村	カイソン
開板	カイハン
開架	カイカ
開栓	カイセン
開校	カイコウ
開梱	カイコン
開業	カイギョウ
開業医	カイギョウイ
開法	カイホウ
開渠	カイキョ
開港	カイコウ
開演	カイエン
開炉	カイロ
開版	カイハン
開発中	カイハツチュウ
開発元	カイハツモト
開発者	カイハツシャ
開発費	カイハツヒ
開発途上国	カイハツトジョウコク
開発部	カイハツブ
開示	カイジ
開祖	カイソ
開票	カイヒョウ
開立	カイリュウ
開管	カイカン
開胸	カイキョウ
開胸術	カイキョウジュツ
開脚	カイキャク
開腹	カイフク
開腹術	カイフクジュツ
開花	カイカ
開衿	カイキン
開裂	カイレツ
開襟	カイキン
開設	カイセツ
開講	カイコウ
開豁	カイカツ
開通	カイツウ
開運	カイウン
開運商法	カイウンショウホウ
開錠	カイジョウ
開鑿	カイサク
開門	カイモン
開閉	カイヘイ
開閉器	カイヘイキ
開閉橋	カイヘイキョウ
開院	カイイン
開陳	カイチン
開集合	カイシュウゴウ
開音	カイオン
開頭	カイトウ
開頭術	カイトウジュツ
開館	カイカン
閑々	カンカン
閑か	シズカ
閑却	カンキャク
閑地	カンチ
閑寂	カンジャク
閑居	カンキョ
閑散	カンサン
閑散期	カンサンキ
閑日月	カンジツゲツ
閑職	カンショク
閑話	カンワ
閑話休題	カンワキュウダイ
閑語	カンゴ
閑談	カンダン
閑閑	カンカン
閑雅	カンガ
閑雲	カンウン
閑静	カンセイ
間々	ママ
間がら	アイダガラ
間にあう	マニアウ
間に合い	マニアイ
間に合わせ	マニアワセ
間のび	マノビ
間の子	アイノコ
間の手	アイノテ
間一髪	カンイッパツ
間仕切り	マジキリ
間伐	カンバツ
間伐材	カンバツザイ
間借り	マガリ
間八	カンパチ
間出	カンシュツ
間切り	マギリ
間切る	マギル
間判	アイバン
間取	マドリ
間取り	マドリ
間取り図	マドリズ
間取図	マドリズ
間口	マグチ
間合	マアイ
間合い	マアイ
間夫	マブ
間奏	カンソウ
間奏曲	カンソウキョク
間宿	アイノシュク
間延び	マノビ
間引き	マビキ
間引く	マビク
間投	カントウ
間投詞	カントウシ
間抜け	マヌケ
間接	カンセツ
間接税	カンセツゼイ
間接部門	カンセツブモン
間断	カンダン
間服	アイフク
間柄	アイダガラ
間柱	マバシラ
間欠	カンケツ
間欠泉	カンケツセン
間欠熱	カンケツネツ
間歇	カンケツ
間歇泉	カンケツセン
間氷期	カンピョウキ
間然	カンゼン
間男	マオトコ
間着	アイギ
間者	カンジャ
間脳	カンノウ
間色	カンショク
間葉	カンヨウ
間諜	カンチョウ
間貸し	マガシ
間質	カンシツ
間質性	カンシツセイ
間道	カンドウ
間違い	マチガイ
間違え	マチガエ
間違える	マチガエル
間遠	マドオ
間遠い	マドオイ
間間	ママ
間隔	カンカク
間隙	カンゲキ
間際	マギワ
間食	カンショク
間食い	アイダグイ
間鴨	アイガモ
閘門	コウモン
関する	カンスル
関の山	セキノヤマ
関り合い	カカワリアイ
関る	カカワル
関わり	カカワリ
関わりあう	カカワリアウ
関わり合い	カカワリアイ
関わる	カカワル
関与	カンヨ
関係	カンケイ
関係データベース	カンケイデータベース
関係会社	カンケイガイシャ
関係先	カンケイサキ
関係図	カンケイズ
関係式	カンケイシキ
関係性	カンケイセイ
関係書類	カンケイショルイ
関係者	カンケイシャ
関係詞	カンケイシ
関係調	カンケイチョウ
関取	セキトリ
関守	セキモリ
関心	カンシン
関所	セキショ
関所破り	セキショヤブリ
関数	カンスウ
関東圏	カントウケン
関白	カンパク
関知	カンチ
関税	カンゼイ
関税法	カンゼイホウ
関税率	カンゼイリツ
関税自主権	カンゼイジシュケン
関税貿易一般協定	カンゼイボウエキイッパンキョウテイ
関節	カンセツ
関節技	カンセツワザ
関節炎	カンセツエン
関節痛	カンセツツウ
関節肢	カンセツシ
関聯	カンレン
関脇	セキワケ
関西圏	カンサイケン
関西弁	カンサイベン
関西馬	カンサイバ
関連	カンレン
関連づける	カンレンヅケル
関連付け	カンレンヅケ
関連付ける	カンレンヅケル
関連企業	カンレンキギョウ
関連会社	カンレンガイシャ
関連性	カンレンセイ
関連痛	カンレンツウ
関銭	セキセン
関鍵	カンケン
関門	カンモン
関雎	カンショ
関頭	カントウ
閣僚	カクリョウ
閣僚級	カクリョウキュウ
閣内	カクナイ
閣員	カクイン
閣外	カクガイ
閣議	カクギ
閥族	バツゾク
閨房	ケイボウ
閨秀	ケイシュウ
閨門	ケイモン
閨閤	ケイコウ
閨閥	ケイバツ
閲兵	エッペイ
閲歴	エツレキ
閲覧	エツラン
閲覧者	エツランシャ
閲読	エツドク
閻浮提	エンブダイ
閻魔天	エンマテン
閻魔帳	エンマチョウ
閻魔王	エンマオウ
閼伽	アカ
閾下	イキカ
闇バイト	ヤミバイト
闇値	ヤミネ
闇取引	ヤミトリヒキ
闇堕ち	ヤミオチ
闇屋	ヤミヤ
闇市	ヤミイチ
闇汁	ヤミジル
闇献金	ヤミケンキン
闇相場	ヤミソウバ
闇米	ヤミゴメ
闇聴	ヤミテン
闇落ち	ヤミオチ
闇討	ヤミウチ
闇討ち	ヤミウチ
闇路	ヤミジ
闇金	ヤミキン
闇金融	ヤミキンユウ
闇鍋	ヤミナベ
闇雲	ヤミクモ
闊歩	カッポ
闊葉樹	カツヨウジュ
闊達	カッタツ
闌ける	タケル
闕く	カク
闕け	カケ
闕下	ケッカ
闕員	ケツイン
闕失	ケッシツ
闕字	ケツジ
闕所	ケッショ
闕文	ケツブン
闕本	ケッポン
闖入	チンニュウ
闖入者	チンニュウシャ
闘い	タタカイ
闘わす	タタカワス
闘争	トウソウ
闘争心	トウソウシン
闘士	トウシ
闘将	トウショウ
闘志	トウシ
闘技	トウギ
闘技場	トウギジョウ
闘気	トウキ
闘牛	トウギュウ
闘牛場	トウギュウジョウ
闘牛士	トウギュウシ
闘犬	トウケン
闘球	トウキュウ
闘病	トウビョウ
闘茶	トウチャ
闘蟋	トウシツ
闘諍	トウジョウ
闘魂	トウコン
闘魚	トウギョ
闘鶏	トウケイ
闡明	センメイ
阜偏	コザトヘン
阪神間	ハンシンカン
防ぎ	フセギ
防ぎとめる	フセギトメル
防ぎ止める	フセギトメル
防ぐ	フセグ
防じん	ボウジン
防カビ	ボウカビ
防ダニ	ボウダニ
防備	ボウビ
防共	ボウキョウ
防具	ボウグ
防刃	ボウジン
防塁	ボウルイ
防塞	ボウサイ
防塵	ボウジン
防壁	ボウヘキ
防寒	ボウカン
防寒着	ボウカンギ
防弾	ボウダン
防御	ボウギョ
防御率	ボウギョリツ
防戦	ボウセン
防暑	ボウショ
防染	ボウセン
防止	ボウシ
防止剤	ボウシザイ
防止法	ボウシホウ
防止策	ボウシサク
防毒	ボウドク
防水	ボウスイ
防水性	ボウスイセイ
防汚	ボウオ
防波堤	ボウハテイ
防浸	ボウシン
防湿	ボウシツ
防湿剤	ボウシツザイ
防滴	ボウテキ
防潜網	ボウセンモウ
防潮	ボウチョウ
防潮堤	ボウチョウテイ
防潮林	ボウチョウリン
防火	ボウカ
防火壁	ボウカヘキ
防火林	ボウカリン
防災	ボウサイ
防災士	ボウサイシ
防災袋	ボウサイブクロ
防炎	ボウエン
防炎性	ボウエンセイ
防熱	ボウネツ
防爆	ボウバク
防犯	ボウハン
防疫	ボウエキ
防禦	ボウギョ
防空	ボウクウ
防空壕	ボウクウゴウ
防縮	ボウシュク
防腐	ボウフ
防腐剤	ボウフザイ
防臭	ボウシュウ
防臭剤	ボウシュウザイ
防菌	ボウキン
防虫	ボウチュウ
防虫剤	ボウチュウザイ
防蝕	ボウショク
防蟻	ボウギ
防衛	ボウエイ
防衛力	ボウエイリョク
防衛大臣	ボウエイダイジン
防衛戦	ボウエイセン
防衛機制	ボウエイキセイ
防衛相	ボウエイショウ
防衛省	ボウエイショウ
防衛装備庁	ボウエイソウビチョウ
防衛費	ボウエイヒ
防諜	ボウチョウ
防護	ボウゴ
防護服	ボウゴフク
防遏	ボウアツ
防除	ボウジョ
防雨	ボウウ
防雪	ボウセツ
防雪林	ボウセツリン
防露	ボウロ
防音	ボウオン
防風	ボウフウ
防風林	ボウフウリン
防食	ボウショク
防食剤	ボウショクザイ
阻む	ハバム
阻却	ソキャク
阻喪	ソソウ
阻害	ソガイ
阻害剤	ソガイザイ
阻止	ソシ
阻碍	ソガイ
阻礙	ソガイ
阻隔	ソカク
阿る	オモネル
阿世	アセイ
阿僧祇	アソウギ
阿兄	アケイ
阿吽	アウン
阿呍	アウン
阿多福	オタフク
阿多福風邪	オタフクカゼ
阿婆擦れ	アバズレ
阿婆擦れ女	アバズレオンナ
阿媽	アマ
阿字	アジ
阿弥陀くじ	アミダクジ
阿弥陀堂	アミダドウ
阿弥陀如来	アミダニョライ
阿形	アギョウ
阿檀	アダン
阿漕	アコギ
阿片	アヘン
阿羅漢	アラカン
阿膠	アキョウ
阿諛	アユ
阿鼻	アビ
阿鼻叫喚	アビキョウカン
陀羅尼	ダラニ
附け加える	ツケクワエル
附す	フス
附する	フスル
附与	フヨ
附会	フカイ
附則	フソク
附加	フカ
附合	フゴウ
附図	フズ
附属	フゾク
附帯	フタイ
附庸	フヨウ
附着	フチャク
附票	フヒョウ
附箋	フセン
附置	フチ
附表	フヒョウ
附言	フゲン
附託	フタク
附記	フキ
附設	フセツ
附註	フチュウ
附議	フギ
附載	フサイ
附近	フキン
附録	フロク
附随	フズイ
陋劣	ロウレツ
陋屋	ロウオク
陋巷	ロウコウ
陋習	ロウシュウ
降ひょう	コウヒョウ
降らす	フラス
降りかかる	フリカカル
降りこめる	フリコメル
降りしきる	フリシキル
降りしく	フリシク
降りそそぐ	フリソソグ
降りそぼつ	フリソボツ
降りたつ	オリタツ
降りつむ	フリツム
降りやむ	フリヤム
降りる	オリル
降り募る	フリツノル
降り場	オリバ
降り懸かる	フリカカル
降り懸る	フリカカル
降り掛かる	フリカカル
降り敷く	フリシク
降り止む	フリヤム
降り注ぐ	フリソソグ
降り積む	フリツム
降り積もる	フリツモル
降り積る	フリツモル
降り立つ	オリタツ
降り籠める	フリコメル
降り込む	フリコム
降り込める	フリコメル
降り頻る	フリシキル
降ろし	オロシ
降ろす	オロス
降下	コウカ
降任	コウニン
降参	コウサン
降圧	コウアツ
降圧剤	コウアツザイ
降壇	コウダン
降嫁	コウカ
降服	コウフク
降板	コウバン
降格	コウカク
降格圏	コウカクケン
降機	コウキ
降水	コウスイ
降水量	コウスイリョウ
降注ぐ	フリソソグ
降海	コウカイ
降着	コウチャク
降立つ	オリタツ
降等	コウトウ
降納	コウノウ
降級	コウキュウ
降給	コウキュウ
降職	コウショク
降誕	コウタン
降誕祭	コウタンサイ
降車	コウシャ
降雨	コウウ
降雨林	コウウリン
降雨量	コウウリョウ
降雪	コウセツ
降雪量	コウセツリョウ
降雹	コウヒョウ
降霊	コウレイ
降霜	コウソウ
降順	コウジュン
降頻る	フリシキル
限りない	カギリナイ
限りなく	カギリナク
限り無い	カギリナイ
限り無く	カギリナク
限る	カギル
限外	ゲンガイ
限定	ゲンテイ
限定版	ゲンテイバン
限定的	ゲンテイテキ
限定詞	ゲンテイシ
限局	ゲンキョク
限度	ゲンド
限度額	ゲンドガク
限時法	ゲンジホウ
限界	ゲンカイ
陛下	ヘイカ
陞任	ショウニン
陞叙	ショウジョ
院主	インジュ
院内	インナイ
院卒	インソツ
院号	インゴウ
院外	インガイ
院外団	インガイダン
院政	インセイ
院本	インポン
院生	インセイ
院議	インギ
院長	インチョウ
陣がさ	ジンガサ
陣どる	ジンドル
陣中	ジンチュウ
陣内	ジンナイ
陣列	ジンレツ
陣取る	ジンドル
陣営	ジンエイ
陣地	ジンチ
陣容	ジンヨウ
陣屋	ジンヤ
陣幕	ジンマク
陣形	ジンケイ
陣所	ジンショ
陣歿	ジンボツ
陣没	ジンボツ
陣痛	ジンツウ
陣痛促進剤	ジンツウソクシンザイ
陣痛誘発剤	ジンツウユウハツザイ
陣立	ジンダテ
陣立て	ジンダテ
陣笠	ジンガサ
陣羽織	ジンバオリ
陣触れ	ジンブレ
陣鉦	ジンガネ
陣鐘	ジンガネ
陣門	ジンモン
陣頭	ジントウ
除き去る	ノゾキサル
除く	ノゾク
除け者	ノケモノ
除する	ジョスル
除伐	ジョバツ
除光液	ジョコウエキ
除却	ジョキャク
除去	ジョキョ
除名	ジョメイ
除塵	ジョジン
除塵機	ジョジンキ
除外	ジョガイ
除夜	ジョヤ
除幕	ジョマク
除幕式	ジョマクシキ
除数	ジョスウ
除斥	ジョセキ
除染	ジョセン
除核	ジョカク
除毛	ジョモウ
除水	ジョスイ
除法	ジョホウ
除湿	ジョシツ
除湿剤	ジョシツザイ
除湿器	ジョシツキ
除湿機	ジョシツキ
除災	ジョサイ
除籍	ジョセキ
除細動	ジョサイドウ
除細動器	ジョサイドウキ
除草	ジョソウ
除草剤	ジョソウザイ
除草器	ジョソウキ
除菌	ジョキン
除虫	ジョチュウ
除隊	ジョタイ
除雪	ジョセツ
除雪車	ジョセツシャ
除霊	ジョレイ
除霜	ジョソウ
陥し穴	オトシアナ
陥す	オトス
陥とす	オトス
陥る	オチイル
陥れる	オトシイレル
陥入	カンニュウ
陥凹	カンオウ
陥没	カンボツ
陥穽	カンセイ
陥落	カンラク
陪乗	バイジョウ
陪審	バイシン
陪審制	バイシンセイ
陪審員	バイシンイン
陪席	バイセキ
陪臣	バイシン
陪観	バイカン
陪食	バイショク
陰々	インイン
陰うつ	インウツ
陰のう	インノウ
陰ひなた	カゲヒナタ
陰り	カゲリ
陰る	カゲル
陰イオン	インイオン
陰乾	カゲボシ
陰乾し	カゲボシ
陰刻	インコク
陰口	カゲグチ
陰唇	インシン
陰圧	インアツ
陰干	カゲボシ
陰干し	カゲボシ
陰影	インエイ
陰徳	イントク
陰性	インセイ
陰性反応	インセイハンノウ
陰惨	インサン
陰文	インブン
陰日向	カゲヒナタ
陰晴	インセイ
陰暦	インレキ
陰極	インキョク
陰極線	インキョクセン
陰樹	インジュ
陰欝	インウツ
陰毛	インモウ
陰気	インキ
陰湿	インシツ
陰爻	インコウ
陰画	インガ
陰祭	カゲマツリ
陰祭り	カゲマツリ
陰線	インセン
陰翳	インエイ
陰膳	カゲゼン
陰茎骨	インケイコツ
陰萎	インイ
陰蔽	インペイ
陰裂	インレツ
陰言	カゲゴト
陰語	インゴ
陰謀	インボウ
陰謀家	インボウカ
陰謀説	インボウセツ
陰部	インブ
陰金	インキン
陰門	インモン
陰間	カゲマ
陰阜	インプ
陰陰	インイン
陰険	インケン
陰陽暦	インヨウレキ
陰電子	インデンシ
陰電気	インデンキ
陰鬱	インウツ
陳ねこびる	ヒネコビル
陳ねる	ヒネル
陳べる	ノベル
陳列	チンレツ
陳列棚	チンレツダナ
陳列窓	チンレツマド
陳弁	チンベン
陳情	チンジョウ
陳情書	チンジョウショ
陳皮	チンピ
陳腐	チンプ
陳腐化	チンプカ
陳謝	チンシャ
陳述	チンジュツ
陳述書	チンジュツショ
陵墓	リョウボ
陵虐	リョウギャク
陵辱	リョウジョク
陵駕	リョウガ
陶冶	トウヤ
陶土	トウド
陶工	トウコウ
陶枕	トウチン
陶然	トウゼン
陶片	トウヘン
陶片追放	トウヘンツイホウ
陶物	スエモノ
陶画	トウガ
陶砂	ドウサ
陶磁	トウジ
陶磁器	トウジキ
陶芸	トウゲイ
陶芸家	トウゲイカ
陶製	トウセイ
陶酔	トウスイ
陸あげ	リクアゲ
陸っぱり	オカッパリ
陸でなし	ロクデナシ
陸上	リクジョウ
陸上げ	リクアゲ
陸上部	リクジョウブ
陸亀	リクガメ
陸側	リクガワ
陸兵	リクヘイ
陸半球	リクハンキュウ
陸地	リクチ
陸塊	リクカイ
陸士	リクシ
陸封	リクフウ
陸将	リクショウ
陸将補	リクショウホ
陸尺	ロクシャク
陸屋根	ロクヤネ
陸岸	リクガン
陸戦	リクセン
陸揚げ	リクアゲ
陸曹	リクソウ
陸棲	リクセイ
陸標	リクヒョウ
陸水	リクスイ
陸水学	リクスイガク
陸海空	リクカイクウ
陸海空軍	リクカイクウグン
陸海軍	リクカイグン
陸湯	オカユ
陸生	リクセイ
陸産	リクサン
陸産物	リクサンブツ
陸相	リクショウ
陸続	リクゾク
陸続き	リクツヅキ
陸繋島	リクケイトウ
陸自	リクジ
陸蒸気	オカジョウキ
陸行	リッコウ
陸貝	リクガイ
陸路	リクロ
陸軍	リクグン
陸軍士官学校	リクグンシカンガッコウ
陸軟風	リクナンプウ
陸送	リクソウ
陸運	リクウン
陸運局	リクウンキョク
陸釣	オカヅリ
陸釣り	オカヅリ
陸離	リクリ
陸鹿尾菜	オカヒジキ
険しい	ケワシイ
険呑	ケンノン
険峻	ケンシュン
険悪	ケンアク
険相	ケンソウ
険路	ケンロ
険阻	ケンソ
陽あたり	ヒアタリ
陽ざし	ヒザシ
陽だまり	ヒダマリ
陽イオン	ヨウイオン
陽光	ヨウコウ
陽刻	ヨウコク
陽動	ヨウドウ
陽圧	ヨウアツ
陽報	ヨウホウ
陽子	ヨウシ
陽射し	ヒザシ
陽差し	ヒザシ
陽当たり	ヒアタリ
陽当り	ヒアタリ
陽性	ヨウセイ
陽数	ヨウスウ
陽明学	ヨウメイガク
陽春	ヨウシュン
陽暦	ヨウレキ
陽根	ヨウコン
陽極	ヨウキョク
陽極線	ヨウキョクセン
陽気	ヨウキ
陽焼け	ヒヤケ
陽爻	ヨウコウ
陽物	ヨウブツ
陽画	ヨウガ
陽線	ヨウセン
陽転	ヨウテン
陽電子	ヨウデンシ
陽電気	ヨウデンキ
隅々	スミズミ
隅っこ	スミッコ
隅柱	スミバシラ
隅肉	スミニク
隅角	グウカク
隅隅	スミズミ
隆々	リュウリュウ
隆昌	リュウショウ
隆替	リュウタイ
隆盛	リュウセイ
隆起	リュウキ
隆運	リュウウン
隆隆	リュウリュウ
隆鼻術	リュウビジュツ
隈々	クマグマ
隈なく	クマナク
隈取	クマドリ
隈取り	クマドリ
隈無く	クマナク
隈笹	クマザサ
隈隈	クマグマ
隊伍	タイゴ
隊列	タイレツ
隊務	タイム
隊員	タイイン
隊商	タイショウ
隊士	タイシ
隊形	タイケイ
隊旗	タイキ
隊服	タイフク
隊舎	タイシャ
隊長	タイチョウ
隋書	ズイショ
階上	カイジョウ
階下	カイカ
階乗	カイジョウ
階位	カイイ
階名	カイメイ
階層	カイソウ
階層分析法	カイソウブンセキホウ
階差	カイサ
階数	カイスウ
階梯	カイテイ
階段	カイダン
階段室	カイダンシツ
階級	カイキュウ
階調	カイチョウ
階高	カイダカ
随える	シタガエル
随伴	ズイハン
随処	ズイショ
随分	ズイブン
随員	ズイイン
随喜	ズイキ
随従	ズイジュウ
随想	ズイソウ
随意契約	ズイイケイヤク
随意筋	ズイイキン
随感	ズイカン
随所	ズイショ
随時	ズイジ
随筆	ズイヒツ
随筆家	ズイヒツカ
随行	ズイコウ
随順	ズイジュン
隔たり	ヘダタリ
隔たる	ヘダタル
隔つ	ヘダツ
隔て	ヘダテ
隔てる	ヘダテル
隔り	ヘダタリ
隔世	カクセイ
隔壁	カクヘキ
隔年	カクネン
隔意	カクイ
隔月	カクゲツ
隔絶	カクゼツ
隔膜	カクマク
隔週	カクシュウ
隔離	カクリ
隕星	インセイ
隕石	インセキ
隕鉄	インテツ
隘路	アイロ
隙き間	スキマ
隙取る	ヒマドル
隙見	スキミ
隙間	スキマ
隙間時間	スキマジカン
隙間産業	スキマサンギョウ
隙間風	スキマカゼ
際する	サイスル
際だつ	キワダツ
際どい	キワドイ
際会	サイカイ
際涯	サイガイ
際物	キワモノ
際疾い	キワドイ
際立つ	キワダツ
際限	サイゲン
障がい	ショウガイ
障がい者	ショウガイシャ
障む	ツツム
障る	サワル
障壁	ショウヘキ
障壁画	ショウヘキガ
障子	ショウジ
障子紙	ショウジガミ
障害	ショウガイ
障害児	ショウガイジ
障害年金	ショウガイネンキン
障害物	ショウガイブツ
障害者	ショウガイシャ
障害者基本法	ショウガイシャキホンホウ
障害者差別	ショウガイシャサベツ
障害者自立支援法	ショウガイシャジリツシエンホウ
障害者雇用促進法	ショウガイシャコヨウソクシンホウ
障屏	ショウヘイ
障泥烏賊	アオリイカ
障碍者	ショウガイシャ
隠しだて	カクシダテ
隠し味	カクシアジ
隠し場所	カクシバショ
隠し子	カクシゴ
隠し戸	カクシド
隠し所	カクシドコロ
隠し扉	カクシトビラ
隠し持つ	カクシモツ
隠し撮り	カクシドリ
隠し玉	カクシダマ
隠し球	カクシダマ
隠し田	カクシダ
隠し縫い	カクシヌイ
隠し芸	カクシゲイ
隠し言葉	カクシコトバ
隠し部屋	カクシベヤ
隠し金	カクシガネ
隠し釘	カクシクギ
隠し録り	カクシドリ
隠し題	カクシダイ
隠す	カクス
隠とん	イントン
隠ぺい	インペイ
隠れひそむ	カクレヒソム
隠れみの	カクレミノ
隠れる	カクレル
隠れんぼ	カクレンボ
隠れキャラ	カクレキャラ
隠れ住む	カクレスム
隠れ場	カクレバ
隠れ潜む	カクレヒソム
隠れ笠	カクレガサ
隠れ蓑	カクレミノ
隠れ身	カクレミ
隠れ里	カクレザト
隠れ鬼	カクレオニ
隠亡	オンボウ
隠元	インゲン
隠元豆	インゲンマメ
隠処	カクレガ
隠匿	イントク
隠喩	インユ
隠坊	オンボウ
隠士	インシ
隠宅	インタク
隠密	オンミツ
隠居	インキョ
隠微	インビ
隠忍	インニン
隠栖	インセイ
隠棲	インセイ
隠滅	インメツ
隠然	インゼン
隠秘	インピ
隠翅虫	ハネカクシ
隠者	インジャ
隠花植物	インカショクブツ
隠蔽	インペイ
隠見	インケン
隠語	インゴ
隠謀	インボウ
隠退	インタイ
隠逸	インイツ
隠遁	イントン
隠避	インピ
隠顕	インケン
隣り	トナリ
隣りあう	トナリアウ
隣りあわせ	トナリアワセ
隣り合せ	トナリアワセ
隣り合わせ	トナリアワセ
隣り合わせる	トナリアワセル
隣り組	トナリグミ
隣る	トナル
隣人	リンジン
隣人愛	リンジンアイ
隣保	リンポ
隣合せ	トナリアワセ
隣合わせ	トナリアワセ
隣地	リンチ
隣室	リンシツ
隣家	リンカ
隣市	リンシ
隣席	リンセキ
隣戸	リンコ
隣接	リンセツ
隣町	トナリマチ
隣県	リンケン
隣組	トナリグミ
隣辺	リンペン
隣邦	リンポウ
隨筆	ズイヒツ
隷下	レイカ
隷属	レイゾク
隷従	レイジュウ
隷書	レイショ
隻句	セック
隻影	セキエイ
隻手	セキシュ
隻眼	セキガン
隻脚	セッキャク
隻腕	セキワン
隻語	セキゴ
隼人瓜	ハヤトウリ
雀卓	ジャンタク
雀卵斑	ジャクランハン
雀士	ジャンシ
雀斑	ソバカス
雀榕	アコウ
雀羅	ジャクラ
雀色	スズメイロ
雀荘	ジャンソウ
雀蛾	スズメガ
雀蜂	スズメバチ
雀躍	ジャクヤク
雀鯛	スズメダイ
雀鷹	ツミ
雁が音	カリガネ
雁字搦め	ガンジガラメ
雁擬き	ガンモドキ
雁書	ガンショ
雁木	ガンギ
雁皮	ガンピ
雁皮紙	ガンピシ
雁股	カリマタ
雁行	ガンコウ
雁金草	カリガネソウ
雄々しい	オオシイ
雄しべ	オシベ
雄たけび	オタケビ
雄偉	ユウイ
雄勁	ユウケイ
雄図	ユウト
雄壮	ユウソウ
雄大	ユウダイ
雄姿	ユウシ
雄弁	ユウベン
雄志	ユウシ
雄性	ユウセイ
雄木	オギ
雄松	オマツ
雄株	オカブ
雄渾	ユウコン
雄滝	オダキ
雄猿	オスザル
雄町	オマチ
雄竹	オダケ
雄篇	ユウヘン
雄編	ユウヘン
雄藩	ユウハン
雄視	ユウシ
雄豚	オスブタ
雄途	ユウト
雄雄しい	オオシイ
雄風	ユウフウ
雄飛	ユウヒ
雄鳥	オンドリ
雄鶏	オンドリ
雄黄	ユウオウ
雅び	ミヤビ
雅びやか	ミヤビヤカ
雅やか	ミヤビヤカ
雅俗	ガゾク
雅兄	ガケイ
雅号	ガゴウ
雅味	ガミ
雅文	ガブン
雅楽	ガガク
雅称	ガショウ
雅致	ガチ
雅言	ガゲン
雅語	ガゴ
雅趣	ガシュ
雅量	ガリョウ
雅馴	ガジュン
集う	ツドウ
集く	スダク
集じん	シュウジン
集じん機	シュウジンキ
集まり	アツマリ
集まる	アツマル
集まれ	アツマレ
集め	アツメ
集める	アツメル
集中	シュウチュウ
集中力	シュウチュウリョク
集中型	シュウチュウガタ
集中治療	シュウチュウチリョウ
集中治療室	シュウチュウチリョウシツ
集中的	シュウチュウテキ
集会	シュウカイ
集住	シュウジュウ
集光	シュウコウ
集光器	シュウコウキ
集取	シュウシュ
集合	シュウゴウ
集合住宅	シュウゴウジュウタク
集合体	シュウゴウタイ
集合的	シュウゴウテキ
集合論	シュウゴウロン
集団	シュウダン
集団免疫	シュウダンメンエキ
集団検診	シュウダンケンシン
集団的	シュウダンテキ
集団訴訟	シュウダンソショウ
集塵	シュウジン
集塵機	シュウジンキ
集大成	シュウタイセイ
集客	シュウキャク
集客力	シュウキャクリョク
集居	シュウキョ
集成	シュウセイ
集成材	シュウセイザイ
集散	シュウサン
集散地	シュウサンチ
集村	シュウソン
集束	シュウソク
集権	シュウケン
集票	シュウヒョウ
集積	シュウセキ
集積回路	シュウセキカイロ
集積点	シュウセキテン
集約	シュウヤク
集約的	シュウヤクテキ
集結	シュウケツ
集英	シュウエイ
集荷	シュウカ
集落	シュウラク
集計	シュウケイ
集計結果	シュウケイケッカ
集諦	ジッタイ
集貨	シュウカ
集配	シュウハイ
集金	シュウキン
集金人	シュウキンニン
集録	シュウロク
集音	シュウオン
集魚灯	シュウギョトウ
雇い	ヤトイ
雇い主	ヤトイヌシ
雇い人	ヤトイニン
雇い入れ	ヤトイイレ
雇い入れる	ヤトイイレル
雇い止め	ヤトイドメ
雇う	ヤトウ
雇われ	ヤトワレ
雇主	ヤトイヌシ
雇人	ヤトイニン
雇傭	コヨウ
雇入	ヤトイイレ
雇入れ	ヤトイイレ
雇員	コイン
雇止め	ヤトイドメ
雇用	コヨウ
雇用主	コヨウヌシ
雇用保険	コヨウホケン
雇用保険被保険者証	コヨウホケンヒホケンシャショウ
雇用契約	コヨウケイヤク
雇用形態	コヨウケイタイ
雇用期間	コヨウキカン
雇用機会	コヨウキカイ
雇用者	コヨウシャ
雇用証明書	コヨウショウメイショ
雇用調整	コヨウチョウセイ
雇用調整助成金	コヨウチョウセイジョセイキン
雇調金	コチョウキン
雉猫	キジネコ
雉笛	キジブエ
雉鳩	キジバト
雌しべ	メシベ
雌伏	シフク
雌性	シセイ
雌木	メギ
雌松	メマツ
雌株	メカブ
雌滝	メダキ
雌竹	メダケ
雌豹	メヒョウ
雌雄	シユウ
雌鳥	メンドリ
雑ざる	マザル
雑じる	マジル
雑ぜっ返す	マゼッカエス
雑ぜる	マゼル
雑ぜ返す	マゼカエス
雑ぱく	ザッパク
雑交	ザッコウ
雑人	ゾウニン
雑件	ザッケン
雑伎	ザツギ
雑俳	ザッパイ
雑則	ザッソク
雑務	ザツム
雑味	ザツミ
雑品	ザッピン
雑嚢	ザツノウ
雑報	ザッポウ
雑多	ザッタ
雑婚	ザッコン
雑居	ザッキョ
雑巾	ゾウキン
雑巾がけ	ゾウキンガケ
雑布	ゾウキン
雑念	ザツネン
雑感	ザッカン
雑所得	ザツショトク
雑技	ザツギ
雑文	ザツブン
雑曲	ザッキョク
雑書	ザッショ
雑株	ザツカブ
雑沓	ザットウ
雑炊	ゾウスイ
雑然	ザツゼン
雑煮	ゾウニ
雑犬	ザッケン
雑益	ザツエキ
雑砕	チャプスイ
雑税	ザツゼイ
雑種	ザッシュ
雑種犬	ザッシュケン
雑穀	ザッコク
雑節	ザッセツ
雑纂	ザッサン
雑草	ザッソウ
雑菌	ザッキン
雑著	ザッチョ
雑観	ザッカン
雑記	ザッキ
雑記帳	ザッキチョウ
雑話	ザツワ
雑誌	ザッシ
雑貨	ザッカ
雑貨屋	ザッカヤ
雑貨店	ザッカテン
雑費	ザッピ
雑踏	ザットウ
雑録	ザツロク
雑音	ザツオン
雑題	ザツダイ
雑食	ザッショク
雑食系	ザッショクケイ
雑駁	ザッパク
雑鬧	ザットウ
雑魚寝	ザコネ
雛あられ	ヒナアラレ
雛の錫杖	ヒナノシャクジョウ
雛人形	ヒナニンギョウ
雛僧	スウソウ
雛型	ヒナガタ
雛壇	ヒナダン
雛妓	スウギ
雛形	ヒナガタ
雛段	ヒナダン
雛祭	ヒナマツリ
雛祭り	ヒナマツリ
雛芥子	ヒナゲシ
雛菊	ヒナギク
雛菓子	ヒナガシ
雛蝙蝠	ヒナコウモリ
雛豆	ヒヨコマメ
雛遊び	ヒナアソビ
雛霰	ヒナアラレ
雛鳥	ヒナドリ
離す	ハナス
離ればなれ	ハナレバナレ
離れる	ハナレル
離れ去る	ハナレサル
離れ家	ハナレヤ
離れ島	ハナレジマ
離れ技	ハナレワザ
離れ業	ハナレワザ
離乳	リニュウ
離乳食	リニュウショク
離京	リキョウ
離人症	リジンショウ
離任	リニン
離党	リトウ
離党届	リトウトドケ
離別	リベツ
離反	リハン
離叛	リハン
離合	リゴウ
離型剤	リケイザイ
離塁	リルイ
離婚	リコン
離婚届	リコントドケ
離宮	リキュウ
離宴	リエン
離山	リザン
離岸	リガン
離岸流	リガンリュウ
離島	リトウ
離席	リセキ
離席中	リセキチュウ
離床	リショウ
離弁	リベン
離心率	リシンリツ
離愁	リシュウ
離散	リサン
離断	リダン
離日	リニチ
離昇	リショウ
離村	リソン
離水	リスイ
離活	リカツ
離発着	リハッチャク
離着陸	リチャクリク
離礁	リショウ
離筵	リエン
離籍	リセキ
離縁	リエン
離縁状	リエンジョウ
離群	リグン
離職	リショク
離職率	リショクリツ
離職票	リショクヒョウ
離職者	リショクシャ
離脱	リダツ
離船	リセン
離苦	リク
離角	リカク
離農	リノウ
離郷	リキョウ
離間	リカン
離陸	リリク
離隔	リカク
離魂	リコン
難しさ	ムズカシサ
難じる	ナンジル
難ずる	ナンズル
難なく	ナンナク
難事	ナンジ
難事件	ナンジケン
難件	ナンケン
難儀	ナンギ
難句	ナンク
難問	ナンモン
難問題	ナンモンダイ
難場	ナンバ
難字	ナンジ
難局	ナンキョク
難平	ナンピン
難度	ナンド
難役	ナンヤク
難所	ナンショ
難攻不落	ナンコウフラク
難敵	ナンテキ
難文	ナンブン
難易	ナンイ
難易度	ナンイド
難曲	ナンキョク
難民	ナンミン
難渋	ナンジュウ
難点	ナンテン
難燃剤	ナンネンザイ
難燃性	ナンネンセイ
難物	ナンブツ
難産	ナンザン
難病	ナンビョウ
難症	ナンショウ
難癖	ナンクセ
難破	ナンパ
難破船	ナンパセン
難義	ナンギ
難聴	ナンチョウ
難聴者	ナンチョウシャ
難航	ナンコウ
難船	ナンセン
難色	ナンショク
難行	ナンギョウ
難行苦行	ナンギョウクギョウ
難行道	ナンギョウドウ
難解	ナンカイ
難訓	ナンクン
難詰	ナンキツ
難語	ナンゴ
難読	ナンドク
難路	ナンロ
難関	ナンカン
難題	ナンダイ
雨あい	アマアイ
雨あられ	アメアラレ
雨がえる	アマガエル
雨がっぱ	アマガッパ
雨ごい	アマゴイ
雨ざらし	アマザラシ
雨しょぼ	アメショボ
雨だれ	アマダレ
雨どい	アマドイ
雨ふり	アメフリ
雨もり	アマモリ
雨やどり	アマヤドリ
雨よけ	アマヨケ
雨ガッパ	アマガッパ
雨下	ウカ
雨中	ウチュウ
雨乞い	アマゴイ
雨傘	アマガサ
雨傘蛇	アマガサヘビ
雨具	アマグ
雨合羽	アマガッパ
雨垂れ	アマダレ
雨域	ウイキ
雨声	ウセイ
雨外套	アマガイトウ
雨天	ウテン
雨女	アメオンナ
雨季	ウキ
雨宿り	アマヤドリ
雨後	ウゴ
雨戸	アマド
雨支度	アマジタク
雨曇	アマグモリ
雨曇り	アマグモリ
雨曝し	アマザラシ
雨月	ウゲツ
雨期	ウキ
雨林	ウリン
雨樋	アマドイ
雨氷	ウヒョウ
雨注	ウチュウ
雨混じり	アメマジリ
雨滴	ウテキ
雨漏り	アマモリ
雨燕	アマツバメ
雨男	アメオトコ
雨着	アマギ
雨空	アマゾラ
雨笠	アマガサ
雨蛙	アマガエル
雨覆い	アマオオイ
雨避け	アマヨケ
雨量	ウリョウ
雨量計	ウリョウケイ
雨降らし	アメフラシ
雨降り	アメフリ
雨除け	アマヨケ
雨障子	アマショウジ
雨雲	アマグモ
雨霰	アメアラレ
雨靴	アマグツ
雨音	アマオト
雪あかり	ユキアカリ
雪うさぎ	ユキウサギ
雪おろし	ユキオロシ
雪かき	ユキカキ
雪ぐつ	ユキグツ
雪しろ	ユキシロ
雪だま	ユキダマ
雪だるま	ユキダルマ
雪だるま式	ユキダルマシキ
雪どけ	ユキドケ
雪の下	ユキノシタ
雪まじり	ユキマジリ
雪まつり	ユキマツリ
雪もよい	ユキモヨイ
雪よけ	ユキヨケ
雪ん子	ユキンコ
雪ウサギ	ユキウサギ
雪ダルマ	ユキダルマ
雪上	セツジョウ
雪上車	セツジョウシャ
雪下ろし	ユキオロシ
雪中	セッチュウ
雪代	ユキシロ
雪催い	ユキモヨイ
雪像	セツゾウ
雪兎	ユキウサギ
雪冤	セツエン
雪割	ユキワリ
雪割草	ユキワリソウ
雪化粧	ユキゲショウ
雪原	セツゲン
雪合戦	ユキガッセン
雪囲い	ユキガコイ
雪国	ユキグニ
雪女	ユキオンナ
雪娘	ユキムスメ
雪害	セツガイ
雪崩	ナダレ
雪崩れ	ナダレ
雪崩れる	ナダレル
雪崩れ込む	ナダレコム
雪崩込む	ナダレコム
雪嵐	ユキアラシ
雪嶺	セツレイ
雪平	ユキヒラ
雪投げ	ユキナゲ
雪折れ	ユキオレ
雪持	ユキモチ
雪持ち	ユキモチ
雪掻き	ユキカキ
雪搔き	ユキカキ
雪明かり	ユキアカリ
雪明り	ユキアカリ
雪景	セッケイ
雪景色	ユキゲシキ
雪晴れ	ユキバレ
雪曇り	ユキグモリ
雪柳	ユキヤナギ
雪椿	ユキツバキ
雪模様	ユキモヨウ
雪止め	ユキドメ
雪水	ユキミズ
雪氷圏	セッピョウケン
雪氷学	セッピョウガク
雪沓	ユキグツ
雪消	ユキゲ
雪消え	ユキギエ
雪深い	ユキブカイ
雪混じり	ユキマジリ
雪渓	セッケイ
雪溶け	ユキドケ
雪焼け	ユキヤケ
雪煙	ユキケムリ
雪片	セッペン
雪玉	ユキダマ
雪男	ユキオトコ
雪盲	セツモウ
雪祭り	ユキマツリ
雪空	ユキゾラ
雪笹	ユキザサ
雪線	セッセン
雪腹	ユキバラ
雪虫	ユキムシ
雪蝕	セッショク
雪融け	ユキドケ
雪袴	ユキバカマ
雪見	ユキミ
雪解け	ユキドケ
雪豹	ユキヒョウ
雪起こし	ユキオコシ
雪起し	ユキオコシ
雪踏	セッタ
雪踏み	ユキフミ
雪輪	ユキワ
雪辱	セツジョク
雪遊び	ユキアソビ
雪達磨	ユキダルマ
雪達磨式	ユキダルマシキ
雪間	ユキマ
雪降り	ユキフリ
雪除け	ユキヨケ
雪雪崩	ユキナダレ
雪雲	ユキグモ
雪霰	ユキアラレ
雪面	セツメン
雪靴	ユキグツ
雪食	セッショク
雪鳥	ユキドリ
雲の上	クモノウエ
雲の峰	クモノミネ
雲ゆき	クモユキ
雲丹	ウニ
雲井	クモイ
雲切れ	クモギレ
雲助	クモスケ
雲助根性	クモスケコンジョウ
雲合い	クモアイ
雲呑	ワンタン
雲壌	ウンジョウ
雲客	ウンカク
雲居	クモイ
雲底	ウンテイ
雲散	ウンサン
雲梯	ウンテイ
雲気	ウンキ
雲泥	ウンデイ
雲海	ウンカイ
雲烟	ウンエン
雲煙	ウンエン
雲珠	ウズ
雲竜型	ウンリュウガタ
雲竜水	ウンリュウスイ
雲級	ウンキュウ
雲脂	フケ
雲行き	クモユキ
雲表	ウンピョウ
雲足	クモアシ
雲遊	ウンユウ
雲量	ウンリョウ
雲間	クモマ
雲隠れ	クモガクレ
雲雀	ヒバリ
雲集	ウンシュウ
雲高	ウンコウ
雲龍水	ウンリュウスイ
零し	コボシ
零し話	コボシバナシ
零す	コボス
零れ	コボレ
零れる	コボレル
零れ出す	コボレダス
零れ幸い	コボレザイワイ
零れ種	コボレダネ
零れ落ちる	コボレオチル
零れ話	コボレバナシ
零下	レイカ
零度	レイド
零敗	レイハイ
零本	レイホン
零点	レイテン
零砕	レイサイ
零細	レイサイ
零落	レイラク
雷光	ライコウ
雷公	ライコウ
雷同	ライドウ
雷名	ライメイ
雷撃	ライゲキ
雷火	ライカ
雷烏賊	カミナリイカ
雷獣	ライジュウ
雷管	ライカン
雷親父	カミナリオヤジ
雷雨	ライウ
雷電	ライデン
雷霆	ライテイ
雷鳥	ライチョウ
雷鳴	ライメイ
雹害	ヒョウガイ
電ノコ	デンノコ
電位	デンイ
電位差	デンイサ
電位差計	デンイサケイ
電位計	デンイケイ
電信	デンシン
電信柱	デンシンバシラ
電信機	デンシンキ
電停	デンテイ
電光	デンコウ
電光石火	デンコウセッカ
電力	デンリョク
電力債	デンリョクサイ
電力計	デンリョクケイ
電力量	デンリョクリョウ
電動	デンドウ
電動のこぎり	デンドウノコギリ
電動アシスト自転車	デンドウアシストジテンシャ
電動キックボード	デンドウキックボード
電動ノコギリ	デンドウノコギリ
電動化	デンドウカ
電動機	デンドウキ
電動自転車	デンドウジテンシャ
電動車	デンドウシャ
電動鋸	デンドウノコギリ
電化	デンカ
電卓	デンタク
電器	デンキ
電圧	デンアツ
電圧計	デンアツケイ
電報	デンポウ
電子	デンシ
電子チケット	デンシチケット
電子データ	デンシデータ
電子マネー	デンシマネー
電子メール	デンシメール
電子化	デンシカ
電子商取引	デンシショウトリヒキ
電子工学	デンシコウガク
電子戦	デンシセン
電子決済	デンシケッサイ
電子申告	デンシシンコク
電子管	デンシカン
電子線	デンシセン
電子署名	デンシショメイ
電子計算機	デンシケイサンキ
電子証明書	デンシショウメイショ
電子通貨	デンシツウカ
電子銃	デンシジュウ
電導	デンドウ
電工	デンコウ
電弧	デンコ
電影	デンエイ
電探	デンタン
電撃	デンゲキ
電撃戦	デンゲキセン
電文	デンブン
電束	デンソク
電柱	デンチュウ
電極	デンキョク
電機	デンキ
電機子	デンキシ
電気	デンキ
電気かみそり	デンキカミソリ
電気カミソリ	デンキカミソリ
電気ギター	デンキギター
電気代	デンキダイ
電気分解	デンキブンカイ
電気剃刀	デンキカミソリ
電気料金	デンキリョウキン
電気炉	デンキロ
電気盆	デンキボン
電気石	デンキセキ
電気量	デンキリョウ
電気釜	デンキガマ
電気鯰	デンキナマズ
電気鰻	デンキウナギ
電氣	デンキ
電池	デンチ
電波	デンパ
電波塔	デンパトウ
電波法	デンパホウ
電流	デンリュウ
電流計	デンリュウケイ
電源	デンゲン
電源タップ	デンゲンタップ
電源車	デンゲンシャ
電灯	デントウ
電炉	デンロ
電熱	デンネツ
電熱器	デンネツキ
電燈	デントウ
電球	デンキュウ
電界	デンカイ
電略	デンリャク
電磁	デンジ
電磁力	デンジリョク
電磁場	デンジバ
電磁気	デンジキ
電磁波	デンジハ
電磁的	デンジテキ
電磁的記録	デンジテキキロク
電磁石	デンジシャク
電磁調理器	デンジチョウリキ
電算機	デンサンキ
電網	デンモウ
電線	デンセン
電纜	デンラン
電脳	デンノウ
電脳空間	デンノウクウカン
電荷	デンカ
電蓄	デンチク
電装	デンソウ
電視	デンシ
電解	デンカイ
電解槽	デンカイソウ
電解水	デンカイスイ
電解液	デンカイエキ
電解質	デンカイシツ
電話	デンワ
電話交換手	デンワコウカンシュ
電話代	デンワダイ
電話会議	デンワカイギ
電話口	デンワグチ
電話局	デンワキョク
電話帳	デンワチョウ
電話料金	デンワリョウキン
電話機	デンワキ
電話番号	デンワバンゴウ
電話網	デンワモウ
電話線	デンワセン
電請	デンセイ
電路	デンロ
電車	デンシャ
電車代	デンシャダイ
電車区	デンシャク
電車賃	デンシャチン
電送	デンソウ
電鈴	デンレイ
電鉄	デンテツ
電鍵	デンケン
電離	デンリ
電離圏	デンリケン
電離層	デンリソウ
電顕	デンケン
電食	デンショク
電飾	デンショク
需め	モトメ
需品	ジュヒン
需品科	ジュヒンカ
需用	ジュヨウ
需給	ジュキュウ
需要	ジュヨウ
霄壌	ショウジョウ
震いつく	フルイツク
震い付く	フルイツク
震う	フルウ
震え	フルエ
震えあがる	フルエアガル
震える	フルエル
震え上がる	フルエアガル
震え声	フルエゴエ
震え音	フルエオン
震かん	シンカン
震とう	シントウ
震れる	フレル
震わす	フルワス
震わせる	フルワセル
震動	シンドウ
震天動地	シンテンドウチ
震央	シンオウ
震幅	シンプク
震度	シンド
震撼	シンカン
震源	シンゲン
震源地	シンゲンチ
震源域	シンゲンイキ
震災	シンサイ
震盪	シントウ
震音	シンオン
震顫	シンセン
震駭	シンガイ
霊きゅう	レイキュウ
霊位	レイイ
霊体	レイタイ
霊前	レイゼン
霊剣	レイケン
霊力	レイリョク
霊台	レイダイ
霊名	レイメイ
霊園	レイエン
霊地	レイチ
霊域	レイイキ
霊場	レイジョウ
霊夢	レイム
霊妙	レイミョウ
霊威	レイイ
霊媒	レイバイ
霊媒師	レイバイシ
霊安室	レイアンシツ
霊宝	レイホウ
霊屋	タマヤ
霊山	レイザン
霊峰	レイホウ
霊廟	レイビョウ
霊徳	レイトク
霊性	レイセイ
霊感	レイカン
霊智	レイチ
霊木	レイボク
霊柩	レイキュウ
霊柩車	レイキュウシャ
霊歌	レイカ
霊気	レイキ
霊水	レイスイ
霊泉	レイセン
霊液	レイエキ
霊狐	レイコ
霊猫	レイビョウ
霊獣	レイジュウ
霊璽	レイジ
霊界	レイカイ
霊的	レイテキ
霊知	レイチ
霊示	レイジ
霊神	レイジン
霊祭り	タママツリ
霊符	レイフ
霊肉	レイニク
霊能	レイノウ
霊能力	レイノウリョク
霊能者	レイノウシャ
霊芝	レイシ
霊苑	レイエン
霊草	レイソウ
霊薬	レイヤク
霊視	レイシ
霊迎え	タマムカエ
霊送り	タマオクリ
霊長	レイチョウ
霊長類	レイチョウルイ
霊障	レイショウ
霊魂	レイコン
霊鳥	レイチョウ
霍乱	カクラン
霍公鳥	ホトトギス
霏々	ヒヒ
霏霏	ヒヒ
霖雨	リンウ
霙鍋	ミゾレナベ
霜よけ	シモヨケ
霜取り	シモトリ
霜囲い	シモガコイ
霜夜	シモヨ
霜害	ソウガイ
霜枯れ	シモガレ
霜枯れる	シモガレル
霜柱	シモバシラ
霜焼	シモヤケ
霜焼け	シモヤケ
霜解け	シモドケ
霜降り	シモフリ
霜除け	シモヨケ
霞む	カスム
霞堤	カスミテイ
霞目	カスミメ
霞網	カスミアミ
霞草	カスミソウ
霧中	ムチュウ
霧吹き	キリフキ
霧散	ムサン
霧氷	ムヒョウ
霧消	ムショウ
霧灯	ムトウ
霧笛	ムテキ
霧箱	キリバコ
霧雲	キリグモ
霰弾	サンダン
露わ	アラワ
露人	ロジン
露光	ロコウ
露出	ロシュツ
露出度	ロシュツド
露出狂	ロシュツキョウ
露出症	ロシュツショウ
露出計	ロシュツケイ
露助	ロスケ
露台	ロダイ
露呈	ロテイ
露命	ロメイ
露営	ロエイ
露地	ロジ
露坐	ロザ
露場	ロジョウ
露天	ロテン
露天商	ロテンショウ
露天風呂	ロテンブロ
露宿	ロシュク
露岩	ロガン
露店	ロテン
露座	ロザ
露悪	ロアク
露払い	ツユハライ
露日	ロニチ
露点	ロテン
露点計	ロテンケイ
露盤	ロバン
露草	ツユクサ
露見	ロケン
露語	ロゴ
露路	ロジ
露都	ロト
露里	ロリ
露頭	ロトウ
露顕	ロケン
露骨	ロコツ
霹靂	ヘキレキ
霽れ	ハレ
霽れる	ハレル
靄る	モヤル
靄靆	アイタイ
靉靆	アイタイ
青々	アオアオ
青あざ	アオアザ
青い	アオイ
青えんどう	アオエンドウ
青かび	アオカビ
青かん	アオカン
青くさい	アオクサイ
青ざめる	アオザメル
青し	アオシ
青じそ	アオジソ
青じろい	アオジロイ
青すじ	アオスジ
青そこひ	アオソコヒ
青たん	アオタン
青っ洟	アオッパナ
青ねぎ	アオネギ
青のり	アオノリ
青ばな	アオバナ
青ひげ	アオヒゲ
青びょうたん	アオビョウタン
青ぶくれ	アオブクレ
青み	アオミ
青みどろ	アオミドロ
青アザ	アオアザ
青エンドウ	アオエンドウ
青カビ	アオカビ
青ジソ	アオジソ
青タン	アオタン
青ネギ	アオネギ
青ヒゲ	アオヒゲ
青二才	アオニサイ
青信号	アオシンゴウ
青光り	アオビカリ
青写真	アオジャシン
青史	セイシ
青味	アオミ
青味泥	アオミドロ
青地	アオジ
青大将	アオダイショウ
青天	セイテン
青天井	アオテンジョウ
青天白日	セイテンハクジツ
青姦	アオカン
青字	アオジ
青少年	セイショウネン
青年	セイネン
青年団	セイネンダン
青年期	セイネンキ
青底翳	アオソコヒ
青息	アオイキ
青懸巣	アオカケス
青房	アオブサ
青春	セイシュン
青春期	セイシュンキ
青書	セイショ
青木	アオキ
青札	アオフダ
青松	セイショウ
青松虫	アオマツムシ
青果	セイカ
青果物	セイカブツ
青柚子	アオユズ
青梅	アオウメ
青梗菜	チンゲンサイ
青楼	セイロウ
青毛	アオゲ
青汁	アオジル
青洟	アオバナ
青海原	アオウナバラ
青海苔	アオノリ
青潮	アオシオ
青焼き	アオヤキ
青物	アオモノ
青玉	セイギョク
青瓢箪	アオビョウタン
青瓢簞	アオビョウタン
青田	アオタ
青田買い	アオタガイ
青畳	アオダタミ
青痣	アオアザ
青白い	アオジロイ
青矢柄	アオヤガラ
青磁色	セイジイロ
青票	セイヒョウ
青空	アオゾラ
青立ち	アオダチ
青竜刀	セイリュウトウ
青筋	アオスジ
青粉	アオコ
青紅葉	アオモミジ
青紫	アオムラサキ
青紫蘇	アオジソ
青組	アオグミ
青線	アオセン
青脹れ	アオブクレ
青膨れ	アオブクレ
青臭い	アオクサイ
青色申告	アオイロシンコク
青苧	アオソ
青菜	アオナ
青葉	アオバ
青葱	アオネギ
青藍	セイラン
青虫	アオムシ
青蛙	アオガエル
青褪める	アオザメル
青豆	アオマメ
青豌豆	アオエンドウ
青貝	アオガイ
青身	アオミ
青酸	セイサン
青酸カリ	セイサンカリ
青鈍	アオニビ
青銅	セイドウ
青銅器	セイドウキ
青青	アオアオ
青馬	アオウマ
青髭	アオヒゲ
青髯	アオヒゲ
青鬼	アオオニ
青鮫	アオザメ
青鳩	アオバト
青鷺	アオサギ
青鸞	セイラン
青鹿毛	アオカゲ
青麻	アオソ
青黒い	アオグロイ
青黛	セイタイ
青黴	アオカビ
青鼻	アオバナ
静々	シズシズ
静か	シズカ
静けさ	シズケサ
静けし	シズケシ
静ひつ	セイヒツ
静まりかえる	シズマリカエル
静まり返る	シズマリカエル
静まる	シズマル
静める	シズメル
静力学	セイリキガク
静坐	セイザ
静定	セイテイ
静寧	セイネイ
静座	セイザ
静思	セイシ
静態	セイタイ
静止	セイシ
静止画	セイシガ
静止衛星	セイシエイセイ
静注	ジョウチュウ
静物	セイブツ
静物画	セイブツガ
静的	セイテキ
静穏	セイオン
静粛	セイシュク
静置	セイチ
静聴	セイチョウ
静脈	ジョウミャク
静脈瘤	ジョウミャクリュウ
静脈血	ジョウミャクケツ
静観	セイカン
静謐	セイヒツ
静電	セイデン
静電気	セイデンキ
静静	シズシズ
静音	セイオン
静養	セイヨウ
非上場	ヒジョウジョウ
非人情	ヒニンジョウ
非人道的	ヒジンドウテキ
非公式	ヒコウシキ
非公認	ヒコウニン
非公開	ヒコウカイ
非凡	ヒボン
非加熱製剤	ヒカネツセイザイ
非労働力人口	ヒロウドウリョクジンコウ
非効率	ヒコウリツ
非勢	ヒセイ
非合法	ヒゴウホウ
非合理	ヒゴウリ
非同期	ヒドウキ
非同盟	ヒドウメイ
非命	ヒメイ
非営利	ヒエイリ
非営利団体	ヒエイリダンタイ
非営利組織	ヒエイリソシキ
非国民	ヒコクミン
非売品	ヒバイヒン
非婚	ヒコン
非対応	ヒタイオウ
非対称	ヒタイショウ
非居住者	ヒキョジュウシャ
非常	ヒジョウ
非常ベル	ヒジョウベル
非常事態	ヒジョウジタイ
非常勤	ヒジョウキン
非常勤講師	ヒジョウキンコウシ
非常口	ヒジョウグチ
非常時	ヒジョウジ
非常用	ヒジョウヨウ
非常線	ヒジョウセン
非常袋	ヒジョウブクロ
非常識	ヒジョウシキ
非常階段	ヒジョウカイダン
非常食	ヒジョウショク
非常駐	ヒジョウチュウ
非情	ヒジョウ
非我	ヒガ
非戦	ヒセン
非戦論	ヒセンロン
非才	ヒサイ
非接触	ヒセッショク
非推奨	ヒスイショウ
非政府組織	ヒセイフソシキ
非日常	ヒニチジョウ
非日常性	ヒニチジョウセイ
非時	ヒジ
非晶質	ヒショウシツ
非暴力	ヒボウリョク
非望	ヒボウ
非核	ヒカク
非核化	ヒカクカ
非業	ヒゴウ
非正社員	ヒセイシャイン
非正規	ヒセイキ
非正規労働者	ヒセイキロウドウシャ
非正規雇用	ヒセイキコヨウ
非武装	ヒブソウ
非毀	ヒキ
非現業	ヒゲンギョウ
非理	ヒリ
非生産的	ヒセイサンテキ
非番	ヒバン
非破壊	ヒハカイ
非礼	ヒレイ
非線形	ヒセンケイ
非職	ヒショク
非行	ヒコウ
非表示	ヒヒョウジ
非課税	ヒカゼイ
非識字	ヒシキジ
非議	ヒギ
非運	ヒウン
非道く	ヒドク
非違	ヒイ
非金属	ヒキンゾク
非鉄	ヒテツ
非難	ヒナン
靠れる	モタレル
靡かす	ナビカス
靡く	ナビク
面々	メンメン
面かじ	オモカジ
面くらう	メンクラウ
面ざし	オモザシ
面する	メンスル
面つき	ツラツキ
面はゆい	オモハユイ
面もち	オモモチ
面やつれ	オモヤツレ
面一	ツライチ
面上	メンジョウ
面付き	ツラツキ
面伏せ	オモテブセ
面会	メンカイ
面前	メンゼン
面割り	メンワリ
面取り	メントリ
面喰らう	メンクラウ
面圧	メンアツ
面壁	メンペキ
面変り	オモガワリ
面変わり	オモガワリ
面妖	メンヨウ
面容	メンヨウ
面差	オモザシ
面差し	オモザシ
面当て	ツラアテ
面影	オモカゲ
面忘れ	オモワスレ
面持	オモモチ
面持ち	オモモチ
面接	メンセツ
面接官	メンセツカン
面映い	オモハユイ
面映ゆい	オモハユイ
面晤	メンゴ
面構え	ツラガマエ
面汚し	ツラヨゴシ
面疔	メンチョウ
面白	オモシロ
面白い	オモシロイ
面白おかしい	オモシロオカシイ
面白み	オモシロミ
面白味	オモシロミ
面的	メンテキ
面皮	メンピ
面皰面	ニキビヅラ
面相	メンソウ
面積	メンセキ
面窶れ	オモヤツレ
面立ち	オモダチ
面繋	オモガイ
面罵	メンバ
面舵	オモカジ
面色	メンショク
面詰	メンキツ
面談	メンダン
面謁	メンエツ
面識	メンシキ
面貌	メンボウ
面責	メンセキ
面輪	オモワ
面部	メンブ
面長	オモナガ
面面	メンメン
面食い	メンクイ
面食らう	メンクラウ
面魂	ツラダマシイ
革ひも	カワヒモ
革まる	アラタマル
革める	アラタメル
革ジャン	カワジャン
革パン	カワパン
革偏	カワヘン
革具	カワグ
革包	カバン
革命	カクメイ
革命児	カクメイジ
革命家	カクメイカ
革命歌	カクメイカ
革命的	カクメイテキ
革威	カワオドシ
革帯	カワオビ
革張り	カワバリ
革手袋	カワテブクロ
革新	カクシン
革新派	カクシンハ
革新的	カクシンテキ
革新系	カクシンケイ
革新者	カクシンシャ
革沓	カワグツ
革砥	カワト
革紐	カワヒモ
革細工	カワザイク
革綴	カワトジ
革綴じ	カワトジ
革袋	カワブクロ
革装	カワソウ
革製	カワセイ
革製品	カワセイヒン
革質	カクシツ
革足袋	カワタビ
革鎧	カワヨロイ
革靴	カワグツ
靫葛	ウツボカズラ
靫蔓	ウツボカズラ
靭帯	ジンタイ
靭性	ジンセイ
靭皮	ジンピ
靱帯	ジンタイ
靱性	ジンセイ
靱皮	ジンピ
靴ずれ	クツズレ
靴ひも	クツヒモ
靴べら	クツベラ
靴みがき	クツミガキ
靴ベラ	クツベラ
靴下	クツシタ
靴型	クツガタ
靴墨	クツズミ
靴屋	クツヤ
靴底	クツゾコ
靴擦れ	クツズレ
靴直し	クツナオシ
靴磨き	クツミガキ
靴箱	クツバコ
靴篦	クツベラ
靴紐	クツヒモ
靴脱ぎ	クツヌギ
靴裏	クツウラ
靴足袋	クツタビ
靴跡	クツアト
靴音	クツオト
鞄持ち	カバンモチ
鞅掌	オウショウ
鞍上	アンジョウ
鞍尻	クラジリ
鞍擦れ	クラズレ
鞍替え	クラガエ
鞍部	アンブ
鞍馬	アンバ
鞏固	キョウコ
鞏膜	キョウマク
鞘取	サヤトリ
鞘取り	サヤトリ
鞘味泥	サヤミドロ
鞘堂	サヤドウ
鞘当て	サヤアテ
鞘翅類	ショウシルイ
鞘走る	サヤバシル
鞣し革	ナメシガワ
鞣す	ナメス
鞣皮	ナメシガワ
鞣革	ナメシガワ
鞨鼓	カッコ
鞭打ち	ムチウチ
鞭打つ	ムチウツ
鞭撻	ベンタツ
鞭毛	ベンモウ
鞭虫	ベンチュウ
鞺鞳	トウトウ
韋威	カワオドシ
韋編	イヘン
韓ドラ	カンドラ
韓国ドラマ	カンコクドラマ
韓国人	カンコクジン
韓国学	カンコクガク
韓国語	カンコクゴ
韓日	カンニチ
韓米	カンベイ
韓紅	カラクレナイ
韜晦	トウカイ
韜略	トウリャク
音いろ	ネイロ
音とび	オトトビ
音仮名	オンガナ
音価	オンカ
音便	オンビン
音像	オンゾウ
音写	オンシャ
音列	オンレツ
音割れ	オトワレ
音叉	オンサ
音取	オトドリ
音合せ	オトアワセ
音合わせ	オトアワセ
音名	オンメイ
音吐	オント
音図	オンズ
音圧	オンアツ
音型	オンケイ
音域	オンイキ
音声学	オンセイガク
音大	オンダイ
音字	オンジ
音容	オンヨウ
音引き	オンビキ
音形	オンケイ
音律	オンリツ
音感	オンカン
音数	オンスウ
音曲	オンギョク
音楽	オンガク
音楽史	オンガクシ
音楽堂	オンガクドウ
音楽大学	オンガクダイガク
音楽学	オンガクガク
音楽室	オンガクシツ
音楽性	オンガクセイ
音楽界	オンガクカイ
音楽的	オンガクテキ
音楽祭	オンガクサイ
音楽院	オンガクイン
音楽隊	オンガクタイ
音標	オンピョウ
音標文字	オンピョウモジ
音波	オンパ
音源	オンゲン
音漏れ	オトモレ
音痴	オンチ
音盤	オンバン
音程	オンテイ
音符	オンプ
音節	オンセツ
音素	オンソ
音締	ネジメ
音締め	ネジメ
音義	オンギ
音義説	オンギセツ
音訓	オンクン
音訳	オンヤク
音読	オンドク
音読み	オンヨミ
音調	オンチョウ
音譜	オンプ
音質	オンシツ
音速	オンソク
音量	オンリョウ
音量調節	オンリョウチョウセツ
音階	オンカイ
音韻	オンイン
音韻学	オンインガク
音韻論	オンインロン
音響	オンキョウ
音響効果	オンキョウコウカ
音響学	オンキョウガク
音頭	オンド
音頭取り	オンドトリ
音飛び	オトトビ
音高	オンコウ
韻事	インジ
韻字	インジ
韻尾	インビ
韻律	インリツ
韻文	インブン
韻書	インショ
韻母	インボ
韻脚	インキャク
韻語	インゴ
響かす	ヒビカス
響きあう	ヒビキアウ
響動めき	ドヨメキ
響動めく	ドヨメク
頁岩	ケツガン
頂き	イタダキ
頂きもの	イタダキモノ
頂き物	イタダキモノ
頂く	イタダク
頂ける	イタダケル
頂上	チョウジョウ
頂点	チョウテン
頂礼	チョウライ
頂芽	チョウガ
頂角	チョウカク
頃おい	コロオイ
頃合	コロアイ
頃合い	コロアイ
頃日	ケイジツ
項垂れる	ウナダレル
項番	コウバン
項目	コウモク
項部	コウブ
順々	ジュンジュン
順ぐり	ジュングリ
順ずる	ジュンズル
順不同	ジュンフドウ
順位	ジュンイ
順位戦	ジュンイセン
順光	ジュンコウ
順列	ジュンレツ
順化	ジュンカ
順向	ジュンコウ
順境	ジュンキョウ
順守	ジュンシュ
順序	ジュンジョ
順序数	ジュンジョスウ
順延	ジュンエン
順当	ジュントウ
順手	ジュンテ
順接	ジュンセツ
順次	ジュンジ
順法	ジュンポウ
順番	ジュンバン
順礼	ジュンレイ
順縁	ジュンエン
順繰り	ジュングリ
順良	ジュンリョウ
順調	ジュンチョウ
順路	ジュンロ
順送り	ジュンオクリ
順逆	ジュンギャク
順順	ジュンジュン
順風	ジュンプウ
須らく	スベカラク
須弥壇	シュミダン
須恵器	スエキ
頌する	ショウスル
頌徳	ショウトク
頌春	ショウシュン
頌歌	ショウカ
頌詞	ショウシ
頌詩	ショウシ
預かり	アズカリ
預かり人	アズカリニン
預かり物	アズカリモノ
預かり知る	アズカリシル
預かり証	アズカリショウ
預かり金	アズカリキン
預かる	アズカル
預け	アズケ
預ける	アズケル
預け主	アズケヌシ
預け入れ	アズケイレ
預け入れる	アズケイレル
預け物	アズケモノ
預り	アズカリ
預り人	アズカリニン
預り証	アズカリショウ
預り金	アズカリキン
預入れ	アズケイレ
預血	ヨケツ
預言	ヨゲン
預言者	ヨゲンシャ
預託	ヨタク
預託金	ヨタクキン
預貯金	ヨチョキン
預貸	ヨタイ
預金	ヨキン
預金口座	ヨキンコウザ
預金残高	ヨキンザンダカ
預金通帳	ヨキンツウチョウ
頑な	カタクナ
頑丈	ガンジョウ
頑健	ガンケン
頑冥	ガンメイ
頑固	ガンコ
頑固一徹	ガンコイッテツ
頑張り	ガンバリ
頑張る	ガンバル
頑張れ	ガンバレ
頑張ろう	ガンバロウ
頑強	ガンキョウ
頑愚	ガング
頑是	ガンゼ
頑迷	ガンメイ
頑陋	ガンロウ
頒ける	ワケル
頒価	ハンカ
頒布	ハンプ
頒布権	ハンプケン
頒行	ハンコウ
頓に	トミニ
頓悟	トンゴ
頓才	トンサイ
頓挫	トンザ
頓智	トンチ
頓服	トンプク
頓服薬	トンプクヤク
頓死	トンシ
頓狂	トンキョウ
頓珍漢	トンチンカン
頓用	トンヨウ
頓知	トンチ
頓馬	トンマ
頗る	スコブル
頗る付き	スコブルツキ
領する	リョウスル
領主	リョウシュ
領事	リョウジ
領事館	リョウジカン
領会	リョウカイ
領内	リョウナイ
領分	リョウブン
領収	リョウシュウ
領収書	リョウシュウショ
領収証	リョウシュウショウ
領国	リョウゴク
領土	リョウド
領地	リョウチ
領域	リョウイキ
領導	リョウドウ
領巾	ヒレ
領承	リョウショウ
領有	リョウユウ
領有権	リョウユウケン
領民	リョウミン
領海	リョウカイ
領知	リョウチ
領空	リョウクウ
領置	リョウチ
領袖	リョウシュウ
領解	リョウカイ
領邦	リョウホウ
領野	リョウヤ
頚椎	ケイツイ
頚部	ケイブ
頚髄	ケイズイ
頤使	イシ
頤指	イシ
頬かぶり	ホオカブリ
頬っぺ	ホッペ
頬っぺた	ホッペタ
頬ひげ	ホオヒゲ
頬側	キョウソク
頬擦り	ホオズリ
頬桁	ホオゲタ
頬笑ましい	ホホエマシイ
頬筋	キョウキン
頬紅	ホオベニ
頬袋	ホオブクロ
頬髭	ホオヒゲ
頬髯	ホオヒゲ
頭ごし	アタマゴシ
頭ごなし	アタマゴナシ
頭じらみ	アタマジラミ
頭でっかち	アタマデッカチ
頭ハネ	アタマハネ
頭上	ズジョウ
頭位	トウイ
頭光	ズコウ
頭出し	アタマダシ
頭分	カシラブン
頭割	アタマワリ
頭割り	アタマワリ
頭取	トウドリ
頭囲	トウイ
頭声	トウセイ
頭寒足熱	ズカンソクネツ
頭抜ける	ズヌケル
頭文字	カシラモジ
頭株	アタマカブ
頭注	トウチュウ
頭熱	ズネツ
頭痛	ズツウ
頭痛薬	ズツウヤク
頭皮	トウヒ
頭目	トウモク
頭突き	ズツキ
頭立つ	カシラダツ
頭索類	トウサクルイ
頭絡	トウラク
頭胸部	トウキョウブ
頭脳	ズノウ
頭脳労働	ズノウロウドウ
頭脳戦	ズノウセン
頭脳集団	ズノウシュウダン
頭角	トウカク
頭語	トウゴ
頭越し	アタマゴシ
頭足類	トウソクルイ
頭身	トウシン
頭部	トウブ
頭重	ズオモ
頭金	アタマキン
頭陀	ズダ
頭韻	トウイン
頭頂	トウチョウ
頭頂骨	トウチョウコツ
頭領	トウリョウ
頭飾り	アタマカザリ
頭首	トウシュ
頭髪	トウハツ
頰っぺた	ホッペタ
頰紅	ホオベニ
頷き	ウナズキ
頷きあう	ウナズキアウ
頸動脈	ケイドウミャク
頸巻	クビマキ
頸木	クビキ
頸枷	クビカセ
頸椎	ケイツイ
頸椎症	ケイツイショウ
頸筋	クビスジ
頸管	ケイカン
頸輪	クビワ
頸部	ケイブ
頸飾	ケイショク
頸飾り	クビカザリ
頸骨	ケイコツ
頸髄	ケイズイ
頻り	シキリ
頻る	シキル
頻出	ヒンシュツ
頻回	ヒンカイ
頻尿	ヒンニョウ
頻度	ヒンド
頻拍	ヒンパク
頻数	ヒンスウ
頻用	ヒンヨウ
頻発	ヒンパツ
頻繁	ヒンパン
頻脈	ヒンミャク
頼みごと	タノミゴト
頼み事	タノミゴト
頼み入る	タノミイル
頼み少ない	タノミスクナイ
頼み甲斐	タノミガイ
頼み込む	タノミコム
頼む	タノム
頼もう	タノモウ
頼もしい	タノモシイ
頼りがい	タヨリガイ
頼りない	タヨリナイ
頼り無い	タヨリナイ
頼り甲斐	タヨリガイ
頼る	タヨル
頼信紙	ライシンシ
頼母しい	タノモシイ
頼母子	タノモシ
頽勢	タイセイ
頽唐	タイトウ
頽廃	タイハイ
頽齢	タイレイ
顆粒	カリュウ
顆粒剤	カリュウザイ
顆粒球	カリュウキュウ
題する	ダイスル
題号	ダイゴウ
題名	ダイメイ
題字	ダイジ
題意	ダイイ
題材	ダイザイ
題画	ダイガ
題目	ダイモク
題簽	ダイセン
題言	ダイゲン
題詠	ダイエイ
題辞	ダイジ
額ずく	ヌカズク
額ぶち	ガクブチ
額当て	ヒタイアテ
額彫り	ガクボリ
額紫陽花	ガクアジサイ
額縁	ガクブチ
額装	ガクソウ
額角	ガッカク
額際	ヒタイギワ
額面	ガクメン
額面割れ	ガクメンワレ
額面株	ガクメンカブ
顎ひげ	アゴヒゲ
顎紐	アゴヒモ
顎関節	ガクカンセツ
顎髭	アゴヒゲ
顎鬚	アゴヒゲ
顔かたち	カオカタチ
顔だち	カオダチ
顔つき	カオツキ
顔つなぎ	カオツナギ
顔づくり	カオヅクリ
顔なじみ	カオナジミ
顔ぶれ	カオブレ
顔付	カオツキ
顔付き	カオツキ
顔作り	カオヅクリ
顔出し	カオダシ
顔利き	カオキキ
顔合せ	カオアワセ
顔合わせ	カオアワセ
顔向け	カオムケ
顔変わり	カオガワリ
顔形	カオカタチ
顔彩	ガンサイ
顔役	カオヤク
顔文字	カオモジ
顔料	ガンリョウ
顔立	カオダチ
顔立ち	カオダチ
顔筋	ガンキン
顔繋ぎ	カオツナギ
顔見せ	カオミセ
顔見世	カオミセ
顔触れ	カオブレ
顔認識	カオニンシキ
顔負け	カオマケ
顔面	ガンメン
顔面筋	ガンメンキン
顔馴染	カオナジミ
顔馴染み	カオナジミ
顕す	アラワス
顕れ	アラワレ
顕れる	アラワレル
顕われる	アラワレル
顕在	ケンザイ
顕在化	ケンザイカ
顕彰	ケンショウ
顕微	ケンビ
顕微鏡	ケンビキョウ
顕微鏡座	ケンビキョウザ
顕性	ケンセイ
顕揚	ケンヨウ
顕然	ケンゼン
顕熱	ケンネツ
顕現	ケンゲン
顕示	ケンジ
顕職	ケンショク
顕色	ケンショク
顕著	ケンチョ
顕要	ケンヨウ
顕露	ケンロ
願い	ネガイ
願いごと	ネガイゴト
願い下げ	ネガイサゲ
願い下げる	ネガイサゲル
願い事	ネガイゴト
願い出	ネガイデ
願い出る	ネガイデル
願い求める	ネガイモトメル
願ほどき	ガンホドキ
願わしい	ネガワシイ
願主	ガンシュ
願事	ネガイゴト
願人	ガンニン
願力	ガンリキ
願意	ガンイ
願文	ガンモン
願書	ガンショ
願立て	ガンダテ
願解き	ガンホドキ
顚末	テンマツ
顚覆	テンプク
顛末	テンマツ
顛末書	テンマツショ
顛落	テンラク
顛覆	テンプク
類い	タグイ
類い稀	タグイマレ
類える	タグエル
類似	ルイジ
類似度	ルイジド
類似性	ルイジセイ
類例	ルイレイ
類別	ルイベツ
類句	ルイク
類同	ルイドウ
類型	ルイケイ
類型学	ルイケイガク
類字	ルイジ
類従	ルイジュウ
類推	ルイスイ
類書	ルイショ
類本	ルイホン
類概念	ルイガイネン
類歌	ルイカ
類比	ルイヒ
類火	ルイカ
類焼	ルイショウ
類縁	ルイエン
類纂	ルイサン
類義	ルイギ
類義語	ルイギゴ
類話	ルイワ
類語	ルイゴ
類音	ルイオン
類音語	ルイオンゴ
類題	ルイダイ
顧み	カエリミ
顧みる	カエリミル
顧る	カエリミル
顧問	コモン
顧慮	コリョ
顫え	フルエ
顫える	フルエル
顫動	センドウ
顰み	ヒソミ
顰めっ面	シカメッツラ
顰蹙	ヒンシュク
顱頂	ロチョウ
顳顬	コメカミ
風しん	フウシン
風の子	カゼノコ
風の神	カゼノカミ
風び	フウビ
風ぼう	フウボウ
風りん	フウリン
風上	カザカミ
風下	カザシモ
風伯	フウハク
風位	フウイ
風俗店	フウゾクテン
風俗犯	フウゾクハン
風俗画	フウゾクガ
風信子	フウシンシ
風儀	フウギ
風光	フウコウ
風刺	フウシ
風刺漫画	フウシマンガ
風刺画	フウシガ
風前	フウゼン
風力	フウリョク
風力発電所	フウリョクハツデンショ
風化	フウカ
風合	フウアイ
風合い	フウアイ
風向	フウコウ
風向計	フウコウケイ
風呂あがり	フロアガリ
風呂マット	フロマット
風呂上がり	フロアガリ
風呂上り	フロアガリ
風呂代	フロダイ
風呂吹き	フロフキ
風呂場	フロバ
風呂屋	フロヤ
風呂桶	フロオケ
風呂水	フロミズ
風呂釜	フロガマ
風味	フウミ
風営法	フウエイホウ
風土病	フウドビョウ
風圧	フウアツ
風塵	フウジン
風変り	フウガワリ
風変わり	フウガワリ
風姿	フウシ
風媒	フウバイ
風害	フウガイ
風度	フウド
風引き	カゼヒキ
風成	フウセイ
風成土	フウセイド
風折れ	カザオレ
風教	フウキョウ
風景	フウケイ
風景画	フウケイガ
風月	フウゲツ
風来	フウライ
風来坊	フウライボウ
風格	フウカク
風樹	フウジュ
風水	フウスイ
風水害	フウスイガイ
風水師	フウスイシ
風況	フウキョウ
風洞	フウドウ
風浪	フウロウ
風潮	フウチョウ
風災	フウサイ
風物	フウブツ
風物詩	フウブツシ
風狂	フウキョウ
風琴	フウキン
風疹	フウシン
風眼	フウガン
風積土	フウセキド
風窓	カザマド
風笛	フウテキ
風紀	フウキ
風紋	フウモン
風習	フウシュウ
風聞	フウブン
風脚	カザアシ
風致	フウチ
風致林	フウチリン
風船	フウセン
風草	カゼクサ
風葬	フウソウ
風蘭	フウラン
風蝕	フウショク
風蝶草	フウチョウソウ
風袋	フウタイ
風見	カザミ
風見鶏	カザミドリ
風解	フウカイ
風評	フウヒョウ
風諭	フウユ
風貌	フウボウ
風趣	フウシュ
風足	カザアシ
風速	フウソク
風速計	フウソクケイ
風選	フウセン
風邪ひき	カゼヒキ
風邪引き	カゼヒキ
風采	フウサイ
風量	フウリョウ
風鈴	フウリン
風鈴草	フウリンソウ
風鎮	フウチン
風鐸	フウタク
風防	フウボウ
風雅	フウガ
風雨	フウウ
風雪	フウセツ
風雲児	フウウンジ
風霜	フウソウ
風露草	フウロソウ
風靡	フウビ
風韻	フウイン
風食	フウショク
風鳥	フウチョウ
風鳥座	フウチョウザ
颯々	サッサツ
颯爽	サッソウ
颯颯	サッサツ
颱風	タイフウ
颶風	グフウ
飄々	ヒョウヒョウ
飄然	ヒョウゼン
飄逸	ヒョウイツ
飄飄	ヒョウヒョウ
飛しょう	ヒショウ
飛ばし	トバシ
飛ばし読み	トバシヨミ
飛ばす	トバス
飛び	トビ
飛びあがる	トビアガル
飛びおりる	トビオリル
飛びかう	トビカウ
飛びかかる	トビカカル
飛びくら	トビクラ
飛びこむ	トビコム
飛びすさる	トビスサル
飛びたつ	トビタツ
飛びだし	トビダシ
飛びだす	トビダス
飛びっ切り	トビッキリ
飛びつく	トビツク
飛びとび	トビトビ
飛びぬける	トビヌケル
飛びのく	トビノク
飛びはねる	トビハネル
飛びまわる	トビマワル
飛び上がる	トビアガル
飛び上る	トビアガル
飛び下りる	トビオリル
飛び乗る	トビノル
飛び付く	トビツク
飛び入り	トビイリ
飛び入る	トビイル
飛び出し	トビダシ
飛び出す	トビダス
飛び出る	トビデル
飛び切り	トビキリ
飛び去る	トビサル
飛び回る	トビマワル
飛び地	トビチ
飛び抜ける	トビヌケル
飛び掛かる	トビカカル
飛び散る	トビチル
飛び板	トビイタ
飛び歩く	トビアルク
飛び火	トビヒ
飛び石	トビイシ
飛び石連休	トビイシレンキュウ
飛び移る	トビウツル
飛び立つ	トビタツ
飛び箱	トビバコ
飛び級	トビキュウ
飛び起きる	トビオキル
飛び越える	トビコエル
飛び越し	トビコシ
飛び越す	トビコス
飛び跳ねる	トビハネル
飛び蹴り	トビゲリ
飛び込み	トビコミ
飛び込み台	トビコミダイ
飛び込む	トビコム
飛び退く	トビノク
飛び道具	トビドウグ
飛び降りる	トビオリル
飛び離れる	トビハナレル
飛び飛び	トビトビ
飛び魚	トビウオ
飛ぶ	トブ
飛まつ	ヒマツ
飛上がる	トビアガル
飛上る	トビアガル
飛下りる	トビオリル
飛乗る	トビノル
飛付く	トビツク
飛信	ヒシン
飛入り	トビイリ
飛出し	トビダシ
飛出す	トビダス
飛切り	トビキリ
飛回る	トビマワル
飛地	トビチ
飛報	ヒホウ
飛天	ヒテン
飛子	トビコ
飛揚	ヒヨウ
飛散	ヒサン
飛散る	トビチル
飛札	ヒサツ
飛来	ヒライ
飛板	トビイタ
飛泉	ヒセン
飛瀑	ヒバク
飛火	トビヒ
飛燕	ヒエン
飛燕草	ヒエンソウ
飛球	ヒキュウ
飛石	トビイシ
飛砂	ヒサ
飛礫	ツブテ
飛立つ	トビタツ
飛箱	トビバコ
飛節	ヒセツ
飛翔	ヒショウ
飛蚊症	ヒブンショウ
飛螻蛄	トビケラ
飛行場	ヒコウジョウ
飛行士	ヒコウシ
飛行機	ヒコウキ
飛行船	ヒコウセン
飛行艇	ヒコウテイ
飛語	ヒゴ
飛越える	トビコエル
飛越し	トビコシ
飛越す	トビコス
飛距離	ヒキョリ
飛跡	ヒセキ
飛跳ねる	トビハネル
飛躍	ヒヤク
飛躍的	ヒヤクテキ
飛込み	トビコミ
飛込む	トビコム
飛道具	トビドウグ
飛降りる	トビオリル
飛雪	ヒセツ
飛雲	ヒウン
飛電	ヒデン
飛魚	トビウオ
飛魚座	トビウオザ
飛鳥	ヒチョウ
飜弄	ホンロウ
飜訳	ホンヤク
食あたり	ショクアタリ
食いかけ	クイカケ
食いさがる	クイサガル
食いしばる	クイシバル
食いたん	クイタン
食いだめ	クイダメ
食いちがう	クイチガウ
食いちぎる	クイチギル
食いっぱぐれ	クイッパグレ
食いっぱぐれる	クイッパグレル
食いっ逸れ	クイッパグレ
食いっ逸れる	クイッパグレル
食いつき	クイツキ
食いつく	クイツク
食いつなぐ	クイツナグ
食いつぶす	クイツブス
食いつめる	クイツメル
食いで	クイデ
食いとめる	クイトメル
食いはぐれる	クイハグレル
食いもの	クイモノ
食い上げ	クイアゲ
食い下がる	クイサガル
食い下る	クイサガル
食い付き	クイツキ
食い付く	クイツク
食い代	クイシロ
食い伸ばす	クイノバス
食い倒す	クイタオス
食い倒れ	クイダオレ
食い入る	クイイル
食い切る	クイキル
食い初め	クイゾメ
食い千切る	クイチギル
食い合い	クイアイ
食い合せ	クイアワセ
食い合わせ	クイアワセ
食い延ばす	クイノバス
食い掛け	クイカケ
食い散らす	クイチラス
食い止める	クイトメル
食い残し	クイノコシ
食い残す	クイノコス
食い殺す	クイコロス
食い気	クイケ
食い溜め	クイダメ
食い潰す	クイツブス
食い物	クイモノ
食い破る	クイヤブル
食い積み	クイツミ
食い締める	クイシメル
食い縛る	クイシバル
食い繋ぐ	クイツナグ
食い荒す	クイアラス
食い荒らす	クイアラス
食い詰める	クイツメル
食い込み	クイコミ
食い込む	クイコム
食い逃げ	クイニゲ
食い逸れ	クイハグレ
食い違い	クイチガイ
食い齧る	クイカジル
食う	クウ
食える	クエル
食する	ショクスル
食べあるき	タベアルキ
食べあわせ	タベアワセ
食べかけ	タベカケ
食べかける	タベカケル
食べかす	タベカス
食べくらべる	タベクラベル
食べごたえ	タベゴタエ
食べごろ	タベゴロ
食べざかり	タベザカリ
食べすぎ	タベスギ
食べすぎる	タベスギル
食べもの	タベモノ
食べる	タベル
食べカス	タベカス
食べ合わせ	タベアワセ
食べ合わせる	タベアワセル
食べ応え	タベゴタエ
食べ掛け	タベカケ
食べ掛ける	タベカケル
食べ散らす	タベチラス
食べ歩き	タベアルキ
食べ歩く	タベアルク
食べ残し	タベノコシ
食べ残す	タベノコス
食べ比べる	タベクラベル
食べ汚す	タベヨゴス
食べ滓	タベカス
食べ物	タベモノ
食べ盛り	タベザカリ
食べ過ぎ	タベスギ
食べ過ぎる	タベスギル
食べ頃	タベゴロ
食べ飽きる	タベアキル
食み	ハミ
食み出し	ハミダシ
食み出す	ハミダス
食み出る	ハミデル
食む	ハム
食もたれ	ショクモタレ
食らいつく	クライツク
食らい付く	クライツク
食らい込む	クライコム
食らう	クラウ
食らわす	クラワス
食らわせる	クラワセル
食わす	クワス
食わず芋	クワズイモ
食わせ物	クワセモノ
食パン	ショクパン
食中り	ショクアタリ
食中毒	ショクチュウドク
食事	ショクジ
食事代	ショクジダイ
食事会	ショクジカイ
食事処	ショクジドコロ
食人	ショクジン
食人族	ショクジンゾク
食人種	ショクジンシュ
食休み	ショクヤスミ
食作用	ショクサヨウ
食偏	ショクヘン
食傷	ショクショウ
食分	ショクブン
食券	ショッケン
食前	ショクゼン
食前酒	ショクゼンシュ
食卓	ショクタク
食卓塩	ショクタクエン
食合せ	クイアワセ
食味	ショクミ
食品	ショクヒン
食品玩具	ショクヒンガング
食器	ショッキ
食器棚	ショッキダナ
食器洗い	ショッキアライ
食器洗い乾燥機	ショッキアライカンソウキ
食器洗い機	ショッキアライキ
食器洗浄機	ショッキセンジョウキ
食堂車	ショクドウシャ
食塩	ショクエン
食塩水	ショクエンスイ
食害	ショクガイ
食尽	ショクジン
食当たり	ショクアタリ
食後	ショクゴ
食後酒	ショクゴシュ
食性	ショクセイ
食感	ショッカン
食慾	ショクヨク
食料	ショクリョウ
食料品	ショクリョウヒン
食料品店	ショクリョウヒンテン
食時	ショクジ
食材	ショクザイ
食欲	ショクヨク
食止める	クイトメル
食洗機	ショクセンキ
食物連鎖	ショクモツレンサ
食玩	ショクガン
食生活	ショクセイカツ
食用	ショクヨウ
食用ガエル	ショクヨウガエル
食用油	ショクヨウアブラ
食用菌	ショクヨウキン
食用蛙	ショクヨウガエル
食禄	ショクロク
食糞	ショクフン
食糧	ショクリョウ
食糧難	ショクリョウナン
食紅	ショクベニ
食細胞	ショクサイボウ
食缶	ショッカン
食肉	ショクニク
食肉類	ショクニクルイ
食育	ショクイク
食胞	ショクホウ
食膳	ショクゼン
食草	ショクソウ
食虫	ショクチュウ
食虫植物	ショクチュウショクブツ
食言	ショクゲン
食費	ショクヒ
食込む	クイコム
食通	ショクツウ
食連星	ショクレンセイ
食道	ショクドウ
食道がん	ショクドウガン
食道ガン	ショクドウガン
食道炎	ショクドウエン
食道癌	ショクドウガン
食違い	クイチガイ
食間	ショッカン
食靠れ	ショクモタレ
食養	ショクヨウ
食養生	ショクヨウジョウ
食餌	ショクジ
飢え凍える	ウエコゴエル
飢きん	キキン
飢凍	キトウ
飢寒	キカン
飢民	キミン
飢餓	キガ
飢饉	キキン
飯ごう	ハンゴウ
飯事	ママゴト
飯借	ママカリ
飯匙倩	ハブ
飯台	ハンダイ
飯場	ハンバ
飯屋	メシヤ
飯店	ハンテン
飯時	メシドキ
飯桐	イイギリ
飯椀	メシワン
飯炊き	メシタキ
飯盒	ハンゴウ
飯盛り	メシモリ
飯碗	メシワン
飯米	ハンマイ
飯粒	メシツブ
飯蛸	イイダコ
飲ます	ノマス
飲み	ノミ
飲みあかす	ノミアカス
飲みかけ	ノミカケ
飲みかける	ノミカケル
飲みくだす	ノミクダス
飲みこみ	ノミコミ
飲みこむ	ノミコム
飲みつぶす	ノミツブス
飲みつぶれる	ノミツブレル
飲みで	ノミデ
飲みなおす	ノミナオス
飲みほす	ノミホス
飲みまわす	ノミマワス
飲みもの	ノミモノ
飲みニケーション	ノミニケーション
飲み下す	ノミクダス
飲み乾す	ノミホス
飲み会	ノミカイ
飲み倒す	ノミタオス
飲み出	ノミデ
飲み助	ノミスケ
飲み合わせ	ノミアワセ
飲み回し	ノミマワシ
飲み回す	ノミマワス
飲み屋	ノミヤ
飲み干す	ノミホス
飲み応え	ノミゴタエ
飲み手	ノミテ
飲み掛け	ノミカケ
飲み掛ける	ノミカケル
飲み料	ノミリョウ
飲み明かす	ノミアカス
飲み歩き	ノミアルキ
飲み歩く	ノミアルク
飲み残す	ノミノコス
飲み比べ	ノミクラベ
飲み水	ノミミズ
飲み潰す	ノミツブス
飲み潰れる	ノミツブレル
飲み物	ノミモノ
飲み直す	ノミナオス
飲み薬	ノミグスリ
飲み込み	ノミコミ
飲み込む	ノミコム
飲み逃げ	ノミニゲ
飲み過ぎ	ノミスギ
飲み食い	ノミクイ
飲む	ノム
飲める	ノメル
飲んだくれ	ノンダクレ
飲んだくれる	ノンダクレル
飲んべえ	ノンベエ
飲ん兵衛	ノンベエ
飲下す	ノミクダス
飲兵衛	ノンベエ
飲助	ノミスケ
飲尿	インニョウ
飲屋	ノミヤ
飲干す	ノミホス
飲料水	インリョウスイ
飲泉	インセン
飲物	ノミモノ
飲用	インヨウ
飲込み	ノミコミ
飲込む	ノミコム
飲酒運転	インシュウンテン
飲食店	インショクテン
飲食業	インショクギョウ
飲食物	インショクブツ
飴ん棒	アメンボウ
飴売り	アメウリ
飴屋	アメヤ
飴煮	アメニ
飴玉	アメダマ
飴細工	アメザイク
飴色	アメイロ
飼いうさぎ	カイウサギ
飼いならし	カイナラシ
飼いならす	カイナラス
飼い主	カイヌシ
飼い慣らし	カイナラシ
飼い慣らす	カイナラス
飼い桶	カイオケ
飼い殺し	カイゴロシ
飼い犬	カイイヌ
飼い猫	カイネコ
飼い葉	カイバ
飼い馴らし	カイナラシ
飼い馴らす	カイナラス
飼い鳥	カイドリ
飼主	カイヌシ
飼殺し	カイゴロシ
飼犬	カイイヌ
飼猫	カイネコ
飼育	シイク
飼葉	カイバ
飼葉桶	カイバオケ
飼養	シヨウ
飼鳥	カイドリ
飽かす	アカス
飽き	アキ
飽きる	アキル
飽き性	アキショウ
飽き足りる	アキタリル
飽き飽き	アキアキ
飽く	アク
飽くまで	アクマデ
飽く迄	アクマデ
飽和	ホウワ
飽満	ホウマン
飽足りる	アキタリル
飽食	ホウショク
飾り	カザリ
飾りけ	カザリケ
飾りたてる	カザリタテル
飾りっ気	カザリッケ
飾りつけ	カザリツケ
飾りつける	カザリツケル
飾り付け	カザリツケ
飾り付ける	カザリツケル
飾り切り	カザリギリ
飾り枠	カザリワク
飾り棚	カザリダナ
飾り気	カザリケ
飾り物	カザリモノ
飾り皿	カザリザラ
飾り石	カザリイシ
飾り窓	カザリマド
飾り立てる	カザリタテル
飾り結び	カザリムスビ
飾り職	カザリショク
飾る	カザル
飾太刀	カザリタチ
飾窓	カザリマド
餅つき	モチツキ
餅まき	モチマキ
餅屋	モチヤ
餅投げ	モチナゲ
餅搗き	モチツキ
餅米	モチゴメ
餅粉	モチコ
餅網	モチアミ
餅肌	モチハダ
餅膚	モチハダ
餅花	モチバナ
餅草	モチグサ
餅菓子	モチガシ
餅踏み	モチフミ
養い	ヤシナイ
養い育てる	ヤシナイソダテル
養い親	ヤシナイオヤ
養分	ヨウブン
養嗣子	ヨウシシ
養女	ヨウジョ
養子	ヨウシ
養子縁組	ヨウシエングミ
養家	ヨウカ
養成	ヨウセイ
養殖	ヨウショク
養殖場	ヨウショクジョウ
養殖業	ヨウショクギョウ
養殖魚	ヨウショクギョ
養母	ヨウボ
養毛剤	ヨウモウザイ
養浜	ヨウヒン
養父	ヨウフ
養父母	ヨウフボ
養生	ヨウジョウ
養畜	ヨウチク
養老	ヨウロウ
養老保険	ヨウロウホケン
養老年金	ヨウロウネンキン
養老院	ヨウロウイン
養育	ヨウイク
養育費	ヨウイクヒ
養蚕	ヨウサン
養蚕業	ヨウサンギョウ
養蜂	ヨウホウ
養蜂家	ヨウホウカ
養親	ヨウシン
養護	ヨウゴ
養護学校	ヨウゴガッコウ
養護教諭	ヨウゴキョウユ
養豚	ヨウトン
養豚場	ヨウトンジョウ
養魚	ヨウギョ
養鯉	ヨウリ
養鰻	ヨウマン
養鶏	ヨウケイ
養鶏場	ヨウケイジョウ
養鶏家	ヨウケイカ
餌づけ	エヅケ
餌やり	エサヤリ
餌付く	エヅク
餌付け	エヅケ
餌入れ	エサイレ
餌場	エサバ
餌木	エギ
餌箱	エサバコ
餌遣り	エサヤリ
餌食	エジキ
餓死者	ガシシャ
餓狼	ガロウ
餓鬼	ガキ
餓鬼大将	ガキダイショウ
餓鬼道	ガキドウ
餡こ	アンコ
餡ころ	アンコロ
餡パン	アンパン
餡子	アンコ
餡掛け	アンカケ
餡蜜	アンミツ
館主	カンシュ
館内	カンナイ
館員	カンイン
館外	カンガイ
館長	カンチョウ
餬口	ココウ
饂飩粉	ウドンコ
饌米	センマイ
饐える	スエル
饑寒	キカン
饑餓	キガ
饑饉	キキン
饕餮	トウテツ
饗する	キョウスル
饗宴	キョウエン
饗応	キョウオウ
饗設け	アルジモウケ
首かせ	クビカセ
首くくり	クビククリ
首すじ	クビスジ
首ったけ	クビッタケ
首っ丈	クビッタケ
首っ引き	クビッピキ
首っ玉	クビッタマ
首つり	クビツリ
首まわり	クビマワリ
首もと	クビモト
首位	シュイ
首位打者	シュイダシャ
首元	クビモト
首切り	クビキリ
首吊り	クビツリ
首唱	シュショウ
首回り	クビマワリ
首塚	クビヅカ
首実検	クビジッケン
首将	シュショウ
首尾	シュビ
首巻き	クビマキ
首席	シュセキ
首府	シュフ
首振り	クビフリ
首斬り	クビキリ
首枷	クビカセ
首根	クビネ
首班	シュハン
首相	シュショウ
首筋	クビスジ
首紐	クビヒモ
首綱	クビヅナ
首縊り	クビククリ
首肯	シュコウ
首脳	シュノウ
首脳部	シュノウブ
首謀	シュボウ
首輪	クビワ
首部	シュブ
首都	シュト
首都圏	シュトケン
首長	シュチョウ
首長国	シュチョウコク
首領	シュリョウ
首題	シュダイ
首飾り	クビカザリ
首魁	シュカイ
首鼠	シュソ
馘首	カクシュ
香のもの	コウノモノ
香の物	コウノモノ
香ばしい	コウバシイ
香り	カオリ
香る	カオル
香具	コウグ
香典	コウデン
香典返し	コウデンガエシ
香合	コウゴウ
香合わせ	コウアワセ
香味	コウミ
香味料	コウミリョウ
香奠	コウデン
香害	コウガイ
香料	コウリョウ
香木	コウボク
香札	コウフダ
香気	コウキ
香油	コウユ
香港ドル	ホンコンドル
香煎	コウセン
香煙	コウエン
香盒	コウゴウ
香箱	コウバコ
香草	コウソウ
香華	コウゲ
香蕈	シイタケ
香車	キョウシャ
香辛料	コウシンリョウ
香道	コウドウ
香錠	コウジョウ
香雨鳥	コウウチョウ
馥郁	フクイク
馨り	カオリ
馨る	カオル
馬の脚	ウマノアシ
馬の足	ウマノアシ
馬の骨	ウマノホネ
馬丁	バテイ
馬上	バジョウ
馬乗り	ウマノリ
馬乳	バニュウ
馬乳酒	バニュウシュ
馬体	バタイ
馬偏	ウマヘン
馬具	バグ
馬刀貝	マテガイ
馬券	バケン
馬刺	バサシ
馬刺し	バサシ
馬力	バリキ
馬勒	バロク
馬匹	バヒツ
馬印	ウマジルシ
馬取り	ウマトリ
馬名	バメイ
馬喰	バクロウ
馬回り	ウママワリ
馬子	マゴ
馬宿	ウマヤド
馬小屋	ウマゴヤ
馬尾藻	ホンダワラ
馬市	ウマイチ
馬廻	ウママワリ
馬廻り	ウママワリ
馬房	バボウ
馬料	バリョウ
馬方	ウマカタ
馬柱	ウマバシラ
馬楝	バレン
馬標	ウマジルシ
馬着	バチャク
馬簾	バレン
馬糞紙	バフンシ
馬糧	バリョウ
馬群	バグン
馬耕	バコウ
馬耳東風	バジトウフウ
馬肉	バニク
馬背	バハイ
馬脚	バキャク
馬蠅	ウマバエ
馬術	バジュツ
馬賊	バゾク
馬跳	ウマトビ
馬跳び	ウマトビ
馬蹄	バテイ
馬身	バシン
馬車馬	バシャウマ
馬返し	ウマガエシ
馬追い	ウマオイ
馬追虫	ウマオイムシ
馬連	バレン
馬鈴薯	バレイショ
馬鎧	ウマヨロイ
馬鐸	バタク
馬陸	ヤスデ
馬革	バカク
馬飛	ウマトビ
馬飛び	ウマトビ
馬食	バショク
馬首	バシュ
馬験	ウマジルシ
馬鹿	バカ
馬鹿げる	バカゲル
馬鹿ばかしい	バカバカシイ
馬鹿ップル	バカップル
馬鹿力	バカヂカラ
馬鹿囃子	バカバヤシ
馬鹿笑い	バカワライ
馬鹿貝	バカガイ
馬鹿面	バカヅラ
馬鹿馬鹿しい	バカバカシイ
馬鹿騒ぎ	バカサワギ
馬齢	バレイ
馭する	ギョスル
馭者	ギョシャ
馭者座	ギョシャザ
馳せる	ハセル
馳せ参じる	ハセサンジル
馳走	チソウ
馳駆	チク
馴々しい	ナレナレシイ
馴じみ	ナジミ
馴らし	ナラシ
馴らす	ナラス
馴れ	ナレ
馴れる	ナレル
馴れ初め	ナレソメ
馴れ合い	ナレアイ
馴れ親しむ	ナレシタシム
馴れ馴れしい	ナレナレシイ
馴化	ジュンカ
馴染み	ナジミ
馴染み客	ナジミキャク
馴染み深い	ナジミブカイ
馴染む	ナジム
馴致	ジュンチ
駁する	バクスル
駁撃	バクゲキ
駁論	バクロン
駄々	ダダ
駄々っ子	ダダッコ
駄じゃれ	ダジャレ
駄作	ダサク
駄句	ダク
駄弁	ダベン
駄弁る	ダベル
駄文	ダブン
駄本	ダホン
駄法螺	ダボラ
駄洒落	ダジャレ
駄津	ダツ
駄物	ダモノ
駄犬	ダケン
駄目元	ダメモト
駄菓子	ダガシ
駄菓子屋	ダガシヤ
駄賃	ダチン
駄駄	ダダ
駅ナカ	エキナカ
駅ビル	エキビル
駅中	エキナカ
駅伝	エキデン
駅前	エキマエ
駅名	エキメイ
駅員	エキイン
駅売り	エキウリ
駅夫	エキフ
駅子	エキシ
駅弁	エキベン
駅手	エキシュ
駅止め	エキドメ
駅留め	エキドメ
駅舎	エキシャ
駅路	エキロ
駅近	エキチカ
駅逓	エキテイ
駅長	エキチョウ
駅頭	エキトウ
駅馬	エキバ
駅馬車	エキバシャ
駆け	カケ
駆けあがる	カケアガル
駆けこみ	カケコミ
駆けこむ	カケコム
駆けずり回る	カケズリマワル
駆けだし	カケダシ
駆けだす	カケダス
駆けっくら	カケックラ
駆けつける	カケツケル
駆けぬける	カケヌケル
駆けのぼる	カケノボル
駆けひき	カケヒキ
駆けまわる	カケマワル
駆けめぐる	カケメグル
駆けもどる	カケモドル
駆けよる	カケヨル
駆ける	カケル
駆け上がる	カケアガル
駆け下りる	カケオリル
駆け下る	カケクダル
駆け付ける	カケツケル
駆け出し	カケダシ
駆け出す	カケダス
駆け去る	カケサル
駆け回る	カケマワル
駆け寄る	カケヨル
駆け巡る	カケメグル
駆け廻る	カケマワル
駆け引き	カケヒキ
駆け戻る	カケモドル
駆け抜ける	カケヌケル
駆け比べ	カケクラベ
駆け登る	カケノボル
駆け競べ	カケクラベ
駆け落ち	カケオチ
駆け足	カケアシ
駆け込み	カケコミ
駆け込む	カケコム
駆け降りる	カケオリル
駆りたてる	カリタテル
駆り出す	カリダス
駆り立てる	カリタテル
駆り集める	カリアツメル
駆る	カル
駆付ける	カケツケル
駆使	クシ
駆動	クドウ
駆動輪	クドウリン
駆回る	カケマワル
駆寄る	カケヨル
駆引	カケヒキ
駆引き	カケヒキ
駆歩	クホ
駆潜艇	クセンテイ
駆立てる	カリタテル
駆落ち	カケオチ
駆虫	クチュウ
駆虫剤	クチュウザイ
駆虫薬	クチュウヤク
駆足	カケアシ
駆込み	カケコミ
駆込む	カケコム
駆逐	クチク
駆逐艦	クチクカン
駆除	クジョ
駆集める	カリアツメル
駈け	カケ
駈けこむ	カケコム
駈けつける	カケツケル
駈けぬける	カケヌケル
駈ける	カケル
駈け上がる	カケアガル
駈け出し	カケダシ
駈け出す	カケダス
駈け回る	カケマワル
駈け寄る	カケヨル
駈け引き	カケヒキ
駈け戻る	カケモドル
駈け抜ける	カケヌケル
駈け落ち	カケオチ
駈け足	カケアシ
駈け込み	カケコミ
駈け込む	カケコム
駈け降りる	カケオリル
駈り立てる	カリタテル
駈る	カル
駈出す	カケダス
駈抜ける	カケヌケル
駈落ち	カケオチ
駈足	カケアシ
駈込み	カケコミ
駐める	トメル
駐仏	チュウフツ
駐伊	チュウイ
駐停車	チュウテイシャ
駐兵	チュウヘイ
駐在	チュウザイ
駐在員	チュウザイイン
駐在所	チュウザイショ
駐屯	チュウトン
駐屯地	チュウトンチ
駐日	チュウニチ
駐機場	チュウキジョウ
駐独	チュウドク
駐留	チュウリュウ
駐留軍	チュウリュウグン
駐禁	チュウキン
駐箚	チュウサツ
駐米	チュウベイ
駐英	チュウエイ
駐車	チュウシャ
駐車スペース	チュウシャスペース
駐車券	チュウシャケン
駐車場	チュウシャジョウ
駐車料金	チュウシャリョウキン
駐車禁止	チュウシャキンシ
駐輪	チュウリン
駐輪場	チュウリンジョウ
駐輪所	チュウリンジョ
駐韓	チュウカン
駑馬	ドバ
駒下駄	コマゲタ
駒札	コマフダ
駒繋ぎ	コマツナギ
駒草	コマクサ
駒落ち	コマオチ
駒鳥	コマドリ
駕篭	カゴ
駕篭舁き	カゴカキ
駕籠	カゴ
駕籠かき	カゴカキ
駕籠屋	カゴヤ
駕籠舁き	カゴカキ
駘蕩	タイトウ
駝鳥	ダチョウ
駭く	オドロク
駱駝	ラクダ
駱駝色	ラクダイロ
駸々	シンシン
駸駸	シンシン
駻馬	カンバ
駿才	シュンサイ
駿豆	スンズ
駿足	シュンソク
騎乗	キジョウ
騎乗位	キジョウイ
騎兵	キヘイ
騎兵隊	キヘイタイ
騎士	キシ
騎士団	キシダン
騎士道	キシドウ
騎射	キシャ
騎手	キシュ
騎虎	キコ
騎行	キコウ
騎銃	キジュウ
騎馬	キバ
騎馬戦	キバセン
騒々しい	ソウゾウシイ
騒がしい	サワガシイ
騒がす	サワガス
騒ぎ	サワギ
騒ぎたてる	サワギタテル
騒ぎ立てる	サワギタテル
騒く	ゾメク
騒ぐ	サワグ
騒つく	ザワツク
騒めき	ザワメキ
騒めく	ザワメク
騒乱	ソウラン
騒乱罪	ソウランザイ
騒人	ソウジン
騒動	ソウドウ
騒擾	ソウジョウ
騒擾罪	ソウジョウザイ
騒然	ソウゼン
騒音	ソウオン
騒騒しい	ソウゾウシイ
験す	タメス
験する	ケンスル
験算	ケンザン
騙かす	ダマカス
騙くらかす	ダマクラカス
騙し	ダマシ
騙しこむ	ダマシコム
騙しとる	ダマシトル
騙し取る	ダマシトル
騙し合い	ダマシアイ
騙し絵	ダマシエ
騙し討ち	ダマシウチ
騙し込む	ダマシコム
騙し騙し	ダマシダマシ
騙す	ダマス
騙る	カタル
騙取	ヘンシュ
騰がる	アガル
騰勢	トウセイ
騰落	トウラク
騰貴	トウキ
騾馬	ラバ
驀ら	マッシグラ
驀進	バクシン
驍勇	ギョウユウ
驍将	ギョウショウ
驕り	オゴリ
驕りたかぶる	オゴリタカブル
驕り高ぶる	オゴリタカブル
驕る	オゴル
驕傲	キョウゴウ
驕児	キョウジ
驕奢	キョウシャ
驕慢	キョウマン
驚かす	オドロカス
驚がく	キョウガク
驚き	オドロキ
驚き入る	オドロキイル
驚く	オドロク
驚倒	キョウトウ
驚喜	キョウキ
驚嘆	キョウタン
驚愕	キョウガク
驚懼	キョウク
驚歎	キョウタン
驚異	キョウイ
驚異的	キョウイテキ
驟雨	シュウウ
驢馬	ロバ
驥尾	キビ
驥足	キソク
骨っ節	ホネップシ
骨つき	ホネツキ
骨つぼ	コツツボ
骨とう品	コットウヒン
骨なし	ホネナシ
骨ばる	ホネバル
骨付き	ホネツキ
骨休め	ホネヤスメ
骨伝導	コツデンドウ
骨偏	ホネヘン
骨切り	ホネキリ
骨器	コッキ
骨堂	コツドウ
骨壷	コツツボ
骨壺	コツツボ
骨太	ホネブト
骨密度	コツミツド
骨導	コツドウ
骨幹	コッカン
骨張	コッチョウ
骨張る	ホネバル
骨惜しみ	ホネオシミ
骨折	コッセツ
骨折り	ホネオリ
骨折る	ホネオル
骨抜き	ホネヌキ
骨拾い	コツヒロイ
骨接ぎ	ホネツギ
骨揚げ	コツアゲ
骨材	コツザイ
骨柄	コツガラ
骨格	コッカク
骨法	コッポウ
骨灰磁器	コッカイジキ
骨炭	コッタン
骨無し	ホネナシ
骨片	コッペン
骨盤	コツバン
骨盤位	コツバンイ
骨相	コッソウ
骨相学	コッソウガク
骨箱	コツバコ
骨粉	コップン
骨粗しょう症	コツソショウショウ
骨粗鬆症	コツソショウショウ
骨細	ホネボソ
骨細胞	コツサイボウ
骨組	ホネグミ
骨組み	ホネグミ
骨肉	コツニク
骨肉腫	コツニクシュ
骨膜	コツマク
骨膜炎	コツマクエン
骨董	コットウ
骨董品	コットウヒン
骨董品屋	コットウヒンヤ
骨董品店	コットウヒンテン
骨董屋	コットウヤ
骨董市	コットウイチ
骨董店	コットウテン
骨角器	コッカクキ
骨質	コッシツ
骨身	ホネミ
骨量	コツリョウ
骨頂	コッチョウ
骨骼	コッカク
骨髄	コツズイ
骨髄炎	コツズイエン
骨髄腫	コツズイシュ
骸炭	ガイタン
骸骨	ガイコツ
髀肉	ヒニク
髄液	ズイエキ
髄脳	ズイノウ
髄膜	ズイマク
髄膜炎	ズイマクエン
髄質	ズイシツ
髄鞘	ズイショウ
高々指	タカタカユビ
高いびき	タカイビキ
高さ	タカサ
高じる	コウジル
高ずる	コウズル
高ぶり	タカブリ
高ぶる	タカブル
高まり	タカマリ
高まる	タカマル
高み	タカミ
高め	タカメ
高める	タカメル
高らか	タカラカ
高スペック	コウスペック
高レベル	コウレベル
高一	コウイチ
高三	コウサン
高上がり	タカアガリ
高下	コウゲ
高下駄	タカゲタ
高二	コウニ
高位	コウイ
高値	タカネ
高僧	コウソウ
高分子	コウブンシ
高利	コウリ
高卒	コウソツ
高原	コウゲン
高収入	コウシュウニュウ
高台	タカダイ
高吟	コウギン
高周波	コウシュウハ
高品質	コウヒンシツ
高唱	コウショウ
高商	コウショウ
高土間	タカドマ
高圧	コウアツ
高圧的	コウアツテキ
高圧線	コウアツセン
高地	コウチ
高坏	タカツキ
高域	コウイキ
高堂	コウドウ
高士	コウシ
高大	コウダイ
高姿勢	コウシセイ
高学年	コウガクネン
高学歴	コウガクレキ
高官	コウカン
高密	コウミツ
高密度	コウミツド
高察	コウサツ
高専	コウセン
高射砲	コウシャホウ
高尚	コウショウ
高層	コウソウ
高層雲	コウソウウン
高山	コウザン
高山帯	コウザンタイ
高山病	コウザンビョウ
高峰	コウホウ
高島田	タカシマダ
高嶺の花	タカネノハナ
高工	コウコウ
高師	コウシ
高年	コウネン
高年齢	コウネンレイ
高度	コウド
高度人材	コウドジンザイ
高度化	コウドカ
高度計	コウドケイ
高度道路交通システム	コウドドウロコウツウシステム
高座	コウザ
高弟	コウテイ
高張	タカハリ
高弾性	コウダンセイ
高得点	コウトクテン
高御座	タカミクラ
高徳	コウトク
高性能	コウセイノウ
高恩	コウオン
高感度	コウカンド
高慢	コウマン
高慢ちき	コウマンチキ
高所	コウショ
高批	コウヒ
高承	コウショウ
高揚	コウヨウ
高教	コウキョウ
高曇	タカグモリ
高望み	タカノゾミ
高木	コウボク
高枕	タカマクラ
高架	コウカ
高架下	コウカシタ
高架橋	コウカキョウ
高架線	コウカセン
高校	コウコウ
高校生	コウコウセイ
高根	タカネ
高検	コウケン
高楊枝	タカヨウジ
高楼	コウロウ
高機能	コウキノウ
高欄	コウラン
高次	コウジ
高歌	コウカ
高止まり	タカドマリ
高段	コウダン
高殿	タカドノ
高気圧	コウキアツ
高水準	コウスイジュン
高波	タカナミ
高温	コウオン
高潔	コウケツ
高濃度	コウノウド
高瀬	タカセ
高瀬舟	タカセブネ
高炉	コウロ
高点	コウテン
高熱	コウネツ
高燥	コウソウ
高率	コウリツ
高画質	コウガシツ
高盛	タカモリ
高盛り	タカモリ
高砂	タカサゴ
高祖	コウソ
高祖母	コウソボ
高祖父	コウソフ
高禄	コウロク
高積雲	コウセキウン
高窓	タカマド
高笑い	タカワライ
高等	コウトウ
高等学校	コウトウガッコウ
高等官	コウトウカン
高等専門学校	コウトウセンモンガッコウ
高等弁務官	コウトウベンムカン
高等法院	コウトウホウイン
高等科	コウトウカ
高等裁判所	コウトウサイバンショ
高等部	コウトウブ
高箒	タカボウキ
高粱酒	コウリョウシュ
高純度	コウジュンド
高級	コウキュウ
高級紙	コウキュウシ
高級車	コウキュウシャ
高給	コウキュウ
高緯度	コウイド
高菜	タカナ
高著	コウチョ
高蒔絵	タカマキエ
高血圧	コウケツアツ
高血圧症	コウケツアツショウ
高血糖	コウケットウ
高裁	コウサイ
高覧	コウラン
高角	コウカク
高言	コウゲン
高評	コウヒョウ
高評価	コウヒョウカ
高説	コウセツ
高誼	コウギ
高調	コウチョウ
高調子	タカチョウシ
高調波	コウチョウハ
高談	コウダン
高論	コウロン
高貴	コウキ
高質	コウシツ
高跳	タカトビ
高跳び	タカトビ
高踏	コウトウ
高速	コウソク
高速バス	コウソクバス
高速化	コウソクカ
高速度	コウソクド
高速船	コウソクセン
高速道路	コウソクドウロ
高進	コウシン
高遠	コウエン
高邁	コウマイ
高配	コウハイ
高野槙	コウヤマキ
高野聖	コウヤヒジリ
高野豆腐	コウヤドウフ
高金利	コウキンリ
高閣	コウカク
高障害	コウショウガイ
高雅	コウガ
高額	コウガク
高額療養費制度	コウガクリョウヨウヒセイド
高風	コウフウ
高飛び	タカトビ
高飛び込み	タカトビコミ
高飛車	タカビシャ
高飛込み	タカトビコミ
高騰	コウトウ
高高指	タカタカユビ
高鬼	タカオニ
高鳴り	タカナリ
高鳴る	タカナル
高麗芝	コウライシバ
高麗雉	コウライキジ
高麗鶯	コウライウグイス
高麗鼠	コマネズミ
高黍	タカキビ
高鼾	タカイビキ
高齢	コウレイ
高齢化	コウレイカ
高齢者	コウレイシャ
高齢者福祉	コウレイシャフクシ
髣髴	ホウフツ
髪かたち	カミカタチ
髪どめ	カミドメ
髪の毛	カミノケ
髪上げ	カミアゲ
髪切り	カミキリ
髪剃菜	コウゾリナ
髪型	カミガタ
髪床	カミドコ
髪油	カミアブラ
髪留め	カミドメ
髪結い	カミユイ
髪置き	カミオキ
髪膚	ハップ
髪質	カミシツ
髪飾り	カミカザリ
髭そり	ヒゲソリ
髭もじゃ	ヒゲモジャ
髭剃り	ヒゲソリ
髭根	ヒゲネ
髭面	ヒゲヅラ
髷物	マゲモノ
鬚髯	シュゼン
鬚鯨	ヒゲクジラ
鬢とろ	ビントロ
鬢付け	ビンツケ
鬢付け油	ビンツケアブラ
鬢付油	ビンツケアブラ
鬢髪	ビンパツ
鬨の声	トキノコエ
鬩ぎ合い	セメギアイ
鬩ぐ	セメグ
鬱々	ウツウツ
鬱ぎ込む	フサギコム
鬱ぐ	フサグ
鬱勃	ウツボツ
鬱屈	ウックツ
鬱憤	ウップン
鬱気	ウッキ
鬱滞	ウッタイ
鬱然	ウツゼン
鬱状態	ウツジョウタイ
鬱病	ウツビョウ
鬱積	ウッセキ
鬱結	ウッケツ
鬱蒼	ウッソウ
鬱血	ウッケツ
鬱金色	ウコンイロ
鬱鬱	ウツウツ
鬻ぐ	ヒサグ
鬼ころし	オニコロシ
鬼ごっこ	オニゴッコ
鬼っ子	オニッコ
鬼ばば	オニババ
鬼哭	キコク
鬼女	キジョ
鬼娘	オニムスメ
鬼嫁	オニヨメ
鬼手	キシュ
鬼才	キサイ
鬼歯	オニバ
鬼気	キキ
鬼海星	オニヒトデ
鬼火	オニビ
鬼瓦	オニガワラ
鬼畜	キチク
鬼百合	オニユリ
鬼皮	オニカワ
鬼籍	キセキ
鬼胎	キタイ
鬼胡桃	オニグルミ
鬼蓮	オニバス
鬼虎魚	オニオコゼ
鬼蜘蛛	オニグモ
鬼道	キドウ
鬼遣	オニヤライ
鬼門	キモン
鬼面	キメン
魁ける	サキガケル
魁偉	カイイ
魂祭	タママツリ
魂祭り	タママツリ
魂胆	コンタン
魂迎え	タマムカエ
魂送り	タマオクリ
魂魄	コンパク
魅きつける	ヒキツケル
魅する	ミスル
魅せる	ミセル
魅了	ミリョウ
魅入る	ミイル
魅力	ミリョク
魅力的	ミリョクテキ
魅惑	ミワク
魍魎	モウリョウ
魔よけ	マヨケ
魔人	マジン
魔剣	マケン
魔力	マリョク
魔境	マキョウ
魔女	マジョ
魔導	マドウ
魔導師	マドウシ
魔弾	マダン
魔性	マショウ
魔手	マシュ
魔方陣	マホウジン
魔族	マゾク
魔法	マホウ
魔物	マモノ
魔獣	マジュウ
魔王	マオウ
魔球	マキュウ
魔界	マカイ
魔的	マテキ
魔眼	マガン
魔窟	マクツ
魔笛	マテキ
魔羅	マラ
魔術	マジュツ
魔術師	マジュツシ
魔軍	マグン
魔道	マドウ
魔道士	マドウシ
魔都	マト
魔酔	マスイ
魔除け	マヨケ
魔障	マショウ
魔魅	マミ
魘される	ウナサレル
魘魅	エンミ
魚がし	ウオガシ
魚の目	ウオノメ
魚介	ギョカイ
魚介類	ギョカイルイ
魚体	ギョタイ
魚偏	ウオヘン
魚卵	ギョラン
魚取り	サカナトリ
魚子	ナナコ
魚子織り	ナナコオリ
魚尾	ギョビ
魚屋	サカナヤ
魚市場	ウオイチバ
魚座	ウオザ
魚形	ギョケイ
魚影	ギョエイ
魚心	ウオゴコロ
魚拓	ギョタク
魚捕り	サカナトリ
魚探	ギョタン
魚族	ギョゾク
魚板	ギョバン
魚梯	ギョテイ
魚河岸	ウオガシ
魚油	ギョユ
魚田	ギョデン
魚皮	ギョヒ
魚眼	ギョガン
魚眼石	ギョガンセキ
魚礁	ギョショウ
魚種	ギョシュ
魚竜	ギョリュウ
魚籃	ビク
魚籠	ビク
魚粉	ギョフン
魚網	ギョモウ
魚肉	ギョニク
魚肥	ギョヒ
魚腹	ギョフク
魚貝	ギョカイ
魚貝類	ギョカイルイ
魚道	ギョドウ
魚醤	ギョショウ
魚雷	ギョライ
魚類	ギョルイ
魚類学	ギョルイガク
魚鱗	ギョリン
魚鱗癬	ギョリンセン
魚鳥	ギョチョウ
魯鈍	ロドン
魴鮄	ホウボウ
鮎漁	アユリョウ
鮎魚女	アイナメ
鮎鮨	アユズシ
鮑結び	アワビムスビ
鮑魚	ホウギョ
鮒寿司	フナズシ
鮓飯	スシメシ
鮟肝	アンキモ
鮨屋	スシヤ
鮨詰	スシヅメ
鮨詰め	スシヅメ
鮨飯	スシメシ
鮪釣り	マグロツリ
鮫皮	サメガワ
鮫肌	サメハダ
鮫膚	サメハダ
鮫鞘	サメザヤ
鮭児	ケイジ
鮭漁	サケリョウ
鮭缶	サケカン
鮭茶漬け	サケチャヅケ
鮮か	アザヤカ
鮮やか	アザヤカ
鮮人	センジン
鮮少	センショウ
鮮度	センド
鮮新世	センシンセイ
鮮明	センメイ
鮮烈	センレツ
鮮紅	センコウ
鮮緑	センリョク
鮮肉	センニク
鮮血	センケツ
鮮鋭	センエイ
鮮魚	センギョ
鮮魚店	センギョテン
鮮麗	センレイ
鯉こく	コイコク
鯉のぼり	コイノボリ
鯉幟	コイノボリ
鯔背	イナセ
鯖折り	サバオリ
鯖節	サバブシ
鯖雲	サバグモ
鯛めし	タイメシ
鯛焼	タイヤキ
鯛焼き	タイヤキ
鯛飯	タイメシ
鯣烏賊	スルメイカ
鯨尺	クジラジャク
鯨帯	クジラオビ
鯨幕	クジラマク
鯨座	クジラザ
鯨漁	クジラリョウ
鯨類	ゲイルイ
鯨飲	ゲイイン
鯨骨	ゲイコツ
鯰髭	ナマズヒゲ
鯱鉾ばる	シャチホコバル
鯵刺	アジサシ
鯵刺し	アジサシ
鰊蕎麦	ニシンソバ
鰐口	ワニグチ
鰐皮	ワニガワ
鰐足	ワニアシ
鰐魚	ガクギョ
鰐鮫	ワニザメ
鰓弓	サイキュウ
鰣魚	ジギョ
鰭酒	ヒレザケ
鰯節	イワシブシ
鰯雲	イワシグモ
鰯鯨	イワシクジラ
鰱魚	レンギョ
鰹出し	カツオダシ
鰹木	カツオギ
鰹節虫	カツオブシムシ
鰹鳥	カツオドリ
鰻上り	ウナギノボリ
鰻屋	ウナギヤ
鰻登り	ウナギノボリ
鰻重	ウナジュウ
鰻飯	ウナギメシ
鱈場	タラバ
鱈場蟹	タラバガニ
鱈子	タラコ
鱒の介	マスノスケ
鱗介	リンカイ
鱗屑	リンセツ
鱗木	リンボク
鱗片	リンペン
鱗片葉	リンペンヨウ
鱗状	リンジョウ
鱗粉	リンプン
鱗翅類	リンシルイ
鱗茎	リンケイ
鱗雲	ウロコグモ
鱲子	カラスミ
鱶鰭	フカヒレ
鳥おどし	トリオドシ
鳥かご	トリカゴ
鳥がら	トリガラ
鳥の子	トリノコ
鳥むね肉	トリムネニク
鳥もち	トリモチ
鳥よけ	トリヨケ
鳥インフルエンザ	トリインフルエンザ
鳥カゴ	トリカゴ
鳥人	チョウジン
鳥偏	トリヘン
鳥兜	トリカブト
鳥刺	トリサシ
鳥刺し	トリサシ
鳥卵学	チョウランガク
鳥天	トリテン
鳥威し	トリオドシ
鳥害	チョウガイ
鳥寄せ	トリヨセ
鳥小屋	トリゴヤ
鳥居	トリイ
鳥打ち	トリウチ
鳥打ち帽	トリウチボウ
鳥打帽	トリウチボウ
鳥捕り	トリトリ
鳥撃ち	トリウチ
鳥曇	トリグモリ
鳥毛	トリゲ
鳥皮	トリカワ
鳥瞰	チョウカン
鳥瞰図	チョウカンズ
鳥篭	トリカゴ
鳥籠	トリカゴ
鳥綱	チョウコウ
鳥網	トリアミ
鳥肌	トリハダ
鳥胸肉	トリムネニク
鳥葬	チョウソウ
鳥観	チョウカン
鳥貝	トリガイ
鳥追	トリオイ
鳥追い	トリオイ
鳥避け	トリヨケ
鳥銃	チョウジュウ
鳥鍋	トリナベ
鳥類	チョウルイ
鳥類学	チョウルイガク
鳥飯	トリメシ
鳥飼い	トリカイ
鳥黐	トリモチ
鳩信	キュウシン
鳩合	キュウゴウ
鳩座	ハトザ
鳩時計	ハトドケイ
鳩派	ハトハ
鳩笛	ハトブエ
鳩羽色	ハトバイロ
鳩胸	ハトムネ
鳩舎	キュウシャ
鳩首	キュウシュ
鳩麦	ハトムギ
鳳仙花	ホウセンカ
鳳凰	ホウオウ
鳳凰座	ホウオウザ
鳳声	ホウセイ
鳳輦	ホウレン
鳳閣	ホウカク
鳳雛	ホウスウ
鳴きしきる	ナキシキル
鳴きたてる	ナキタテル
鳴きまね	ナキマネ
鳴きやむ	ナキヤム
鳴き声	ナキゴエ
鳴き止む	ナキヤム
鳴き真似	ナキマネ
鳴き砂	ナキスナ
鳴き立てる	ナキタテル
鳴き頻る	ナキシキル
鳴き鳥	ナキドリ
鳴く	ナク
鳴らす	ナラス
鳴り	ナリ
鳴りはためく	ナリハタメク
鳴りひびく	ナリヒビク
鳴り物	ナリモノ
鳴り物入り	ナリモノイリ
鳴り響く	ナリヒビク
鳴る	ナル
鳴る神	ナルカミ
鳴動	メイドウ
鳴声	ナキゴエ
鳴子	ナルコ
鳴物	ナリモノ
鳴物入り	ナリモノイリ
鳴神	ナルカミ
鳴禽	メイキン
鳴禽類	メイキンルイ
鳴管	メイカン
鳴鐘	メイショウ
鳴響く	ナリヒビク
鳶えい	トビエイ
鳶の者	トビノモノ
鳶口	トビグチ
鳶尾	イチハツ
鳶職	トビショク
鳶色	トビイロ
鳶足	トンビアシ
鴃舌	ゲキゼツ
鴇色	トキイロ
鴇草	トキソウ
鴉片	アヘン
鴛鴦夫婦	オシドリフウフ
鴟尾	シビ
鴨の嘴	カモノハシ
鴨る	カモル
鴨ネギ	カモネギ
鴨南蛮	カモナンバン
鴨場	カモバ
鴨居	カモイ
鴨打ち	カモウチ
鴨猟	カモリョウ
鴨肉	カモニク
鴨茅	カモガヤ
鴨葱	カモネギ
鴨鍋	カモナベ
鴬色	ウグイスイロ
鴻恩	コウオン
鴻業	コウギョウ
鴻毛	コウモウ
鴻謨	コウボ
鴾毛	ツキゲ
鵜吞み	ウノミ
鵜呑み	ウノミ
鵞毛	ガモウ
鵞鳥	ガチョウ
鵬程	ホウテイ
鵬翼	ホウヨク
鶉卵	ウズラタマゴ
鶉豆	ウズラマメ
鶏がら	トリガラ
鶏むね肉	トリムネニク
鶏ガラ	トリガラ
鶏冠海苔	トサカノリ
鶏口	ケイコウ
鶏口牛後	ケイコウギュウゴ
鶏姦	ケイカン
鶏皮	トリカワ
鶏糞	ケイフン
鶏群	ケイグン
鶏胸肉	トリムネニク
鶏舎	ケイシャ
鶏鍋	トリナベ
鶏鳴	ケイメイ
鶯張り	ウグイスバリ
鶯神楽	ウグイスカグラ
鶯色	ウグイスイロ
鶯菜	ウグイスナ
鶯餅	ウグイスモチ
鶴亀	ツルカメ
鶴亀算	ツルカメザン
鶴嘴	ツルハシ
鶴座	ツルザ
鶴翼	カクヨク
鶸色	ヒワイロ
鷓鴣	シャコ
鷙鳥	シチョウ
鷲づかみ	ワシヅカミ
鷲座	ワシザ
鷲掴み	ワシヅカミ
鷲木菟	ワシミミズク
鷲鼻	ワシバナ
鷹の爪	タカノツメ
鷹匠	タカジョウ
鷹派	タカハ
鷹狩	タカガリ
鷹狩り	タカガリ
鷹野	タカノ
鷺苔	サギゴケ
鷺草	サギソウ
鸚哥	インコ
鸚鵡	オウム
鹵獲	ロカク
鹵簿	ロボ
鹸化	ケンカ
鹹味	カンミ
鹹水	カンスイ
鹹水魚	カンスイギョ
鹹湖	カンコ
鹿威し	シシオドシ
鹿尾菜	ヒジキ
鹿柴	ロクサイ
鹿毛	カゲ
鹿爪らしい	シカツメラシイ
鹿皮	シカガワ
鹿砦	ロクサイ
鹿茸	ロクジョウ
鹿革	シカガワ
麒麟	キリン
麒麟児	キリンジ
麒麟座	キリンザ
麒麟草	キリンソウ
麗々	レイレイ
麗々しい	レイレイシイ
麗か	ウララカ
麗しい	ウルワシイ
麗ら	ウララ
麗らか	ウララカ
麗人	レイジン
麗句	レイク
麗姿	レイシ
麗容	レイヨウ
麗筆	レイヒツ
麗質	レイシツ
麗麗	レイレイ
麗麗しい	レイレイシイ
麝香	ジャコウ
麝香猫	ジャコウネコ
麦こがし	ムギコガシ
麦ごはん	ムギゴハン
麦ご飯	ムギゴハン
麦とろ	ムギトロ
麦めし	ムギメシ
麦わら	ムギワラ
麦わら帽子	ムギワラボウシ
麦作	ムギサク
麦刈り	ムギカリ
麦御飯	ムギゴハン
麦打ち	ムギウチ
麦扱き	ムギコキ
麦搗き	ムギツキ
麦汁	バクジュウ
麦湯	ムギユ
麦焦がし	ムギコガシ
麦焦し	ムギコガシ
麦畑	ムギバタケ
麦笛	ムギブエ
麦粉	ムギコ
麦粒腫	バクリュウシュ
麦芽	バクガ
麦芽糖	バクガトウ
麦茶	ムギチャ
麦蒔き	ムギマキ
麦薯蕷	ムギトロ
麦藁	ムギワラ
麦藁帽子	ムギワラボウシ
麦角	バッカク
麦角菌	バッカクキン
麦踏み	ムギフミ
麦麹	ムギコウジ
麵類	メンルイ
麹室	コウジムロ
麹屋	コウジヤ
麹漬け	コウジヅケ
麹黴	コウジカビ
麺つゆ	メンツユ
麺棒	メンボウ
麺汁	メンツユ
麺類	メンルイ
麺麻	メンマ
麻しん	マシン
麻の実	アサノミ
麻の葉	アサノハ
麻ひも	アサヒモ
麻呂	マロ
麻垂れ	マダレ
麻婆丼	マーボードン
麻幹	オガラ
麻痺	マヒ
麻睡	マスイ
麻紐	アサヒモ
麻紙	マシ
麻縄	アサナワ
麻織物	アサオリモノ
麻苧	アサオ
麻薬	マヤク
麻袋	アサブクロ
麻裏	アサウラ
麻酔	マスイ
麻酔医	マスイイ
麻酔科	マスイカ
麻酔科医	マスイカイ
麻酔薬	マスイヤク
麻雀卓	マージャンタク
麻雀店	マージャンテン
麻黄	マオウ
麾く	サシマネク
麾下	キカ
黄いろい	キイロイ
黄だん	オウダン
黄な粉	キナコ
黄な粉餅	キナコモチ
黄にら	キニラ
黄ばみ	キバミ
黄ばむ	キバム
黄み	キミ
黄りん	オウリン
黄リン	オウリン
黄体	オウタイ
黄信号	キシンゴウ
黄化	オウカ
黄占地	キシメジ
黄口	コウコウ
黄味	キミ
黄塵	コウジン
黄壌	コウジョウ
黄変	オウヘン
黄変米	オウヘンマイ
黄心樹	オガタマノキ
黄斑	オウハン
黄昏どき	タソガレドキ
黄昏れる	タソガレル
黄昏時	タソガレドキ
黄桃	オウトウ
黄梅	オウバイ
黄楊	ツゲ
黄泉路	ヨミジ
黄烏瓜	キカラスウリ
黄燐	オウリン
黄疸	オウダン
黄白	コウハク
黄禍	コウカ
黄粉	キナコ
黄粱	コウリョウ
黄耆	オウギ
黄色い	キイロイ
黄色腫	オウショクシュ
黄菊	キギク
黄蓮	オウレン
黄蘗色	キハダイロ
黄蜻蛉	キトンボ
黄衣	オウエ
黄表紙	キビョウシ
黄身	キミ
黄連	オウレン
黄道帯	コウドウタイ
黄金律	オウゴンリツ
黄金柑	オウゴンカン
黄金色	コガネイロ
黄金週間	オウゴンシュウカン
黄銅鉱	オウドウコウ
黄雀	コウジャク
黄雀風	コウジャクフウ
黄韮	キニラ
黄鯛	キダイ
黄鳥	コウチョウ
黄鶲	キビタキ
黍団子	キビダンゴ
黍魚子	キビナゴ
黎明	レイメイ
黎明期	レイメイキ
黐の木	モチノキ
黐竿	モチザオ
黐躑躅	モチツツジ
黒々	クログロ
黒あざ	クロアザ
黒かび	クロカビ
黒こげ	クロコゲ
黒こしょう	クロコショウ
黒ごま	クロゴマ
黒すぐり	クロスグリ
黒ずみ	クロズミ
黒ずむ	クロズム
黒だい	クロダイ
黒つぶれ	クロツブレ
黒ねずみ	クロネズミ
黒ひげ	クロヒゲ
黒ひょう	クロヒョウ
黒びかり	クロビカリ
黒ぶち	クロブチ
黒ぼく	クロボク
黒み	クロミ
黒む	クロム
黒める	クロメル
黒んぼ	クロンボ
黒カビ	クロカビ
黒コショウ	クロコショウ
黒ゴマ	クロゴマ
黒ネコ	クロネコ
黒ヒョウ	クロヒョウ
黒ブタ	クロブタ
黒ユリ	クロユリ
黒体	コクタイ
黒作り	クロヅクリ
黒光り	クロビカリ
黒化	コッカ
黒味	クロミ
黒地	クロジ
黒塗	クロヌリ
黒塗り	クロヌリ
黒変	コクヘン
黒奴	コクド
黒字	クロジ
黒字化	クロジカ
黒山	クロヤマ
黒山羊	クロヤギ
黒帯	クロオビ
黒幕	クロマク
黒慈姑	クログワイ
黒房	クロブサ
黒揚羽	クロアゲハ
黒文字	クロモジ
黒星	クロボシ
黒曜石	コクヨウセキ
黒服	クロフク
黒木	クロキ
黒札	クロフダ
黒松	クロマツ
黒板	コクバン
黒枠	クロワク
黒梅擬	クロウメモドキ
黒梶木	クロカジキ
黒樫	クロガシ
黒檀	コクタン
黒死病	コクシビョウ
黒毛	クロゲ
黒液	コクエキ
黒潮	クロシオ
黒点	コクテン
黒焦げ	クロコゲ
黒焼	クロヤキ
黒焼き	クロヤキ
黒犀	クロサイ
黒犬	クロイヌ
黒猫	クロネコ
黒番	クロバン
黒痣	クロアザ
黒百合	クロユリ
黒皮	クロカワ
黒目	クロメ
黒目がち	クロメガチ
黒目勝ち	クロメガチ
黒眼	クロメ
黒石	クロイシ
黒砂糖	クロザトウ
黒竜	コクリュウ
黒竹	クロチク
黒縁	クロブチ
黒胡椒	クロコショウ
黒胡麻	クロゴマ
黒船	クロフネ
黒藻	クロモ
黒蜜	クロミツ
黒蟻	クロアリ
黒蠅	クロバエ
黒血	クロチ
黒表	コクヒョウ
黒装束	クロショウゾク
黒褐色	コッカッショク
黒豆	クロマメ
黒豚	クロブタ
黒豹	クロヒョウ
黒質	コクシツ
黒酒	クロキ
黒酢	クロズ
黒酸塊	クロスグリ
黒鉛	コクエン
黒鍵	コッケン
黒闇	コクアン
黒雁	コクガン
黒革	クロカワ
黒髭	クロヒゲ
黒鮪	クロマグロ
黒鯛	クロダイ
黒鴨	クロガモ
黒鶫	クロツグミ
黒鹿毛	クロカゲ
黒麦	クロムギ
黒黒	クログロ
黒黴	クロカビ
黒鼠	クロネズミ
黒龍	コクリュウ
黙々	モクモク
黙する	モクスル
黙とう	モクトウ
黙りこくる	ダマリコクル
黙りこむ	ダマリコム
黙り込む	ダマリコム
黙る	ダマル
黙劇	モクゲキ
黙否	モクヒ
黙坐	モクザ
黙契	モッケイ
黙座	モクザ
黙従	モクジュウ
黙念	モクネン
黙想	モクソウ
黙止	モクシ
黙止す	モダス
黙殺	モクサツ
黙示	モクシ
黙示録	モクシロク
黙礼	モクレイ
黙祷	モクトウ
黙禱	モクトウ
黙秘	モクヒ
黙秘権	モクヒケン
黙約	モクヤク
黙考	モッコウ
黙視	モクシ
黙許	モッキョ
黙認	モクニン
黙読	モクドク
黙諾	モクダク
黙過	モッカ
黙食	モクショク
黙黙	モクモク
黯然	アンゼン
黴びる	カビル
黴臭い	カビクサイ
黽勉	ビンベン
鼈甲	ベッコウ
鼈甲飴	ベッコウアメ
鼈茸	スッポンタケ
鼎坐	テイザ
鼎立	テイリツ
鼎談	テイダン
鼓する	コスル
鼓動	コドウ
鼓吹	コスイ
鼓室	コシツ
鼓弓	コキュウ
鼓手	コシュ
鼓笛	コテキ
鼓笛隊	コテキタイ
鼓索	コサク
鼓腸	コチョウ
鼓腹	コフク
鼓膜	コマク
鼓膜炎	コマクエン
鼓舞	コブ
鼕々	トウトウ
鼠取り	ネズミトリ
鼠咬症	ソコウショウ
鼠坊	ネズッポ
鼠子	ネズコ
鼠径	ソケイ
鼠径部	ソケイブ
鼠捕り	ネズミトリ
鼠族	ソゾク
鼠毒	ソドク
鼠穴	ネズミアナ
鼠色	ネズミイロ
鼠落し	ネズミオトシ
鼠講	ネズミコウ
鼠賊	ソゾク
鼠蹊	ソケイ
鼠蹊部	ソケイブ
鼠輩	ソハイ
鼠返し	ネズミガエシ
鼠鳴き	ネズミナキ
鼬ごっこ	イタチゴッコ
鼬の最後っ屁	イタチノサイゴッペ
鼬萩	イタチハギ
鼹鼠	ウゴロモチ
鼻かぜ	ハナカゼ
鼻くそ	ハナクソ
鼻すじ	ハナスジ
鼻っぱし	ハナッパシ
鼻っ張り	ハナッパリ
鼻っ柱	ハナッパシラ
鼻っ面	ハナッツラ
鼻つまみ	ハナツマミ
鼻づまり	ハナヅマリ
鼻づら	ハナヅラ
鼻ひげ	ハナヒゲ
鼻クソ	ハナクソ
鼻下	ビカ
鼻下長	ビカチョウ
鼻元	ハナモト
鼻先	ハナサキ
鼻唄	ハナウタ
鼻唇溝	ビシンコウ
鼻垂れ	ハナタレ
鼻塚	ハナヅカ
鼻孔	ビコウ
鼻尖	ビセン
鼻屎	ハナクソ
鼻差	ハナサ
鼻持ち	ハナモチ
鼻摘み	ハナツマミ
鼻曲がり	ハナマガリ
鼻曲り	ハナマガリ
鼻木	ハナギ
鼻柱	ハナバシラ
鼻栓	ハナセン
鼻根	ビコン
鼻梁	ビリョウ
鼻歌	ハナウタ
鼻毛	ハナゲ
鼻水	ハナミズ
鼻漏	ビロウ
鼻濁音	ビダクオン
鼻炎	ビエン
鼻疽	ビソ
鼻眼鏡	ハナメガネ
鼻祖	ビソ
鼻筋	ハナスジ
鼻糞	ハナクソ
鼻紙	ハナガミ
鼻綱	ハナヅナ
鼻緒	ハナオ
鼻翼	ビヨク
鼻薬	ハナグスリ
鼻詰まり	ハナヅマリ
鼻輪	ハナワ
鼻閉	ビヘイ
鼻隠し	ハナカクシ
鼻面	ハナヅラ
鼻音化	ビオンカ
鼻頭	ハナガシラ
鼻風邪	ハナカゼ
鼻骨	ビコツ
鼻高々	ハナタカダカ
鼻高高	ハナタカダカ
鼻髭	ハナヒゲ
鼾声	カンセイ
齟齬	ソゴ
齣落し	コマオトシ
齣落とし	コマオトシ
齣送り	コマオクリ
齧歯	ゲッシ
齧歯類	ゲッシルイ
齲蝕	ウショク
龍宮	リュウグウ
龍宮城	リュウグウジョウ
龍王	リュウオウ
龍眼	リュウガン
龍神	リュウジン
龍穴	リュウケツ
龍脈	リュウミャク
龍舌蘭	リュウゼツラン
龍舞	リュウマイ
龍舟	リュウシュウ
