path	sha256	lines	proposed_owner
crates/larm-session/Cargo.toml	d881a7ebceaa31a489e0fac0c4a87965cb74c5b9abdd938f2163d8cb387fc3ac	21	existing-package-or-frontend
crates/larm-session/src/catalog.rs	cbc916f751aff2d663137af01f1d86ea7f7baf177c23e90019ede6f5a0cc8599	176	existing-package-or-frontend
crates/larm-session/src/contexts.rs	d60240bd906f0575694f856a67796ef8692e357488cd77d0705186a5b8db5069	344	existing-package-or-frontend
crates/larm-session/src/contract.rs	37a59fba641ed509e9f9d5cb9c686e8fcc9256b0c62572aeb89a7e7f418bf4f3	457	existing-package-or-frontend
crates/larm-session/src/error.rs	2ee6d15fa50e2df75520a38070de658de33b4b4f4cb6ece18f6c7b8621c84178	42	existing-package-or-frontend
crates/larm-session/src/http.rs	eabaeb0b1f820c564b15345fc4b5ca9334f964067cb896c3335f5e5e2aaddf52	139	existing-package-or-frontend
crates/larm-session/src/http_api.rs	e30e47d7b80f8388478f5dfb8b6e58948f836c507bf3b67c7a4777e6cc81322a	245	existing-package-or-frontend
crates/larm-session/src/lib.rs	74263b9af3f5c25df35292f1ce9701e0553fca152839170c73732f653b0742a1	1120	existing-package-or-frontend
crates/larm-session/src/media.rs	717c5e867ccc786e7241cb75bcd493574e4023c07b20717e7179a43232920da7	535	existing-package-or-frontend
crates/larm-session/src/media/diagnostics.rs	b045458e14290b1d7e66d917cae9a0d4dd4eddf29c684883f52955881ab40c6f	38	existing-package-or-frontend
crates/larm-session/src/media/tests.rs	176651e31b8c5e02aa8f4afb3bff4027c46f38450c69c322836dc41b678ae2a4	447	existing-package-or-frontend
crates/larm-session/src/media/tests/regression.rs	4ccccb5b6f295d98c30c11abcb180aa584d293821b096762b7fa287841b12bc7	118	existing-package-or-frontend
crates/larm-session/src/media/transport.rs	10ea2ea6b00d790bab1517eddfd826051aac6a8c6b72e5ba2b4ec4ff8567f37f	182	existing-package-or-frontend
crates/larm-session/src/personal_state.rs	f576f4632bad41f6ff7bbef3feb2cddf15ef04d43de152c6039b8dc5aee756c9	247	existing-package-or-frontend
crates/larm-session/src/tests.rs	d5374aa0ce43cf97dc95fc92ace96bff9ae63d2646db3ffe7efcb4fcbf08119b	1708	existing-package-or-frontend
crates/larm-session/tests/contexts.rs	438f0365055f1105cd534934028ec8ba95370f7b0f2a1981bdd3861547e56e3e	125	existing-package-or-frontend
crates/larm-session/tests/live.rs	c8ea43582a4785d7e0adfd7ca30eb6c4ff8bbd3883027ec3549b933a76610287	185	existing-package-or-frontend
crates/larm-session/tests/media_live.rs	84727f2ed7866701d30e2e4ae9be46aa605860b723a5c3a28bc0dcc59eeffa49	145	existing-package-or-frontend
crates/larm-session/tests/personal_state_budget.rs	daae175c7dc402a0c86b8eccba1050b4c0312aadafb67f8e8acdecb6bbf7c087	59	existing-package-or-frontend
crates/larm-session/tests/system_one_live.rs	196cb8c720a1f641e237b3face6056f3349f08a62cfcfefe46e754fe4ba9b95c	40	existing-package-or-frontend
crates/personal-state-core/Cargo.toml	2bb090e37343bfa4c622c8036d907839c57a9a636cc016abcb49cd5e8f54334c	11	existing-package-or-frontend
crates/personal-state-core/src/lib.rs	7674f9244cfd2d64d9e13e7432f9be9b7649a1beb9d6b02a1caddb73a2f6033f	10	existing-package-or-frontend
crates/personal-state-core/src/model.rs	49d4ad24224f76c3bd4187ab2ffe65e762d183c16cfd69a0d01e7093a4495fc0	308	existing-package-or-frontend
crates/personal-state-core/src/reducer.rs	42b1c52a82859a8363dac3da5b2b7c9907889bc5c038a48bfc563db019f2eb75	571	existing-package-or-frontend
crates/personal-state-core/src/selection.rs	fe9ee5add6a3e2a2943ccb3a2a67dfc9b4f9c46f8e349e12f983d82a069f05a5	139	existing-package-or-frontend
crates/personal-state-core/src/world/conditions_v2.rs	e594275227d44e5fcdcea6ceb443abd135a483d030b9bee3d801ae83307f82c5	220	existing-package-or-frontend
crates/personal-state-core/src/world/extraction.rs	12a023db4ca0297f7e6d19afe8036daae1f171964f563241d250758f33a23aa6	197	existing-package-or-frontend
crates/personal-state-core/src/world/frame_sources.rs	2bc44c33acc6cb3ebca153d3549e2defe77c40cb1e1c8ac06e7f7ea87d57b40d	266	existing-package-or-frontend
crates/personal-state-core/src/world/identity.rs	b059508157c8600e6664bb2f63b4debe46a0ba384da903a62d0df76807aae3bf	96	existing-package-or-frontend
crates/personal-state-core/src/world/identity_v2.rs	e2e3386c024262ba5e2cc627257a0e777e626b830cc09a99d6779ed999272061	310	existing-package-or-frontend
crates/personal-state-core/src/world/mod.rs	dd1f9e24a4c2329a5181afce417487e85d658665b72354f91f0b6118e05bd6ba	34	existing-package-or-frontend
crates/personal-state-core/src/world/model.rs	0ca03b9b50c1d8c1d8c753a80156606b63989c797397470c89b75623d80b823c	420	existing-package-or-frontend
crates/personal-state-core/src/world/model_v2.rs	686389f9646100eb76e530797b076c39e389b8e57bd3ae18488643c658ee17de	658	existing-package-or-frontend
crates/personal-state-core/src/world/outcome_v2.rs	08f09572997003b825d21165a9a51e4d318489ce4836893d8269c063dab61391	289	existing-package-or-frontend
crates/personal-state-core/src/world/relevance.rs	9c46094631fffbe937bd1119f4cd96bd394c4ddfd580d5ff191bddd50349f853	254	existing-package-or-frontend
crates/personal-state-core/src/world/relevance_v2.rs	5defccb87d3e2b5e7d67ca2fa537ba354cc75b55470a25e3d26b9b52b9dffde2	651	existing-package-or-frontend
crates/personal-state-core/src/world/runtime_frame.rs	a82a6310f9184fa50fd43ce1ddb280a6991876d3c0d1c8021b2cf047ffbb6707	977	existing-package-or-frontend
crates/personal-state-core/src/world/slice_v2.rs	ef335c0e621e00ffcbb586a7a119a716d55e96726f26da63734868ae0eafb44d	569	existing-package-or-frontend
crates/personal-state-core/src/world/traversal.rs	28394e863634df5bbf51d52c48856139786eaf6bc6ab2202eb6749286fee4fb4	312	existing-package-or-frontend
crates/personal-state-core/src/world/traversal_v2.rs	d13f8a643c61276402d1ba0f45e9b1b4d7e609c8bced794c5a16b82e409813a7	733	existing-package-or-frontend
crates/personal-state-core/src/world/validation.rs	5c8189b66d2d9f8965f7a6193d2a92287284fdaaddbfa7c4d3d2463944c2d308	417	existing-package-or-frontend
crates/personal-state-core/src/world/validation_v2.rs	973b6e1b77634724a42a989b07b2f10e96641ed77aca8a5a483186c837720008	767	existing-package-or-frontend
crates/personal-state-core/src/world/versioned.rs	7d6f24e9b3e93b238768d9fdf3880308a9e15dbcf2064a64af10c9f7c9f96987	294	existing-package-or-frontend
crates/personal-state-core/tests/continuity.rs	a58c0cab0aa6949506ea2ae54a7f0e7580b2364854367e9535291130a4045143	515	existing-package-or-frontend
crates/personal-state-core/tests/world_contract.rs	c11e2d2003ab482bd741d071f00f640180154a1cf7178a02278035eb0bcce22e	89	existing-package-or-frontend
crates/personal-state-core/tests/world_m2_frame.rs	1bb7822d1448a839f13d4b7c41d17d8e6a4a5037a8b096a6ec0fb03f2c4c9862	137	existing-package-or-frontend
crates/personal-state-core/tests/world_traversal.rs	b507ff4c0f8b6be61e251a4d5ce2666931ce218fef50060c573b2f7dd46b3fa3	453	existing-package-or-frontend
crates/personal-state-core/tests/world_v2_validation.rs	454ac17ed088520f62294a197fc82afeec8742669a4bb912b6152c9b16c88cdd	918	existing-package-or-frontend
crates/reasoning-contract/Cargo.toml	306cb06fc53db5e5a5044c0d1223d29c33d5ee5d65bd32f80d45f92d0e09b34e	9	existing-package-or-frontend
crates/reasoning-contract/src/lib.rs	b59142dbcbd8f369833c73463c8a3e48ff96548d2e57602291e05ae95f14646e	220	existing-package-or-frontend
crates/reasoning-contract/src/schema.rs	edf24d661e9acc4005c58cb9cf2032e8c9b71d38773257c629c609509ec857a6	54	existing-package-or-frontend
crates/reasoning-contract/src/tests.rs	c2e1c310d11dc666cd9323142f27fe84adb5652c17eee99d7dfff84749653259	87	existing-package-or-frontend
crates/reasoning-contract/src/world.rs	de6bff26d86abc745f7775307ef0d52d728d5b394f73c8d0916c403d0fc247b1	110	existing-package-or-frontend
crates/saaa-media/Cargo.toml	713a76b7d3a3ba64db274def126d80e27a2a70d77c74d53719ae36045fec3928	21	existing-package-or-frontend
crates/saaa-media/src/backend.rs	4805d4c642b3893a87deb9f6cdac671b50a25d05f75bcbcd5cca5629cbbae404	250	existing-package-or-frontend
crates/saaa-media/src/contracts.rs	5f461d4c64c1a667c7cbd3f06f7aed3779e7fb3be62d218834e63a36a8cdcea5	349	existing-package-or-frontend
crates/saaa-media/src/larm.rs	ced6cd3cf6d4759fd5ce002ae86cb2ff226a81f02d04641d276a33b33d93d280	120	existing-package-or-frontend
crates/saaa-media/src/ledger.rs	f4ac1dc6103f82b227318527d5c63b4760873331b4c83eaaf91ce48293af7133	446	existing-package-or-frontend
crates/saaa-media/src/lib.rs	97c2cb4cabefec770603cda8239c284fc82dd06abcb0b62888a7384fd1c61c70	73	existing-package-or-frontend
crates/saaa-media/src/ports.rs	951a0456584243fc2dd6c31f5772f65c0335c4d54c0acd64788496bd91c30a39	123	existing-package-or-frontend
crates/saaa-media/src/replicate.rs	6e3b5db47da9fbb142e22e79f1081080e07dd7e9f6287e21c2b397047786b7cb	623	existing-package-or-frontend
crates/saaa-media/src/runs.rs	5cc9ba544771097d4b5024051f669a58182fc7f61ea9382bddbbc5909b9ac7da	73	existing-package-or-frontend
crates/saaa-media/src/service.rs	5a1d7f180293aebe5d8aac97334bb071ad3eab2e88978cc744ab337ec2074e88	763	existing-package-or-frontend
crates/saaa-media/src/store.rs	110e8810bdbc01269274e0bcd791e48887d9a6c185dab38161ebe9e581ca11f1	283	existing-package-or-frontend
crates/saaa-media/src/tests/mod.rs	b6c1c8e2b990fe6cbd28d6b344753a498af69f8ecc326bf6eafa16bcc44a8f17	592	existing-package-or-frontend
crates/saaa-media/src/tests/replicate.rs	f50724a0cb880b09385189fae5846468cbf5b64202fa63a7c0ca79637a3fe280	316	existing-package-or-frontend
crates/saaa-media/src/tests/service_commit.rs	eb69ed94c81250badf0ab92a6d12561f73cee6c05eae82277d87259f6e481fa1	320	existing-package-or-frontend
crates/saaa-media/src/tests/service_lifetime.rs	4678ffd5ca3fdd1bde8635243b6757e2183142aa0afb4d81f158000098cb12c2	355	existing-package-or-frontend
crates/saaa-media/src/tests/shutdown.rs	a8539fee16f373818235f577cc613002e613ff0bcb018d26dcdbb74360d6960a	359	existing-package-or-frontend
crates/saaa-provider-routing/Cargo.toml	af42e3155495d0d111aa6253ff2e0e2e914937103a3a1e39c3e2fc56ed083737	13	existing-package-or-frontend
crates/saaa-provider-routing/src/active.rs	3df939bce36dcc765f4a71d4394eab301494326589e99f56756808a935696bae	40	existing-package-or-frontend
crates/saaa-provider-routing/src/audit.rs	b7c85012139f49f83e5622b2e5862c028dc1cfd18efa59258505f9adae83229d	62	existing-package-or-frontend
crates/saaa-provider-routing/src/compatibility.rs	a6062c8a212b6558e2d4750d6ec023d3becbcd43a318f21096802d8d602474f3	37	existing-package-or-frontend
crates/saaa-provider-routing/src/lib.rs	6631d94abccbc3afe88fc2886ff836fb79bc8c82ac616c52f44c6058b2746a3a	60	existing-package-or-frontend
crates/saaa-provider-routing/src/migration.rs	b5b66ea3447fa51c79664187335c3664a1fce88b2358f20dccfc841e1d5634c2	210	existing-package-or-frontend
crates/saaa-provider-routing/src/resolve.rs	78176935eb2189608498c89da74199dad214c315fc676af72871679eefc4b82e	193	existing-package-or-frontend
crates/saaa-provider-routing/src/schema.rs	0b62bd9da10ae0a17d89f40735661cf2258d93a73a03ac68f5a95e2575b22bc6	94	existing-package-or-frontend
crates/saaa-provider-routing/src/tests/migration.rs	351049a69d1f8d0780501bdaf12bc93a5cc1bd0d74f8747ea0a69a6421a7cdbf	212	existing-package-or-frontend
crates/saaa-provider-routing/src/tests/mod.rs	cfb70ac5aa5d2ba4fcf7cc22c510981d1034292a906876e13402c7a3cc706ca8	2	existing-package-or-frontend
crates/saaa-provider-routing/src/tests/routing.rs	3e092b2c6bb9fbe060c15ecb442882ced9da69b888092381b54ec980cf191662	394	existing-package-or-frontend
crates/saaa-provider-routing/src/types.rs	4e873ea8ec2aab3df0f7ca3de6b33be44b859a13743abb5af41a7b39646c1d06	157	existing-package-or-frontend
crates/saaa-provider-routing/src/validate.rs	e947b03f66b8e3bb5a93dc6e454cfb4a55cda2be25604878400c73bfe0b966c5	180	existing-package-or-frontend
crates/terminal-agent-runtime/Cargo.toml	19cdfab05d8453e53afba3d58992e0a746ae220cb5a0b2e555834076b7af7ee1	12	existing-package-or-frontend
crates/terminal-agent-runtime/examples/helper.rs	075ee2ee8cf73639f4037d4b7212f3a645b710c36ffd466916d86987c7c1c55e	12	existing-package-or-frontend
crates/terminal-agent-runtime/src/adapters.rs	6df87e84b00cb976af32a85f6f2e88ef3c2ca5b11c504eaa5171e28047763482	179	existing-package-or-frontend
crates/terminal-agent-runtime/src/bridge.rs	c3638ca7c88e724474616f16d53cb7ea1567bb334eea95577227835bc7bec37d	270	existing-package-or-frontend
crates/terminal-agent-runtime/src/lib.rs	86678dd67acc8cacf14c553429b63871ec9a6ecfda3839ed5c804e09759069a5	30	existing-package-or-frontend
crates/terminal-agent-runtime/src/process.rs	86892b0acb190e7d29acc19580211759d2f88128ce514aa7748be629dcfe02be	235	existing-package-or-frontend
crates/terminal-agent-runtime/src/spool.rs	9157079be6b1da79a2ee3110cfe05f2da2fa6b9c0e3b168022feef417f536f97	142	existing-package-or-frontend
crates/terminal-agent-runtime/src/tests.rs	446e1a19ddcafe1707095108439d74f6d87df9f9334a9171ef6b151181a321af	194	existing-package-or-frontend
crates/terminal-agent-runtime/src/viewer.rs	8088271e6a2e10110af45d3d83dc3c8889817c547285b0cb6c462285ef9fd945	59	existing-package-or-frontend
scripts/clippy-diagnostics.ts	20ba77d40184489f3a002f5fb7a9023d4399e8e948602d924142348b1864a3d4	20	existing-package-or-frontend
scripts/clippy-ratchet.ts	db204e81c63fcd6d0a751a0ff9a36ccf084aa0a43788837ac65149f8ab4a4b51	81	existing-package-or-frontend
scripts/codex-sdk-canary.ts	3b3a1c3164fa298f8e3b663de8fcea1349a01371911a335d934aa9682611779f	49	existing-package-or-frontend
scripts/codex-sdk-smoke.ts	0c49fdf1e1411e505304ce0addd0b5c9a7cda15a10562d892ecc25228e4e045d	20	existing-package-or-frontend
scripts/conversation-context-input.ts	5c5ea35f1b378a8b0ca8db4a21cebb3313676f2261ea906f062f1572039713af	18	existing-package-or-frontend
scripts/conversation-context-report.ts	5f084844f197b7d47fc502e8f4db42b0593264636b14a27cc79977343e0b9241	88	existing-package-or-frontend
scripts/conversation-quality-eval.ts	6fc2151e5f805026af9d408975e7577d50f34969858977556922906dcff12a6d	383	existing-package-or-frontend
scripts/conversation-quality/protocol.ts	16a6b52e62bd896ad84fe5ef84644d4c2d678e7429bf8bda8717c0c797eda073	72	existing-package-or-frontend
scripts/conversation-quality/scenarios.ts	72cf2e121a379d4b4a2d6322987e3f1e855069972f7bea354fc0d1eba65fc4f5	49	existing-package-or-frontend
scripts/conversation-quality/schema.ts	154e8b12d68e842224a6c4b6f6d205476863afb8719fe25036b49d0bfa6910aa	238	existing-package-or-frontend
scripts/conversation-reasoning-eval.ts	43eb1da05bc1300e80a8d639ad9e10b3876db730e9d7931dd8e5b04e10441108	30	existing-package-or-frontend
scripts/delegated-work-eval.ts	0cb5fb73a13fb2d5e57f8b3b8ee233c8d8e798b2f1c6c01e1d66635b3e8dc49d	27	existing-package-or-frontend
scripts/delegated-work-performance.ts	f5e8775a7d50f55c89fb7bb1037facc7ed3e59feccf70fcb0a7121389a24b395	39	existing-package-or-frontend
scripts/desktop-e2e-report.ts	f4bdd77a50a5b4da017f3833c0c41ea8bd55d455cb1d8c73a69fb27cf6c2ddda	29	existing-package-or-frontend
scripts/desktop-e2e.ts	6d0ece7be83288718217138c4c24da0e8169384e8555eb148f1813cec09fc4dc	54	existing-package-or-frontend
scripts/desktop-smoke-child.ts	a05ce14b8ca4e29f3a9d98bf6e76ece5920418663be7f3fbff052a894610e5e6	59	existing-package-or-frontend
scripts/desktop-smoke-process.ts	172dcdd3406ddcedc3582c27f856f406d3c4124f590c9fdcf6e181d9b8b72f17	203	existing-package-or-frontend
scripts/desktop-smoke-signals.ts	3bbf21d73e72e4f08b726f66f7faad68b768c12bf9224b92ac88db1faa70166b	26	existing-package-or-frontend
scripts/desktop-smoke.ts	198b6b24773f020a227ef88e8a081f4fa55511371f8147c40a87e32f0a4b6b79	44	existing-package-or-frontend
scripts/feature-lab-preview.tsx	1dee45e954943b8a4ccf1a2a14b7ce3c70cbd9cc41e1d907e11fd63cab19b74b	9	existing-package-or-frontend
scripts/feature-lab-smoke-browser.ts	b7ac79d3e15b46c12e251362b5931d14622e1fbf2edfe47d0a0db12a8b542c86	122	existing-package-or-frontend
scripts/feature-lab-smoke-page.ts	1bbfc849300b2d78b84e7cd3dc79fe98b8aacf744eb15f762ace38c119baf02a	74	existing-package-or-frontend
scripts/feature-lab-smoke-reap.ts	2de341e44b10f9371daefbc5357af465a2725fc5440905d4746631766cf57886	182	existing-package-or-frontend
scripts/feature-lab-smoke.ts	9cf3826e4fa8e72f1ca53c0d4fbb75a2998fddb70287c41b09b859b13b77e29c	198	existing-package-or-frontend
scripts/feature-lab-vite.config.ts	32348e5c72b34eb6d7bf9e8396d702792fd01628a46204bd74461bd9b94a8b5d	105	existing-package-or-frontend
scripts/feature-lab.ts	fa957850bd41f6a087b4c70b1b1eda23f8d1023c24628bd931472eb4ccf78ad7	253	existing-package-or-frontend
scripts/frontend-tests.ts	43cdebbe88175f5ab63b2498c513c6e9b0000402c5ee545271aa13ddc954c4e8	63	existing-package-or-frontend
scripts/generative-ui-openui-spike.tsx	705cce11a9d85f602bad660d4dd4637cc37fd459ad07b67a7a09098f74de6302	103	existing-package-or-frontend
scripts/generative-ui-preview.tsx	4b9de7893422f1530dba023f5bbfb2b10f713ecf41d97639d63454c34b848121	200	existing-package-or-frontend
scripts/generative-ui-vite.config.ts	9e3826b6e6117e96b4921a1547f3e55da79c73820aaa0fc3eb2d9fcd57169229	6	existing-package-or-frontend
scripts/llang/build-generation-kit.ts	3afe9e11ea20067dbb3f57fe1c2db3537b77457c638ce163e8b582d63e9abcc7	250	existing-package-or-frontend
scripts/macos-bundle-smoke.ts	5f22f13186deb1c34c96601a89b22f4365fbcb8985acd564d9a77b8ddc8fe0dd	57	existing-package-or-frontend
scripts/maximum-performance.ts	509709eab68973939e53473421c40f061cba9b050bfedc55ae7b5acb0ccd7737	199	existing-package-or-frontend
scripts/module-size-baseline.ts	11f08a1d5c6e08f1fc1e463380abf588172b3563af032eaa1c49db22ffb1469b	45	existing-package-or-frontend
scripts/module-size.ts	2c647eb20711c48dade0a03d424d5b357249b2f5379c464a4ce22ec7d585a49d	241	existing-package-or-frontend
scripts/mvp-2-2.5-readiness.ts	0f8029751bfd1e5379b7143e358ab61faed8de46002b044fadc6e9975133a21a	78	existing-package-or-frontend
scripts/mvp-2-2.5-readiness/commands.ts	6833fe9e747c9a05fd8556e96f38289efe69874f6c4b8db97ee4c7e13b33d0f6	474	existing-package-or-frontend
scripts/mvp-2-2.5-readiness/schema.ts	f1c64106d67f1cc1e3ae5b8233303e3ba90dbbba959ce457f3582288ea533ab2	420	existing-package-or-frontend
scripts/mvp-2-2.5-readiness/support.ts	b769b5d5c4a24235533559900145700d8d5cc4f072aeda5fe4010973860386f2	499	existing-package-or-frontend
scripts/personal-state-eval.ts	ecfd0db3ae5fe6fd7c1b3e65173803c5707b82bbbdae626fc0ae25ca8db0ea12	138	existing-package-or-frontend
scripts/personal-state-live.ts	b20b2c5ee778cfeb99b0d257c660539e4fa9bc6b3307c0d4f5d71118df98f302	148	existing-package-or-frontend
scripts/personal-state-performance.ts	8f2e0465467be9d774b6e715083d638f53db2c56a99bd97ac03e1938d28768c2	141	existing-package-or-frontend
scripts/pi-codex-sdk/index.ts	8436f7cbad1097120ce5ac735c180044d1d79dfb3bb3379d23d8d81fd6437dc3	218	existing-package-or-frontend
scripts/pi-interface-canary.ts	39763ce7087cb3117bf64752abc267e78b7f1ea58a86bcadec490879d9ae2987	174	existing-package-or-frontend
scripts/pi-interface/fixture-provider.ts	abda2615538d5cbecbccd2f6da2485a0fb65d848c35b87af67f90bd68250d990	84	existing-package-or-frontend
scripts/pi-interface/rpc-client.ts	c86b60d827ac6af9cd326b286333a43675b772ab449cff49c80999253f269c61	132	existing-package-or-frontend
scripts/portable-frontend-tests.ts	650dd714dbd56739d3ab3ee373bebf8227a9dffc97fca34b2acc91c176272280	2	existing-package-or-frontend
scripts/product-readiness.ts	81f3e82d2d6dc96f9f310f4d1d36a95213af33bad849b3fa77559875a4612259	55	existing-package-or-frontend
scripts/product-readiness/report.ts	6bbdbc289fd66fa07bb62192ddd3a7984ee8c59861525a73d83d1c8f4a675386	79	existing-package-or-frontend
scripts/render-system-contexts.ts	48a5381805b3510fb92821482692870d18252adea3b6699669e86bef7240bf79	39	existing-package-or-frontend
scripts/role-routing/codex-isolation.ts	fa35ac31a16a809eab9f44fd8285d29a8255960a254493a6f78a8794c47ad990	44	existing-package-or-frontend
scripts/role-routing/codex-sidecar.ts	823aabc34d76ec3db70b0a4e15806f1e8eb0beb94ebe6b887667436500ec3fc3	219	existing-package-or-frontend
scripts/serial-command.ts	75d62d2c83167cc9ee682d69e7d4b0d783e4bc6c150f1ccaa05fc7cf8c169601	51	existing-package-or-frontend
scripts/test-coverage.ts	0cfcef99f9075b115369f5f7033ae0df604d36b54ba48d9d365494d24ba6ad67	46	existing-package-or-frontend
scripts/unwrap-audit.ts	7c324af807302f61fc40af2fe8a600654c2d932c67616d9eb98c0b593632c00c	69	existing-package-or-frontend
scripts/verification-build.ts	96f31637ca52d1815583de38297cbd7c497870d5c13a9fb31588b3e8dcd1a272	32	existing-package-or-frontend
scripts/verification-lock.ts	008e6276bf91b6cba53b933fb562a1613f18fca208fc1ce5bcd9e0b963c4ec72	124	existing-package-or-frontend
scripts/verification-process.ts	ff46e410d6a96de6afe34762a516d7ae7622d2cc763901ed01b38c4ccd8b9e53	220	existing-package-or-frontend
scripts/verify-affected-changes.ts	faeb4dfde2b25b05232865de1608b6698d18de9298b81dd8f5b64230521cc0ad	205	existing-package-or-frontend
scripts/verify-affected-graph.ts	dca972140fe98ad4f911093560c339f180f7e5474b1fc3b06d1c7edc9e8466a7	162	existing-package-or-frontend
scripts/verify-affected-inputs.ts	aeb6e4de768e6f11226b8dbdfc5a3aee9c6f2e482c340c71fcfabbe266b5d288	199	existing-package-or-frontend
scripts/verify-affected-plan.ts	7b9da7e497db8d4293785edf0b5ca0d177089d5e936bd4fd818bc89dd99c480b	194	existing-package-or-frontend
scripts/verify-fingerprint.ts	c684cd532f11e95f73fd8ca3ed7e8b92b45d4c91426cba1d4c816b95735bbe9b	172	existing-package-or-frontend
scripts/verify-input-scan.ts	b20d8772450180f5519c4c46878e7b6e0608360fbd21f27c359d8b90891a72e9	164	existing-package-or-frontend
scripts/verify-input-watch.ts	c1e3aac050a9bc6ed0c435ab3addc750e208dab82c0fb991f5f266de1d775fd4	107	existing-package-or-frontend
scripts/verify-plan.ts	05e4e24d3dfda6db6c509d055aafc0e47da78aa62fef0ebce2c0df0dd7c65fa2	387	existing-package-or-frontend
scripts/verify-report.ts	b5c79f1c4b3c4f9807c2a992f8701f03ef73c2dee87fc0d24028fbb896d57263	116	existing-package-or-frontend
scripts/verify-run.ts	f06ea06d3feee2ad2147e88274f201a5be9534af3c7483591507bd39dd5da296	498	existing-package-or-frontend
scripts/verify.ts	202ff349423418a45679c5f65c2031fd69778420e2601bf977bcb131bbdd5f97	20	existing-package-or-frontend
scripts/webfetch-sidecar.ts	46e4373daa3d93768ec4b36f0fc1d2db10ad5ed83c142523fe3da8c8ba5de136	143	existing-package-or-frontend
scripts/world-eval.ts	06afea5a5eefd7dfe67d1016074ce9598bb89d0d35390b4af00cb89ba9e30738	99	existing-package-or-frontend
scripts/world-evidence-compare.ts	8e999c12030eda2e2abcc1853784adb3afb906be42b48eee939ad121f4faaccd	7	existing-package-or-frontend
scripts/world-evidence-git.ts	b1b1e74fe55ff828dfe1968622c4d4b9e61c9a4fd7bec83a4f74606359be173c	50	existing-package-or-frontend
scripts/world-evidence-identity.ts	20854366b59243afdb105ad2c9289d2b667324dd47dd0f4887f807670de7d9ea	14	existing-package-or-frontend
scripts/world-maintenance-eval.ts	5576f4f8ccaac1b79b2bc66587c0aa0ebd1a50b72f5cd750c378f90687120e30	302	existing-package-or-frontend
scripts/world-remaining-eval.ts	2784d574bd96a3c78b2c41e21642d55ce9b9c570dc7514bd1f586ca4e16efb0f	90	existing-package-or-frontend
scripts/world-route-matrix-parse.ts	973f2729dec723b09aa2ebcdce9f9249b30519e0263f88318016b1a84e901b9b	24	existing-package-or-frontend
scripts/world-route-matrix-validate.ts	1587b8a894244c88d62817c8a8e11e09c152a78d8644b0db2a660218afa19882	100	existing-package-or-frontend
scripts/world-route-matrix.ts	82a0130bc509961d2f9e1af2f277cd2b6c43b9f6d7ac8e0c4fdea2cb736dc9dd	12	existing-package-or-frontend
services/feature-lab/Cargo.toml	54ee7ccc92c5401beb0f13ae620dd23b4c5652d00136d40cbe80fb49520ff8f3	23	existing-package-or-frontend
services/feature-lab/src/acceptance.rs	404345852ee057290a1d8edafa6fc9e7e1cdc78e6b083a5499926420dd14be63	244	existing-package-or-frontend
services/feature-lab/src/auth.rs	dc0e61243bdc51848af62c9cce6ff96f17eca7cd8333abc838626ba06f6d9f3c	81	existing-package-or-frontend
services/feature-lab/src/fixture.rs	7ff870cded2a3a8bb1b0e7ef7f768f26c26a2cddfee0bb4dd9a4a4fa53f52397	126	existing-package-or-frontend
services/feature-lab/src/http.rs	7e7da736fb7d67c21c8b3f05e91d60105fe0503dd76daaaad4384f3e3dfac6f6	691	existing-package-or-frontend
services/feature-lab/src/lib.rs	b96b8786a941c362133e4ccaa514bdb1e0b6e9bc4f04bbae7468d9223d632a9a	15	existing-package-or-frontend
services/feature-lab/src/main.rs	1f53233e7299b68c44839412140f5ce4aee047fc0b4926d252c673fe0d420e6d	130	existing-package-or-frontend
services/feature-lab/src/owner.rs	4fa3c881aa2ba57cbccc6787fa1ddb7ea091912a4217be86fac32ea5d8c8440f	73	existing-package-or-frontend
services/feature-lab/src/store.rs	dd1cbfe163e0029ba7feeff4f42f97d3d2379482aaac8e326aa4b3a45d0f36c8	209	existing-package-or-frontend
services/feature-lab/tests/credential_env.rs	492b18ac4409e5e14a27fdb2724934ba86c91d0e2bea7306d2a15fe592f7d1ae	31	existing-package-or-frontend
services/feature-lab/tests/process.rs	898eb4ffdc2792ede631afcb79668aca9bc746c7e277d1b565138775ee0fee81	124	existing-package-or-frontend
services/reasoning-mcp/Cargo.toml	cbd55f83fcb32cb35feed5cbb0478ab410a587004ddc3ced0070e8b013bf3719	18	existing-package-or-frontend
services/reasoning-mcp/src/lib.rs	73ba71e77276cffb951dd2db8417d9bb3c1c5842c091c6384c380758c3f674ef	203	existing-package-or-frontend
services/reasoning-mcp/src/main.rs	c20261c9ded34877ae56673ba58ea5c334ef848ba6a7eef516b2ae41345babb1	23	existing-package-or-frontend
services/reasoning-mcp/src/provider.rs	2c3427b6bea58ba99f88997d7393d7f1ec5f0cf42774f050c9f16b6a04c0d6a1	146	existing-package-or-frontend
services/reasoning-mcp/tests/http.rs	09c2bb0849f291326c84082f6709737a4c4a0a51963eb085770ed9ebbd2b32d0	245	existing-package-or-frontend
services/reasoning-mcp/tests/larm.rs	c68538a288981f57ca327f41990374fa8f5c4fabc8e09a7262bb4433a3d57011	117	existing-package-or-frontend
src-tauri/Cargo.toml	aeeab68ba3e80eacb45f201ed5656143372d27b4f1506196178ee1ca48ea1fcd	114	existing-package-or-frontend
src-tauri/benches/sqlite_read_path.rs	cf00a1ac65b67be90bdea7fceef27c6cc8cf5046b3316f0ef834891c5ae084c8	136	existing-package-or-frontend
src-tauri/build.rs	5a21960d7358d5a73fa8f4122474672e2187f9c6a9d78bb66e4b9847c032c44a	187	existing-package-or-frontend
src-tauri/clippy.toml	0a4dc6f99dec9d560a051e96b453faf8a727fa8f33f0f79169fd66388423cbf6	1	existing-package-or-frontend
src-tauri/examples/evaluate_tool_selection.rs	d4c077846088356366353cf88de711cde842874753a8bae43986257193f22db8	261	existing-package-or-frontend
src-tauri/examples/export_ipc_bindings.rs	c6f54f4967c19928ad285033adfeb53269b3a5cdbf68d686874abc919b712978	46	existing-package-or-frontend
src-tauri/examples/export_voice_asr_bindings.rs	cadee3b2e76e78d7669f7e6f87f8843479206b04998c370d18269572b1ae07a5	11	existing-package-or-frontend
src-tauri/native/macos_vpio.c	34555760db59cb5f1d12ead320f93bd82524c38b6cce05f2467c98880fc0d9db	425	existing-package-or-frontend
src-tauri/native/macos_vpio.h	680d10dccda2d94a934dbaeb5a35973461b15f38fcb844cecc9e0f7619680871	59	existing-package-or-frontend
src-tauri/src/acceptance_core.rs	2a07d8dfe4f21c36603f403f7909218ab805793d9351851e57b489583aa1dfc2	148	saaa-application-or-host
src-tauri/src/adaptive_evaluation.rs	1d0f7e64616116fdcfb95e7cadd78a21c78ba812fc38f3bd6df117f827d1716d	28	saaa-work
src-tauri/src/adaptive_evaluation/evaluation_pair.rs	1bf6f11d040d3759573df64170f3b997958fa7e5ac9364422b832bdd673a1c3b	347	saaa-work
src-tauri/src/adaptive_evaluation/tests.rs	385969fca86ff2274ca69aa1ecebaed60cc9768affa78043ca7671705d0afccc	228	saaa-work
src-tauri/src/adaptive_improvement.rs	11db18c762bcf94da52bb9562d068a4fd58ffdf0669dbdf7f596e45ada957632	31	saaa-work
src-tauri/src/adaptive_improvement/domain.rs	2bf03b3b81af2b0bc41bfa77a05027030a4355d84104d7354c1adb00e9a518e1	515	saaa-work
src-tauri/src/adaptive_improvement/materialize_dirty.rs	9bac387d68966c8b74e38ab2a4c8645b77185256f71415ff57c03c5c835d6ef6	390	saaa-work
src-tauri/src/adaptive_improvement/tests.rs	c8bdb2634ddb7c65298ea4f6cac78211364ff42c89c86e0888524ec95d982814	378	saaa-work
src-tauri/src/app_paths.rs	fbe62de44c526d4fa3a9a148a989117bf9d8f7cdff79af629312c8217869362c	232	saaa-application-or-host
src-tauri/src/app_state.rs	06f80b43abf2042bc6d1b84cb7c2f5e951878f9f04cdb7e75d826ae464a51d5b	106	saaa-application-or-host
src-tauri/src/artifact_preview/catalog.rs	9bf4b3e458ac08e2b7fff311f6c4f82f96d935e37345d8f7aca010fd4d059075	123	saaa-tools
src-tauri/src/artifact_preview/commands.rs	0b3d5976a9fddfe4701ea2dd8d771db5a29130635516f694e8213b15ebc6ba8d	102	saaa-tools
src-tauri/src/artifact_preview/contracts.rs	2a1fbe198899eaf4db4070a0a5a580beec23504c076a13f142130a105df01feb	96	saaa-tools
src-tauri/src/artifact_preview/host.rs	1bbe0fe0df3ab5a33b287e58260496e9ee71ff5361ca0303eddd1c610d7b1e3f	88	saaa-tools
src-tauri/src/artifact_preview/mod.rs	73ca6ebf29c5b06bbe6ab82af516ae74b3726c6cac0cbd4f41fd04d818c21253	20	saaa-tools
src-tauri/src/artifact_preview/policy.rs	bc62099c8c421c5c3b3e15d8e35900c469dee99547278800bd0e6ba138ee8b89	67	saaa-tools
src-tauri/src/artifact_preview/protocol.rs	075a7f01ed379b6b88757d659861c3a17a952a429e837e881e3bfbd57afb30d5	115	saaa-tools
src-tauri/src/artifact_preview/service.rs	244252c4f60e0346afe745d5c3c528c9309fbf5a4317b43259b8e4ff39a841df	83	saaa-tools
src-tauri/src/artifact_preview/source.rs	845f135a44362e69e5992e75b736a82922c06e048d1ef947a145c760f4f3aa81	160	saaa-tools
src-tauri/src/artifact_preview/source_loading.rs	de5b2673cc2b05558825694b4e244c271fac6b1b00ef827cf4fcd409bd5ce42a	76	saaa-tools
src-tauri/src/artifact_preview/source_web.rs	d266755893f2b7b49209c23a40d01006d56f0ea7ae365eddd1aa25f62c410208	238	saaa-tools
src-tauri/src/artifact_preview/tests.rs	90e65e4265a68e12b3981573e206833a1449df163a1dacb31934121cc93bbe8b	299	saaa-tools
src-tauri/src/artifact_preview/tokens.rs	a3509f4243b89411a521041611dba2a290eb442e9fa18fc4e8bdf9c530603a8a	154	saaa-tools
src-tauri/src/artifact_preview/webview_catalog.rs	da279f6d3918b96cf962c7221ef83a75159e6b6a065235ce161bc2df0f297b05	102	saaa-tools
src-tauri/src/artifact_preview/webview_catalog/offered.rs	4f3f9e57681397ab4a9cf7e57e2df0b2b03562a7d966e766eb10c2916239b77f	35	saaa-tools
src-tauri/src/artifact_preview/webview_ops.rs	43ca42e477ec749564b87e06b76523ea7d63322dada6007ae1b24c92e6df8cba	153	saaa-tools
src-tauri/src/artifact_preview/webview_ops/hub.rs	f33c5c6b5ac85efc9d8dd207c679980ea5331ec6ae6ff11b9fea6c0ecb86e647	437	saaa-tools
src-tauri/src/artifact_preview/webview_ops/offers.rs	604c8814c0f4753e4f6dba808209e10bc0593d5def7ac6fdf31e0e0d0743f664	73	saaa-tools
src-tauri/src/backup.rs	a6a4b16ac4c3efd767b893a2f5bd45b6f08ec32895988af24d8db950395f4988	83	saaa-storage
src-tauri/src/bin/conversation_quality_runtime.rs	9bbae29688684a3c1368be741412ec41f00f8481717813df0fd409e85f1ca74b	23	saaa-application-or-host
src-tauri/src/bin/harness_llm_diagnostic.rs	70f2b2932ef2035568f1e1ea33361c27fc8c838681241a3e667beb1f4de0b6f1	22	saaa-application-or-host
src-tauri/src/bin/personal_state_harness.rs	828574a4921e60e10120545c5814f0f4c867751ecdca3a3fdf3a1f55f7c30913	25	saaa-application-or-host
src-tauri/src/bin/toolchain_simulate.rs	91d108620a0826dc1ca428bc0629aad0996e52ae3cebb9a9e92b91a92bbe15c0	25	saaa-application-or-host
src-tauri/src/bin/vpio_probe.rs	c278c9e86fd6c354fc58c2bdaaf5389d62939743c9890ccb22a9fa8d8106ea58	3	saaa-application-or-host
src-tauri/src/bin/webfetch_e2e.rs	5bc42ff6e096505a26b0d088bcde10211deaa9cc639d9cad137c925f147899a3	166	saaa-application-or-host
src-tauri/src/coding/codex_runner.rs	0a5fd20221cf4e06b44416078754fa8d84a1e10028f4c132b8b4045f2503f262	120	saaa-work
src-tauri/src/coding/commands.rs	43dac5564228a0486adca127875f8142fa1d22d68f7c3b8a0ed5122238652ab2	91	saaa-work
src-tauri/src/coding/contracts.rs	06ad877554681e8344149ed31d31229d9e6c695a0d7635f7324eb7db4afa687a	117	saaa-work
src-tauri/src/coding/e2e/setup.rs	7b6962b4ef8b3e3f47676d9b56f6969ee0e26b2706ae1c49b3327fb8d838eba2	84	saaa-work
src-tauri/src/coding/e2e/tests.rs	94b05651f3bf6c2d1e06131427e2115099aa432ff124fb5e05f5422552b355bb	127	saaa-work
src-tauri/src/coding/integration/tests.rs	9ec8ceef6ffb2de46f7e6c6192d3b0f4daed28f11e71ef6f80ce7e963771a0c2	9	saaa-work
src-tauri/src/coding/integration/tests/coding_service_runs_and_resumes_through_producti.rs	22e080c27bcfffdb6318aee85aea644b99ad6c3ee34b5f254f29ca8dac5093dc	355	saaa-work
src-tauri/src/coding/integration/tests/run_adapter.rs	27f997a8bf1a315c267a3f44ad29ae7d3282eb7809ab2fb1a19a0c88713abd7e	302	saaa-work
src-tauri/src/coding/mod.rs	aeb62c96ca4ac9e19c7651c3624e39e1bd479a487c24970f5431b541641e76c9	16	saaa-work
src-tauri/src/coding/recovery.rs	1d6be377692be59b835d5a71172a5026d47196d3b11439723fd51c99516d9b15	55	saaa-work
src-tauri/src/coding/repository.rs	de5631d63e745c2e1b2f883357467e926cb020e2ab6a25598f05f1a0f368f1ab	181	saaa-work
src-tauri/src/coding/service.rs	cd3a6d165dbce5309a2a788db935a6514fb8e36952e14302189afc831d8f5203	384	saaa-work
src-tauri/src/coding/service_queries.rs	a3a71119985fb3da739d5c52b09d0d99224116ef4512b7550cf6155ea98444e7	158	saaa-work
src-tauri/src/coding/service_transactions.rs	f32b7a3ebfc3fcb3203c015db9d142f1ea9045c0af077b117bb9788d95f2cd09	222	saaa-work
src-tauri/src/coding/settings.rs	22e8ebeb67618f98dd47505b8a1bd9623bc435311e0be9c28fdc60632e9abf84	100	saaa-work
src-tauri/src/coding/terminal/automatic.rs	85bf2cb658c1627b2a360fbe315a71e65edcd979397ff0d341463e6fbf3c4e84	93	saaa-work
src-tauri/src/coding/terminal/commands.rs	7ab806f85fc6c08deadf661d8628d5778b8c6bfec33e2038380164df614559da	81	saaa-work
src-tauri/src/coding/terminal/evidence.rs	068d564577d0ec62332349149c1c7cf4106bebabaf961f256327c2f876a6f171	98	saaa-work
src-tauri/src/coding/terminal/host.rs	7ca5e57cb74e54a33e64fbfaa61680af5aaa86299506c3261aa259d178b0658b	152	saaa-work
src-tauri/src/coding/terminal/ingress.rs	3e4623c550ca2bee6d703d02336fe3187d81e434fee048cc65887dd33f61f953	264	saaa-work
src-tauri/src/coding/terminal/integration_tests.rs	6daa41e1a3557786d277eb681a827b44c3be3c1ff3708db9981dc86d2fa6aa6d	140	saaa-work
src-tauri/src/coding/terminal/launch.rs	19bbbccaf9fb9d14c3b1002bc22441797445f9bdd05fbbe24725b2fb3be03ae1	141	saaa-work
src-tauri/src/coding/terminal/ledger.rs	fb0abca038133515b7d72f6cc2b3163ba698bb6088b7467d7165ab74d108ec32	50	saaa-work
src-tauri/src/coding/terminal/mod.rs	2b88c5ac31ecce406309ca7e1968b576c53d91c7fbf0c042ef7eddaa014114d2	25	saaa-work
src-tauri/src/coding/terminal/purpose_route_tests.rs	5a0efcc2ee1ef0624b2fc41a6a7a635278ac391cce30747d3705a1528e0ce904	57	saaa-work
src-tauri/src/coding/terminal/questions.rs	77dbe39cbb5ee19992b1a57e1d3e32e2e2bbe4d19a13c541658d25114eccd9ed	206	saaa-work
src-tauri/src/coding/terminal/recovery.rs	f62e1ecf2cafe6d8bc9a532ec0e71910716057f6b4d9ff06dbadd20ff30e89e8	152	saaa-work
src-tauri/src/coding/terminal/retry.rs	c39af1fe155f67c3399ba5cd613679d7944464f252ba2d456e1f884b893c91ab	63	saaa-work
src-tauri/src/coding/terminal/tests.rs	c991b828356bd9d1c42a258038c45e433c92ae34861229e8387ca9a114903f01	462	saaa-work
src-tauri/src/coding/terminal/verification_process.rs	4f20d3e5c05d00ad6954cd82a67c4ab6021c4907b53d4dff2ee649da510afa97	150	saaa-work
src-tauri/src/coding/terminal/verification_tests.rs	bb45260babf673c7a1c557343cf3d32a38e184dea4dc29027f6e47fcff4492f3	240	saaa-work
src-tauri/src/coding/terminal/verify.rs	f361d535ad71ac263776528d5de0602a36443587d12d752510e7c7133749eefc	173	saaa-work
src-tauri/src/coding/tests.rs	16d32cfc71bfe8fcc2cf577de87e6f95ab586c10afc51a73481791188795830e	219	saaa-work
src-tauri/src/coding/tools.rs	d194490de64f9dc2b7b84f66857a67ff9c22da22f53adfdeb464a7a512c9837d	36	saaa-work
src-tauri/src/coding/workspace.rs	02dab09268724620d966ce657cb96cc336f8f0e0476182c059c8d5b2d5c6378f	35	saaa-work
src-tauri/src/coding/world_snapshot.rs	34c4b5dd06b0e7ac7b6e28bbfdd8f686f77c9c0f69a13bf5cb956e5496413ce2	130	saaa-work
src-tauri/src/conversation_queue_e2e.rs	521f71d745deb0aa05fefc17fbdd8720c7568c806386a0b55c1085e8cf563b93	566	saaa-application-or-host
src-tauri/src/conversation_queue_e2e/cancellation.rs	9d761d36fc360f37700ac183f6520f299dbd389267f2b1110f1de4b18a3edd17	111	saaa-application-or-host
src-tauri/src/conversation_queue_e2e/cloud_route.rs	ffa1e4571017812a2b75cee56fa35a822dec3d4a61ea1298ebe8f60068d5ba90	160	saaa-application-or-host
src-tauri/src/conversation_queue_e2e/context_live.rs	e975b31e1701789078d7aedf738322c6b1c2ce433f0204601921fef9dcfafc33	113	saaa-application-or-host
src-tauri/src/conversation_queue_e2e/context_trial.rs	21147cbc6996168f39341bc673d109f2f0f78d871b87c7918f8a230ac410bbf4	319	saaa-application-or-host
src-tauri/src/conversation_queue_e2e/context_trial/regressions.rs	72e3f4b6a2ced4ffc0c6d199e962a99eaf7c02c6a438ef9237e2796e7eae6c77	77	saaa-application-or-host
src-tauri/src/conversation_queue_e2e/dictionary.rs	4243ccee889996318deee41099fd2cab1bef8a25757dea38d8d012c74daac471	234	saaa-application-or-host
src-tauri/src/conversation_queue_e2e/dictionary_live.rs	db60838ed77f79025047086f988717fd2d77c568da3bf13ec9c6058a1f2d8ebf	93	saaa-application-or-host
src-tauri/src/conversation_queue_e2e/request_options.rs	26458aef6a060bd32d5e479a6de63022e8bfa453e3bd26ae8e61fff643252ab2	19	saaa-application-or-host
src-tauri/src/conversation_queue_e2e/scenario.rs	31fab2f1c42969f9aeb8527a7005655642c4258e6d309b9d82be06856f783dfa	442	saaa-application-or-host
src-tauri/src/conversation_queue_e2e/server.rs	0ceb05f89750a62241a93128bdb9af1efdb553fff451a5f946aa4c6ff87cab0c	295	saaa-application-or-host
src-tauri/src/conversation_queue_e2e/worker.rs	c96b77810163d73b2cc5e97f93eb19dfa7408deae425cbd1058f5a24841534e8	288	saaa-application-or-host
src-tauri/src/credentials.rs	bde8e41397b1069dd02d67fe292e710124ae1064e698ae13c9a9ee64938f0035	264	saaa-storage
src-tauri/src/database_backup.rs	41cd2f00e3d3b89192ec98987301c820bb617b375675bedad21fc309cb705f22	21	saaa-storage
src-tauri/src/diagnosis/aggregate.rs	8226c35bf47ccfc0f6dd513223dd0c1588dce9cd53f9fe066edc677ee41b35c1	619	saaa-diagnosis
src-tauri/src/diagnosis/checks/activity.rs	7560e0dd35e96158388ef011fd1007642123e5e570decc7175be05b390c57d71	306	saaa-diagnosis
src-tauri/src/diagnosis/checks/harness.rs	cd3e1657adf675fd182e005b4eeeab85eac8824ac5110ed445fdc9d935735ab5	379	saaa-diagnosis
src-tauri/src/diagnosis/checks/memory.rs	15d90414e9f9dae9200eafef34f38124d46b970183c306612e43c17d8cde512d	191	saaa-diagnosis
src-tauri/src/diagnosis/checks/mod.rs	14ed3a188d0c8c42046f8dfd030730a43d6679748e219ab4d1ce37670bf6274d	286	saaa-diagnosis
src-tauri/src/diagnosis/checks/providers.rs	8eb9813d4cc660ea5d3253f7bf08cb6a3141ef50d8abbaa4edf740a28e319f52	330	saaa-diagnosis
src-tauri/src/diagnosis/checks/storage.rs	c4bdba98ae51ea19eddbe06c437d2c0ce72726dc3f5693edc45f271f84da1433	162	saaa-diagnosis
src-tauri/src/diagnosis/checks/voice.rs	668bc76416c6afd488cf4486615f77cbae04213ef3eeeb642999bf874f9a65c0	207	saaa-diagnosis
src-tauri/src/diagnosis/commands.rs	dedea5b0ee6eaa22be24d84908a08ce0ae239a13b53ce9fa375a2b056f6beb67	18	saaa-diagnosis
src-tauri/src/diagnosis/contract.rs	49feccf924b482d4ad1ce955c5ba3984df4da3638209fd465750f8b34bda649c	269	saaa-diagnosis
src-tauri/src/diagnosis/engine.rs	4ec3d2ed06fe056d52eac4557181f25bf7a6ebb44ae1a5df289be2db544d2669	337	saaa-diagnosis
src-tauri/src/diagnosis/mod.rs	b2aab37fd82d1199a69d59e28a9b33ae3716a0d164c605177dcd67e6893cfb6b	6	saaa-diagnosis
src-tauri/src/diagnosis/store.rs	6f1665e8120407a5b00ace4e8a0d76364814f58e51efc8ae97b8256ead8f35ef	233	saaa-diagnosis
src-tauri/src/diagnostics.rs	039e21ce9f59a983a680419982937c54df566ccae5c31e2c591c159902129eb0	139	saaa-application-or-host
src-tauri/src/diagnostics/database.rs	a80eb1906f36d122067fa8b3c523a9a5d71bd315044f2866f460c9dd3f1f5158	134	saaa-application-or-host
src-tauri/src/generated_capabilities/contracts.rs	56a503b990642247edfd5ff149d9050bfc5769020be887c8bbd115f7e3dc09cb	24	saaa-tools
src-tauri/src/generated_capabilities/contracts/operation.rs	cc07572938b2857f5ef89bc50cbb763dee305e8a5dee7f0d8fa86705a45c1d65	486	saaa-tools
src-tauri/src/generated_capabilities/contracts/resolved_capability.rs	702427a60a78ac00cd68b908ac8800bbc96b1c16c6c738949e78deae0e8b8469	276	saaa-tools
src-tauri/src/generated_capabilities/errors.rs	24bf9203eb2ac7c50c790f5126708f7b043da80cceb369756e7d7029131df91d	154	saaa-tools
src-tauri/src/generated_capabilities/execution.rs	6eb0c04b45f59db082783875485eaa1d8d78e98e443e4dd2262958fe9ee4cdd0	207	saaa-tools
src-tauri/src/generated_capabilities/generation/builder.rs	7eb3662fa934f7f05de4a880b842c36e734a8e709237c761dc5cf8f7ab2b0b7b	369	saaa-tools
src-tauri/src/generated_capabilities/generation/config.rs	3e6101c1b5912146445860bd4c5d15e2034797c4340cb9654ecee2a4d3247daa	26	saaa-tools
src-tauri/src/generated_capabilities/generation/config/generation_config.rs	0175a066afa61e757709aa0eacbb539345dd01dcd80575b0e7d194479b4493de	426	saaa-tools
src-tauri/src/generated_capabilities/generation/config/tests.rs	7d4753dfc81b4e34b3ecc1e5515fc96212bfcd43fb6566b5a46905391506ba54	168	saaa-tools
src-tauri/src/generated_capabilities/generation/contracts.rs	70374dbfc8a7b294e4f2d5a1ef0943903473619b7fa02cdf19f1363fc39243c2	495	saaa-tools
src-tauri/src/generated_capabilities/generation/generator.rs	c3a69fefd84736ad94a359db680f5ea2f62dfdb896e1a497fdc60411783bf1fc	275	saaa-tools
src-tauri/src/generated_capabilities/generation/generator_providers.rs	0a01863faaceb1ac960ef1f56e71f2a691f34d5da02bd303de4449f2cfbb686b	61	saaa-tools
src-tauri/src/generated_capabilities/generation/kit.rs	bd2a904a63764d881e6ee83d1153f693b3615dde3902e222810152d5c40d847e	403	saaa-tools
src-tauri/src/generated_capabilities/generation/mod.rs	bcd945963c70a3830479ddf3c03f9fb84bfdd224619b650f6790f0c987f7c0ef	14	saaa-tools
src-tauri/src/generated_capabilities/generation/packager.rs	68a1e1f1831380c7f4ff04d46e7e2cea16b3c69bf52561ea44a824de05dabefe	187	saaa-tools
src-tauri/src/generated_capabilities/generation/projection.rs	95b496db1b166c539e10c3b7453b3f1437a6fdf38ff8abc112d0755be2a2c294	119	saaa-tools
src-tauri/src/generated_capabilities/generation/recovery.rs	f428f34125163547c38786abc539875b64a37538c80baa7ff8f074b23d98a581	132	saaa-tools
src-tauri/src/generated_capabilities/generation/repository.rs	30a786cbd6a8b1ccd36e0864f8b5edc448394cb150fc00be99408d6dbad2272c	540	saaa-tools
src-tauri/src/generated_capabilities/generation/schema.rs	106f5cb38df943dd0219515c8bc6074131d07ca0c4cc8c3149c92c3a9e33fddc	40	saaa-tools
src-tauri/src/generated_capabilities/generation/service.rs	fd1c3157dbfa6d8b8b8a1347c9502ecaf079b32b5a19e686c001b76bd3f6ea23	383	saaa-tools
src-tauri/src/generated_capabilities/guards.rs	c86031f209f3312a78f0c33078504394353e6f363b9f003b631fa3dc2adf235e	121	saaa-tools
src-tauri/src/generated_capabilities/host/mod.rs	37205b4b25c5b4809018bf15f6acaee895bf9ec1e390c899f64216df7b867b5e	148	saaa-tools
src-tauri/src/generated_capabilities/host/process.rs	f701ed17daa57def7b2d082c360b358f6fbdff0c85e4637e5fb52ed9b99d5a84	346	saaa-tools
src-tauri/src/generated_capabilities/host/runtime_bundle.rs	9d073f5e532061e33884c015c9e01c4c54e718d9a5ddd5f6df0f94857d758a0a	244	saaa-tools
src-tauri/src/generated_capabilities/host/wire.rs	00495cfd1b3c061d7e85a42142091d4a0195736eb4281a4c68dae01930b87c75	55	saaa-tools
src-tauri/src/generated_capabilities/inspection/comparison.rs	56df92b9e9ed6ed9986e011086f1b52b9ce8a56a4a64bb4e49cca9a954347757	248	saaa-tools
src-tauri/src/generated_capabilities/inspection/contracts.rs	8e1ae90da394c936678f5625bbc5395749ef7a05631923771cd41206330dcfc5	501	saaa-tools
src-tauri/src/generated_capabilities/inspection/evaluator.rs	9cd786da37f783f7b73aacef189c1a6cea8594918ab24712ef181c9632b4c319	113	saaa-tools
src-tauri/src/generated_capabilities/inspection/mod.rs	35d22b289ebb8a85c181a203b89f8068e78acb42733224a95b532ca95a86ad96	9	saaa-tools
src-tauri/src/generated_capabilities/inspection/repository.rs	9ce9622cf63b6fab776eb010d5ed763a60ab076b25af840067a3f7e2191f09f1	219	saaa-tools
src-tauri/src/generated_capabilities/inspection/schema.rs	3987342f42f063702ada006797dc68e464e2d08ec33a688061cffbdb3a31b9fb	24	saaa-tools
src-tauri/src/generated_capabilities/inspection/service.rs	52b8534cf7b001605c60f17a3ef05d7fc5ae826340718327adb4d510af0c613f	37	saaa-tools
src-tauri/src/generated_capabilities/inspection/service/inspection_store.rs	e5bb906e8ae91fcb36ce8128281de40de2ba8be5c47af2d6f94fbc9923b41e76	444	saaa-tools
src-tauri/src/generated_capabilities/inspection/service/tests.rs	2c4e6cf32dcf273c17f360bc988ac8ce9b7c17d036348344e72be12b8ace2e9c	345	saaa-tools
src-tauri/src/generated_capabilities/inspection_invoke.rs	c541e0a07513ef0e5df24982a17dc663f6accd526a31ee7ae73cc5773070d9f3	39	saaa-tools
src-tauri/src/generated_capabilities/lifecycle.rs	7822fcf7d4c5779fa0dc4a273dd92b050f950282de54af692d65caf0b53b8a6d	87	saaa-tools
src-tauri/src/generated_capabilities/limits.rs	0633f95c517b5191d4e4c17a671810e151f48be66b24c7c925814f275a6075f9	55	saaa-tools
src-tauri/src/generated_capabilities/mod.rs	d7ab3ff6cdcc563ea07a4f241cfb6aa1e9cdf2332d87961965ae576af9667977	24	saaa-tools
src-tauri/src/generated_capabilities/package_store.rs	234d0c534b9b1fc4d3d31a27903967e02452225fe935dc02a86696dcea7b579b	353	saaa-tools
src-tauri/src/generated_capabilities/publication.rs	17251b729b83577982c4ddd63464c18353574d097da8b7bced93a13c773114dc	262	saaa-tools
src-tauri/src/generated_capabilities/publication_sync.rs	90b95dad37ad9e9c287149cb8595757a709ac8c740467937fab619d349b86f49	448	saaa-tools
src-tauri/src/generated_capabilities/publication_unpublish.rs	8c0f9cc343091860405064b5382b812797e433104f1347468179e64e75d6bcb2	64	saaa-tools
src-tauri/src/generated_capabilities/recovery.rs	867d1278d2d380951ea9e10a2329481fd60ce71cc0059976bfd20d23c7271f13	70	saaa-tools
src-tauri/src/generated_capabilities/repository.rs	12813f1ee993a5f063a73ad0e517d6503dacc74ce0cfb9dfce801cbb26f7ea26	18	saaa-tools
src-tauri/src/generated_capabilities/repository/active_revision.rs	3da2b49ce78511bc29d95622a8e2ff38b5686df870e1c8ca961f8a8eb3945925	294	saaa-tools
src-tauri/src/generated_capabilities/repository/revision_state.rs	7bd7e54d80ef8fe645120a5fb6ecc43b600ede7b4ad1d8ac3596702f0aa153e9	516	saaa-tools
src-tauri/src/generated_capabilities/retirement.rs	f3abaaeae1a67551335e12c4f95bd67d2a942b64bda580bc121fa7be96ed63f3	157	saaa-tools
src-tauri/src/generated_capabilities/schema.rs	101d77176309e1784d173dd02e6a829b240488ee9216cb2559a77ad1c81aefd8	81	saaa-tools
src-tauri/src/generated_capabilities/service.rs	24c083fd7872d47360d51ff0d565c3ac412ee544771ac917e43e2a1855a9d5a3	37	saaa-tools
src-tauri/src/generated_capabilities/service/import_candidate.rs	52c5006e695f4534dd8d6407d0787350de9f48112d8be18705f0f27fd217adc7	510	saaa-tools
src-tauri/src/generated_capabilities/service/test_support.rs	a1a5ed71323fe8b17ca11f1f9d48aeb92292af5e2613c8613293df9e1d4070b3	40	saaa-tools
src-tauri/src/generated_capabilities/service/verify_inner.rs	699e14a119ee451d94e86a60b03e2ef86628b477ac7486fec0cf86ce7b19a7fc	427	saaa-tools
src-tauri/src/generated_capabilities/tests/abandonment.rs	8c4bc92ac4cd9bb6dda450803115f46b67a5a45d76cfd36c87d1d63414bd9f0f	112	saaa-tools
src-tauri/src/generated_capabilities/tests/adapter.rs	3b68f7f5f48c73699e0677656fcc7312c1bb490c060604728633078b17c593b7	371	saaa-tools
src-tauri/src/generated_capabilities/tests/adapter_abort.rs	87be733b014581256837b5b8080ae7b4158c1e2c2917865d85e36bbadb766b1f	106	saaa-tools
src-tauri/src/generated_capabilities/tests/adapter_timeout.rs	806a91ea2572c79003848c37e17154269b35cbb5026762e5808818ac40310526	90	saaa-tools
src-tauri/src/generated_capabilities/tests/generation_closeout.rs	b3588fa1b3e2a7ec632af4145c9c4c8eef6cb96195e06019154490b40fd1fd04	39	saaa-tools
src-tauri/src/generated_capabilities/tests/generation_closeout/fixture_inspector.rs	4230eee1586f73f656d30b032baeb173bb5134a35f303a2647d315bd53e3267d	485	saaa-tools
src-tauri/src/generated_capabilities/tests/generation_closeout/gc_06_epoch_change_during_update_conflicts.rs	eefbd27f52d5ed85b0c523b95499f749bb22b0c3d595473afe7be0a7c7ef5107	271	saaa-tools
src-tauri/src/generated_capabilities/tests/generation_fail.rs	a4b0b33764452927f160a78710e4f909946845a2c689ef9599ca4c8e7a850242	47	saaa-tools
src-tauri/src/generated_capabilities/tests/generation_flow.rs	cf8d89ce3cdd71d66c6787919f38d81b039058ed47f398c5395bc7d9cd2f4848	210	saaa-tools
src-tauri/src/generated_capabilities/tests/h04_child_environment_is_cleared.rs	89131730289b7438ecd7b988f7e743b04b20453bb4346f4c1eba301ae371b204	110	saaa-tools
src-tauri/src/generated_capabilities/tests/hanging.rs	9d9a29bfbc287d0ec2fe0ba8ca9b62fd90a9b16bd8815bf0cf7df0307c81f4a8	75	saaa-tools
src-tauri/src/generated_capabilities/tests/invoke_abort.rs	95a9e04c6b45dd1fcba25e65bcc7b238030a4012a7687f4b8a8b0a8892f66a10	56	saaa-tools
src-tauri/src/generated_capabilities/tests/lifecycle.rs	618b0f9b6fbb5b64dec01a009640d7ca9c9da62e086bde64a5392e90741ef33d	303	saaa-tools
src-tauri/src/generated_capabilities/tests/mod.rs	f95c247548006af7f8de2739147afd65d47ba1c7cfeee29731156fd9b971083e	43	saaa-tools
src-tauri/src/generated_capabilities/tests/publication.rs	c5f3dc578f3f36d1ee5da7e8898aa1815e59046f1fba78bddd98320e04cd01f3	189	saaa-tools
src-tauri/src/generated_capabilities/tests/publication_size.rs	7810da9268ef627cd9b034b541ec657a931f1e8591dedb1c142c31b48316c236	70	saaa-tools
src-tauri/src/generated_capabilities/tests/recovery.rs	28a8f7b92f794d6e7f89c5ac7599c31af0cd6e6523dcff2e7d1875e4d5172fa1	163	saaa-tools
src-tauri/src/generated_capabilities/tests/regression.rs	d2c34161807e7d93f372b7c6e156809bb15922b4e3af9f10f284df93707593db	203	saaa-tools
src-tauri/src/generated_capabilities/tests/runtime_change.rs	6f6c8eb8edacff1eb9b78109c841b280c15679c992dc4a5856733272d115060e	108	saaa-tools
src-tauri/src/generated_capabilities/tests/service.rs	02d23a12d0df9ec4c99fae0cf1aa0cdbaaf3e4b5f8748d544da5465518174040	270	saaa-tools
src-tauri/src/generated_capabilities/tests/store.rs	0f544710e8abb6e9eaaa2311d8b23cf542417033eb247e84b2ccc0a3a401b632	387	saaa-tools
src-tauri/src/generated_capabilities/tests/test_env.rs	df0cd4c46b7999c6886dda1257f896329498e748a3c77e8bc09653414064572b	521	saaa-tools
src-tauri/src/generated_capabilities/tools.rs	af7925831cf0513b445adc581b08e6e2aeb0663418f30ec8d8072af87fd999dc	202	saaa-tools
src-tauri/src/generated_capabilities/tools/content.rs	5ce8407e078dfdbbfb451b3ab676a15878f86241d32cee6cdfe61689465fc7a9	47	saaa-tools
src-tauri/src/generated_capabilities/verification.rs	fde957cee2daa92ce2f6e101f13bee01224e9faf11f324e09a470d312387e4d6	377	saaa-tools
src-tauri/src/generative_ui/artifact_history.rs	37c5a1a7d679fe2642077ec946e31438f0cb74a279e470c83ea0d7c67857b771	35	saaa-tools
src-tauri/src/generative_ui/commands.rs	c90d1e3a9ded4c188328f1d4a575daba9218e5de27fb62a3dc8238bf342e05f3	180	saaa-tools
src-tauri/src/generative_ui/contracts.rs	28009e053e2ff8ddce918205b96f662a11da3ad4e486299e1112f46c3672a705	117	saaa-tools
src-tauri/src/generative_ui/data.rs	c9317b70f3bcbb3c326693a188809d323cb5a2f7760e7d35e4ee81424fc5dbde	77	saaa-tools
src-tauri/src/generative_ui/history.rs	aca75dc7a2fb2797c6156e760671c3d22c75de7e2a29e80e541b91a881c95333	135	saaa-tools
src-tauri/src/generative_ui/mod.rs	9d5a6d36ac9318b1400000e1f15a30a396ab73679d923113ef3efd9a09bdf1f7	13	saaa-tools
src-tauri/src/generative_ui/parser.rs	ff63e0c9ca1944a676146304e4fb2186df612abbca72d9c2482e396fabde03e1	370	saaa-tools
src-tauri/src/generative_ui/revisions.rs	3855d85353a840da31624dba09600dc226c616b6afc1e7af7787b6d7ec9ac31a	56	saaa-tools
src-tauri/src/generative_ui/store.rs	735d002910a3eb35066cc2897c1a20b10ffcfa9b1c63b757f3f172fa389cc518	276	saaa-tools
src-tauri/src/generative_ui/tests.rs	affe03fc90158a8c72a98e6c9494e38ddc61f009336872b383a851aaa156b90c	421	saaa-tools
src-tauri/src/generative_ui/tools.rs	e641f065bf310bd3cffdb1f30305fa78bfd4750d777c6b3646789292e5c03075	112	saaa-tools
src-tauri/src/harness_llm_diagnostic.rs	30123ed23c369c79a81afb415f5f6bfdd181d07714eb5b9133b90d8323ec7d4d	83	saaa-application-or-host
src-tauri/src/ipc_contract.rs	10124232cce2e866d24634d1eef312b82176ebb7f35c86bea1ed72b710d98e58	132	saaa-contracts
src-tauri/src/ipc_contract/bindings.rs	e6d68e6a9cc1252c262d82dd5e7e49322985cf45f200f44f7c746a5aac48a83e	51	saaa-contracts
src-tauri/src/ipc_contract/conversation_message.rs	1e01c60bb438dad4c6273cb64bed186aaa8a47768c9c0f5d71c44bf6cf5652f6	16	saaa-contracts
src-tauri/src/ipc_receiver_tests.rs	66c629fe35c5702bd56cf2f1ae0befbd87ba187e4ac68fc0c076f6c942897cd3	77	saaa-application-or-host
src-tauri/src/lib.rs	c05d2d28b3a5ff1558eee2e8504c5f84450f1f6342d37eb62dab1f16ad36b228	471	saaa-application-or-host
src-tauri/src/lib/window_shutdown_grace.rs	2a242a9ed4312d8c1ef92ae6bb69843a579b0cf25e321abca5348f10f7b14bc1	381	saaa-application-or-host
src-tauri/src/main.rs	ee0f2e10b6de15e5d3beea9b0b95b2e9255b1681c9dadb3c9cd0f8f11dd16004	14	saaa-application-or-host
src-tauri/src/media_generation/artifacts.rs	4756901bc78f0c1320bb86d3535d6e3c70ca5a26cf1247426db4ea8249f07de2	16	saaa-media
src-tauri/src/media_generation/generation.rs	01b99a071e03ec1d41e8f9006fd6a9ed3fbdc32e54a61fba267b7128bf1fdc6b	30	saaa-media
src-tauri/src/media_generation/host.rs	2bca76e2595c9a89ad2d26c0f97b59f888e88ffa256e2d3a46b0373a50138a85	101	saaa-media
src-tauri/src/media_generation/ipc_tests.rs	af5f872f20da6b2d8a665bbfaa13329128291ae302ad3158beac8478fed8c618	52	saaa-media
src-tauri/src/media_generation/ledger.rs	4ff30df70ddc064b72c7f1b69d8f221b163f01300473c8f07738f4bf2b65d808	76	saaa-media
src-tauri/src/media_generation/mod.rs	c8bb4e692ca8b9c9568394f3d84f8ce40fd41d9058fbd55746ea86d13d30a952	71	saaa-media
src-tauri/src/media_generation/recovery.rs	15553f8890e3f2e7cfdcdd883e5891d4887f195c8bdd7cfbf9cecdde631bfb39	28	saaa-media
src-tauri/src/media_generation/replicate.rs	e69d0dc1a39e49986240c529aa70bfe7d7b7bee22d025da9a88d8fd0ea56e7e9	75	saaa-media
src-tauri/src/media_generation/replicate_tests.rs	995fac3d9df467600af2244376fa44e460f0b01c4ae6e70b354756ed3ad87247	232	saaa-media
src-tauri/src/media_generation/writer_contract.rs	604bf2a330b768e24ce3593673455d48f5e15705152c87c768eef00fa443df48	197	saaa-media
src-tauri/src/memory/context_still_recall.rs	045e879f575a44e7abea7c39d5e08b371e5f067b14e4495cf4598b2eac98eeeb	41	saaa-memory
src-tauri/src/memory/context_still_recall/context_still_recall_error.rs	100e3cc6c2f962ee515e704a9b69a77fa0de3f312e9f8a41f6df043e5f9b31ec	521	saaa-memory
src-tauri/src/memory/context_still_recall/load_manifest.rs	ebb399bc1d111ad9b382515028571c32d4c84bde416e7418b373158f0ee69b81	155	saaa-memory
src-tauri/src/memory/context_still_recall/tests/fake_server.rs	4e815cd0641a48d9f3efcca7d226bc0c111a09b8c6c2ba5e24140922d8c8595f	514	saaa-memory
src-tauri/src/memory/context_still_recall/tests/mod.rs	55590c02b58b252e2f6fc50c90f5675f08611ce028886e04e01d44111fc1aebf	4	saaa-memory
src-tauri/src/memory/context_still_recall/tests/runtime_module_contains_no_logging_of_transport_.rs	d46659cbd71a14e5a90ef3222d6bd7d6012b5d6c99b4d223c6ad5c1c03680d1e	36	saaa-memory
src-tauri/src/memory/context_still_search.rs	f29d9c0122a137cd30d052cefebcb7b4fddc407e7ea89d0c1ab70bafe6aaa85a	28	saaa-memory
src-tauri/src/memory/context_still_search/context_still_search_client.rs	621db950ee8be658d63a9123ed4d4bde4c5b3935d2bec46e850f2cfe7869568f	494	saaa-memory
src-tauri/src/memory/context_still_search/context_still_search_result.rs	3c4b63b4bd73fcc49c3386b19e15a40bab7d0dd730f674a07f4d2750fbe0e2b5	78	saaa-memory
src-tauri/src/memory/context_still_search/tests.rs	5c9d7dd26c798d38d9b7b657505058342000bd8ec90e3bb225caef0c683a3ec0	134	saaa-memory
src-tauri/src/memory/context_still_search/tests/episode_contract.rs	e785365306117ad72934a5cd165313194ffbf3cdf0c814d3c17fcb9d57cfaff9	21	saaa-memory
src-tauri/src/memory/context_window.rs	053eed7b528ddb0ca9c9b89897b4496f06b5c79ed1366907a9e9b4b3442ac633	41	saaa-memory
src-tauri/src/memory/context_window/group_older_history.rs	003eaff1a1814c852a4f4763390f75f8fb2169e07abd7bad95bc7a214168e847	176	saaa-memory
src-tauri/src/memory/context_window/projected_context_message.rs	8275382fea4f15868020563718aab3f97bb88bdae85d5e630d911449eb40db8f	524	saaa-memory
src-tauri/src/memory/context_window/tests/database.rs	07825a6039b50f6952dd92a2a1e764e4083578e4a9345fab992c70013c8aaaf5	526	saaa-memory
src-tauri/src/memory/context_window/tests/mod.rs	67d7c03dffb686e07d8dd28a3f30f91c85dd1f7ddb11f13768e0e4823e5d057d	4	saaa-memory
src-tauri/src/memory/context_window/tests/world_g1_08_policy_carries_the_static_world_read.rs	0c84a79f7ce78efaed61f17f4e0ab937d39611f3b74025969f10ca7c2cbf3752	32	saaa-memory
src-tauri/src/memory/contracts.rs	16effa25e469b30376a4bec1e2561ebf77bf9c820cdb1757fdeda130a5f74898	142	saaa-memory
src-tauri/src/memory/control_plane/items.rs	e595696eb87743fe776a32705e0c4310d0a16feb0acff7d6874a38dba061a7aa	230	saaa-memory
src-tauri/src/memory/control_plane/migrate.rs	329dd8cd4af899247da620d8cfc12c11c76070cd8f2baa832969fe1ce768d0d3	179	saaa-memory
src-tauri/src/memory/control_plane/mod.rs	ab0b5b80b08a68d0575abb7c118a8aaf7f8feaef6e3e4a20d476c1d1e6d21b61	35	saaa-memory
src-tauri/src/memory/control_plane/source_window.rs	84a2b4c14851ea6900aeeba2b1179d0d2870fa4a3c6f3a5a62cf90e206659a84	516	saaa-memory
src-tauri/src/memory/control_plane/tests.rs	c5470f26483bedc4c0029b4482ee68c15c524547f0c49d60ee139a3e42265e55	319	saaa-memory
src-tauri/src/memory/mod.rs	752bf26ca21465e20b82a811b0908693de22faffd2d32a26e101d97cbede4d81	9	saaa-memory
src-tauri/src/memory/personal_state/admission.rs	4dabda1bf7435da7e24db68534cfdf47a8becb194b6f9818e843852c84fb787f	255	saaa-memory
src-tauri/src/memory/personal_state/codec.rs	2481c6d76a63139045cdaa912a02770e46ab82a187fc127e313f3790a7e0b347	9	saaa-memory
src-tauri/src/memory/personal_state/commands.rs	9cfea03353972dcced3c61215d5605fd24664290457fe7021eb5f89ecd52df71	146	saaa-memory
src-tauri/src/memory/personal_state/commands/snapshot.rs	dada2186c0d4c3fc36adf984e8fb11c42f05134980523c00008fe26c2592b987	46	saaa-memory
src-tauri/src/memory/personal_state/contract.rs	c9971a0b1fcb368a0de22f9467d7e7fe60a62ba8affd5b25a06920f0fca0b631	88	saaa-memory
src-tauri/src/memory/personal_state/episode_export.rs	ff949de11301090c56c4f69fb2b94f4b1204eedbeec6a415ce45131cd20eba3a	145	saaa-memory
src-tauri/src/memory/personal_state/episode_export/history.rs	833e9ab1ecd14cc1e212bf13dc4d874d7e0260cb4ac97df7538e19b54a7ba5a7	110	saaa-memory
src-tauri/src/memory/personal_state/episode_export/source.rs	ed6c962d92094b1400efc0f3fcecbb1a94f2983747015550f9882ea3e339bb58	79	saaa-memory
src-tauri/src/memory/personal_state/generation.rs	dd590c4c6a7d43cbae3e21b7c357f862926a19c777b9908b6ec083047848e766	128	saaa-memory
src-tauri/src/memory/personal_state/inference.rs	ff3a47d5820b43ec293281628a4764a92a6b500045c382b8e36ad071bbc99924	195	saaa-memory
src-tauri/src/memory/personal_state/jobs.rs	85a6862786d3118a12f81b5638ffe4b92ba41ca5a996337d80983dccacd7964b	232	saaa-memory
src-tauri/src/memory/personal_state/jobs/claim.rs	76ad94b5af900a483aa632ceaa01b16e393e08e876dcc1a684e20284b84b9e51	24	saaa-memory
src-tauri/src/memory/personal_state/jobs/lifecycle.rs	a62795123b94e57c7d934de6f1eef6ef20f46cde738b09342fac48b7d1037db0	47	saaa-memory
src-tauri/src/memory/personal_state/jobs/review.rs	b2d22e7a42cfc712517e43ee106a3e7e2b3edcd15858503009f13e17405d72c6	90	saaa-memory
src-tauri/src/memory/personal_state/journal.rs	16a50929b2e642d41769f19fca066c0dbab66efa6b5f7e71f4c49eecd71e5301	183	saaa-memory
src-tauri/src/memory/personal_state/live_harness.rs	8cbc150daf49e9ead74216cecc8489c524541d3a17300dde64cb17908163ddb1	79	saaa-memory
src-tauri/src/memory/personal_state/live_harness/source.rs	866f4aaad5f639bcf7b14d89b1cf669c1969667d53cbdab729126aca34cf0b79	78	saaa-memory
src-tauri/src/memory/personal_state/live_harness/source_tests.rs	896a7d08bb31099ffecc519c0e58e7e00b1161e201dd9ce4e2295323e0ab3ba2	40	saaa-memory
src-tauri/src/memory/personal_state/local_binding.rs	7b28874686dd2f0a3da98fcf158890ca789df6ba048459b6b1a708f769f7296f	90	saaa-memory
src-tauri/src/memory/personal_state/maintenance.rs	6e91bd144f2d12d02fce3f269009dde5a832b8fc4f2a99aae368a6263fd1b174	113	saaa-memory
src-tauri/src/memory/personal_state/managed.rs	df7f3277f03ea8ad72dc0540cd23553793597cbb412d088ba4bc976de505c975	366	saaa-memory
src-tauri/src/memory/personal_state/managed_tests.rs	935b55137562caf4f7daaf2cda05929d3c8c1ca0872deda12805dd4158a584b9	170	saaa-memory
src-tauri/src/memory/personal_state/materializer.rs	68f1f48721b42c7cd9c1e120de816207654d2fc98757c14587fcad7fe1c6bf0c	244	saaa-memory
src-tauri/src/memory/personal_state/mod.rs	af6c525f945522c423f14349cf7b2300cfdecb9d2ddc6c8701af5b42a6267035	37	saaa-memory
src-tauri/src/memory/personal_state/output.rs	ef3c79cdcd072c0c69894a337fba225eaec9c0c5a9fb7cf8272c23c527f0a557	35	saaa-memory
src-tauri/src/memory/personal_state/product.rs	22517eb6410ddf586440e2d4d05b56aacb70ffccef1510bb5ae65565fc987239	182	saaa-memory
src-tauri/src/memory/personal_state/product/diagnostics.rs	7bec7e69684289e68d53f9bd08cfb05e5290afd3db6b25864286820acf47f838	55	saaa-memory
src-tauri/src/memory/personal_state/product/outbox.rs	d69a03971e9dd18ce0daf561cf78ac18d35deb36464ffafb43c1f9f96aa517c2	42	saaa-memory
src-tauri/src/memory/personal_state/product_binding.rs	2788be53ec93b7ee7aa41b9380777aabe17e19e7e269406f988e4325ae7be015	170	saaa-memory
src-tauri/src/memory/personal_state/product_cleanup.rs	4af921eafaaebd4bf208f70619d8f37d730273558c52c85b12519e853d42a4ab	114	saaa-memory
src-tauri/src/memory/personal_state/product_extract.rs	a9c2d334ede8d9f672cce90faddfb6d383aa8aa7aafcb39ff30304e611bb0fd6	66	saaa-memory
src-tauri/src/memory/personal_state/product_extract_sources.rs	ca64ff2ef220532317460bbfec4b9dd8446a8f1af3fd43e86efe2ede54c21e83	41	saaa-memory
src-tauri/src/memory/personal_state/product_extract_sources/context.rs	ab4ed045ccf78506dcb511e56551e7f9806b935b2a0c13ef8f54af8104149706	28	saaa-memory
src-tauri/src/memory/personal_state/product_tests.rs	389f5a00da40c392a2496a75f028bd689a2c0768d440a9ed19f30517ba3199f7	415	saaa-memory
src-tauri/src/memory/personal_state/projection.rs	d52b72386a2ed4ba3c8648bb9a324d1394be1229050db97549413ea2b7e08616	257	saaa-memory
src-tauri/src/memory/personal_state/registration.rs	1f4132e307b3d441591a8e50f4bfef6823d75a5a3c888ae63e88aa3179e3bc01	101	saaa-memory
src-tauri/src/memory/personal_state/retrospective.rs	1e3fa86ad6a95175b3e67c58aea839deaea8958c284b41ecb1f01d80b2747c68	54	saaa-memory
src-tauri/src/memory/personal_state/retrospective/commands.rs	85bdd90dc0077cd17302e7367334046c3cf9f8685aefa6224fc9bdb61ce04037	27	saaa-memory
src-tauri/src/memory/personal_state/retrospective/commands/dispatch.rs	17b03f5f18b87f06b3c15e1cdff9b93c6a3603fc04f9c692721d620b1a32798c	12	saaa-memory
src-tauri/src/memory/personal_state/retrospective/execution.rs	507bb163607e418284e1f269705373fadfce40164e441f156da4f6f58ede3e60	230	saaa-memory
src-tauri/src/memory/personal_state/retrospective/projection.rs	277e122cc6ebab995ce7b915210769af99113bab54bdcc2994c17e76c474c2d6	26	saaa-memory
src-tauri/src/memory/personal_state/retrospective/status.rs	f701e73bed4e36152d27aa67a58ea92e6529f7bb14f7fe65ac1c8b1c6d3a21aa	16	saaa-memory
src-tauri/src/memory/personal_state/retrospective/tests.rs	ac250233943c31ef0b9219d115af5da5b741a89a5c9342cee09eb97550a1ab02	401	saaa-memory
src-tauri/src/memory/personal_state/retrospective/window.rs	af79372d8a2fcee1da542c6169de2af06403721e2c87255791dab302a3a26ba8	113	saaa-memory
src-tauri/src/memory/personal_state/scheduler.rs	532791d86d5321fc3d18ac426bacca94cd6e235eab0627c475e004c71ee267c3	59	saaa-memory
src-tauri/src/memory/personal_state/scheduler/background.rs	b31447ab623a749a60ed1aaae823fad75ab0e4472bde4b278b911ff763c778b0	22	saaa-memory
src-tauri/src/memory/personal_state/scheduler/foreground.rs	e5e2315a9762d4236cefbabc2a67795a8057fd16287a97cf9bfbaf423d48d575	37	saaa-memory
src-tauri/src/memory/personal_state/schema.rs	36f27709a62b1c6671ad4637d0c94b8d1ac879707226ca66510c32bd56b42b9e	48	saaa-memory
src-tauri/src/memory/personal_state/schema_columns.rs	0aceb224ccc375027c9a81120eaa78b0862117be9ee7e61d1e35c8ff86e023f4	58	saaa-memory
src-tauri/src/memory/personal_state/snapshots.rs	36b2eafcc3b79b281053183bf492e3afec3f15da7d11678f9fc6b6116d7e261a	336	saaa-memory
src-tauri/src/memory/personal_state/sources.rs	6ecbe79b6a749cfd7129b36074586884656c890cf336c205a93824bbc7440e36	125	saaa-memory
src-tauri/src/memory/personal_state/sources/world_context.rs	5ab5c1c176694f5e7c7523c48d21eb3b9957f2316c0274c764b08b23f4a00f6b	32	saaa-memory
src-tauri/src/memory/personal_state/store.rs	b94938c62ed74b3296c0c28bc7dd350757bf6339789be9eefdede73e9a664c5e	363	saaa-memory
src-tauri/src/memory/personal_state/subject_pin.rs	44a0fe86c32b12f7f5d3573dd29db02084962c345bb470e0822598dd472229e7	11	saaa-memory
src-tauri/src/memory/personal_state/task_bundle.rs	ca9c17a53a54e0925805ca8a1c38cdc4ccb7cf0270b85f56966225989a693234	147	saaa-memory
src-tauri/src/memory/personal_state/tests.rs	47b56a7903779ae47c042d51ae286aaeddc2d91129100ea102813785f775d277	26	saaa-memory
src-tauri/src/memory/personal_state/tests/artifact_invalidation.rs	4e4def9c6b7953df49e1c43f29bda72c9295f97842ad879f7143fc5a5df879de	95	saaa-memory
src-tauri/src/memory/personal_state/tests/consolidation.rs	a28635db21432253062920d5a5df0abb46d70b255be0f9ad436455bcc9933128	130	saaa-memory
src-tauri/src/memory/personal_state/tests/episode_history.rs	4cbdc82ed4a6b7244ffefb5145289ab58f7cecdae9f31a009322f2e4f61a2198	104	saaa-memory
src-tauri/src/memory/personal_state/tests/fixture.rs	7546637a81c2a17c7ced86ca02afa078621ac209868d1f723247fec4a6d86c83	548	saaa-memory
src-tauri/src/memory/personal_state/tests/memory_contract.rs	0a5c23b97a3e4cd929a1abf9634a63852bfb0c250e2bf1c5be6ff768b1d27e67	491	saaa-memory
src-tauri/src/memory/personal_state/tests/source_clock.rs	892c61eaf219dbbcc11fcc5162d2a7f9e81b2a21751a5ae0388e29837059e140	72	saaa-memory
src-tauri/src/memory/personal_state/tests/task_bundle_rolls_back_with_answer_and_rejects_e.rs	6a4ef6000fa580b18cccafa184f4fa85749b82cc178f1e07aa60613b06bddc54	219	saaa-memory
src-tauri/src/memory/personal_state/worker.rs	e5a6db287983b0411b5f56bd651c5acbf3d1b00d4eefb17c32a80ff386ebad0d	296	saaa-memory
src-tauri/src/memory/personal_state/worker/explicit.rs	43ee65e7628eed8353444186ff06aacc9708341ef745bfab27e5ea3834b01e64	188	saaa-memory
src-tauri/src/memory/personal_state/worker/explicit_execute.rs	5937f9c39cb19f8151d81ea9eb282e0ff705813cb097998fef9ada038e6d1a09	108	saaa-memory
src-tauri/src/memory/personal_state/worker/explicit_tests.rs	3ba0099332363e22b22804e9ede8ad7190c27ebe6a18ca6ef13822182c21e17c	400	saaa-memory
src-tauri/src/memory/personal_state/worker/review.rs	bf2d8757da2da1c1a1a180e66cf88a33472ff00d7a914557b895131cd48480cd	34	saaa-memory
src-tauri/src/memory/personal_state/worker_run.rs	7bbaf925169b7b77f1c3fd2c6f906464d06cbba5618b10d1d49a6bda8f2eafd1	209	saaa-memory
src-tauri/src/memory/personal_state/worker_run/patch.rs	18cfb43062d7b414eaf209ccebe3189cdf58e0edadfbb52832d5132b6929dd06	279	saaa-memory
src-tauri/src/memory/personal_state/worker_run/world_stage.rs	1283c7ce3cab776fec30ca4be31dae02cc44ff105943dc6a466535077c10ed94	68	saaa-memory
src-tauri/src/memory/personal_state/worker_scope.rs	c8d5f759106037d90a8855bf5dbbb6497febf6bd389c69c8fe05ef6895ff5101	41	saaa-memory
src-tauri/src/memory/personal_state/worker_scope/knowledge.rs	1efc4f468a6ca7c615e986488917b2dc44eabb06b06811ef0c1d168d6a09436e	35	saaa-memory
src-tauri/src/memory/personal_state/world/evidence_eligibility.rs	c79d85cabba24b9b8cfbe0df1e4a4ca40cffc74a64951119b8b4e8831da537bd	131	saaa-memory
src-tauri/src/memory/personal_state/world/extracted_outcomes.rs	082a8f3d90ae9ac91a518be335b6e58d1c264550afabcd8402823abfe11fe9ab	176	saaa-memory
src-tauri/src/memory/personal_state/world/extraction.rs	a59b5a938a6162cd572eea4fb6084139ac12b218d4f2d141f57b3cc24a7d1671	104	saaa-memory
src-tauri/src/memory/personal_state/world/extraction/commit.rs	1b2c5a44059b4f0d60333576e6a9d69224544c55c895c86188eeb089cc0c16aa	402	saaa-memory
src-tauri/src/memory/personal_state/world/extraction_tests.rs	75413cdf61a95e00e9e2ff5044e8e07ff4bcf7a8a3eb000b783b670df4a2c42f	631	saaa-memory
src-tauri/src/memory/personal_state/world/mod.rs	7dda57b837004ca344b6f0b6064fbb5dd3ce16b2b8191b05cece26b8fff23cc2	37	saaa-memory
src-tauri/src/memory/personal_state/world/observations_v2.rs	502de75773ca7261f054f9d4a0b4d021b6b7f4cb84347c40d128d7e500a92d42	127	saaa-memory
src-tauri/src/memory/personal_state/world/outcome_v2.rs	4c1e328e443c8aa194619db9cfab87b0a715835582cc71d32e8ff3ef45f019e2	288	saaa-memory
src-tauri/src/memory/personal_state/world/projection.rs	7fb55ea053956d3b856d5d847e7878ec801b61cb052bfb1ac3dfce19e94713a8	11	saaa-memory
src-tauri/src/memory/personal_state/world/projection_v2.rs	0c21dc81720bc6cc83afa93ee748e6909501dae6c0872e82d76c37def6cc47ee	298	saaa-memory
src-tauri/src/memory/personal_state/world/query.rs	7604fb1eefb592852ddcb4d6a089b63c159e29753fde2c8576a669d6b1ca0a1f	32	saaa-memory
src-tauri/src/memory/personal_state/world/query/focus_row.rs	696f1cdfc452ba58b41e008a955326b52eadaffb7c4e6798159eff517a9155e3	272	saaa-memory
src-tauri/src/memory/personal_state/world/query/world_seed.rs	121b75182ae4313004ccbfb7ede0ae7a9c7de57ce3b28a7e4999a48d6bb0aba9	511	saaa-memory
src-tauri/src/memory/personal_state/world/query_v2.rs	0e450a854ced5106c9bfb795318e2acda8a83ef2ba90b1fcc6cc7bb1f96134e2	113	saaa-memory
src-tauri/src/memory/personal_state/world/query_v2_activate.rs	3ecd804b12529e8b8bc36292418ecdd76a847ec23af4f1875df33b6da56fe4b5	12	saaa-memory
src-tauri/src/memory/personal_state/world/query_v2_activate/activate_v2_with_stats.rs	8c28173a70bb58c102d1b639e80aa3b75c808041156724fb49e48cd083dbba31	521	saaa-memory
src-tauri/src/memory/personal_state/world/query_v2_activate/edge_load.rs	cbb5ac168a020fa883404ae2348870f50a16bdc1b543c6bbe6d861ecdfa89892	361	saaa-memory
src-tauri/src/memory/personal_state/world/query_v2_context.rs	f097e1a0e8dde4cc294da7834b4f4c2ffbbfc0db3d02ff17ec01e3d859d6bb9c	507	saaa-memory
src-tauri/src/memory/personal_state/world/remaining_perf_tests.rs	45e9a66cd10cfb87eb6b1797cad51168024803663334d00c9e659c9496c38f9b	70	saaa-memory
src-tauri/src/memory/personal_state/world/runtime_capacity.rs	ae6b87a51257d826f2ae07db92ca286199067d5633f0f78f130a3ae8c126dbaa	72	saaa-memory
src-tauri/src/memory/personal_state/world/runtime_coding.rs	cbf195db4bb0b719af7e3d71a52c54605fb4174cf186f61b1c2c645524f5394f	162	saaa-memory
src-tauri/src/memory/personal_state/world/runtime_coding_tests.rs	8cf34b71d463a98d578954f558f933b627685f08e7ad9cb26c55706fdac7bfdf	335	saaa-memory
src-tauri/src/memory/personal_state/world/runtime_frame.rs	b1f725d655564a314bed08df7ece5051d0d4e911243a54c3624bfa2f3a6b3972	532	saaa-memory
src-tauri/src/memory/personal_state/world/runtime_frame_boundary_tests.rs	bba8c6134225a5a0b8785191050bb0cdd9ca6d814175bd52dc30d13c0cbfe95b	74	saaa-memory
src-tauri/src/memory/personal_state/world/runtime_frame_perf_tests.rs	805e046fbb180463255420edd7ea677d419e30e399600be6a7e6050f47aec4bf	125	saaa-memory
src-tauri/src/memory/personal_state/world/runtime_frame_receipt.rs	77d0335ed7495699bfc960ccf1d6d8783e6b66e44a0dd5b4c8a00c638bce8a5b	43	saaa-memory
src-tauri/src/memory/personal_state/world/runtime_frame_snapshot_tests.rs	edf7fcd61b95ce503e82618ac1486c66fae6e200661abc0c3255ac0d574bd75a	118	saaa-memory
src-tauri/src/memory/personal_state/world/runtime_frame_tests.rs	72ab80494c5cb0f51a2b4cd94560022ffe59e783025077965ef83593bdefd505	576	saaa-memory
src-tauri/src/memory/personal_state/world/runtime_graph.rs	c5aa57ac058a8e1495ec4eedf83fde5a791231f5195fb276ecbcee1c0c61ae36	119	saaa-memory
src-tauri/src/memory/personal_state/world/runtime_scope.rs	201b004cebaee1c983d833ff37091e3681a283daff1c19c85837704c277207aa	96	saaa-memory
src-tauri/src/memory/personal_state/world/runtime_scope_authorize.rs	4ef88b1bd4d88101c2bf8c1e128329444789c402e6844001c115cc4d9ae493d1	193	saaa-memory
src-tauri/src/memory/personal_state/world/runtime_scope_tests.rs	2e28b2007692c0502713bd4fbee5b1b16ba4411dcffb2dc3e2a3fc67185556ec	199	saaa-memory
src-tauri/src/memory/personal_state/world/runtime_sources.rs	9683bbabeffde62014596603de6f8d2a2e4f4ce836c6ad5c234efa42daffa0b4	223	saaa-memory
src-tauri/src/memory/personal_state/world/runtime_sources_tests.rs	07bdd0fa65ba8523abe04702bac9345dada19f4f1b98fdcad0c7ca290ec50ea6	240	saaa-memory
src-tauri/src/memory/personal_state/world/runtime_test_support.rs	3cbf8a7262b5114dc59637e04d826f042f2923675a5e0634d1678c9aaf784342	469	saaa-memory
src-tauri/src/memory/personal_state/world/test_support.rs	513666f675f728f89834440fc64635cecb9dda8ae36cf56d829453f172abd12d	20	saaa-memory
src-tauri/src/memory/personal_state/world/test_support/built_assertion.rs	b2b4c15884575b6db34a6a5ae232e0b1dfa36973b94be7a76c3b00a45b9491fa	302	saaa-memory
src-tauri/src/memory/personal_state/world/test_support/v2_spec.rs	660ddfc95414944444019a639967c5d093ebab99eee4dc189bc7133e7c4141f7	480	saaa-memory
src-tauri/src/memory/personal_state/world/tests.rs	4af2b6438e0a9eb0683e2517f6d9d6e7a01b88f682b46e1b86feb59c9e806180	21	saaa-memory
src-tauri/src/memory/personal_state/world/tests/fixture.rs	5a825d99b6a8ecfae3edd12859aed541075e674d8e3e33c051e9ae94ed77a601	513	saaa-memory
src-tauri/src/memory/personal_state/world/tests/r06_unrelated_focus_does_not_join_another_focus_.rs	dc2cb54f967eb93c087233d881d1053b3529940ee0641f3263a8e0bc8a269dbd	230	saaa-memory
src-tauri/src/memory/personal_state/world/tests/t11_patch_replay_is_noop_and_content_conflict_is.rs	9ff3ed80885392754434adb4bbbaa993814b81dab002660472c7918b3cb28f2a	495	saaa-memory
src-tauri/src/memory/personal_state/world/tests/t14_scope_isolation_and_authorization.rs	26ee5c06ed45ba678e184584f89d12bc0e63259ca98d3444e10a8b8ba1f3d2c6	418	saaa-memory
src-tauri/src/memory/personal_state/world/v2_tests.rs	b6a70158a34423eb488be8c39d1961d7c0a5d5a265c4da217b93eb8dc2213c3e	31	saaa-memory
src-tauri/src/memory/personal_state/world/v2_tests/chain_fixture.rs	7e598601d7fac185ada559b3d2728519baed8cb7190dbb285ba2ddbee5b6393d	521	saaa-memory
src-tauri/src/memory/personal_state/world/v2_tests/chain_fixture/maintenance.rs	98494aac76f2220bfcbd06125f0799734c81e360d56e5f7a3b7f99e3469fdde8	77	saaa-memory
src-tauri/src/memory/personal_state/world/v2_tests/d19_failed_commit_rolls_back_every_write.rs	7cd2dd4ed4969180e29d200e3661ffc71a50fd7ae819ed7f2fa7cb9e1de79f87	260	saaa-memory
src-tauri/src/memory/personal_state/world/v2_tests/fixture_chain_v2.rs	20824a035eb4047790f905821f1517615cd8cdcf18b02035d4bb9cd8f22ab8e0	491	saaa-memory
src-tauri/src/memory/personal_state/world/v2_tests/v2_fixture.rs	e9f590467ddc7bda95f322d63f4a4e0c211ff5c50e0d7d49739751090ce3ec1f	494	saaa-memory
src-tauri/src/memory/personal_state/world/validation.rs	57707a675374db0cc766088f53461b8f5d4f3e01c98636e5c6a29eabbec53253	137	saaa-memory
src-tauri/src/memory/personal_state/world/validation_v2.rs	699e82b58c8c973f4f48fa727232cd7d9e4409942b362a2588fee65d4e455b28	171	saaa-memory
src-tauri/src/memory/recall/mod.rs	c87e41b5b3ab6591a4e3824781d7c33f5fb0dc51bc805c3c62a3363bd07a8b1a	32	saaa-memory
src-tauri/src/memory/recall/recall_execution_context.rs	c08db8fc6d66637625e49c92b1e039dd45c710e52af676b51a96b4e6d7a13594	521	saaa-memory
src-tauri/src/memory/recall/resolve_time.rs	644c271c8c4cd0b68359159b51f2ce3e47c7a7dff572ca6159f221980984ccf6	240	saaa-memory
src-tauri/src/memory/recall/search.rs	70baf653fb8a6a5b7a87cfc1140e007b649fab75f397de476034a0d9f904baef	529	saaa-memory
src-tauri/src/memory/recall/tests/cursor_does_not_drop_an_unprocessed_hit_inside_a.rs	8bd7a42945d7448d8015b390661353a81da50d276216b431440c5db88bc8679c	452	saaa-memory
src-tauri/src/memory/recall/tests/database.rs	af553a45c299823fb6ecd8502cd2395b1d1891c1d7dd6025e394012fa8093a3b	467	saaa-memory
src-tauri/src/memory/recall/tests/mod.rs	69c09dfeb68ba665cf2ed6134a7b7b2d078e7226c5ec3cabd10e245f884acc47	5	saaa-memory
src-tauri/src/memory/typed_recall.rs	9cfa24308d48318b64b86bfdb3d3855aed07153a7dcd45d786a4f2653877aa86	23	saaa-memory
src-tauri/src/memory/typed_recall/tests.rs	6feff5a3933fefd1f9798ce06c06fe75bf302caa8fdd01aeb92fa4922df633ea	237	saaa-memory
src-tauri/src/memory/typed_recall/typed_memory_type.rs	577da147aef7481d6b6e8bf521b3fddd06f0ac511b181ea99fe3ba4d0ba233c5	514	saaa-memory
src-tauri/src/models.rs	90fb68e5e03a6dd7193fe769553479a883f68482c1f9d946cffba0a973581963	250	saaa-contracts
src-tauri/src/models/provider_settings.rs	97a5531ae65748cf1bfa6104caefc7d552e427c54d2bb44c8cd52746c61a2558	219	saaa-contracts
src-tauri/src/persistence/app_commands.rs	0e93155944cafd837e0eecffc129b327e74093e0876b63db00b305c6c946bdfd	208	saaa-storage
src-tauri/src/persistence/audit.rs	ad64c107590dc268e2d8104660909c73f23356f64c3cc45c52bac71e68e0b659	35	saaa-storage
src-tauri/src/persistence/audit/audit_event_sort_field.rs	ffb71b5df373941ef5e8f00b90cc7be49245992599d868035786ddd83573e710	506	saaa-storage
src-tauri/src/persistence/audit/record_event.rs	64bd37f5ca837a91e3c9d9eb8f66f0df85570ecdec25a2c9ffee4a2d85e62e14	330	saaa-storage
src-tauri/src/persistence/audit/tests.rs	9e64082d61f79045d508dfdedaa58379ac6ed8e69845fc9d9a90e922bb33007b	411	saaa-storage
src-tauri/src/persistence/conversation_page.rs	4b4a7392070ed275701a42d55bc370a40c86c6e84f4c14d62bec6d11ae9da4fd	249	saaa-storage
src-tauri/src/persistence/conversations.rs	a48b1d7ccaf1ae20021f547576c1c1548fccb2ab3958a19aad2aeedc8901c720	262	saaa-storage
src-tauri/src/persistence/effective_route.rs	7c78a22230dff14c951fa23222cb9fb36d34a3ee1108ece27e9add96304f5b1b	235	saaa-storage
src-tauri/src/persistence/legacy_conversation_schema.rs	a04f851deb6492fdfe4d93e5925613739b6c3327c6d84838961f5caa8c25ef2c	118	saaa-storage
src-tauri/src/persistence/migrate.rs	9f7f56c7d1299e487476e4e5b2cf313a91ec01b510c5f634071cf1d771ccf289	37	saaa-storage
src-tauri/src/persistence/migrate/ensure_provider_configuration_fingerprint.rs	404df01a282e92a419f2f6f57b6c3f35cf947ff6923fed37356b2e89f8a3a44c	464	saaa-storage
src-tauri/src/persistence/migrate/migrate_pristine_provider_defaults_to_dynamic_la.rs	514a3a95e641fccf81ca2efc825652ad7312aa53bd6aae2bd1b9e6e658eac3e4	162	saaa-storage
src-tauri/src/persistence/migrate/tests/mod.rs	fca63776ca82b9417e9da399844ca1a008a249e6a30bd4d5cfb898fac05867f9	4	saaa-storage
src-tauri/src/persistence/migrate/tests/normalizes_regressed_dynamic_lan_provider_id_and.rs	0a3e67dfd24f4878a949f7945339422eee886d07f0c69da805e4231b12e6a75f	482	saaa-storage
src-tauri/src/persistence/migrate/tests/version_eight_voice_and_meeting_schema_migrate_t.rs	e157be91cb4ae74b130ebfc67f1cc394ff2e73adbe1a53624f506f236604d441	491	saaa-storage
src-tauri/src/persistence/migrate/tests/version_eleven_database_is_backed_up_before_memo.rs	a66062cb055b0afc4f6ab059ee0ff660bf29e2b5b57a0d9311dac8a550e459a4	258	saaa-storage
src-tauri/src/persistence/mod.rs	215d92e2efc517008c91a93eaab77bf09bf5c64d55bdd7900aa2a5332b1c7eb3	26	saaa-storage
src-tauri/src/persistence/provider_identity.rs	857b41dc33878b960b46d2e48bca68c008c5245d09b69cf3167957a1e1eb2904	73	saaa-storage
src-tauri/src/persistence/remove_legacy_provider.rs	c98b98992634303b3cd6fb44d25f0993252be0dc0abf7e0b0a0d7170e0324d29	135	saaa-storage
src-tauri/src/persistence/runs.rs	0859dec08acf2a9ae8d1c12eb5e1306d121524d3aa26436834850514d7649805	147	saaa-storage
src-tauri/src/persistence/schema.rs	90848becece8e5ffcc95474b552cf66fb1fcd0acbb18c8a4c9aab72db91d2ecc	309	saaa-storage
src-tauri/src/persistence/service_registry_store.rs	10d03acddb52e0bc2c4f8022c5fd0a664ff8031dba9ea8cca8690afddeef0cfe	481	saaa-storage
src-tauri/src/persistence/settings.rs	e0a4b2ef338ef6febe4ffc73cf1fdf64108061be5d6f627f5448261c1da3131a	23	saaa-storage
src-tauri/src/persistence/settings/document_tests.rs	3384fbf6b71e15df37edda66376d09eb49091684e407baa07e9b43bc0c4347ea	437	saaa-storage
src-tauri/src/persistence/settings/documents.rs	8b2f20bb7a265f9532a3c89bb2fc959e9e22f61bbe7fdda2e22e753ce9f8f562	482	saaa-storage
src-tauri/src/persistence/settings/http_migration.rs	d92e07dc97795a30680ab766b766c552cfb3ccc2481dae943aca98098f3773ba	63	saaa-storage
src-tauri/src/persistence/settings/provider_validation.rs	89d8ca6ef1949f2b44da7342a1bf6f527137598feacbb80374bd2757f797f02c	535	saaa-storage
src-tauri/src/persistence/settings/regional_preferences.rs	ee2e0f65b987c2a90a99834a23e8558b74e5c69bf9f87a34b9c0aa58b8625bc8	90	saaa-storage
src-tauri/src/persistence/settings/registry_projection.rs	4bcbed14e32cc5070c0a509249fea1978130d5d53e8e57d590faccbc461aaa9e	128	saaa-storage
src-tauri/src/persistence/settings/validation.rs	9f1fd351c7b63b9b49d942c93b4cd25710cf5221fd1b5c07a7ac8a2a798f077c	163	saaa-storage
src-tauri/src/persistence/settings/voice_fallbacks.rs	18d96ce591b0e7737ad9f086c42723e6ae217e7bdb055a09910d146a93521664	43	saaa-storage
src-tauri/src/persistence/settings_defaults.rs	1a45a9d358b5e0c7f49fe6d0a17ad4464ba7329dced92a093789d78ee95c8bd0	133	saaa-storage
src-tauri/src/persistence/settings_migration.rs	3375507a41a0833130536d2ea6d0b9138906cf6ce0e912a88e80a63992573038	22	saaa-storage
src-tauri/src/persistence/settings_migration/stored_document.rs	4a015b168645509813cd8319b32c31f29de4cedbdd6b69744079080ab6e94584	423	saaa-storage
src-tauri/src/persistence/settings_migration/stored_document/routing.rs	8fbced448b85023c4fa537d81d16b7b2457f57e781d6005335fe373dd5e19b66	99	saaa-storage
src-tauri/src/persistence/settings_migration/tests.rs	4d68e13a637fad096c51078f21249f29a79d427d42048e8d5c93f9af5063096a	379	saaa-storage
src-tauri/src/persistence/sqlite/mod.rs	368e071dbf5cb1cf2c4d8a611f5ab019507cc3a36c9ff0728987a2a28335c085	9	saaa-storage
src-tauri/src/persistence/sqlite/owner.rs	b1f4d95354b3dd65b66177be985c471396c2dbd3425c6777c40b7f04be23f1f2	72	saaa-storage
src-tauri/src/persistence/sqlite/readers.rs	6f11843d44ae4c784b2e8461fbfc7b7f896e1819f550ef58ba71794e1cfe5ddf	184	saaa-storage
src-tauri/src/persistence/sqlite/readers_test_access.rs	798e0a4b750b1a1f516b27651f70cbef02c754dab220de634f8f126a1c267dda	27	saaa-storage
src-tauri/src/persistence/sqlite/readers_tests.rs	30f082f585c6a7287aecaafd880d70386919064af249effd45f84e45acbdd111	34	saaa-storage
src-tauri/src/persistence/sqlite/tests.rs	fed7438aafd14636a65b3e7bd6233f29e0af30704d9b3766e36e0b753efc1226	648	saaa-storage
src-tauri/src/persistence/sqlite/writer.rs	afbddad3fc51ac68481f2c2fd25687f0dd3fc38dd4a8111dd4cc481fc20959c3	170	saaa-storage
src-tauri/src/process_guard.rs	e81767348a07725813fe9df272c311cadd2d9c48dd06cb3529afd85b1b9e676c	55	saaa-application-or-host
src-tauri/src/providers/adapter_contract.rs	9049f3a7a6820aa353b8f1e1e5ad4f5f0fff14f51cea463952674ee4d7e5d656	55	saaa-providers
src-tauri/src/providers/agent_session.rs	55cf6dbb38b9cf90f9f489f3ac460237e926930f511fe8dfa8404e256e415cbd	566	saaa-providers
src-tauri/src/providers/agent_session/creation.rs	bef1e2ec315954c4a8299d34a58d15dcf6fd94d3917c60acf4cd18c3264f6836	97	saaa-providers
src-tauri/src/providers/agent_session/sse.rs	ad8d928db5792b35888e1aee41e6fd118a689667602f6a43aeb403b884c3f437	507	saaa-providers
src-tauri/src/providers/agent_session/sse/coding_bridge.rs	13574ab6bf569949c27891d7a25a7868aaec3d5756105d49d10b22735e79a834	49	saaa-providers
src-tauri/src/providers/agent_session/sse/coding_workflow_tests.rs	cefe0b67735eec5758a7aa0dd25303deae3d692c727b12aae433a90586b3383c	190	saaa-providers
src-tauri/src/providers/agent_session/sse/fresh_session.rs	f0b720c8236e79069c77a57b59211ee8cd378e13a0649c934e61dab7b79013ce	101	saaa-providers
src-tauri/src/providers/agent_session/sse/generation.rs	e66ad823205f0a41987f30b987590ce8a2b93e3b90113ce61552b75edd2abe5f	108	saaa-providers
src-tauri/src/providers/agent_session/sse/generation/round.rs	ce1c96deef068b49b2660aba98b32cdd6b8917645e294f0a34688d6a40bba67b	307	saaa-providers
src-tauri/src/providers/agent_session/sse/generation/trim.rs	f8af4dafc066f4f59a9c6234174618ac931aed2a95e21bc1d2aa47a23db18f21	95	saaa-providers
src-tauri/src/providers/agent_session/sse/probe.rs	a5fd532e013086bb9961f76695ec762880c17ce5a8e09656969561b80c592643	24	saaa-providers
src-tauri/src/providers/agent_session/sse/request.rs	ae8a2cfa0c2d72a238ac968a900deeba899ab0876657852c34a241d0f84a8c4b	56	saaa-providers
src-tauri/src/providers/agent_session/sse/stream_tests.rs	7b1b6230e2d10b12b96154a4278c9ed93c55eb0d7870d418a9f8323357f450be	111	saaa-providers
src-tauri/src/providers/agent_session/sse/transport.rs	277943c0e6f482ad155e9d4ba761943e5c727aa84c8699efd3aaf8ea22f56755	302	saaa-providers
src-tauri/src/providers/agent_session/sse/ui_bridge.rs	41ba5ff0716abbe2fd99fe115f7ba3b3be895b3aff415dfbee695824b2adf5a2	164	saaa-providers
src-tauri/src/providers/agent_session/sse/workflow_tests.rs	ead5ef612ebfd20efcdff017b622612f447664757b311a47a1b6da4ea7507da5	448	saaa-providers
src-tauri/src/providers/agent_session/sse/world_eval_tests.rs	76f436609911904f6a634efe1db86709ba83828d2f9df66069b44c1b60b03601	484	saaa-providers
src-tauri/src/providers/anthropic_messages.rs	e83deb565de4b7b2fce44af9806f8f7672a6b15f33dca85d3279d0eb9db116e2	211	saaa-providers
src-tauri/src/providers/chat_completions/chunks.rs	981b8af5475b43cb437875c59f2db798886ee713374f0371970a6db47cb4d854	245	saaa-providers
src-tauri/src/providers/chat_completions/coding_tests.rs	044ca63da27af28ae3e74c26989562e6cd3fc36b5a5c44c31d00ae3c0aedbfda	91	saaa-providers
src-tauri/src/providers/chat_completions/generated_tools_flags_tests.rs	b8907bbf8b11e68a46122f92b9e75172646fbc097db0541182ee0ac958f49eaa	114	saaa-providers
src-tauri/src/providers/chat_completions/generated_tools_tests.rs	d6ae66c85fe21c19e3cbb1c4bc336f943efbac28af4f999f2e0929c45122442c	346	saaa-providers
src-tauri/src/providers/chat_completions/json_response.rs	4d523b720976d786e513cc921037870e971c5b545124484be585fd765a592bab	34	saaa-providers
src-tauri/src/providers/chat_completions/json_tool_tests.rs	dbe417fb4059104ce9142ea1dfa2af35d4f91e35b536b64209a3edaef6867f21	121	saaa-providers
src-tauri/src/providers/chat_completions/mod.rs	1030659fcfecaebc2abbc96d40af961370822c9d2c7b9bc2bbb2c426b33ab41d	151	saaa-providers
src-tauri/src/providers/chat_completions/observation.rs	984e5b69fd1c8152de9c82d9c9b85baf603ed1f4fee7b0bc50ac5522af4ee924	131	saaa-providers
src-tauri/src/providers/chat_completions/observation_tests.rs	a8ceef96cdbe3bc156f146d58cc353e90caaa0cd27a781c8afc8ba749d55c1d3	52	saaa-providers
src-tauri/src/providers/chat_completions/response_helpers.rs	90b9283fe42a78196a0c7a60bf3355372c681399e73f8a05f75aa7ee8d8488b1	47	saaa-providers
src-tauri/src/providers/chat_completions/response_json.rs	71cb91241e57abef860bbeecccaffcb1fe2b3b39681907386473031906cf6cc5	104	saaa-providers
src-tauri/src/providers/chat_completions/sse.rs	dcbc0d07cda04bb5873f7f1c39e05f0d8dfb34f6d2591b2912331ea460106ca2	71	saaa-providers
src-tauri/src/providers/chat_completions/stream_response.rs	175dcd7cdf10e3bf8efe92e90ce07b54ac580da84e2d21ad24c1758c46726b20	81	saaa-providers
src-tauri/src/providers/chat_completions/test_helpers.rs	cca64e78b04423c79e65b7cf54840b7e38c34def3676333ae5b0e75d00f2b154	43	saaa-providers
src-tauri/src/providers/completion.rs	849d460c03497a79689ed65c75ba9b1fb6e65fe913c0ca5a3869bbae7e5b07f8	161	saaa-providers
src-tauri/src/providers/dynamic_lan/auth.rs	2fd8e294058e1e56e2c0de83f8c892d5f3ee0b835b8320df33925d4c8c0da712	38	saaa-providers
src-tauri/src/providers/dynamic_lan/connection_lifecycle.rs	b9291637f6e50b76e426cfcf7b0cc6df3631fe3ce3ff8d3768efd5fbd6df482a	396	saaa-providers
src-tauri/src/providers/dynamic_lan/connection_runtime.rs	a861e7c9165a4f0deb38735cb21af4dcccb479180f45a5fbab3d3ef0c4aacc1b	155	saaa-providers
src-tauri/src/providers/dynamic_lan/connection_types.rs	d178c9ea11064f9aa5bd987154b8e611de8e8df97369065f206bfbd9a1c45f55	264	saaa-providers
src-tauri/src/providers/dynamic_lan/credential.rs	11f39fa816b91daf5712dae24e59dc1cef55c47235d1c2d8e382f177667150c6	418	saaa-providers
src-tauri/src/providers/dynamic_lan/http.rs	c854b3e3bc0fdd87321a19303abeb5382ae3841c5b45b363cd0938662e72095b	414	saaa-providers
src-tauri/src/providers/dynamic_lan/http/errors.rs	f4f0ea439697d81f3d3959393801f46442e674a2a99a3eb180f911253d839ccb	199	saaa-providers
src-tauri/src/providers/dynamic_lan/mod.rs	ed07ebc99e8e868b5d488fc6be1fc9122227179691b17842a75a21b446076827	37	saaa-providers
src-tauri/src/providers/dynamic_lan/probe.rs	ef4cdc8413a18688d43e23c72b2715cb73c2ef5f5bc72a3e59347185c99962f0	21	saaa-providers
src-tauri/src/providers/dynamic_lan/profile_catalog.rs	e67535f6ca2feed0c8bf8d17d870afe3204861467a9d63b67e7ef9f38e489cda	82	saaa-providers
src-tauri/src/providers/dynamic_lan/profile_contract.rs	a4a3a11a126f10eaaef3c010aec00b1a26a92c56418edb8bd828e490e2a9c410	70	saaa-providers
src-tauri/src/providers/dynamic_lan/tests/cold_services.rs	30523e828e06b66b23a5a8bad07ebb8ff8eaad78a3ff34c6ab7e6c6e9afaa713	42	saaa-providers
src-tauri/src/providers/dynamic_lan/tests/fixtures_and_contracts.rs	6ed8e13ebe9bfa941a7f964b069393db40fd15d9384620ac90c0992c834d7144	443	saaa-providers
src-tauri/src/providers/dynamic_lan/tests/lifecycle_tests.rs	543581541fa76d056f9e21a20539cc31bf8a326810d64a8b122c67ce2cad813e	429	saaa-providers
src-tauri/src/providers/dynamic_lan/tests/resolution_tests.rs	32381752e5a0a8dac6188dad94cfb042e46569d146452e6e16d49d7049243388	450	saaa-providers
src-tauri/src/providers/dynamic_lan/tests/selector_tests.rs	4aa38c65c5c658549b5b5d03eb6e75bc661b1e865ced68a5f6912a6137b03f5d	192	saaa-providers
src-tauri/src/providers/dynamic_lan/tests/selector_tests/contracts.rs	b6b89bfa444d7b5d9b838e9488d0dd5d20e348717b580e7210430dcb84178536	77	saaa-providers
src-tauri/src/providers/dynamic_lan/tests/selector_tests/fixture.rs	712e4b48436bfea03542eba7e63365fde0f2bae0b3928015bd2cc5adc80df67f	84	saaa-providers
src-tauri/src/providers/dynamic_lan/urls.rs	6824ae27ef76a7ff291e0b9da5eeff32d8f22245f927d7358461ac0e62c4d81b	63	saaa-providers
src-tauri/src/providers/dynamic_lan/validate.rs	b8aa02f3b8a2479efbf5b9105e386bd8e9ccd4a16bdb34c748027efb0a1e6b50	475	saaa-providers
src-tauri/src/providers/http.rs	b240c15e74ea1eb21e0adb153807e47a739b4dfc87774b8ac6dbd6b24030b599	124	saaa-providers
src-tauri/src/providers/http/conflict.rs	df50bfcd7de0f9100287d4e071a75c34c6c0565c477e49c760d97d678a8fb7b2	24	saaa-providers
src-tauri/src/providers/http_metrics.rs	d94674bae3807c211ea3be2dcc9025aae06ee367f165ed2b8390132821b0d65e	42	saaa-providers
src-tauri/src/providers/larm_resources/audio.rs	7932c0ba10875b5f7def19bcd768b80c3d63a76e148bca0de9326ebdc7329c29	42	saaa-providers
src-tauri/src/providers/larm_resources/mod.rs	61a4fb89db04338c5e7c9f632af8334a9ef9e393d2451e454f025d40352aa898	3	saaa-providers
src-tauri/src/providers/larm_resources/profile.rs	79add292cad61dbcb5a841364b6e9abb512769946f79d4ba690289676597320e	92	saaa-providers
src-tauri/src/providers/larm_voice/world_wire_fixture.rs	098416798e23ab0513a214c1fd20e4aba38cf7b30b616fa635a21d142e976f92	448	saaa-providers
src-tauri/src/providers/laya.rs	7ff5f5663dfe7def82f62f1182570ef5e68631fc8500986018ed7fc0bdb7abea	226	saaa-providers
src-tauri/src/providers/mod.rs	d7cdcd274e8b377916860559e83f0f39ef908448e9c25dc0f2c04b540fcb0342	27	saaa-providers
src-tauri/src/providers/openai_compatible.rs	47f535bd5ff66e597a45db378e77b5f76ade928972ba18ff59ddfcd5e04d3ed6	52	saaa-providers
src-tauri/src/providers/openai_compatible/generation.rs	0f8c3dd80dc94eed8c8147ef67d0c8573e28dd1b85befbbb5e23c69ca9f383de	91	saaa-providers
src-tauri/src/providers/openai_compatible/probe.rs	769229b81a1b890b45400687e5915f2b48d550799089bc8d24bf92544c37fe5d	78	saaa-providers
src-tauri/src/providers/openai_compatible/structured.rs	b81c33841743a50115f114ce4884ca56fdf19732441da468313a0cb574ee9e41	111	saaa-providers
src-tauri/src/providers/probe.rs	e878178f025ae4c83dccf17498a67c34d120602fef9e7528602c98e35c627ea3	183	saaa-providers
src-tauri/src/providers/probe_state.rs	ba61a8e907053f8a22b7ee34153e811396e7f56d37e4a2a40af6735901de252c	148	saaa-providers
src-tauri/src/providers/reachability.rs	0ff91e0b8caa6a9cf81a3a35e9151275b5b1f513d2712cb4fba880990a25478c	146	saaa-providers
src-tauri/src/providers/reachability_watcher.rs	e4c6ba67f3653955911e0b7857d960dc87e29a8d2932d5ad7468bbc2470daeb7	146	saaa-providers
src-tauri/src/providers/reasoning_mcp/mod.rs	a01d5ad8ba51ef32d5ba79445e58585c32fd46cf18419e855050bac8d4aa2374	197	saaa-providers
src-tauri/src/providers/reasoning_mcp/tests.rs	d6a8b46003fdd04657b7dfc3143e2f832a5b7be68a84889b975706185e229cd0	177	saaa-providers
src-tauri/src/providers/reasoning_mcp/transport.rs	a6835bcca638ba79d903c69525843898fb7bcb66353ad4440f7ac24ace9f0607	129	saaa-providers
src-tauri/src/providers/route_policy.rs	e0459013693010a83bdca7b0d8d60b69c28f7d79a5311b36c3311b651c44bf11	103	saaa-providers
src-tauri/src/providers/routing.rs	18abaf5793198c2113edc963237789653765553695b93592acea17e23c3fdb27	3	saaa-providers
src-tauri/src/providers/routing/service_harness.rs	5caf9de8c8e90dcaa082166a037c24befb9c6aa611347327184ba00b0a955e46	172	saaa-providers
src-tauri/src/providers/service_harness.rs	d01bfb593b12d76f13a10d11e518c7adeeb5177883b13f71657f6a1ae90186b6	507	saaa-providers
src-tauri/src/providers/service_harness/cache.rs	ef61452bdc4dbcf98071c12726608e9b1b8b10f136524f099bed35333a9fe154	57	saaa-providers
src-tauri/src/providers/service_harness/descriptor.rs	025537f9d246a0b4239e938097b6eb10896b8079a1cfa439fcaa0f0d66597609	100	saaa-providers
src-tauri/src/providers/service_harness/health.rs	17ad4a86ae7f3b3977ecf9949a85db8912dccec2830f22d0790f8ed71eb08f9d	35	saaa-providers
src-tauri/src/providers/service_harness/tests.rs	0c83f3052aa7cbe127c323571819004dd1256db0a4d0ef6c13a6d5929830c890	161	saaa-providers
src-tauri/src/providers/service_registry.rs	6f9e6755d829565816ae54f06c4bac283e7c3df34b216ec8b8896e4d1aa24ad9	87	saaa-providers
src-tauri/src/providers/service_registry/active.rs	188aa8fcc2f84f90a97cb0321c6d1c8074c61311328817e4df690d035556c890	9	saaa-providers
src-tauri/src/providers/service_registry/commands.rs	4aafb52954eacd547db57d13cc71ef0a7da7577eb5a61f80eb8a7ba27315bb35	124	saaa-providers
src-tauri/src/providers/service_registry/migration.rs	85d5dd509c27070c86886419096acbc346a0554eef16fb292b9f354f7df74273	122	saaa-providers
src-tauri/src/providers/service_registry/operations.rs	aaec853ec6105fa4db8f1c125f88e2ec8984b5a10ab63c34003cbddc3da99fe3	90	saaa-providers
src-tauri/src/providers/service_registry/probe.rs	a83dc0d3c4801d822f1effab8d993bc9e1a9929be91f0542787be54d90b51ef8	214	saaa-providers
src-tauri/src/providers/service_registry/tests.rs	7a5dfb495fa5e507109763324973e9f3fab95f09b823fb56810525fe32d16df6	546	saaa-providers
src-tauri/src/providers/session_store.rs	f19675e061b75b04d209f3a414aebdc91c7845a6b7aff5a37673030c085375b7	417	saaa-providers
src-tauri/src/providers/stream/agent_dispatch.rs	e21d780085e855aeb817fc831d2980046c02c32f7b9e24fd779135f1154df782	355	saaa-providers
src-tauri/src/providers/stream/artifact_webview_dispatch.rs	07fe8a5a57766741815701b9107239dac7809c9eee4115b711bde9d0bcab850a	65	saaa-providers
src-tauri/src/providers/stream/attempt.rs	b8e0e7d8f2d24cf8567105fb78a6ab1580fd04086fd36d48e2059003880c7194	329	saaa-providers
src-tauri/src/providers/stream/context_still_dispatch.rs	81a7e8becaa4d50360ea32d344f70f28573a19ae1149266306f7704683ea66c6	83	saaa-providers
src-tauri/src/providers/stream/dispatch.rs	62568938d58aec637d72ad98b8953bacd80a8a66fc8525a71033b141fdc2134b	7	saaa-providers
src-tauri/src/providers/stream/dynamic_lan.rs	490da775fb15e42540f974690c529c08625661984dbfcd364183e112976670b5	273	saaa-providers
src-tauri/src/providers/stream/dynamic_lan/initialization.rs	5bcdb391759c80bc0f655243594ecde7db68f3d8b77bec36dae6eba9394b40af	62	saaa-providers
src-tauri/src/providers/stream/mod.rs	4a7a1d226958b1d57b53eb739cbcc3b59f4e7004fd92b6694d2d374b8c4b73e5	148	saaa-providers
src-tauri/src/providers/stream/recall_dispatch.rs	6b76a43d1ec169ec10bf1a8985fc0443575f8516361b109352a09571dc54f355	65	saaa-providers
src-tauri/src/quality_eval.rs	56d00ba595f3763d4331864b82f4600df910ba39aa250c6a3883a86f5e6837d1	354	saaa-application-or-host
src-tauri/src/quality_eval/control.rs	23d903973db969bed6c05d7588c3536672db9acc066c9ab00e2bb8eb07e6343e	125	saaa-application-or-host
src-tauri/src/records/auth.rs	00767eb5c2532c6036aa79a612330beead804dc3c482db460fe24602ae1b79b7	30	saaa-storage
src-tauri/src/records/backend.rs	0a832a8f01fbaf1147b0939d18e1932bc8351abca34af7e63d439e9f420a73ef	117	saaa-storage
src-tauri/src/records/capture.rs	e1867264f4c85bc8c96dc3a1f9e8e21fb514fe51e0eab1aab7a10b39bb1782a0	224	saaa-storage
src-tauri/src/records/catalog.rs	aeb62c72d9112bbacd6a791aaa3a2f3c5e24d3072bfce89a15772837b066090f	73	saaa-storage
src-tauri/src/records/contract.rs	c588a5f803e19606bc1c066696de2fea2a478f1bd833caa7c7149d990b53f06e	114	saaa-storage
src-tauri/src/records/forget.rs	4b4e6c7c684c5344664ec8b2f230211153550def376aeb4d9d6fe835abdc5275	253	saaa-storage
src-tauri/src/records/fts.rs	86750c968ea38586d4d0862ca5577bcd7adccee7459ff5ee5229250353025410	186	saaa-storage
src-tauri/src/records/mod.rs	d8e713e6648b4ee3b626e393a29781b1cf534a3c89fcc0c2ad8b74e4086ae41d	64	saaa-storage
src-tauri/src/records/outline.rs	38b2e587a0c09933303d0eabd30dd649221385015aa6d53d379ba66232b61975	134	saaa-storage
src-tauri/src/records/read.rs	54ddd12fd6bb26f5f293d89f336219d5cf2598afa9b67b1e01c8715f3bc38024	468	saaa-storage
src-tauri/src/records/schema.rs	d1c05ff73800f1f0be9a5d3028c4104e5d674294c4717e918c4f6afbdb1e58bc	105	saaa-storage
src-tauri/src/records/tools.rs	14f2cc5a567df7950f9a4d7cc4f2cc590e666e86b9f8f3999a064a617e60aae7	322	saaa-storage
src-tauri/src/records/write.rs	237a1b9761f7492adeff4101af68f9bc2ff43582150551f0df2c0adb257f60ca	434	saaa-storage
src-tauri/src/redact.rs	ba396cc14dd1eec42b8f23f74d0cd3b9811828a0215d3899603d238eb0008ffd	90	saaa-application-or-host
src-tauri/src/redact/credentials.rs	7d0f375ab99b628d7ca4370a2f77d71f983a42c4e8dc7e6247cae1a4850accdd	24	saaa-application-or-host
src-tauri/src/redact/urls.rs	f788dba244cdf36d9f8e879ef9270927ac03f2592b3c17027fb5eff51e472c8f	19	saaa-application-or-host
src-tauri/src/role_routing/adapters/codex.rs	1930274c7e16cfd0d0b5451866dfbb79e626f19a40909cb6752bb3595697fabc	518	saaa-conversation
src-tauri/src/role_routing/adapters/codex_protocol.rs	501796e5965bd6d9b45179365bde4657179e20fd7fe522582033d353750b2eed	291	saaa-conversation
src-tauri/src/role_routing/adapters/mod.rs	29aefb700756da30dfdd5e60e477c9c16bb0e118905f06046af321acc6555b36	2	saaa-conversation
src-tauri/src/role_routing/classifier.rs	d11fc265d62f2bdbce82b304ce8a5e29e6ea302e012ef03a2744abcefa0d3f95	142	saaa-conversation
src-tauri/src/role_routing/context.rs	c2f87ece4e4e1748dd163efbfac8613def8b55f8502c749117aeda0065e39445	166	saaa-conversation
src-tauri/src/role_routing/contracts.rs	39cd6a114bb34285f9fbc0f38d5a9daa31df6f574296620445e005068f0a1d7e	564	saaa-conversation
src-tauri/src/role_routing/coordinator.rs	400a84dcaeb1f25fe7c0b0f1d6a807745e6bc50cb718953c19bdeb5f2cd53d9f	350	saaa-conversation
src-tauri/src/role_routing/driver.rs	fae60fe9aa42a14e642ff000f10b8ee77cba785a371631c3ec51c3643cf8e0a1	255	saaa-conversation
src-tauri/src/role_routing/executor.rs	9a258f2da938e2339d021a0a37f86d399cecb8052b9497248d993b6ef07b8435	379	saaa-conversation
src-tauri/src/role_routing/frontend.rs	dcbca68061928c5981de7e2005f0990ab66efd70f0c3f878a187a011afbee057	196	saaa-conversation
src-tauri/src/role_routing/frontend/speech.rs	ad892fb381826829acaa6b975cca6c16b0b1e89906940651bf329c5a16a511a9	119	saaa-conversation
src-tauri/src/role_routing/ipc.rs	b1e37e37ea133682ff083bbaff31d1301271b42d55f2a0b256d08405b40dfc4b	25	saaa-conversation
src-tauri/src/role_routing/ipc/routing_snapshot_input.rs	13f10ae254f8820f98ffcd0a33eff938d916f31af309bebecf6c223a47465be9	526	saaa-conversation
src-tauri/src/role_routing/ipc/typescript_bindings.rs	9bfe638360568e2761e69cb172a5bdbcfa210012700058528fabf58adbcd657c	172	saaa-conversation
src-tauri/src/role_routing/learning/artifact.rs	5a6619e228382bc915eadc0dbf4b84b12bfa572bb469f726700c3b0e953abbd1	123	saaa-conversation
src-tauri/src/role_routing/learning/evaluate.rs	c382b1c696308aff727466d7f5d725349c709ea63f9b2d23a0b24a82947f5b38	101	saaa-conversation
src-tauri/src/role_routing/learning/export.rs	5ae4c4904836c9b07f3458748600084d6f13751778cec5a106531d15405a04d3	181	saaa-conversation
src-tauri/src/role_routing/learning/invalidation.rs	bb02298ffe1272a83cd1aa4282311598dd7500161aa47df7902e986e5331e723	323	saaa-conversation
src-tauri/src/role_routing/learning/mod.rs	09164b0a297a9bb2219777cc7e0019effdaf272a3a3c0a76422e15055fa2b5a8	15	saaa-conversation
src-tauri/src/role_routing/learning/repository.rs	e4daf91495a3116cd211e89d5b1827a81189dc8811aeaae70a382d86480dcf1e	551	saaa-conversation
src-tauri/src/role_routing/learning/scheduler.rs	d19cadb8376464ba8c710f4b73b9f05316dea041a460654d4825dc96a5a66adb	143	saaa-conversation
src-tauri/src/role_routing/learning/schema.rs	821dd9f1bb3da1103c9ff1906e64bfbce1c566851afe21384baa918040eda2f5	75	saaa-conversation
src-tauri/src/role_routing/limits.rs	445a219aaff056235c25cf2dc90e51cedc8710b711c74894743224ae99a58106	238	saaa-conversation
src-tauri/src/role_routing/mod.rs	beaafeb3da2d71ce1c573803283a610afde41d41083d46f1c87a1bae23b9352f	46	saaa-conversation
src-tauri/src/role_routing/operator_configuration.rs	5eb805670c1a85f6c5e1cf2f78d2c938849f2e69996faef2e3447a29876cae60	87	saaa-conversation
src-tauri/src/role_routing/proposals.rs	51a2a8729ede1e83e4cf6fe9e9d5c1754c64d36cd0adf0963ed8cc878c89601d	488	saaa-conversation
src-tauri/src/role_routing/ranker.rs	b7db36bdcd0799a91d2dc7a5b612ce72c83e1848a0951430e508666222b3c546	195	saaa-conversation
src-tauri/src/role_routing/recipe.rs	83ea83664161875a56e158bd50487e814e71ec34e3dc4b1a40c74aa1536d52b2	385	saaa-conversation
src-tauri/src/role_routing/recovery.rs	d630d657a8b2813aa8a43afdf18273f0b4e8c1fef6b4eff97bc4cd75e2969e16	334	saaa-conversation
src-tauri/src/role_routing/reducer.rs	e12fa4ed38be9735018b85833529dc8df52e57f04058da7711a8b517b0fcd11a	175	saaa-conversation
src-tauri/src/role_routing/repository.rs	1dd3cfb0ad5027e1347895485b1bfdabb0ee5459970ff17a5cf9dae067869051	553	saaa-conversation
src-tauri/src/role_routing/repository_policy.rs	56b3d50c03147b8448c430060df7fc8a95bedb859522f7f3ffe0be86f9dbd012	151	saaa-conversation
src-tauri/src/role_routing/repository_turns/advance.rs	61e4495942ed8e5b0e090dd63ccd18bad20f85d4b83eeefb016ea796ea55748f	293	saaa-conversation
src-tauri/src/role_routing/repository_turns/finish.rs	f59e976bb68e4a653708ffdbcff901a01969bc8a0d6548dbea52e4631fabb08f	168	saaa-conversation
src-tauri/src/role_routing/repository_turns/ledger.rs	64204177a6cf124b10155743432a1aad478b1595c3a8b7a9f54d1a8a1ae7978c	75	saaa-conversation
src-tauri/src/role_routing/repository_turns/lifecycle.rs	579441ae2bb814105ccfb740bae51228feafd30f0fa6bdbeb405df0bd17f2f90	223	saaa-conversation
src-tauri/src/role_routing/repository_turns/lifecycle/frontend.rs	238c472068ad3652fb51a19c65965b4211fdc91b1c8e33c824a0a025f5e71299	77	saaa-conversation
src-tauri/src/role_routing/repository_turns/mod.rs	c13223e62fabe936e8858d78c74c89ab0c271195c3ce977ddabf5398f01ba450	34	saaa-conversation
src-tauri/src/role_routing/repository_turns/receipts.rs	1e923e6a1f6a7d41ae145fbc98207e8122e44ba75bdb372e2134c269b336c7b6	165	saaa-conversation
src-tauri/src/role_routing/repository_turns/start.rs	33fedce54dc617350c5a13986700ac8d878a6194962846dd7edc733b01190fe2	349	saaa-conversation
src-tauri/src/role_routing/repository_turns/tests.rs	e287d0a1581f23d755b4298bd5fee9bc2dcaa48bb0f54852d60142680c4fb781	7	saaa-conversation
src-tauri/src/role_routing/repository_turns/tests/review_flow_fixture.rs	185e9739338062134a8f01be068804f07ee6bf070184ba78a245e28183092caf	515	saaa-conversation
src-tauri/src/role_routing/repository_turns/tests/rr_04_queue_full_leaves_no_input_message.rs	5326df363c0905da94e82c000ea7b9d43f6261fee19d0570f1bbfe06c97dd584	509	saaa-conversation
src-tauri/src/role_routing/review.rs	e8a671d7c95867830c962cbc598b505e98a90d4f2c0c40afdd20a55794aada51	267	saaa-conversation
src-tauri/src/role_routing/revision.rs	d15842f466a4c747d52d38b2be1c5b42ed9477667868938492746e89477ebbf6	166	saaa-conversation
src-tauri/src/role_routing/schema.rs	46f681992de92c3ca081b64366368513ff8e78e28dbce4282f20752a412c1790	727	saaa-conversation
src-tauri/src/role_routing/selection.rs	ac1a4539e5dfffac9e4f7bf6c43677b0cadd99137609f3ea95f3e41d3184385d	262	saaa-conversation
src-tauri/src/role_routing/signals.rs	800adf5d64b167fb411f3c155bee5eee46ce8655a4284fa18d5fa9a09c7ea0bd	230	saaa-conversation
src-tauri/src/role_routing/steps.rs	941fa7604bed64cff723882254492d9de14c6ffa6da581c2cc23957820bb9384	375	saaa-conversation
src-tauri/src/role_routing/tool_ledger.rs	1439e2ded1cfcf01c7236169fb733082ac023a24d2b91d79bb9ca405ea765317	368	saaa-conversation
src-tauri/src/role_routing/tool_specialist.rs	088ff7a998e26fa8ae036da224df5ae198b4caa69ac37b3e585bea86212184f7	143	saaa-conversation
src-tauri/src/role_routing/tools.rs	dbd10a7b2731e1e2ae47a85cb079d9851db66bf2d01e71b58bd9b07dd5934e6d	128	saaa-conversation
src-tauri/src/runtime/agent_tools.rs	7478965fc84ba40f4a9fa390b3d5a9d127bd8f20044c33413e12b47e4a36d264	25	saaa-conversation
src-tauri/src/runtime/agent_tools/agent_tool_call.rs	875018b6a52a23b311c1e4b411269f8a9e981096c505d4c897910dbcc06186e1	353	saaa-conversation
src-tauri/src/runtime/agent_tools/tests.rs	2fd1f457fe945f052d5219e75a9249f7451aef11f6e6a254b7488e1b5c48fd90	253	saaa-conversation
src-tauri/src/runtime/capability_commands.rs	34e814c56d32e382330d526a73d245e51885306e3233597073db2b7360bffd38	202	saaa-conversation
src-tauri/src/runtime/capability_inspect.rs	56bef3adeaa72d3cae884ffa006d50259f4317aa654028ead4c6671f8fc32e55	141	saaa-conversation
src-tauri/src/runtime/capability_inspect_run.rs	b646eac2ded9e6a63b8c5e5c4287c7fe9dbcd6606a4923ef10a4674155b66790	149	saaa-conversation
src-tauri/src/runtime/capability_inspect_store.rs	3a789ec1c299d483ee07a70ac258093245ed25e8f7fd222dab80b4adaf166a68	86	saaa-conversation
src-tauri/src/runtime/capability_inspect_tests.rs	2c5b4de6c200bb87d79d124419e061ece8150834cd778c837f95db54562f3fb4	119	saaa-conversation
src-tauri/src/runtime/capability_turn.rs	ffbb332e28cc6fc0b2816ea8f8cda224fb02b7afdd43e5b45da72cee1f844d32	291	saaa-conversation
src-tauri/src/runtime/codex_app_server.rs	8e0aad9a939f4543b851140ae014bb83b53c8c2ec779bb3a67600fe0b0241880	339	saaa-conversation
src-tauri/src/runtime/codex_cli.rs	1c574f18a67fa9a3c94a6e2ac4e5796d3c02369a79a85f87ca5169d60783cb36	143	saaa-conversation
src-tauri/src/runtime/codex_context.rs	4e3312431b8421fb6f8a1971fb90e3335374805c7edb20966360bedc552fffba	164	saaa-conversation
src-tauri/src/runtime/codex_context_frame_tests.rs	1f13f882f0b5bdefdfc004173238ae1c53ddd02746c125d8772becbb206ba605	122	saaa-conversation
src-tauri/src/runtime/codex_context_metadata.rs	b29f3d60ed07c56009205435787fff23ccb2bc32843656ab8924329611b68c6d	29	saaa-conversation
src-tauri/src/runtime/codex_context_tests.rs	32063e2d705355f3715f1f06e64a924085762aaf8d1c893529ffff997a72175a	98	saaa-conversation
src-tauri/src/runtime/codex_context_wire.rs	ae0e8db3a98fc4ca2f4e172a6ca16ab799e29355611a860f8342498ccc3e6245	50	saaa-conversation
src-tauri/src/runtime/codex_output_reader.rs	9364c19687b7261815eb24fb85997f94536f2bede090897553a1f94f91e49402	56	saaa-conversation
src-tauri/src/runtime/codex_persist.rs	727efe0744fae5ec07f8edbb5aaad21278724934437131ed90b2a9d6a53a3a18	162	saaa-conversation
src-tauri/src/runtime/codex_process.rs	45515b4c41ee609828671c6ace4ab8833e9d9395b1883440da635eea924209b5	30	saaa-conversation
src-tauri/src/runtime/codex_process/developer_instructions.rs	23b60a18ee8a9cc4bea45caffa259f8dd78376fa1096cbb51b9922274585154c	90	saaa-conversation
src-tauri/src/runtime/codex_process/run_codex_turn_process_with_dispatch.rs	a07075e634ccf89d1c6230379bd43c8f081ccc9446e5a77a60d12dfab6683dc7	595	saaa-conversation
src-tauri/src/runtime/codex_process/tests.rs	086723ed7687507823539103b21a575bdaede8afa82b278959b1c5dfe41a3c61	8	saaa-conversation
src-tauri/src/runtime/codex_supervise.rs	ed3038ae9b10ae2eda74988c92dacfbe9b0874b787341d768251853a63a6edf8	201	saaa-conversation
src-tauri/src/runtime/codex_turn.rs	3b0c7550594a542ea8b5e7c8c5492877f400a9454bb7435f8c8563e17ed597da	132	saaa-conversation
src-tauri/src/runtime/coding_live_canary.rs	4edf37ee85ff03d89cd6bad27f46eba326e96976626d20be9c769606e621db05	88	saaa-conversation
src-tauri/src/runtime/command_registry.rs	1008b50e710669cbfc037b911233d3e0aa0f20f749b0f0fafe6c507f37d6ec52	163	saaa-conversation
src-tauri/src/runtime/context/broker.rs	34b4bf66225d6d9b3690a6732745d9c59743cc45174ab9998cb0eb69abaff55a	529	saaa-conversation
src-tauri/src/runtime/context/continuations.rs	6f8cae7037ff3f7c02a5d160f005a8a307c63c7627670fc614edfa5a09cc4a71	161	saaa-conversation
src-tauri/src/runtime/context/generation.rs	f1cabd3832c888cca08492ffdd8c82e9a909ea02152a93cd9770d55475c19980	30	saaa-conversation
src-tauri/src/runtime/context/generation/final_wire_size.rs	addc977ba49b1dbf3755b7f567ea8955e4987430e267f432742bb819175b913e	563	saaa-conversation
src-tauri/src/runtime/context/generation/tests/database.rs	5be9d9e3265cc55a6b8094f7641a994a9bfdd1cb9895c85ffd5673e2c21d3da7	515	saaa-conversation
src-tauri/src/runtime/context/generation/tests/mod.rs	921bed02f42b5855de45fe7c4a93933e897ee19a2f8599078ff9c31abf2609e5	4	saaa-conversation
src-tauri/src/runtime/context/generation/tests/scope_change_after_dispatch_rejects_late_complet.rs	5458866b410bb5b9b608386a96c5a4626588b446434bfc560609da1ac428e285	171	saaa-conversation
src-tauri/src/runtime/context/generation_inputs.rs	b8bb5fe5e8dd215c958abb4623d60c681aaae36e0f3e4cf34d3013e7a1a91921	133	saaa-conversation
src-tauri/src/runtime/context/generation_test_helpers.rs	8f2095813425f06a8b2a2e6afbc844f9f50e980ebae07edec56c379e9ac78cca	41	saaa-conversation
src-tauri/src/runtime/context/generation_validation.rs	6bbd785360099823afd9306a1933760c56b3e0a233c59c2bb265a2cf381f35b7	152	saaa-conversation
src-tauri/src/runtime/context/health.rs	e8b419fd5d346509e9658f08d6781a7cfbab58c9e2069ded2d90598bf677dac2	27	saaa-conversation
src-tauri/src/runtime/context/mod.rs	3782ae95318f6e86138abb36ccc9f35b8b66c453ff87f7d7887eac56f1741bfc	19	saaa-conversation
src-tauri/src/runtime/context/required.rs	78b1598f30c6079fe5a12d6e69bbf103e54118476f4368ce8e3d480973d179c0	163	saaa-conversation
src-tauri/src/runtime/context/role_projection.rs	31865afd1567e5009aaad19ba8ac9b63c8b00aefbaeb0a2cb9ccb99c45c80943	118	saaa-conversation
src-tauri/src/runtime/context/schema.rs	49aed529e74a2e6cebd5cc38a7470ab69aaff80ca5a21df18223170ef63ab9b1	358	saaa-conversation
src-tauri/src/runtime/context/scope.rs	7b7ecc1f1162757837d375a21172944a323004ee239dce89a8131d0bd72d8ac6	14	saaa-conversation
src-tauri/src/runtime/context/scope/resolved_scope.rs	275102f2db3038b46806114b68f07387b5d858dc5c9d4f4866b5f8673cdcbc93	484	saaa-conversation
src-tauri/src/runtime/context/scope/tests.rs	a19c1abef663753b36e49ec28c63ea5eddc22ca25ab529ff9569803cae125f19	139	saaa-conversation
src-tauri/src/runtime/context/segment/builder.rs	f4265417e0bcb1779c9fc712a977faf0f8a5c24b6f0a1bf5c881e6541be51ce2	224	saaa-conversation
src-tauri/src/runtime/context/segment/carry.rs	d8402aa9e9440dbb51a80c9d7b032316b025c0189ba905d78a27a0b365735111	74	saaa-conversation
src-tauri/src/runtime/context/segment/dynamic.rs	7c706bf3bc752a89c7818c0c3750b783cc7306da69ac8046a325233c65f1347a	44	saaa-conversation
src-tauri/src/runtime/context/segment/entries.rs	1c0bb22b2643bc480daf7600413c7d6b46fd0d9fb99a58e9a4a149df97bec6ba	167	saaa-conversation
src-tauri/src/runtime/context/segment/manifest.rs	05081dae35c1ac742bf5a068011c323f8c4e159fc981a9c4643854bcb552e543	172	saaa-conversation
src-tauri/src/runtime/context/segment/mod.rs	85f56b0f5d3c0148c43e61e78a1c61ae02168faf3dc78b420698da45471cc8e9	51	saaa-conversation
src-tauri/src/runtime/context/segment/schema.rs	00b48f6418dc37963648584942731fe7f7ab0d3c51b9416f7f3c27f8a1bf8545	90	saaa-conversation
src-tauri/src/runtime/context/segment/triggers.rs	800771cc3c511ab0600580e01eab1242f87dc65f8bc928a600524b8be68b2113	69	saaa-conversation
src-tauri/src/runtime/context/source.rs	78e1defbb098c7eb02a299df04d3764937a9294cb6d178ac64f4891fd5eb9331	94	saaa-conversation
src-tauri/src/runtime/context/state_answer.rs	8a6ddeb76ebc7ce635a37077cb156b4fd9d5aeac6033bdea342776c3fcf561db	264	saaa-conversation
src-tauri/src/runtime/context/usage.rs	a0daa737e31bb6919350b1485df347c5fae80e4948187d71e819d9e9cb73f759	268	saaa-conversation
src-tauri/src/runtime/context/world/app_frame.rs	8fb207c1492cddb1caf5b0f0932dd2a8af7608088d9ab18a7411e8130d09878a	57	saaa-conversation
src-tauri/src/runtime/context/world/capabilities.rs	8824d8fd577d77f4c315512d06137db54348492393693bca1c37f6a1cafa501d	224	saaa-conversation
src-tauri/src/runtime/context/world/compose_fixture.rs	e287a9779d1feebc29ed735cdaf5fe32536ad6131909280d516cfc77f9281d81	110	saaa-conversation
src-tauri/src/runtime/context/world/compose_test_support.rs	2060e9947c8b7b144ebfcfcca35c0d0aa4355e371d184b004fdba626fb0cd539	4	saaa-conversation
src-tauri/src/runtime/context/world/dispatch.rs	f575514b7bb33191f5eeaf1e4b1c79f713c5a2f3fdc900bdee5f3dbe14a1935d	66	saaa-conversation
src-tauri/src/runtime/context/world/g1_perf_tests.rs	936dad05cb3f469cc447b1ca44e2af912d4638ccc43149d35a829cd16b3c00e9	103	saaa-conversation
src-tauri/src/runtime/context/world/g1_tests.rs	1573e1753c23406114595f9dd6208dcc8e52509e62b7cb4f2a32e60b666013df	32	saaa-conversation
src-tauri/src/runtime/context/world/g1_tests/tech_question.rs	f5704a2e601b024fc1564aa1392d0d8614eaf439c422b812a51804988a9ca12f	514	saaa-conversation
src-tauri/src/runtime/context/world/g1_tests/world_g1_04_graph_only_question_fetches_a_frame_.rs	1ac1967b7b472a5b638435af07292a0469ef40581aec56a8e6966c53c8c11282	152	saaa-conversation
src-tauri/src/runtime/context/world/host_answer.rs	88692689841daf557684513b46b32d5f69b0b30cb3d7ff0ff165a22d62e756de	232	saaa-conversation
src-tauri/src/runtime/context/world/host_answer_query.rs	2d5f0e7e305e7a125acc830a6292b721f07f906e5a50be005049b2caf9c3687f	23	saaa-conversation
src-tauri/src/runtime/context/world/inputs.rs	f5c6fc4d956472fd5fc04e6558fa510d1e0442899cb064a28a4c633c228b2cbe	188	saaa-conversation
src-tauri/src/runtime/context/world/live.rs	1078bc3e244d5f03da3cf54c9a0a40b65345545a282a2a285a33c0dd09ddb7d8	259	saaa-conversation
src-tauri/src/runtime/context/world/live_refresh.rs	99b0b8e70e22e02c281e26fb7c2740a96b55d52ab9d8869d25b02b5e7007e241	121	saaa-conversation
src-tauri/src/runtime/context/world/mod.rs	7544ea9cb435de7b00a74580649f8e1c2d5483de61db08f30e7da18f19514319	25	saaa-conversation
src-tauri/src/runtime/context/world/query_understand.rs	ad525123ba5ed9910fe7d983a45c4ef2885e1d124a950f861f928721fe52573c	396	saaa-conversation
src-tauri/src/runtime/context/world/question.rs	dedf4e704cb67868f42f70b8a9febb173c5f676dc96d4c23abdba9bdef3bdcd0	236	saaa-conversation
src-tauri/src/runtime/context/world/question_input.rs	fde5626456ab86faa4b3248b51d1384d18b554c794ae081ee14dab456f003a8a	150	saaa-conversation
src-tauri/src/runtime/context/world/render.rs	16ddb6f42b040dd0108a528a1f8181d88e502c8b41e93a4db7fba9997a986c45	88	saaa-conversation
src-tauri/src/runtime/context/world/render_tests.rs	039ff7ba0a38521d6245d6ebe239b38a75ac94f4d5e5a7417d0cf33ef909ee84	108	saaa-conversation
src-tauri/src/runtime/context/world/shadow.rs	c70fda7b30942e47b5884d50a8a05c70f6d0a121b019b6768e986f488d4bd4f9	275	saaa-conversation
src-tauri/src/runtime/context/world/shadow_perf_tests.rs	5d2e6802ec51a8c73b73060aaf8af5529026bc8c33ecf8c0f9b96851c3055286	163	saaa-conversation
src-tauri/src/runtime/context/world/shadow_tests.rs	a0cd2972c05db83e79dbb335766a48ef2ae09fb4bfd489ea6cd49ff9c96e49f2	420	saaa-conversation
src-tauri/src/runtime/context/world/source.rs	34fcc7e79d16be6c00a4baec822e459a309743d92a0e95641ef6409a50d921f4	333	saaa-conversation
src-tauri/src/runtime/context/world/source_tests.rs	d19e0151f571b2e949a70404373d430cf095f07c26d37a9899c80c8690f3d487	290	saaa-conversation
src-tauri/src/runtime/context/world/state_claim.rs	388107a95e29376fd7e083c30543ed39b43cf622cc00cedf08bbe055644bffcf	215	saaa-conversation
src-tauri/src/runtime/context/world/turn.rs	c7854597a3a3415c0460da529a70c10b0e7583dc5cd618c347729bab4c6d3385	56	saaa-conversation
src-tauri/src/runtime/context/world/wire_test_support.rs	cba7f88a6b26dcfa2f4ed8b548c409965e1c2d97aab9d237df7402b4ffe9f4a9	176	saaa-conversation
src-tauri/src/runtime/contracts.rs	33300e381d856b4cd8ca6ec7c4bf4ab87dc2d7bc7ec7e40fb451d367c5469481	152	saaa-conversation
src-tauri/src/runtime/conversation_check.rs	14cdffd7ce5cdf3eb358db317ef70ffb15290454c0e45a3ca90e1ebf42c7d656	1328	saaa-conversation
src-tauri/src/runtime/conversation_check/context_compiler.rs	6b0473c59a73545888a6c2a60df84a4607e8c9c2acea4fd74c2d772d9431d054	200	saaa-conversation
src-tauri/src/runtime/conversation_check/context_compiler_tests.rs	2f9e16e05b74da4721bf5d6e356301fbd92a261cf32fa9148801ca5ca7902f64	130	saaa-conversation
src-tauri/src/runtime/conversation_check/context_metrics.rs	865371d03d1820792f2613364a09f92d97edf082fe23e73d1b9cc3bd52537f4a	173	saaa-conversation
src-tauri/src/runtime/conversation_check/direct_route.rs	d99bf7085fc05ee7aa281375461042985ec3db76c846a4510732ed048772c5ab	409	saaa-conversation
src-tauri/src/runtime/conversation_check/queue_answer_stream.rs	8563a155d6e170ca9fb360a9fd713b3ce766c5a63c5ca4383912eb4c2cb4bbf7	254	saaa-conversation
src-tauri/src/runtime/conversation_check/queue_context.rs	b2f99d1eb72f1ca6a4b3568e515a2d55b6524c24771a3de3f2f95aeffdbc08cd	172	saaa-conversation
src-tauri/src/runtime/conversation_check/queue_context/projection.rs	17b66979e8761a8af511b543450a6c877789e152edb12d2145e308cdf03a5fbb	82	saaa-conversation
src-tauri/src/runtime/conversation_check/queue_context/tests.rs	f1196d64093f08649e66c87d88dd334dc936364e009dfdfd5157eb12aef63673	52	saaa-conversation
src-tauri/src/runtime/conversation_check/queue_context/validation.rs	632fe1940ede3373925d33bf8a512b7dfe03672d6e7e61cca15dceb364b800e0	57	saaa-conversation
src-tauri/src/runtime/conversation_check/queue_input_state.rs	0c346d6247d3d9024d02ef8e03beee9b8e5304ae00eeca3d490d75cf9a41951a	42	saaa-conversation
src-tauri/src/runtime/conversation_check/queue_progress.rs	de82471c6c4d130121a01a9329cc2a8872c96def26a2d906d339bc6bd7f36685	187	saaa-conversation
src-tauri/src/runtime/conversation_check/queue_recovery.rs	64023068fd8de574bbf24fa042a721c516a4791913afe66693a4eb4670b33c01	52	saaa-conversation
src-tauri/src/runtime/conversation_check/queue_runtime.rs	3fd449e613616519a490a69f57c65f091b6f66fd9540949c77dbbb549e901431	798	saaa-conversation
src-tauri/src/runtime/conversation_check/queue_runtime/action.rs	6098323c0e22ac4e8a5d0066cc0a5ccbcb162eee33936193c01222b50e5b41bb	52	saaa-conversation
src-tauri/src/runtime/conversation_check/queue_runtime/conversation_answer.rs	b45a0aacd7bdf9fb60f2e81b65d7354b251f215af61c27fd083850b3321c6614	432	saaa-conversation
src-tauri/src/runtime/conversation_check/queue_runtime/purpose_completion.rs	134530859395d437a248b9d465eab1313bb6340c01ea31345f7c73b414fd64bf	133	saaa-conversation
src-tauri/src/runtime/conversation_check/queue_runtime/purpose_deadline.rs	828d12684be5c1496259be70b3f86dda78eea4e28fd3d0027b7db8cc882ef604	43	saaa-conversation
src-tauri/src/runtime/conversation_check/queue_runtime/speech.rs	1444bd09f1f670b0381179a7b4d5620de5e0fce6b2f3049163f13486fde449cd	93	saaa-conversation
src-tauri/src/runtime/conversation_check/queue_runtime/web_result.rs	a81bcb69fb71145353af0acd58fbcd91d12b4caf1f3664e59df01505a6df81e6	65	saaa-conversation
src-tauri/src/runtime/conversation_check/queue_runtime/web_steps.rs	e02cf1c09aa254048e21173b5b0867b491982b65e10b8ed73ba1d5900d24c475	121	saaa-conversation
src-tauri/src/runtime/conversation_check/queue_tools.rs	11dfcb1a228e19525ee4140ce7366eeff11178adaa36b4753ba3b47a36ccd06e	111	saaa-conversation
src-tauri/src/runtime/conversation_check/speech_expression.rs	3928910336737f3f17af3caad366764d9d07b40295b8005d3dfbf16557c52664	168	saaa-conversation
src-tauri/src/runtime/conversation_check/speech_expression_tests.rs	c73cb918be7f3b0632b221d66ab57c1ed0cf3737cf439967d8f840e4fb1ee02a	190	saaa-conversation
src-tauri/src/runtime/conversation_check/speech_playback.rs	f3452cd00c943bded332ef8e1e57ba93d05d5f85a8585c406efa95ba4f922274	144	saaa-conversation
src-tauri/src/runtime/conversation_check/speech_projection.rs	a4bd49693401210f85be6d5f95e78208b2d7ca95def664138ee8d1ad33e8cd23	115	saaa-conversation
src-tauri/src/runtime/conversation_check/streaming_progress.rs	c1973e393032b613a8bbcd50831b10af1e4ce25fda9c2dd776f415dfccdb7a8e	103	saaa-conversation
src-tauri/src/runtime/conversation_check/streaming_speech.rs	96ffe257049e5a7df9f276884d09367331ec067e7a51ea52410400867b6b1ab3	243	saaa-conversation
src-tauri/src/runtime/conversation_check/terminal_decision.rs	3e2c5d80673e7db9b04087fe715b340dac48614a7b0271c2ad5bbc9046204842	141	saaa-conversation
src-tauri/src/runtime/conversation_check/voice_routes.rs	ff658f85fcf6fe082b3e0e4e1191effbe29b56fcb9f72b7fcefb37fadfe78213	356	saaa-conversation
src-tauri/src/runtime/conversation_check/worker_lane.rs	a63c7bdf167da76323d972b1c642938c228fe162989bdedd4d5157e2d627d642	588	saaa-conversation
src-tauri/src/runtime/event_hub.rs	1bfd0e3cc2afa025f470cab41d19a14b4851c531e24f82e99108c11f225e15ec	20	saaa-conversation
src-tauri/src/runtime/image_input/commands.rs	f21ea7917aff37903bf5b70b0a456da0fbe13beb082da724217b78ec63c6506c	77	saaa-conversation
src-tauri/src/runtime/image_input/mod.rs	4ad3e490b5faabdcd8081ef1e0c7c7f38714b12e4ab05083d396f59dd4ddcd8d	488	saaa-conversation
src-tauri/src/runtime/image_input/tests.rs	e5c56aa0fea2a7f86d7fce59694340ef772fac5e9c1cfec16a51dcc87be5ae3a	152	saaa-conversation
src-tauri/src/runtime/mod.rs	2c65c98628ab00dad9e9793ec4ccbd0160168f133722e5ac995c184fe971ad3d	25	saaa-conversation
src-tauri/src/runtime/performance.rs	e7094c1a7069aad1b28c8c5b3a48e8a5da6d8918d41ba7362b0bcc2fc923a99c	132	saaa-conversation
src-tauri/src/runtime/pi/delegated_profile.rs	b614b19006eadd04beb511623999b63133dd44b6aad5cd3b9aa2785f497856cb	34	saaa-conversation
src-tauri/src/runtime/pi/mod.rs	e0103a4f981cf7dd09a69705812b82a2ac4a2f664a8981a3976c32906ababde8	10	saaa-conversation
src-tauri/src/runtime/pi/process.rs	87a23287a9d8b3e8c23fc1cbb5c7f304294391cb461f9aaf7d8376121fff78c1	511	saaa-conversation
src-tauri/src/runtime/pi/recipe_runner.rs	cd15a176fb205bf27177e816e46557cfe90f5d5f443cdab5d0b3276e5273fc21	50	saaa-conversation
src-tauri/src/runtime/pi/runner.rs	333501104835a4e0865b0aafc8ce8c8afc31aa575a20e7b86ae80082723cd5ed	339	saaa-conversation
src-tauri/src/runtime/pi/session_reader.rs	75cce75b4f5d7cf0d36bf650f0e8c2e6e95b970cdd265903abcfcaf7e21fd0fe	131	saaa-conversation
src-tauri/src/runtime/pi/tests.rs	b6591950ed991cfeacae9d4841b8a240df6d20518fd28419f7c7d295ab9cf235	184	saaa-conversation
src-tauri/src/runtime/provider_failure.rs	cddd99f19eb67eb499fc1ce0c86ac7429edfb6bc8523af57980a51e5e38aa3c1	41	saaa-conversation
src-tauri/src/runtime/provider_unit_test.rs	324340fd8d22da1cd3d6a545d76915099f1fce6201b8fe505bceb8d49f133990	708	saaa-conversation
src-tauri/src/runtime/provider_unit_test_laya.rs	2ff149d62ea8ca5fa4567d9329261bbd7fd090c02b9005d257dec56a5c503278	46	saaa-conversation
src-tauri/src/runtime/qwen_control_stream.rs	a8c3a7234ba4e97a17d511a327bcba4172aec83772f545c589208ba6c55a5777	190	saaa-conversation
src-tauri/src/runtime/run_support.rs	9166e876b01a5c1669c9ed44bdac5dd3baa8b66e4c33b2312b82db16aade1a90	185	saaa-conversation
src-tauri/src/runtime/start_turn.rs	cb4ed5bb43d5572ad0f6bd92d239c98917515730fbee65c6fd07d515ba379bc1	130	saaa-conversation
src-tauri/src/runtime/supervisor.rs	dae951adac886ce21c5eec919731c85080c00b761fbe968c1a33deeac8086453	441	saaa-conversation
src-tauri/src/runtime/turn_activity.rs	c94798466b503b3edb58cb500ca869e940894fac9f4f5cd04c4ce02988fb09a5	42	saaa-conversation
src-tauri/src/runtime/turn_types.rs	6e8788814cbac21837e1ffe49a582e763156a3b139ef3a078d5f70bd52ff4c4e	63	saaa-conversation
src-tauri/src/runtime/turns.rs	cf972c5e66569cedcb2fbe10bb210e6c77a2353c422ecc007b8431abd93c2bb0	31	saaa-conversation
src-tauri/src/runtime/turns/execute_turn.rs	469045926475657e02f01c6b3daf4876b470280f70f52a11b19efd29bebdb4d3	331	saaa-conversation
src-tauri/src/runtime/turns/prepare_runtime_run.rs	a914f7ea097c4792a759c98a700ed1a9ae4059a83d1c7b6c79bcebe91e3e8788	115	saaa-conversation
src-tauri/src/runtime/web_fetch/content.rs	0fd2d69470fe8c1eb0f7bbea97f03cf985857763eb4b1c275a04efed31758c06	414	saaa-conversation
src-tauri/src/runtime/web_fetch/content/projection.rs	aa7845d0d5b6a13e6ad310f7e0a8ac5459d71a3a51ee8787a573dde4614a7c4d	100	saaa-conversation
src-tauri/src/runtime/web_fetch/content/projection/compact.rs	30e57f6e166ab6f342cf788ec6de9432b550f473cdd20e3da2ee5309417ce9a5	33	saaa-conversation
src-tauri/src/runtime/web_fetch/contracts.rs	194aa2256abf667dc45932e2ff54b3d5bbb864c128b4b5c8d9a781222f435129	361	saaa-conversation
src-tauri/src/runtime/web_fetch/mod.rs	af914c54d3ebdb091ebcbd6236239b0f4d80c6ad6a1747e1db135476d8b9af75	199	saaa-conversation
src-tauri/src/runtime/web_fetch/rust_backend.rs	54b6f2640b687a9026b198cd6ee5097127c3e20ff22063b89997fe9528d03910	211	saaa-conversation
src-tauri/src/runtime/web_fetch/search.rs	63a318714ee99c79bd5f4d7fca88165b5084831246dea225192e4122b430d134	30	saaa-conversation
src-tauri/src/runtime/web_fetch/search/match_bracket.rs	b8bdfb1dde411d0b5b51e1d2aa4c12ace97003be1358a069331a003a5a2bd564	487	saaa-conversation
src-tauri/src/runtime/web_fetch/search/raw_hit.rs	eb7ede8569473af32beb492d92071c212ca1e52058ecb94b7a1089df8f317214	520	saaa-conversation
src-tauri/src/runtime/web_fetch/search/tests.rs	d9278cd508b8f7a332944b6c61856fd0281fe1694fa224c47bddb8c886f72104	226	saaa-conversation
src-tauri/src/runtime/web_fetch/sidecar.rs	73f301202bca371713c2227cf0080439a1673e5cc9df448283118a8eb59f35af	202	saaa-conversation
src-tauri/src/runtime/web_fetch/sidecar_compat.rs	939a07d25dd2cd7188e0b9d729dd62ba94072ed2fbd3e4d63a1d03519c3d7adf	50	saaa-conversation
src-tauri/src/runtime/web_fetch/static_content.rs	ac91db3ecb84c937ff595211cf3a1a10180a1d17225d1a3293d85e8cea74f47a	333	saaa-conversation
src-tauri/src/runtime/web_fetch/static_content/project.rs	2251d3a9de54fa32297a5aa232d58b53b4934d908bbafafbcc14f495f0ae9f8c	881	saaa-conversation
src-tauri/src/schedule/calendar/auth.rs	336cf54df0f5a51d2b1dbbda5311140b408e129c8be545fcabef464ac13caf0f	195	saaa-work
src-tauri/src/schedule/calendar/client.rs	364567bd625b26b4b97e3e11b7b7e72bbf0d0a28bc99bdd97d10ef38a6ad2d47	256	saaa-work
src-tauri/src/schedule/calendar/encode.rs	87e43f87adbc71a0d750b9a9bf5ff3b6cf8082a7c30c3d19b8c74fdbc29b69e4	83	saaa-work
src-tauri/src/schedule/calendar/mod.rs	8c4db7d08d6576f00ea33aa5d27719aca1f545057e7f65f121fa31c1682cf2c4	14	saaa-work
src-tauri/src/schedule/calendar/oauth.rs	1e4c95feb798513ccf7dc5a29b9c834dfef907e1219917ed47d38f9255bc10d3	461	saaa-work
src-tauri/src/schedule/calendar/observe.rs	d4973d34f587e8afed8333f46b45a5281192171f367777e2a85f2838fa865168	313	saaa-work
src-tauri/src/schedule/calendar/projection.rs	100fe89c7a793a7bec9319928162303381f7f86564a270ea428dbfc4949138bd	301	saaa-work
src-tauri/src/schedule/calendar/reconcile.rs	99177254e3ddc7440715e4659325b915211befac6c5eb829bded484352d8b6ee	223	saaa-work
src-tauri/src/schedule/commands.rs	c3a4db8ed65160be6b409393135a046c89f1a2aedf52d708b4c7a53d34b55839	264	saaa-work
src-tauri/src/schedule/contracts.rs	da7ed26bdd97d5029d7b12c3e22a7095b34aa90116ea8cb131738972f652f7e2	54	saaa-work
src-tauri/src/schedule/decide.rs	72e9b5a7a8d31d03470cc9bcbb2b8dbafb9841049456fa236fe2af2ad52033b6	65	saaa-work
src-tauri/src/schedule/forget.rs	5d4ad97ff61779a55882eedbcd8aa145cfd4f6cba9a0b9839b5a02dee5cc9e68	26	saaa-work
src-tauri/src/schedule/handle.rs	f55aea576931e99a39e357a6e53b29aae20bcafd47e8c36181bfbea4e23dd5fb	112	saaa-work
src-tauri/src/schedule/hold.rs	5b2bf3b6d9578e05347edcbcab086351ceff78136f5f50c4fe4a5934afcaffcb	107	saaa-work
src-tauri/src/schedule/ledger.rs	01ba926b83a767c7f87ba44a13cb48de3db9778d16b5febc39cc4dc4cc648b69	542	saaa-work
src-tauri/src/schedule/mod.rs	7a8d670671645a8da2b2c95e03c1a4eb382784f1c480b1f0c6098a81f663d4d9	33	saaa-work
src-tauri/src/schedule/notify.rs	4fc5708c1faffe0123e74ae4c0006f7c49838f49e4c450a2ccbf1d48351b9c81	46	saaa-work
src-tauri/src/schedule/runtime.rs	286f638b4cec58afb00fada3b7b7e62f671b559d49421727afed0f8b122b734b	127	saaa-work
src-tauri/src/schedule/schema.rs	405a0ed5ab0a06ac87c4c7a75442a746aad9279a1601a4788462692b57b652ed	90	saaa-work
src-tauri/src/schedule/tests.rs	272d835493213bbc87b93749622d41ee26d105a43ae834ad679bd1095b33c8f2	15	saaa-work
src-tauri/src/schedule/tests/sl_18_l_m_conflict_and_foreign_notify_once.rs	6006ce2ed1821a7005bec34c6ec6895c9eb3291e2117d01dde3e0b5883199deb	134	saaa-work
src-tauri/src/schedule/tests/state.rs	e8b1f74aaedc4b48022db6a7da0ebae8382295af0acdb6e89a62d917240842d6	521	saaa-work
src-tauri/src/schedule/tick.rs	e88fdd52863ead2e48e9205093ecf4ad5bc786ba93bc1bba3ba9e6695053acdd	358	saaa-work
src-tauri/src/situation/calibration.rs	9c12adfa84a9d21ecd9d018742595ac71007a9bfb976750e1622fc5dbe7f40e1	17	saaa-situation
src-tauri/src/situation/calibration/replay_sample_v1.rs	f9616e70ce3fd23826855575e072fff72399955dfb6b367ded88596c22f78cd1	508	saaa-situation
src-tauri/src/situation/calibration/tests.rs	dd1a09a6ff1a7275b29553d3345d3fef5270983b4bef05ad670537fb851de4c0	144	saaa-situation
src-tauri/src/situation/classifier.rs	3620e18141de21cb573e03299b8639b4ecefbe8a0dba43c0624f4ba8ca0e3640	399	saaa-situation
src-tauri/src/situation/contracts.rs	41aeeaaf7d382e9469c35feef309a7f2793ead3d6400fa0d4cc43b88602b4b2a	489	saaa-situation
src-tauri/src/situation/health_signals.rs	8fb32ac7e1b4a8fb8319cfc038602f6372af9df6e5a39a44fe7900da05c63d55	87	saaa-situation
src-tauri/src/situation/mod.rs	b9b523672caea65d13938c537b90c4aba93cf5b24f1cc2c4bde03130f7841830	51	saaa-situation
src-tauri/src/situation/monitor.rs	e589911d1109b0ee70e1294a9a01c50abd420e0a0f46c6ea4da5801a96464dfe	28	saaa-situation
src-tauri/src/situation/platform/macos.rs	56f056a081ef380203ade752ca6b914f72fa3589b678ace835105f247e2a2022	135	saaa-situation
src-tauri/src/situation/platform/mod.rs	bc86593e080c7253a111154bbe660446732273d9c52a63454aa2f09ad3cf2b3c	184	saaa-situation
src-tauri/src/situation/platform/unsupported.rs	5d80e896e5a3e9ae5fba064e0f8dba54664837deb7a243c9cbeb31784044540d	15	saaa-situation
src-tauri/src/situation/repository.rs	0d14dc484ab9b149fd49341a3f30974db2d4cdb13cc4077182fed9c4331e7f92	19	saaa-situation
src-tauri/src/situation/repository/history_limit.rs	fd59246e6e7d12d538ad1787b53eb718d68d872f7f353416ff0e278c9e162143	444	saaa-situation
src-tauri/src/situation/repository/validate_ledger_entry.rs	0537b6f228c8e446a9ce3f78f76dd14d29eb8736abfa7b963d66726b57a0c904	347	saaa-situation
src-tauri/src/situation/situation_runtime.rs	17e8de3fdec66f0dd227d9c29ab5e7eee6d5210342326df95d13c89f62b49dcd	551	saaa-situation
src-tauri/src/situation/speech.rs	229baf8efa0c9871b9a8f1fc88c00fb9ec8fff6b77055774438ad6f4c9b3df6f	103	saaa-situation
src-tauri/src/situation/speech_tests.rs	876beeb2aa2ae107774a508aa7fb1d167a42ab12f4dcef1b06f951fff0ef6e67	277	saaa-situation
src-tauri/src/situation/tests/mod.rs	6f17a43eb778d8a583202294fea0d80380af844f605da8bb6fef4cc986156952	2	saaa-situation
src-tauri/src/situation/tests/signals.rs	2206827a3a671a1167b8257a1fdd33c0e050edd1f07d13160bd01374953b74ec	519	saaa-situation
src-tauri/src/situation/tick.rs	16a3564650aba1d15f2f78568a5de7776d5bd9539d5d834a999f11d457cef8c5	272	saaa-situation
src-tauri/src/situation/world_snapshot.rs	c543b09c501808b46803d2206e3a8b95d4298ae40836b780c1546015afe507b1	127	saaa-situation
src-tauri/src/steward/admission.rs	4065d6fab24c640a7a5e3b62bae95385da16e75d3552aedc40ed4f65a2ee5911	306	saaa-work
src-tauri/src/steward/authority.rs	fb2d539a74d9597e5d4bb3500f1f06bdc9e1ff198e7daefa7749b1811f489be6	259	saaa-work
src-tauri/src/steward/budget.rs	ed2d0162dedc94c7bd55e9ab6407f5ac664c438a67e079f9e6345ad167d0e5c2	90	saaa-work
src-tauri/src/steward/commands.rs	10bb9b6499939d27c00832c4abe9aad83565f496a9e10aa71435fb4161c7ad60	315	saaa-work
src-tauri/src/steward/contracts.rs	eddcd8add4907436d01edcb215d3fa5045275326602d311f980884e56309afca	180	saaa-work
src-tauri/src/steward/dispatch.rs	273e96d85f1f3328f2fecd34d84f1af0617bb1fcc4f970f35d283eaede59c7e0	339	saaa-work
src-tauri/src/steward/driver.rs	8d771b1002e152b104c82b597a0b8d29862dbfb4d5e56e78f6518dcf2f10a626	52	saaa-work
src-tauri/src/steward/evidence.rs	be48320ddd716431fa46b9f47b65d7c9053774a73648aa446723ef22a439dd9f	267	saaa-work
src-tauri/src/steward/execution_contracts.rs	d81cfe1cd2e5805045fe8a494666253198a5edcf3695eef3dbf4b39ee52c6536	115	saaa-work
src-tauri/src/steward/faults.rs	98bdcb44a98d119bdd710af82168d662be5d1f45f9e64ef19ebc64aecdd74148	23	saaa-work
src-tauri/src/steward/intake.rs	18a6b0d2d413a2c999bb172b0e9873f4d0a3ea6e629768804d6587a4206cff89	179	saaa-work
src-tauri/src/steward/invalidation.rs	1a0ee8a03b03416941a34d87e712a796834b05c14d20cc94a0938463875e6065	33	saaa-work
src-tauri/src/steward/mod.rs	0774b3bf96c8297c9e3e2eb2e194a20f1b817ea81a049f47d5522be76cf77211	194	saaa-work
src-tauri/src/steward/outbox.rs	8666027ec5ad2dd629b9b75cbfbf29ab4b695943f1174d3903507bee6ef12862	43	saaa-work
src-tauri/src/steward/plans.rs	3bb584d3faac2c8c5506f746d695818e3ec31ed2e6b18bd3bdce5fb1cef5d86c	37	saaa-work
src-tauri/src/steward/pump.rs	3c2b12f35eac2c5fcddde7e9c8e5c8831a1ba92facd4f18944c1841f5d1d012a	198	saaa-work
src-tauri/src/steward/queue.rs	3aa13b880ae777787c4f0e5b4757303e831928c70a46bd9cfd6e2e1fc2f4bb6f	160	saaa-work
src-tauri/src/steward/recipes.rs	3c304bac0c2920b6a7fcfb989584b4c9471b0343b87bf5b920071c1223fcc433	101	saaa-work
src-tauri/src/steward/reduce.rs	6a21e3c9a0b0fb4aaa98e7e5946c83e2eda082cbd06e313339d3f0f959238e37	153	saaa-work
src-tauri/src/steward/report.rs	43bf61e87b5bccf99e37a0e718487ecdedbf1d09be93345293a3e1e76edabb0b	14	saaa-work
src-tauri/src/steward/report/publish.rs	705ae71a969f12fab16fa0461eab11a75cab82f4a3331c18b5330707326e98f5	316	saaa-work
src-tauri/src/steward/report/tests.rs	d2bb2a5d3a2ca3e01de01ea003fdab5221aaafcf7d792f2e2c145cecd67fe8f3	284	saaa-work
src-tauri/src/steward/report_content.rs	6d2828d662644505a737cebbeeb712bc37a167cff24e2814b216c59cfaa2591f	39	saaa-work
src-tauri/src/steward/repository.rs	34b3b1bbd322f9ba7fe0ab240d9fc4cfe87dbbd59da37620d64cf4f9645ba0af	38	saaa-work
src-tauri/src/steward/repository/active_work.rs	7dcfcb52f39a049d4ec74b00cabaf04ebe75bfd5407cf79078be331a40d489f1	471	saaa-work
src-tauri/src/steward/repository/queue_task.rs	ed6cfa4111ab33122d04a8f914e1d5b2debde0250370b0aa2e09705ae0be74ac	518	saaa-work
src-tauri/src/steward/repository/terminal_report.rs	6563bf9325e069fb9a8441dc588ddd436fb96f7f8c30247be4f2388b0eff01de	348	saaa-work
src-tauri/src/steward/request_intent.rs	91afa57ce55c840748571503afe698b7de87be8422f5ce3d9ac2d38fd38a67cb	250	saaa-work
src-tauri/src/steward/schema.rs	936665104bd7c53e607b5d3fc4c5ff4692cdb480fc4a825da52d420cc2c85b61	253	saaa-work
src-tauri/src/steward/schema_execution.rs	44dc1e7a55cb95824cda10ab675a95e063f6d0b0701d2c193d7ce9f0d1c7bb1c	276	saaa-work
src-tauri/src/steward/tests.rs	1520b6a51b190b42e9736c938c3ab09312818ab6c97d932276b8a2332c54ef49	20	saaa-work
src-tauri/src/steward/tests/dw_10_failure_creates_at_most_two_durable_replan.rs	99519cd2cf99042f0b702d9c72bb329a74a2c35d71a69cd3608e1aefae0a8e2a	488	saaa-work
src-tauri/src/steward/tests/dwr.rs	e2906c2e818b45c548ed48a3963122262b2837ba3acd94315999a986d84c3fca	6	saaa-work
src-tauri/src/steward/tests/dwr/db.rs	df812a23d5baa7ce864e751a9d541a059ef2d3e32681f271c21207b8b440f160	516	saaa-work
src-tauri/src/steward/tests/dwr/dw_r14_forget_during_hold_or_pending_speech_prev.rs	38b147dfe97f4c214cd37d042a7894e588719345414569c934b45c3ed736d1cd	136	saaa-work
src-tauri/src/steward/tests/env_lock.rs	b09ec9a12ec949828a87fddd50c22a5242b970fc45e55c398878f33904f728c2	471	saaa-work
src-tauri/src/steward/tests/latency.rs	ad32c12e3d15f18267201b2a7f14f895e86438fc3bac07da158a0d62e7773e14	47	saaa-work
src-tauri/src/steward/tests/migration.rs	f038b4a1b1f7cfa5e555936611a5dcf4b8cfd4fb6da3c5ef199b5c267bd88171	85	saaa-work
src-tauri/src/steward/tests/ml_05_hold_skips_insert_then_flush_one.rs	73451b923fed2751eaf028859a8ad392600dc61abd7e91d240acc1ffd3b356a8	450	saaa-work
src-tauri/src/steward/tests/rf5.rs	1178edc8fd6a7971133f9f4afe243f89a8ca62c0de1ff5afc74c315cf1865c10	165	saaa-work
src-tauri/src/steward/tests/sc.rs	f5ea924073ac1cb477e9df877624e7dfbfdf2f2f595887a37eebc2382826d29d	436	saaa-work
src-tauri/src/steward/tools.rs	3146c9c14bf72e5f84ee8d202007d9da19f28b92e93d7160e2cfa315054cd71f	121	saaa-work
src-tauri/src/steward/verifier.rs	d6fb5db75e6c862a7dd1a0ae51a8d522dfc88be770b24c1d68e0ed3cac71b007	300	saaa-work
src-tauri/src/steward/views.rs	f7f78b72c5342e210ea204849db8550dca906c10d3eca1c8849bcb1e3fe4bb54	62	saaa-work
src-tauri/src/steward/work_queue.rs	5def9972058172f63f410b11df430718e7b2c823c0556be86fe191e554238445	19	saaa-work
src-tauri/src/task_queue.rs	b05a653f13b3f759f33238a6e6be7b8076c2a7b5df8361ac3be9dc7986291bc4	454	saaa-conversation
src-tauri/src/test_environment.rs	27265a9a74559dd8337b9b6783f645c0e16cf3727466fc12a32c8db6a9a6f886	34	saaa-application-or-host
src-tauri/src/test_state.rs	d7dc32c64b1ddf8319d209e857d0b96ae28b01f5ec7c245be39a86bed0958622	79	saaa-application-or-host
src-tauri/src/test_support.rs	c5d02481c1eae29ea1c70914fcb72c29068662c4656a4085703a37982366cc06	84	saaa-application-or-host
src-tauri/src/tests.rs	b55b0fef01bc85d13194f599149666aa9ffffc74c3f40dee50f7d3aeb6fea89b	40	saaa-application-or-host
src-tauri/src/tests/codex_app_server_contract_covers_start_stream_re.rs	4392a78c7becb08aac7cd4cf0e2463145bb039397bd1d13371c2da87a4ff3f94	532	saaa-application-or-host
src-tauri/src/tests/codex_live_read_only_turn_completes.rs	1e62fda7954adc1f552914e5a17f499276a1b7e992a35cc8c698dd8af8e1edbd	247	saaa-application-or-host
src-tauri/src/tests/conversation_route_falls_back_and_persists_compl.rs	e09eb18b2cd5c7f635e8cf4c5cc2f63b7ec15364a1d0edb3158ab2b76bde0501	114	saaa-application-or-host
src-tauri/src/tests/llm_http_step.rs	79cb56e96588aee298c0c1bea5c41cec01720654a82e4c255d552751ab1ed0a8	594	saaa-application-or-host
src-tauri/src/tests/readiness_data_directory_is_isolated_and_permiss.rs	68267a731d6f996b06772b0febff6022ef4cf65e2ccd81e64658df149101f3eb	414	saaa-application-or-host
src-tauri/src/tests/rr_15_asr_tool_tts_reconnect_e2e_and_rr_38_norma.rs	17b82dce0f1da29cd75cc1ecb98c79a3fbe70ebf2c03b2ab8ca2fa2d6c4143ce	56	saaa-application-or-host
src-tauri/src/tests/rr_39_disable_drains_before_legacy_resume.rs	ca4211c47a2b309a93a2b168da6c2fab973ab9832524677caa7fb166aa830fa3	441	saaa-application-or-host
src-tauri/src/tests/typed_memory_tools_are_routed_only_from_a_valid_.rs	955178731f935c83b565ebf08968b68caa9bbcb6619afa2f0613215b5cc3f4b4	522	saaa-application-or-host
src-tauri/src/tool_selection/backends/artifact_webview.rs	f5d39db8137cfe67dde2c60865c5c2c02d192cc1d8b676b9c03e084fadf78c41	21	saaa-tools
src-tauri/src/tool_selection/backends/artifact_webview/dispatch.rs	ee3f8ffb72cf46e5df392e77dfb806801bc03fb7d98f7cdd0c6b8d3826377b1b	54	saaa-tools
src-tauri/src/tool_selection/backends/llang.rs	25491be09af70bd92c3697637e32e1592892f4f1f5cdaac4a539b28aa1528caf	157	saaa-tools
src-tauri/src/tool_selection/backends/mcp.rs	0fc864ee47e9e6e611a34a2d89754175db13fb7a809c37c9efa3a626960b6b63	121	saaa-tools
src-tauri/src/tool_selection/backends/mod.rs	13f0ceb139e783fc59645e22ecf1344b05e9c1da818dc224962dba8d33d6c371	151	saaa-tools
src-tauri/src/tool_selection/backends/router.rs	44debd1864f0cf0d411be3ceb65bdd601a5c0d2a60592921e20f2684b26842e9	70	saaa-tools
src-tauri/src/tool_selection/catalog.rs	37b594fa8c48ad4f9f30a8928997a757b5465e3ba1631ea0511f70bc4c70f89b	291	saaa-tools
src-tauri/src/tool_selection/contracts.rs	04315fa9ad7a4712bc518b4ecc3228e6d67f1ae6e469cac1e0009ad544c5ef1e	39	saaa-tools
src-tauri/src/tool_selection/contracts/scope_kind.rs	a6ab6d4e1455151d212594518d95e8cd9f249285ad49f036cfbb8972749110ce	336	saaa-tools
src-tauri/src/tool_selection/contracts/selection_mode.rs	dc2e47453afeab6c8c152c750fb1bb2b538f3c823291b93ee01e373731532ede	515	saaa-tools
src-tauri/src/tool_selection/extraction.rs	540fb8c9fc5ab4246d73870f5f06fc39a4d9ec1c9720933fa8b25d11aa14f335	76	saaa-tools
src-tauri/src/tool_selection/feedback.rs	2fd3607a9f9a7f95ba252165047f7c46cb60db0956251aab8266d316213baf96	19	saaa-tools
src-tauri/src/tool_selection/feedback/apply_extraction.rs	ffdbb6abf4edf3321d36151e045c593ac6908630de072f49a28bc2dd9cbd607c	388	saaa-tools
src-tauri/src/tool_selection/feedback/extraction_failure.rs	2f0a2b350e7fcd10d5149f5ad448722f6b8ea300bad353f2d3b8c89a206d8cbc	433	saaa-tools
src-tauri/src/tool_selection/gateway.rs	ddeadf37253dabbf3f0578577807daef1c8b222546d666b229e180820bd8ac5f	30	saaa-tools
src-tauri/src/tool_selection/gateway/authorize_routing_tool.rs	014616b0017a0a7ac491c5ffa7a9fa6ec4effd9e10e2c742313849c0261ed5b3	521	saaa-tools
src-tauri/src/tool_selection/gateway/role_step_binding.rs	d1471d04e1693768c56fadcf0a3395fb99d77b0f4cc9188ab7a5ad96aae37983	500	saaa-tools
src-tauri/src/tool_selection/gateway_schemas.rs	156bed2d35bda0aa0c42d93685b7a0205125c09e9ddfda3fefed8c04e121f0ce	40	saaa-tools
src-tauri/src/tool_selection/inference.rs	90a632a71eef19923c885d091d79b6423858ab418bc5ca5c49be568314815c2c	354	saaa-tools
src-tauri/src/tool_selection/invocation.rs	cad9206596d1874e108ada590c012bcff6b3747d69a75d7c6f6d080903e5a257	65	saaa-tools
src-tauri/src/tool_selection/invocation_task.rs	3302db590d28a0da8bf12b15d16d19ea1b904c0a89bea48466cb5dafb20c2e4c	150	saaa-tools
src-tauri/src/tool_selection/mcp/config.rs	c200c07cfeb261e8e63160cc76c585ebbc7b3807d5b5b3b9e26b8aef1948b916	258	saaa-tools
src-tauri/src/tool_selection/mcp/descriptors.rs	0dfcd94c5b777bbe2413f8348c6d1104c59c8c15b1f6afea6ae8387c7f4f51da	342	saaa-tools
src-tauri/src/tool_selection/mcp/manager.rs	816f89dea380cf94f728cc20b4ba91d3a56943b0666dc4320ad5cf55761c4efc	30	saaa-tools
src-tauri/src/tool_selection/mcp/manager/desired_grants.rs	7d3a20d0b00e0f0869d6fbca2e36b702672c9de120d6e1c229d58259aed638ad	472	saaa-tools
src-tauri/src/tool_selection/mcp/manager/mcp_manager.rs	6fda593e88d76ea6d1a570dbba2c66bf64df2926338e7eaea43985e41c344522	461	saaa-tools
src-tauri/src/tool_selection/mcp/mod.rs	a5e8f57a88278d1e55e8df222503ec3bb6f185cd0eb004c88de4454412426a5c	61	saaa-tools
src-tauri/src/tool_selection/mcp/repository.rs	e55796544b643dd36cff07f7ee663d759526e455837f69d524ae6d0664cfc6df	397	saaa-tools
src-tauri/src/tool_selection/mcp/results.rs	d3ccd4b77df7446964a0c4f4be0fb53a20eae9046f1048cd7b1f8bbd9d872c38	248	saaa-tools
src-tauri/src/tool_selection/mcp/schema.rs	2fa8d7a8588e3e95e0c48c1ba4aa647e4d4dd1a162e4abd4e6043237a7955981	145	saaa-tools
src-tauri/src/tool_selection/mcp/service_support.rs	a736d809e4baf905c73fd03a0a36e636fd014faa5ce2c07b7a879565e64ca587	289	saaa-tools
src-tauri/src/tool_selection/mcp/session.rs	abeb0e062a2cc6b9e4e693a0a52a9d148df42f9f7fc66bc4fe21b7fc3eca8c46	479	saaa-tools
src-tauri/src/tool_selection/mcp/sync.rs	45831e5f9dca29ef066507dad17bfa981b0e79d75e84b7d054c8e1bf0cde2743	387	saaa-tools
src-tauri/src/tool_selection/mcp/tests.rs	28b44900d2db88764060f043eb8e18db7185b39e50dde5a36905e6d5dda474a6	54	saaa-tools
src-tauri/src/tool_selection/mcp/tests/a15_redirect_is_not_followed.rs	2143aae67cdffb3c34f7c810b38688db403959c62326173390bc40cefed1ac76	225	saaa-tools
src-tauri/src/tool_selection/mcp/tests/h10_large_mcp_result_pages_over_the_published_wi.rs	031149606127e9c772f6cdb392cb6bd9a71189a88777eda007cf6195f63606fd	432	saaa-tools
src-tauri/src/tool_selection/mcp/tests/h12_mcp_correction_applies_to_the_matching_conve.rs	a5b5c1dbac23e215e2b51f05bb7bb85b096109633f014ebd0e3095b025e886bd	505	saaa-tools
src-tauri/src/tool_selection/mcp/tests/review_after_send_cancel_is_unknown_and_releases.rs	10539a6f1e7338a5b0bc04853ee0ff80b65af6c7a239a0f8840ef3dbab5faecf	433	saaa-tools
src-tauri/src/tool_selection/mcp/tests/server_state.rs	ccd56908181ed6fa30a875db5d1ae07f1b9565f42aed2e27a890de93556d19d7	520	saaa-tools
src-tauri/src/tool_selection/mcp/tests/t02_v23_sources_are_rebuilt_without_losing_data.rs	e51f4f795be3932a00f1319449c8f93f84c3c6e81d2d17106315959ba4070583	478	saaa-tools
src-tauri/src/tool_selection/mcp/tests/t07_cancel_before_send_makes_zero_calls.rs	19efb98ed5e05ec5ed30d4fa69364f2d4c193cfaf1df5d6151595f0cbffde917	478	saaa-tools
src-tauri/src/tool_selection/mcp/tests/user_grant.rs	c114fb6b9e55b2d4a4c35abb380a2fa09ea0ebb0e45ec44bdf04541fe49e29af	519	saaa-tools
src-tauri/src/tool_selection/mcp/transport.rs	f7e5115af7479ecdafa9abeea7281e7fa5bae916b417218e3a0bfb54a2bf166f	564	saaa-tools
src-tauri/src/tool_selection/mcp/wiring.rs	3fa9cd8dd04ff4b3886adde58582389d123fcafe90d989b5749b36f893ea3f77	80	saaa-tools
src-tauri/src/tool_selection/mcp_server/calls.rs	e4882ebbce9495f9f9112c98f9553d5e2debfeb7301a45edf2a3b2dde6de756e	184	saaa-tools
src-tauri/src/tool_selection/mcp_server/cleanup.rs	1ae80f6cc8efa28bfa9aeacf181860caabcb4c93b5bc70c85c13c3f3945b4f99	25	saaa-tools
src-tauri/src/tool_selection/mcp_server/config.rs	64af9ace20d7930eac02de9d702285395716dcc8904a8c573864c3f16d557b74	307	saaa-tools
src-tauri/src/tool_selection/mcp_server/context.rs	c65730e57c67b4545c190ed89b2ee1f85af6ce70b3522999e936664518dab1a9	124	saaa-tools
src-tauri/src/tool_selection/mcp_server/http.rs	612a7b7b7b3aaa4e0d3be94fb262a96e75227f439568f61d7ef4a8debf64d0f1	106	saaa-tools
src-tauri/src/tool_selection/mcp_server/mod.rs	a31aa3f9b4828d691fed62f9d8752ff135dc7a4cb44f2c31b2e2bdd301fd14e1	204	saaa-tools
src-tauri/src/tool_selection/mcp_server/protocol.rs	4eff1e8811acc1ed1461ee0dca869a67a0ac08add7d232f81f6954429eb5bea0	181	saaa-tools
src-tauri/src/tool_selection/mcp_server/router.rs	ce41491fbe13436081cc468e7e1f403990a9de37fffa83cf427cc415767bbfcc	489	saaa-tools
src-tauri/src/tool_selection/mcp_server/sessions.rs	bf7e9d23afba332b4901f022872ee181098cad68099bb966f057523ecc6c84e2	592	saaa-tools
src-tauri/src/tool_selection/mcp_server/tests.rs	0daa561aeb28b36165f7cee57972a66f689a9acdcff6f306557f384240dabb16	37	saaa-tools
src-tauri/src/tool_selection/mcp_server/tests/blocking_backend.rs	3a8c202678ef07e77e69823fa5e1f204f4f4d4869527e1d5579f0cd7eef9f7d5	519	saaa-tools
src-tauri/src/tool_selection/mcp_server/tests/d5.rs	e2ea18a799e149f77470fa368420fcd4f8947e56155951f4677b5703ae4780f1	416	saaa-tools
src-tauri/src/tool_selection/mcp_server/tests/h08_delete_cancels_the_call_and_closes_the_sessi.rs	c398c3b3427d21ac0f2e460a21d13df7c2c437b2d68a36a5c288c9cfef6dcd36	279	saaa-tools
src-tauri/src/tool_selection/mcp_server/tests/rr_11_detached_owner_settles.rs	ee60963c5c148ff44147dd52a7633455e5a5334bbe9090163487738db8164f4d	500	saaa-tools
src-tauri/src/tool_selection/mock_catalog.rs	ec6fc66d81f464423f7f419128d3e9f71f72efb22e835b94608954c904278e25	196	saaa-tools
src-tauri/src/tool_selection/mock_tests.rs	e945cb6b027dcd3703fe4a6aca8950dcc57f7b3858b12c16e2e2a8f1d6a977b9	193	saaa-tools
src-tauri/src/tool_selection/mod.rs	e0165ecf466c2fd50f39f1c8e6c46f0adae45900218753c2cc2e7085f16a0d22	147	saaa-tools
src-tauri/src/tool_selection/open.rs	c97ddb1babd2c97e64855926b94e9c38cc2507c6d64cf45d4ce3789ab5ae1066	37	saaa-tools
src-tauri/src/tool_selection/provider_extraction.rs	94b922501ff9269afe1f7497f7dee1ff5b73b9ee72fba85e8988ea2ca518967a	188	saaa-tools
src-tauri/src/tool_selection/ranking.rs	e44b3e035eaac1779acc7c5736c80574e1c711d67c77a915caba1e4a88ab441f	325	saaa-tools
src-tauri/src/tool_selection/references.rs	8ae200e4e31869d5b6e20dbc2ded2f912511411c86ed2babde5142343484bc56	180	saaa-tools
src-tauri/src/tool_selection/repository.rs	170553cdc7c94c603456ae2be0142593a3de815a8f377e7aa3e0fb271ad7b4ce	29	saaa-tools
src-tauri/src/tool_selection/repository/epochs.rs	1ecf6c2832be79d2f962d79f4b2650726553f8d8211d350406034c3232344ef6	487	saaa-tools
src-tauri/src/tool_selection/repository/insert_decision.rs	0757f9a010a4ce6ff95d88f6d89e623549e2f55988b8b1b920b433c7a6ca7dd4	471	saaa-tools
src-tauri/src/tool_selection/resolve.rs	8235076d8d9b2800494f452c609ea844927105430e8d72f0728aaa420c62ee48	89	saaa-tools
src-tauri/src/tool_selection/retrieval.rs	35125a014fd9e81ff5de8c06b3b7a2422886ff02407c6102d171d9a4d55c9ee1	107	saaa-tools
src-tauri/src/tool_selection/rules.rs	ac3636817a39fe03138321f8357bb2e4d548ea75d6ed152dfdebd671a905272b	432	saaa-tools
src-tauri/src/tool_selection/schema.rs	d2600831d7bac3ec123b384a5e36052e3f7a43e188ed3185dd63f285b5688ddc	188	saaa-tools
src-tauri/src/tool_selection/service.rs	1d748433f16c6129bcf7e042b4f96697861da8d2c2fb1c23971e771ed6340b0a	51	saaa-tools
src-tauri/src/tool_selection/service/direct_offer.rs	3aa335346b09d866bf07d6cd235412128b6cf5225df252463f03b165469ebd20	114	saaa-tools
src-tauri/src/tool_selection/service/persist_error.rs	78e334156d7ebf12714a66a1af17d889d8455ca784c38e978e7e4212a0edd65d	555	saaa-tools
src-tauri/src/tool_selection/service/rank.rs	6c823a1483a84eae6fd4443ebe41163616916c89834367e71163cf147df48555	479	saaa-tools
src-tauri/src/tool_selection/service/reconcile_interrupted_invocations.rs	0d1bf9613b879211eaaf174271d88962788499bdb0f6a6eeb0dd9e6af097a9e7	100	saaa-tools
src-tauri/src/tool_selection/service/search_candidate.rs	8e9e05bf3455309962a0bebd0beccd8d5e935f7141d8b9c9dc732e70e8cd9acf	383	saaa-tools
src-tauri/src/tool_selection/simulator.rs	b6b66bb198e33c7aff7d5b1c8a84e88bfe1c861213ada787824aada8757529c6	1067	saaa-tools
src-tauri/src/tool_selection/source_lookup.rs	caad36fad84c9428ff048c36c8f60a81aef291a2208d63b1e186662fd18de4a3	70	saaa-tools
src-tauri/src/tool_selection/tests/constant_embedding.rs	9be2e7758c2d22925feaaa616304a2e5baba55d02e0d3248d478e1dd2189c61b	550	saaa-tools
src-tauri/src/tool_selection/tests/g03_other_object_type_keeps_the_base_order.rs	f39d9430b4d175b140dbd622cf8440235e82c78533d17dd60ab71155930be211	522	saaa-tools
src-tauri/src/tool_selection/tests/g19_old_execution_ref_is_stale_after_a_revision_.rs	1e22b7204bd8d2854b8be4f2de4ce36a7f5f0542be27b0f7a9185f6d6b0ddbfc	499	saaa-tools
src-tauri/src/tool_selection/tests/mixed_backend.rs	592a080f2686dfffd5e7b94202e53b38ff02a9413c38a1c9c9f82abe3ce1f444	302	saaa-tools
src-tauri/src/tool_selection/tests/mod.rs	3e3b2781449e23e5effb1a9b530653e8d2d5be41c9ffe784a97d65a0b436588a	28	saaa-tools
src-tauri/src/tool_selection/worker.rs	4d3417bb30741e0a920f147fd2ea08bb7a4d4b90c7a0aa2560caf1ed3f7da645	534	saaa-tools
src-tauri/src/tts_dictionary.rs	2b618c1105184946d2517b7da7c2706491828a62ada12164100d2f9fe07b2bf4	413	saaa-voice
src-tauri/src/tts_dictionary/contracts.rs	8f80304d35ecd425afa36d45fc9d16856b583d73d9238f0cc5fb938ac0a21fb5	29	saaa-voice
src-tauri/src/tts_dictionary/custom_matcher.rs	6578f8ceda3e206bc4a540082127109b69a652bacb22986da482b6b83a24fc15	103	saaa-voice
src-tauri/src/tts_dictionary/dispatch.rs	0cd8ce125ad913eaa5d02a5b22bb32fa124f08d12e1f01fbc4d1952580f38ce0	22	saaa-voice
src-tauri/src/tts_dictionary/preset_matcher.rs	79ac832674909d02f232713caae80464ce62c87936ed9e34e710a78b420c8103	131	saaa-voice
src-tauri/src/tts_dictionary/proposals.rs	33197e48dbb8dd8410d076b484b9cdb30e1e6f030ca3c5512928d112ae5dc71a	166	saaa-voice
src-tauri/src/tts_dictionary/service.rs	4e5fd01bf2ee42c28ffea48236e3ef1d3409fafb036d228eaa31e3cb8fd60cfe	122	saaa-voice
src-tauri/src/tts_dictionary/tool_definitions.rs	13eb0dfc43a79d68848a83fb406efcdc9ca4d82f3e684b15f1a0d3f805f8331b	14	saaa-voice
src-tauri/src/tts_dictionary/tools.rs	0c40af46d37a7570a44aa2af0e60a9f94a6f55a98e9385c723d4fca1f3f97a45	226	saaa-voice
src-tauri/src/tts_dictionary/verification.rs	ad75a2a18872ee7b701c7f9684a811423b26b5ab3951eb5c41c6afdc58a4d35c	210	saaa-voice
src-tauri/src/util.rs	d07f4ef67213cddd1d542ab17420bc1098442f7ef058f7539869c4d13b9140dd	36	saaa-application-or-host
src-tauri/src/voice/audio_backend/commands.rs	67eef9f7d017eb45d586843e6a19c534c84c055e33fda1763add8881728ab8c7	51	saaa-voice
src-tauri/src/voice/audio_backend/config.rs	b45a98ddd7c87ce84d2c8f275e78ba8661ae15b2a1fa56f205614d3a31d1e9ad	87	saaa-voice
src-tauri/src/voice/audio_backend/converter.rs	e691a59db7a559480a833b03f8814622aa1298086c95e0affc586d85ed3cfb14	175	saaa-voice
src-tauri/src/voice/audio_backend/echo_reference.rs	ab3485e1f0d7fe3be96d4691dd2cb8a745db5b753e7017c12406557880acf3df	187	saaa-voice
src-tauri/src/voice/audio_backend/macos.rs	73612ba81dfdbc2fef86631653f58c9db0eecab6273a24b5ff113a42b04fbf84	569	saaa-voice
src-tauri/src/voice/audio_backend/mod.rs	88e26b3803e8ef49e0845d23bd00d9f91b67fd20538be154c32f29766560a302	209	saaa-voice
src-tauri/src/voice/audio_backend/probe.rs	f8ec0547cdceaad3a7398651040a72dd13fe5cdccc11b5a1eb654096405722e6	101	saaa-voice
src-tauri/src/voice/audio_backend/probe/wav.rs	c7fb539c7a0173de1bb898f102fe6aae9990b664595c16e31a33c8007ac19ce6	26	saaa-voice
src-tauri/src/voice/audio_backend/ring.rs	ae0efa0fabf83c3f33695b01547c7c729261d6a4ea66d8c73ee6c90076424c2a	147	saaa-voice
src-tauri/src/voice/audio_backend/ring/ffi.rs	e666a43ea469f9fcb46f425544adb6164019a4a468a8e9197a608788752d276b	23	saaa-voice
src-tauri/src/voice/audio_upload.rs	38db64cadac11d5ef83a384b5bc92461c539325b83365f0948226a7e6bdf3e49	162	saaa-voice
src-tauri/src/voice/audio_upload/fixture.rs	bd2a671667d31994af08d9df80ba57a72a287ad7ecc4dba84c57426a00a63287	19	saaa-voice
src-tauri/src/voice/cloud_asr.rs	c790de9d13efb94e31b7f42809aee4d4c96452148b9baae26afd519949138bd5	326	saaa-voice
src-tauri/src/voice/cloud_asr/transcript.rs	6e5cc250916db15b3c1876a0b3fe99409ded4b0bd7ea5967168af54e3129ee33	38	saaa-voice
src-tauri/src/voice/cloud_asr/transport.rs	366606e0cab3214054a03b82dfa07e67139ca424903ad7ae89405e25803bba12	56	saaa-voice
src-tauri/src/voice/cloud_tts.rs	59c20e1d323c0977a6426bd442549683b0e2324b7035b1b343a5473ddf88a3d7	356	saaa-voice
src-tauri/src/voice/conversation_speaker.rs	3c2e256cdf559e4bf4968c5fc07c8d3a2292689985a928cf63fd242cf95fa85c	73	saaa-voice
src-tauri/src/voice/http_audio/chunk_tests.rs	c10b448ddc6beca15d5ec0f6d7446351e0fd84686d70524a5b6aaeed11b05e7a	93	saaa-voice
src-tauri/src/voice/http_audio/client.rs	47c7ef38fdcd28969e7870033546c8d09bd097ac0cc43f09ad85fc7c094e54ca	56	saaa-voice
src-tauri/src/voice/http_audio/decode.rs	e9401cc4a01035f3f636a2656b85d246a0a31686fb2c8b3123e37bbc761fa53d	183	saaa-voice
src-tauri/src/voice/http_audio/live.rs	465ee41be81c6e2e98b176a7a29f9fb6daaf9458a27ed56a4fc6969c8b75edb0	109	saaa-voice
src-tauri/src/voice/http_audio/mod.rs	b1a6a24491d2904d8f55878db1734e544d00c5cf21ac878341fe0e082a15fcfd	319	saaa-voice
src-tauri/src/voice/http_audio/receive.rs	f9dcb9e2871d2aa76e921724db439a4eaa8f074b3fbfdb107faf0cd994e66240	85	saaa-voice
src-tauri/src/voice/http_audio/requests.rs	42b7d3afdffa30564161765c44bd022ff78d4c6bb17977d76b2c830699beb1d1	158	saaa-voice
src-tauri/src/voice/http_audio/timeout_tests.rs	c25010c5f6e6c279c5ae90c1962cc7febdec8760518bd676e4c8ca58759d39d8	52	saaa-voice
src-tauri/src/voice/language.rs	7b25dfd31f3095798018617259b0b66afaa3b2c19fce42b561fa01f20e6de620	145	saaa-voice
src-tauri/src/voice/local_audio_output.rs	3ce7a8fd82f54d0b4fef13e2dad23fa2e0023034538d650a983fc2d1cfc1b741	278	saaa-voice
src-tauri/src/voice/local_audio_output/playback.rs	090f97a8b7c2933afa63fe4487c1279bd229529f5887f4882e3605c0b779df74	120	saaa-voice
src-tauri/src/voice/local_audio_output/playback/rodio_output.rs	adf8068b8f25c3669501100954448f02ad41cc662e1d76d2d5f5b2d16b2ac361	68	saaa-voice
src-tauri/src/voice/local_audio_output/playback/worker.rs	0df907c8c1719f16d0e79983af16c50c615c66ee8d9525903b97b2bbcf7a854f	62	saaa-voice
src-tauri/src/voice/local_audio_output/playback_started.rs	7b0992bdcde75473a67013a1a687f7059dd0b778d964017338f9e22b653f68f6	33	saaa-voice
src-tauri/src/voice/local_audio_output/playback_vpio.rs	a3dea5f9b95a3fbdf577713e576b123d35d19ef8c9f4d8ac1fc592bcb0da589c	16	saaa-voice
src-tauri/src/voice/local_audio_output/playback_vpio/worker.rs	ecbff3fd1bde09aabf92189e1919681d721a72a7438576bc60c8b95a8cfdec04	74	saaa-voice
src-tauri/src/voice/mod.rs	0757f1690146baf403161330f0b6c8559836b4f1ff2f77278516dc2a551cdb50	12	saaa-voice
src-tauri/src/voice/network_asr.rs	d605b0d96e9253192aa2bf5b5a4f9ddb1f38180292ec36c31876876aeae928cf	476	saaa-voice
src-tauri/src/voice/network_asr/discovery.rs	ac7b99ecea15ef23fae5862a2fd94ef7e395bfe0c70538d51addcd0afb84c1d5	137	saaa-voice
src-tauri/src/voice/network_asr/runtime.rs	64afe45363c82374e703be9c4960e0216cf41998a816d14c9d50772759edcfca	166	saaa-voice
src-tauri/src/voice/output/mod.rs	b8c411a978d5479fc1e3efb144f3a6fc0738199801e062e758805d781e618af5	15	saaa-voice
src-tauri/src/voice/profile/codec.rs	64a043e13d764b01f24e7638917bfd8b7774b97e88c35a3b5e76fcdcfe745ece	471	saaa-voice
src-tauri/src/voice/profile/enrollment.rs	3e46745ca31f73cd4ae87557bb7cae118fc75defa70685e7015c9a0cd08cec87	299	saaa-voice
src-tauri/src/voice/profile/mod.rs	edbe5608a799f230312ab665e3b342987fa4a7a260bd082deb2567b3519c92ac	35	saaa-voice
src-tauri/src/voice/profile/streaming_verifier.rs	29c89a3b8e142fba0f0f218929a9409adbed0a82c362893b40caad82ecd38c74	92	saaa-voice
src-tauri/src/voice/profile/tests/failed_profile_file_deletion_retains_metadata_an.rs	cf993127d10a7bf53b06044f84725497801db9ae52a497f712f589ba1d2ee528	85	saaa-voice
src-tauri/src/voice/profile/tests/migrate_plain_voice_profile_schema.rs	08c46ff3bf8925198a247d1964cf921675f69a46029209ce95d750c73edee951	508	saaa-voice
src-tauri/src/voice/profile/tests/mod.rs	fa97a7452e5408de389abf0552c91af533e4230ace0b70b5ab83aa4a979c9d96	5	saaa-voice
src-tauri/src/voice/profile/voice_profile_snapshot.rs	cc61a37a38f94765e35fcd1e4eb07446dc00d8518aa329df162260a01c204cdb	422	saaa-voice
src-tauri/src/voice/qwen_realtime_asr.rs	d0ce9a56eee8dab4bb68e59987f1cf572956c1d6b35de53cb309a5de0dab5f30	614	saaa-voice
src-tauri/src/voice/qwen_realtime_asr/dispatch.rs	49a4cc9e7f16366eb4c1b2584bc6637500d68686a7e06cb6ab425581ed25020f	18	saaa-voice
src-tauri/src/voice/qwen_realtime_asr/selection.rs	c1bb2631a02794694b4e832b0e45a3f8b82bbe1b383de8babc849f565d16e27c	31	saaa-voice
src-tauri/src/voice/session/asr_route_tests.rs	ace66a6a9965c8e1d77734f56a67ea74938449083dd152b974826838b56a0369	119	saaa-voice
src-tauri/src/voice/speaker.rs	009ee3072f02a16c8a48d9bc1fff88355effaae883fe7df54aa2fe904c68be53	344	saaa-voice
src-tauri/src/voice/speech_directive.rs	a90cb6a141b1a057035bdea9b306e54980ad8951512c6201cc731b283e4a1c33	407	saaa-voice
src-tauri/src/voice/speech_request.rs	1c082803983ae44bc272441f1588966f2b8a6bad710eef6e6ab1959f21803291	144	saaa-voice
src-tauri/src/voice/streaming_asr/batch_engine.rs	2bc260b1c4430dd0e18119fac6d5bb519a6e4dc66381ff57fc46b91820ea623b	176	saaa-voice
src-tauri/src/voice/streaming_asr/contracts.rs	0bc2c970a85ffa07044975e829ace10400586e9cc760549c84eac2ced4afb1da	216	saaa-voice
src-tauri/src/voice/streaming_asr/mod.rs	f0dfb85e8d288be31b0a4bcd4cfe9c0f5de93d56049ce8e6ba599845621751c2	8	saaa-voice
src-tauri/src/voice/streaming_asr/reconciler.rs	f783795a1dca1d9cb4d1e0f9822cd28911792cb5503d99b041df75a5c044a20e	117	saaa-voice
src-tauri/src/voice/streaming_asr/regression_corpus.rs	c1e321e3218cd6f4f598edd5ca6a4ccc1d1557e61dc0c7ce821a6dd162219e4d	143	saaa-voice
src-tauri/src/voice/streaming_asr/session/tests.rs	06097373387f0a503cb1f9566ed152dcd551c8555438549c8e079f02283a84b5	394	saaa-voice
src-tauri/src/voice/streaming_asr/speaker_gate.rs	7328655253a373d6ccfbd150a6f04aa8c585b2cbb4e02957e22a21db35b84b34	44	saaa-voice
src-tauri/src/voice/streaming_asr/speaker_gate_runtime.rs	405478e8f8003410d363b60fc72862acf6ac0c7a9d21b0eb9b20d886c4e81f6f	281	saaa-voice
src-tauri/src/voice/streaming_tts/chunker.rs	309106ae1740ab75661bdfc830c299c35794c69ba184c1e72fae47d50d463b6a	12	saaa-voice
src-tauri/src/voice/streaming_tts/chunker/is_weak_boundary.rs	48b1fc0db59667c64a72c8274286bf615824b33d54a17b60130f760d30b2d382	159	saaa-voice
src-tauri/src/voice/streaming_tts/chunker/select_reason.rs	faa42e4fb24cd70f287968c88b6e8bd5a6cf2213f14cab297a87c158136e1735	521	saaa-voice
src-tauri/src/voice/streaming_tts/fallback_tests.rs	7e83a09aba64aff8bce0d390f98cedd120adca77d956c2edb9ffdbae5478a7b4	80	saaa-voice
src-tauri/src/voice/streaming_tts/runtime/tests.rs	8c3d394a3ceb98ae9832f8fd283425aa8cd8cbdc66ddcd761ac49c539bf28043	254	saaa-voice
src-tauri/src/voice/system_tts.rs	cbad81a48c45d1e2fd99c8a904be4df40ef5e4e9accbb9e7636d5b979fd458dc	319	saaa-voice
src-tauri/src/voice/tts_catalog.rs	1ee17ed4e6585031d78784b73fd85452992b1e4713197bcb5b9c3ae58898cb03	402	saaa-voice
src-tauri/src/voice/unavailable_speech.rs	f1b7b167e18393699cc744431228977959367c746a56b88c9c56d7f209f36a77	36	saaa-voice
src-tauri/src/voice_asr_contract.rs	953dc8a54e61378948f2a8f088c7583cd28dc48e5f4ebe6610a9d245ce85e679	3	saaa-contracts
src-tauri/src/voice_behavior.rs	2befa2d9ee67cae0f2db2fe9021c36bc0eea492f08a5063f8c0eb7add8fdffa2	530	saaa-voice
src-tauri/src/voice_behavior/completion.rs	a2d8e43d33c9845fa09d5ca69ce294b981e6821bcf757711b29219788590e0bc	123	saaa-voice
src-tauri/src/voice_behavior/contracts.rs	3f6d6f817756c93ea0442578d3a05dd220cc2ed463a9c46564745de4fbda0883	200	saaa-voice
src-tauri/src/voice_behavior/persistence.rs	68db6a4b612fd2cd97d5cf7cfe37f186e58848835cd8895d4eb4ef540cae552b	341	saaa-voice
src-tauri/src/voice_behavior/run_state.rs	a596845676f693a5ebb9301c79746c5219b9093c282a4140e464c6b247684d31	42	saaa-voice
src-tauri/src/voice_behavior/tests.rs	2e28709b0f31360f369370aa706af511bed15bea4d11fbe40ad5cc44ec43794c	561	saaa-voice
src-tauri/src/voice_commands.rs	310d3d5c6e5df4368b18ad3cd6026a111965864f5000084d303d19fdc9e93a0f	77	saaa-application-or-host
src-tauri/src/voice_text.rs	319155e256799a390ca1e2f07de79abfe20b263facd9cbb82d3f2c06c67e4f85	155	saaa-voice
src-tauri/src/wasm_host_poc/contracts.rs	c6a2e8c4c169eae07fa796080a5045c22c278d8f4f9da4735190fc27b1089c3b	16	saaa-application-or-host
src-tauri/src/wasm_host_poc/contracts/ensure_unique.rs	7c188130c6bddfe6cae686feab2521d86f2101dcd96da36df613616e165fbd36	111	saaa-application-or-host
src-tauri/src/wasm_host_poc/contracts/operation.rs	9d62f4bc9c501b861b749ff328c5fdbf24a3bb354dadc378020364a7bc87733e	462	saaa-application-or-host
src-tauri/src/wasm_host_poc/kit.rs	a89ac9c4c2d72beba82a0cfd06ae7bf5652779e44ff92ccccbd703fab6d7ab44	150	saaa-application-or-host
src-tauri/src/wasm_host_poc/mod.rs	38b95cdc66c22bc88f30b502d92b6f383c0df5c4afbbb2bfe9c449861c64fb4a	147	saaa-application-or-host
src-tauri/src/wasm_host_poc/tests.rs	3dc92d7c5903ccbb3adca7d09b30ad6e85562b5f1308d627ba74be680171f9d0	473	saaa-application-or-host
src-tauri/src/window_size.rs	deb36e4675cd643678a86a2d9030c2891341362aac0edf4b8867b9b81a9662bb	77	saaa-application-or-host
src-tauri/src/worker_agents/contracts.rs	2f830114bb3dfbb5c24671615660dca4e70aad88f93024ab49b39db7ba258047	706	saaa-work
src-tauri/src/worker_agents/discovery/mod.rs	37a23877b13f24d73a501b955433e251c2f0fc2da70304e12648c27e68efb956	463	saaa-work
src-tauri/src/worker_agents/discovery/tests.rs	fee1012aedc559cf0346f851be55851dbde965bb7c6f11954cdbc37a8ff317a1	486	saaa-work
src-tauri/src/worker_agents/executor/admit.rs	aafa34d2cea3d5e33d4520aaaea79b74f0b130df96492fb40a862ad334bd6a2d	165	saaa-work
src-tauri/src/worker_agents/executor/attempt.rs	d0f49bc33cd87994c288dfaeede2e2975221dc76e35abe5889f559d827930487	285	saaa-work
src-tauri/src/worker_agents/executor/delivery.rs	a2afa042328c444f418ef4aeecb0261f9e2e046bf1d1396db9363d5ef205cdd4	156	saaa-work
src-tauri/src/worker_agents/executor/executor.rs	1773b4cce594cbc4956592664445a7d4b102dc4c0b80ac8f2724c4b2bb55b05e	199	saaa-work
src-tauri/src/worker_agents/executor/json_runner.rs	4455ff5c9191eea4dfe09379a3d4282fc060f190f104488a3820ae658cdbccff	66	saaa-work
src-tauri/src/worker_agents/executor/ledger.rs	f91eed07a71cc19f1ad768052b21b15baee359089c1df7af551832a4efdef478	148	saaa-work
src-tauri/src/worker_agents/executor/mod.rs	138d87521489bd42a98b1dbfc996c95774e8c1365f3bf96ee31149d6c1dca62c	47	saaa-work
src-tauri/src/worker_agents/executor/recover.rs	87af35652c5101ec672320f18e28241db4b58378d45e78f57ec0e88cb0d405fb	184	saaa-work
src-tauri/src/worker_agents/executor/signals.rs	e91594511e6283bc19e8e7f21b1286225480d62950b52e9f2b4348eb282fe9e5	78	saaa-work
src-tauri/src/worker_agents/executor/store.rs	860705f98a428f47df7f06743b90974233282baf4d75e0788a05fc80b73f02e6	193	saaa-work
src-tauri/src/worker_agents/executor/test_fakes.rs	9c162049b11c04a28d025742a585d5e9f76d4062d985f909f39c558e4eeda5f4	325	saaa-work
src-tauri/src/worker_agents/executor/tests_admit.rs	82ea12f948379c0aacba092754410c02b460693ce8665a4a108fa423eaeb9f63	131	saaa-work
src-tauri/src/worker_agents/executor/tests_exec.rs	d90aabeddb2982b42868a6bfc2191bbf7605bb3d873350508eaf8ead02e31618	496	saaa-work
src-tauri/src/worker_agents/executor/tests_ledger.rs	6482010bb64c229ea4e1cd9ac504ef0f206e90a2bc877b78007c334434181b1b	159	saaa-work
src-tauri/src/worker_agents/executor/tests_recover.rs	3b8854a36330474fb49f45ca18ff9021c336cb7109b9a262d36e861c13eeffff	150	saaa-work
src-tauri/src/worker_agents/executor/verify.rs	c602939c1425a1279e6b80f8c5eb2a39490cd7f3caa7f3c66c4a770b07da09ed	46	saaa-work
src-tauri/src/worker_agents/loader.rs	cd2b51cc06e81d6dcc220c4114886d60829df00511869b07686bc98727348fb2	216	saaa-work
src-tauri/src/worker_agents/mod.rs	1cb1c44463517f08acb7cf97546151ccd2f376e5662f15c0f02a482c159a37c1	14	saaa-work
src-tauri/src/worker_agents/registry/commands.rs	84b94667604aa94ca716c1faef870e1bebcfaa3fa3a4d50a91fbbe7bf07a10c3	115	saaa-work
src-tauri/src/worker_agents/registry/mod.rs	5fda577f1822963faef1a09ffc48b32846211cbf7e899d7a93bab96495e06e02	20	saaa-work
src-tauri/src/worker_agents/registry/queries.rs	0a262848b29f8224c3afc9122b10ed8da1142edbdde7401fd0f8efeba10c4f32	245	saaa-work
src-tauri/src/worker_agents/registry/repository.rs	ac1d0a67b66081d4350e5528e9cc47a3cc250d12364edfc2154469bac66f4e69	600	saaa-work
src-tauri/src/worker_agents/registry/tests.rs	926d8f950624969208e609ab379d3b02cfc45fcf894a3ed68660510e2ead0a33	662	saaa-work
src-tauri/src/worker_agents/registry/validate.rs	36fa29ee5735188198db8e1f150d8db9ba1b4f2a864553098b2f747b2c4013a1	161	saaa-work
src-tauri/src/worker_agents/schema.rs	10c36c388a3eb3e1e3d380dfb2b5bd685b8c5d50bbce7f23340a7dcbe1d7e793	176	saaa-work
src-tauri/src/worker_agents/test_support.rs	9f06f1a307a4c00041dc255f5d62427a4772e29cbcc4ae21be1cd337648d9df8	149	saaa-work
src-tauri/src/worker_agents/web_search/audit.rs	8f5f8ae51bfdadd910136b1fe04e478184ef7285b4b772138dd39102700a822d	276	saaa-work
src-tauri/src/worker_agents/web_search/checker.rs	989eba52b9cf426d5061da3ffed247d8c5ec410b9a7b56e4f0edbd89ac9ec9a0	223	saaa-work
src-tauri/src/worker_agents/web_search/claims.rs	87a2de338c1febf037b0c16f146f9d1424d6e13fb25f1258233cbc515dea08d1	252	saaa-work
src-tauri/src/worker_agents/web_search/envelope.rs	f3312951e4fad89c2f72dfe41e2d0b1082348404374159ff8b0f91bed3d486c7	204	saaa-work
src-tauri/src/worker_agents/web_search/mod.rs	01cb4961d1eac3cfc7986434a75f201e196eb20f34fc171d0d944bb0159ccfc0	17	saaa-work
src-tauri/src/worker_agents/web_search/profile.rs	791080823d8e1caac19cb295a8a3030f0a84b03434e259dc7ef3d66e0f014d24	49	saaa-work
src-tauri/src/worker_agents/web_search/redact.rs	7e3326bd8bbbec8f767678ab7a69048809c67418ccdd148411929f3dbe10dde9	41	saaa-work
src-tauri/src/worker_agents/web_search/runner.rs	517c35cc3820913d09f5cd2fe33df87f1d3ac4fe4138bd98ee51dcf65cb21896	520	saaa-work
src-tauri/src/worker_agents/web_search/sources.rs	63437088d2cd25539355baf73950593bab86fb299d5ebf43b94e4edcbdd75b6d	268	saaa-work
src-tauri/src/worker_agents/web_search/tests/claims_tests.rs	d115f556850ffd480045a1a968202c851fe52be9888b9a17a7b411b938f3aa59	230	saaa-work
src-tauri/src/worker_agents/web_search/tests/misc_tests.rs	995136efee22d22fe16d0aec2b2654a401f7110a4ca6b92ca5feb7d1de1a1636	241	saaa-work
src-tauri/src/worker_agents/web_search/tests/mod.rs	2b7123b4d42c912c7ad4e631c3dbf36fed4fed8d75a97e73088d416e3cf076c5	4	saaa-work
src-tauri/src/worker_agents/web_search/tests/runner_tests.rs	fa6c7e5703174e61a50b45b2168b0986b6c222de0d5e7d13fa5139a387a20db6	506	saaa-work
src-tauri/src/worker_agents/web_search/tests/support.rs	da86d4691fd0ebbd8da22c5321d372e3ec0ca4781fd47f9e6f1e60edca816afc	347	saaa-work
src-tauri/tauri.conf.json	ca8b669aaed8ad5cec4c10179979cbc5ac57cfb23f505f65a415371a45c310b3	68	existing-package-or-frontend
src-tauri/tests/conversation_context_stability.rs	5d2ba29d0f61c39ff43c7175e97d3954170a135f8dfe7fa94a5b94f2aea754bd	74	existing-package-or-frontend
src-tauri/tests/conversation_queue_e2e.rs	9f77bc4c4e1e1bd8e0582ef08609ef6213afb91c53e5f374a897bcfc5d7dd240	145	existing-package-or-frontend
src-tauri/tests/conversation_queue_followup_failure.rs	7062ff3c3e7432fae1bc001b78b00eb855c7f8756d47bcb5fd96323a00d9b196	24	existing-package-or-frontend
src-tauri/tests/conversation_queue_progress_contract.rs	953223e94f732168cbf6c041a80acba9d8cf98c59968263583919edd3346fc6a	8	existing-package-or-frontend
src-tauri/tests/conversation_queue_web_live.rs	4e857362b6c86ae30523b68b4a2387b6023f4fd1462a4b24b0ee55e73cb2f400	12	existing-package-or-frontend
src-tauri/tests/fixtures/llang-capability-v2/runtime/capability-host-cli.ts	b9bbe4434ad4c59aa11bfc33e40f41159d4830b98a4bf18447955a8648c8c9cf	3045	existing-package-or-frontend
src-tauri/tests/fixtures/llang-capability-v2/runtime/capability-invoke-worker.ts	f096ba6174d6c407d68dca820acb721acfd927dce467d55e13654d95ed411228	311	existing-package-or-frontend
src-tauri/tests/fixtures/llang-capability-v2/runtime/capability-worker.ts	d9ad416f4492bade80cfacd533a2d3833ba97446b0d7e193fcc0775e3d1886ab	546	existing-package-or-frontend
src-tauri/tests/fixtures/llang-capability-v2/runtime/llang-capability-worker.ts	f9166ce5987c9428c96b7c853ad419e796d66675ec07778807fc18f0aba340bb	343	existing-package-or-frontend
src-tauri/tests/fixtures/llang-capability-v2/tools/generate.ts	df965e02400bed9f9d02716ffeb33809965db529c2bdfdc20d192124363e9189	333	existing-package-or-frontend
src-tauri/tests/fixtures/llang-host-kit/runtime/capability-host-cli.ts	592cf7092b7f02207fb6ece754a1cead440f3ea6656851b8532a986c5440ab9d	1200	existing-package-or-frontend
src-tauri/tests/fixtures/llang-host-kit/runtime/capability-invoke-worker.ts	c9e3b0ab0000898b86c0b66c4120d5500484487a1e132d2d57a5e28005c08532	268	existing-package-or-frontend
src-tauri/tests/fixtures/llang-host-kit/runtime/capability-worker.ts	e80aaa9f966c1a0f693ef61645c82f3348811a9d5c0d129bbe9b4c480bc0d92d	503	existing-package-or-frontend
src-tauri/tests/ipc_contract_bindings.rs	36180afc08d27442fd60f47962da35cd3069bdb9722949f72c689918a7e68095	84	existing-package-or-frontend
src-tauri/tests/local_audio_output_contract.rs	3fe759c1223eb10603b1527d10a43675030b23f67d1a48b5532c702fd0dd4d5e	22	existing-package-or-frontend
src-tauri/tests/local_audio_output_live.rs	d1e4a7162c1ff0bd5d4326956df1ab470fe0b0f2b96c759ace083cf890b8a889	34	existing-package-or-frontend
src-tauri/tests/provider_unit_asr_live.rs	34221692c4296baaf8399b2846c99e1540e6021835480f2c934b23c58676f9eb	31	existing-package-or-frontend
src-tauri/tests/provider_unit_laya_live.rs	eff97d05acc37d595c1ca3583f6c27a97720d5c0c84a5fb3126575412e5e9b6d	67	existing-package-or-frontend
src-tauri/tests/provider_unit_test_e2e.rs	16457ec84dc72deb600d73e2d05d756f6ab17b95d75e6b6a10614d797945cdde	670	existing-package-or-frontend
src-tauri/tests/qwen_realtime_asr_e2e.rs	a58b92cf5d7167eb8981fc0128664dfd1b100bce60f6ecc0532333e5868bdcfd	16	existing-package-or-frontend
src-tauri/tests/sqlite_architecture.rs	eb1fd098e76e45af20f4409b6a0380333dfdee33f31a65a6177e325917ce9ada	162	existing-package-or-frontend
src-tauri/tests/task_queue_contract.rs	efd494564b16ffd367ae20dd6dbe89d51937201465ea0106735fb6f2b7c065f8	65	existing-package-or-frontend
src-tauri/tests/tts_dictionary_conversation_contract.rs	5cc69efc9c93268dd78c18a7465ab7b9fe9539e8645f5828c5ea85d19f459fa7	309	existing-package-or-frontend
src-tauri/tests/tts_preset_contract.rs	b86e3198371bac8373ff5db4b79e8ceb690eacbe70b150c7d0ee6d2fb7858473	75	existing-package-or-frontend
src-tauri/tests/tts_recovery_contract.rs	7f160d6a9cc1f404c2e480ddfb688692550e3dbcf9b2d4f7abe3434c1c0fb4ce	60	existing-package-or-frontend
src-tauri/tests/tts_streaming_contract.rs	400d6590c796843be6bbd9cf0edfe89eb9eb8128b718e3527412934860d7022e	99	existing-package-or-frontend
src-tauri/tests/voice_asr_contract_bindings.rs	e55dbedbeac240fd472dea789038ccbd0e92a0d7bca5a9ce8a284eb630a35d88	18	existing-package-or-frontend
src-tauri/tests/world_maintenance_contract.rs	6c616f88a5963a4602120ade1b1c8a2d06a89ef46dda1c8586e03a7a6e5ce24b	8	existing-package-or-frontend
src/App.tsx	59cdea210bf2c0c966829f36df6e71fb157a325f5bff56e3d1f513b7d986463e	235	existing-package-or-frontend
src/appPages.ts	9ca1bc95fae84df348d3ae6bbb1ce75897c93bc43cd7297a276ff51cb492842f	7	existing-package-or-frontend
src/components/AppIcon.tsx	6bdd8487ecbe1013dd426aaa03d0092303ded77ab005e333b0da627803ee2b22	114	existing-package-or-frontend
src/components/useDialogFocus.ts	4ea60a86ff9d82e4b5d23f04626b316640a52dee58bf342f475eee8e2f795a01	49	existing-package-or-frontend
src/design-system/index.ts	87467a5c9bd02d3554122ff5f744202c06c3f4a93b99f96338a9e15373bf3a05	14	existing-package-or-frontend
src/design-system/primitives.tsx	82579a60957f2dfb56cdb13a74da92bd5b279ee0d62849fa343f4e9964216b8e	140	existing-package-or-frontend
src/features/audit/AuditLogPage.tsx	b027ca609afa475312f0e30c1a49a45c71f52893690b6433711160fc1ba36d16	425	existing-package-or-frontend
src/features/audit/auditTimestamp.ts	83e25ed5957f7cb35e0a08ee13f5e8a4e5717f64dcfd828cac7e806e4b9cfa9c	26	existing-package-or-frontend
src/features/audit/lfmConversationMonitor.ts	33418bea1794bc897414ca278d13e44c9ff0fbecb1e3494c01a01be762d33779	112	existing-package-or-frontend
src/features/audit/voicePipelineMonitor.ts	21af353fdb7683772d30dfed9bea9d9934938e983febeb209a2a4f493b4683b1	270	existing-package-or-frontend
src/features/chat/ChatMessages.tsx	76fc56c612b8b94f5c8efed55f6e19264172ea5697b58249d6049191ab52acf7	147	existing-package-or-frontend
src/features/chat/ConversationBehaviorMenu.tsx	ebf1a6c1f5d9458ac3a46382c1d403e0cf744cde9132c2596d734443c849bf31	43	existing-package-or-frontend
src/features/chat/ConversationCheckPage.tsx	c388c05f4b5f08ca77a9d2301cab619ffd37e9b3f674b54181f2857cab92f005	547	existing-package-or-frontend
src/features/chat/ConversationVoiceBehaviorBar.tsx	e7333f56a88a361349d7efcbe3e03f71dead3814d6c57739f91aadab9fad8833	79	existing-package-or-frontend
src/features/chat/RouteLocationBadge.tsx	1350cdb4d233a67589eb4bdc6dcdf23439644006ab3c7e696ed49c0b11eab1db	57	existing-package-or-frontend
src/features/chat/RoutingProposal.tsx	cbc3134fa6c779c39e7e3a2ce2cc64a1ae638103b42f66a244db4a9017d82f3b	135	existing-package-or-frontend
src/features/chat/SetupChecklist.tsx	d227c87a46840a1c86b3ca3805c202f7f20e78846887ba53199c150fab3b8a5f	58	existing-package-or-frontend
src/features/chat/VirtualMessages.tsx	e10a881281129c63ec3ac5b1db7d2b5f459d1dfdafa59cfbb6413dc774d7d478	88	existing-package-or-frontend
src/features/chat/artifacts/ArtifactDrawer.tsx	a48008a98e7400322a0f04cf0a87a81f195ceefc9043b37717d8ef22db386614	436	existing-package-or-frontend
src/features/chat/artifacts/ArtifactPanel.tsx	86743f31a571c17152945ea29b2b8b29ad4559a0a3d106763c0db4fbf48ce60f	179	existing-package-or-frontend
src/features/chat/artifacts/ArtifactTabs.tsx	efca69043380cc94f0487e2a1f4f3058a11c80561f6109c524e2ec1ee53dabbf	62	existing-package-or-frontend
src/features/chat/artifacts/InteractivePreview.tsx	0d9e696ba609962e15f89e2e1814b26b4df982ddddb41e331d38b9e65a74c462	65	existing-package-or-frontend
src/features/chat/artifacts/SourceWebsite.tsx	cabfb8d3197528b2d64daefa0b2e47638d3fcd04d2dd7bff1d040fbb7b7d6f62	61	existing-package-or-frontend
src/features/chat/artifacts/answerPresentation.ts	e4acf715cfba72ebf998d5a60449d27491629532386047686c7b975625970838	12	existing-package-or-frontend
src/features/chat/artifacts/answerUrls.ts	aba798d866d1c9844db0d872ee81e4308c46fb1d62e842032aeefd9b9208713b	44	existing-package-or-frontend
src/features/chat/artifacts/artifactPreviewApi.ts	d82af6f8915c437057e4f1b13f5ed27c1f7317cbbb6a860e6ae06488cdfca0fc	20	existing-package-or-frontend
src/features/chat/artifacts/artifactTab.ts	8e9b9c68a82fdc0d0f1b949fdd474139b0880314f45833736f7f085c07e166ea	150	existing-package-or-frontend
src/features/chat/artifacts/artifactWebviewHost.ts	0803fc84472aa4c2ce9c071103f1d91bd33755480064e94bb24f3b98e2b09f16	49	existing-package-or-frontend
src/features/chat/artifacts/artifactWidth.ts	9ecf0b8d69ebc7a6d1fa84bf43edbb7f1fc1a05166234a422ee71974226db1e6	8	existing-package-or-frontend
src/features/chat/artifacts/lineDiff.ts	db1a3f4694b13379de7e427bceb1370652ea95481fc1f391052f2f2ed44653fa	41	existing-package-or-frontend
src/features/chat/artifacts/useArtifactWebview.ts	4c774b9bcce82c830889fa45872f90ea4eb16ea8eb3ed92fa787d6a87d301699	251	existing-package-or-frontend
src/features/chat/artifacts/useSourceWebsite.ts	4179921f7479c79ce3ce6326b38799b315737de0a5eb53c8f0eb72ef120abcfb	199	existing-package-or-frontend
src/features/chat/artifacts/webviewCommand.ts	19390326ab361ff17e7e64bcb940accadb69c9bd639114bdeb8b19aaaad4980e	35	existing-package-or-frontend
src/features/chat/artifacts/webviewGeometry.ts	176199d0f9a5a068efaa71d36be010e5aef580555fded09f416258763df20588	47	existing-package-or-frontend
src/features/chat/avatar/ConversationAvatar.tsx	2b120578c98ac46fe94de5ad6fbb0d107b44414327bee70913e34047c51989b2	27	existing-package-or-frontend
src/features/chat/avatar/LightAvatarBackground.tsx	c83e2f4ac3feb6dbbf3444bb1e8115f818bfd67bc9b675f707447e8f1984ae09	146	existing-package-or-frontend
src/features/chat/avatar/model.d.ts	f71ee435b2ade2ab940a643b45567fd6de4fc2c00d9a71efe155efeaf2072d2f	23	existing-package-or-frontend
src/features/chat/avatar/speechExpression.ts	a9f64964599d65e772ec9b613e110cf0dc5d128078d4718362637a27ddd38073	65	existing-package-or-frontend
src/features/chat/avatar/useAvatarDecision.ts	2e0a4c1695830394e2fc1e11d7633c67a209546c5e317d55a8a5e5a9a6f222f9	32	existing-package-or-frontend
src/features/chat/composerImage.ts	267fc290f9ae8dd495cc3646df5a0175567300ed4f0c7117f629d2c9117403f8	39	existing-package-or-frontend
src/features/chat/conversationAudit.ts	b0ef8299b111520f5504581863b56497882055082b13e53c3510fe19a8a72385	108	existing-package-or-frontend
src/features/chat/conversationIssueCoordinator.ts	ca0ec5fa14b886bf874df8e39e13ad5d396762c21f628745339b9a91d9b5160e	16	existing-package-or-frontend
src/features/chat/finalMarkdown.ts	b28df515c681d96f45d8f99eeb98728185bdd0ea7ab43aa0266754b7b53e8ee3	159	existing-package-or-frontend
src/features/chat/markdown.worker.ts	a003bf51de53e1ae96da342dd01ffef3d83821191e0f82e9f4ff830bed027d4b	10	existing-package-or-frontend
src/features/chat/markdownRenderer.ts	ead5f4f905cff87b5a18d3142a773fde76ad6087d8f25a87a9aeebc00c066d7b	159	existing-package-or-frontend
src/features/chat/messageHistoryStore.ts	f17200bc1ceffb061e2cfb63f129c6ba88b767139e88e4172c119e914c3ba6b6	161	existing-package-or-frontend
src/features/chat/messageWindow.ts	0ee09fbd02cc03a84f60c6f475a5a912a3a9da3198033bd3a5d16ca063b79df8	14	existing-package-or-frontend
src/features/chat/routingEventReplay.ts	7a009f3861d6d8e2878a10c0ad72e6ab2ca5ea73b5d0df83c6ec16c10d1ec34f	30	existing-package-or-frontend
src/features/chat/streamingPerformance.ts	9f6b526975e8f5d7d1b6a8d3b1f6648a0878c287c50a7e4052ca6f4c15b7825f	121	existing-package-or-frontend
src/features/chat/streamingTextBuffer.ts	0af1f4a746d7a1f643862ffeadec594f91472b3954f727dc80008bd26f05c768	46	existing-package-or-frontend
src/features/chat/ui/InlineUi.tsx	03e9bec17575c677784d509818e6f0596ec0700d11bb24488ccbdfef3b5677e3	169	existing-package-or-frontend
src/features/chat/ui/MarkdownView.tsx	9f6da46faa739b80933738cd36e4da1b0b8b93d5cf83d185186b5985a3058864	26	existing-package-or-frontend
src/features/chat/ui/ModelStatusView.tsx	a45e2d22a2de864ff0bc3c50cdf1cc1710758d99c1c2ffd67ad2b3ac68e772e3	13	existing-package-or-frontend
src/features/chat/ui/SemanticRenderer.tsx	324936da22c1722dfd353c731f4a7afc7948bf5b65c02893690de0efedcf7b01	42	existing-package-or-frontend
src/features/chat/ui/UiBoundary.tsx	d0ec2a3bfde6be4430b7b3585ee3956320ed07449e3fd8b838c6e84b629834cd	14	existing-package-or-frontend
src/features/chat/ui/UiControls.tsx	2c2ffc1faf3f3ca6577570787d883183aad6461d2b664bcba0b42e73325da891	127	existing-package-or-frontend
src/features/chat/ui/api.ts	054bdaff931325c120cb389a696408b96c9122eb46f06b1290cd07deaa798ee6	14	existing-package-or-frontend
src/features/chat/ui/components.tsx	414fd339fab5e7ad0739756070671d5e51bbf7bd8c20dda6875bcf5afb787754	266	existing-package-or-frontend
src/features/chat/ui/context.tsx	e24c0f8c84f1857fd26223b11c44ab4f6f8ebb010e2d2650063ae736d3650e0d	44	existing-package-or-frontend
src/features/chat/ui/designSystemAdapter.tsx	41af8e1efe51e5ad8c3ff2a0b8e351707c3779530746bf2e8bcc319ba41fcf08	96	existing-package-or-frontend
src/features/chat/ui/enabledStore.ts	b7e381e3ea2b4054952a44b3ed497336f0a1bf2d5f60087412edc96d9fd4b1cc	45	existing-package-or-frontend
src/features/chat/ui/instanceState.ts	5c79501c07f150bbd1c8d4e9a8c7e112526103f933a4dad8ea1969e17d20891d	122	existing-package-or-frontend
src/features/chat/ui/mermaid.ts	9f5435a90ebbb6804a1dd8164ef46457caf6b7d5d728db66275eb3123920197f	195	existing-package-or-frontend
src/features/chat/ui/mutationsApi.ts	ae026b38bbf933b600df911d8b03274554eaf8d19198ee271b905614bbf1c992	26	existing-package-or-frontend
src/features/chat/ui/queryCache.ts	ac0298eb4bcc859a86cdf8be289eef151aba8fd26ae3ceae2e58b16becb5a4f9	70	existing-package-or-frontend
src/features/chat/ui/revisionsApi.ts	3c40388c3fa76c32964f58bd6d2f0b233afd056d9a5b97bd84316f409f61835b	5	existing-package-or-frontend
src/features/chat/ui/settings.ts	cbb929513c5a37be1054a0aa523a337be625b0eebf42d1dab50d7532da8091e2	11	existing-package-or-frontend
src/features/chat/ui/translations.ts	97c446f05e754eb71860bd461e802063ed4713792d678ba14d66db616841ef6f	142	existing-package-or-frontend
src/features/chat/ui/visibility.ts	2e76d40ca2f8b4317dd1b7ecc1a1c7773da3157d3926b42f588f2230c460c3e4	22	existing-package-or-frontend
src/features/chat/useConversationVoicePolicy.ts	2ed8727a4037d0d4803ad0ce279d7c92d87c8dd8a709068caa9ade9359e64ef2	162	existing-package-or-frontend
src/features/chat/useDelegatedReports.ts	b425eea848091c8ceffa5ed73607435bca51190f3a40380875617961eb02320e	25	existing-package-or-frontend
src/features/chat/useLatestMessageScroll.ts	08c9071923c43c31f6ba548233ce08fedea26b2d0b61b7c7a1e74c1792471cea	76	existing-package-or-frontend
src/features/chat/useMessageHistory.ts	a8e41074b83596cd6603374932345366dadc3af7ea73b509212d3f34f89e14e4	21	existing-package-or-frontend
src/features/chat/usePersonalStateForget.ts	252fed7096ecfbc4be7c83d41b15c03e3289bf3b0f54c2c0e065216f18bec86b	28	existing-package-or-frontend
src/features/chat/useRoleRouting.ts	75f50766f7d35a065f20f8d86a8a137323716a39830cc2eddb18a10d6d267889	141	existing-package-or-frontend
src/features/chat/useStreamingTextProjection.ts	91c39f26abe9942628029f0840cf482f1036a1b4e74ce0a631a62da7f4f8b39c	48	existing-package-or-frontend
src/features/coding/CodingConnectionFields.tsx	10fe70fafa081e22bd1511b3db52e74de5eab8af18cdba68d005fdd3794730ed	49	existing-package-or-frontend
src/features/coding/CodingJobActions.tsx	33f98a2c682bb46f6fb92d8095941b41d4b584cce5b35d940fa9a910670a704b	77	existing-package-or-frontend
src/features/coding/CodingJobs.tsx	10de22467911480d3fa6a51293726632ece619ab23c8b296d142efbe7cdb2fe1	109	existing-package-or-frontend
src/features/coding/CodingSettingsSection.tsx	fccb3113acac0e4356c74eeea5709ee22c1f30f958860667f03109b66aecf1d9	165	existing-package-or-frontend
src/features/coding/DelegationConfirmation.tsx	1577808f1fee69209af5e511e808b6c1f007b87260e8967689c6a5bc54468062	41	existing-package-or-frontend
src/features/coding/StewardPanel.tsx	ad527baddd6493c92379b0a3e8b1e1c29dd4dd9f58cb7c11b346e0ad2683e506	235	existing-package-or-frontend
src/features/coding/TerminalQuestion.tsx	902bc9c72b00cff8c1b62e7aefa0103bf15a334b34b94255ef24e971a4eb3fba	117	existing-package-or-frontend
src/features/coding/TerminalSettings.tsx	c7878a08e0dd10f7ba856102e8cb80d92e1070d0e9a7273285e3483c8673eff9	124	existing-package-or-frontend
src/features/coding/TerminalVerification.tsx	f3207879fd1c473a8d7fe5510db0001034ae781433f2823e97956ff611a3e2a4	51	existing-package-or-frontend
src/features/coding/TestRecipeForm.tsx	5a1099d958a05b19bb97300b981c9fcb22aa0482e74b5c55d75cdcf2d3defb0c	40	existing-package-or-frontend
src/features/coding/WorkspacePicker.tsx	002083a437408dee32f2d86b46a2dbb22e212f0393df4ead465a55b93b048e14	45	existing-package-or-frontend
src/features/coding/api.ts	7336afee19a4169dbee73b0c2f96193c034d6c5f38c96aa50309583a3656b7f9	74	existing-package-or-frontend
src/features/coding/stewardApi.ts	501d6a14d4c3622e47936c45223b98eb16bd7d05b5c92855913bb8e328ee4a3c	115	existing-package-or-frontend
src/features/coding/terminalErrors.ts	8522a2d43b22bb247ae97811dfe775163d31d45db0368c140d13dad6bec59d65	27	existing-package-or-frontend
src/features/diagnosis/CapabilityCard.tsx	3bce1c97be284f2353a201a4c58973792d6882afbe53b69e7eb1440603529187	148	existing-package-or-frontend
src/features/diagnosis/DiagnosisPage.tsx	13a91dfc1e97b1c073e42f9dc0b8d6e459e4b253870023e1568aedb0953fd847	96	existing-package-or-frontend
src/features/diagnosis/api.ts	81766a97433dc9d9a0f125aba539cc76a01797510d0c06e9bd9a75fff8d32f8e	91	existing-package-or-frontend
src/features/diagnosis/diagnosisModel.ts	6ef8aaf3c00ef5f599e6e021a0821cf2bd72ef90f89db51af79349a8a2c67cdd	73	existing-package-or-frontend
src/features/diagnosis/useDiagnosisReport.ts	03e139b552d7eeb255bdd42c9ab513a3bdb2f11904a4ca1ea0d6b2269e222604	103	existing-package-or-frontend
src/features/media/FeatureLabPreview.tsx	ee8d3a24469c21789b798cc869e675e9ab461959261186b359a102e412424583	155	existing-package-or-frontend
src/features/media/MediaArtifacts.tsx	2ae5c6266c28201c817598d8f38d428a51584714ae9b5840b3b7611170283c97	51	existing-package-or-frontend
src/features/media/MediaGenerationForm.tsx	202ac2efd1db423fc36b426835b8fcee95b804d1ccfec7b6a9d83a60e0dc351a	63	existing-package-or-frontend
src/features/media/MediaGenerationPanel.tsx	bcf5a9c1b9789b7c1062bedb91aa694f3ae157aa89fe1e79f5028d29208666ca	238	existing-package-or-frontend
src/features/media/MediaHistoryList.tsx	d42fababcb75061aef5d860d3c9997be6cdc23b6a4157b59ca14c72237f17c09	63	existing-package-or-frontend
src/features/media/mediaApi.ts	06db7006f46833a32c0b4f84cc6f7896cb0e513942a582be191c455984dbc2d8	69	existing-package-or-frontend
src/features/media/mediaApiModel.ts	9ac9cfc03baa7394c3fe863e2fb80016a4725a712bb0fb6a286791079ed58a90	94	existing-package-or-frontend
src/features/media/mediaContracts.ts	99a1fd851bf85823732159c51d20ec2dc92b3c519578eadc55683508a3c2f502	57	existing-package-or-frontend
src/features/media/mediaHttpApi.ts	3481263bfeb83849b2e84b5de9f2d9599f7723d5dd5021631fa8a210e597189b	97	existing-package-or-frontend
src/features/media/mediaHttpStream.ts	15c84ac7113a86c7e41078ea400c98b5466df0a8c7681d356e79e83fb48c5ee2	138	existing-package-or-frontend
src/features/memory/MaintenanceNotices.tsx	217defe686511e10460d0448d2cfa07f49e9fbd1dd264a118cb76364afc1a7cd	18	existing-package-or-frontend
src/features/memory/MemoryMaintenance.tsx	60c431ae030c19b7a383fe704e2f61ee4f892e6f3e3fc0950f0d9905583a067e	108	existing-package-or-frontend
src/features/memory/MemoryPage.tsx	2142f5d7f4d011701b81a3c9c1bd9ec01b3bf65af0a4b02b2a706e52ad6ae0d8	324	existing-package-or-frontend
src/features/memory/WorldReviewMaintenance.tsx	71c5f85aa85bb05f13fc65452044184e56abf5cd70be1d7159af27004f99f9cc	104	existing-package-or-frontend
src/features/memory/api.ts	6d52d54bcde10e2afb2bcb1a3bec6e9655087bff2762c1453b3f8ba27294f2d4	64	existing-package-or-frontend
src/features/memory/maintenanceSchema.ts	193c664c0fcc82c3b1eaede6461b1f41f46f7a9172e500bc2abeb1839a0feb02	22	existing-package-or-frontend
src/features/memory/reviewApi.ts	bf26208f805c58707f568f0dc10027376a3ee3366b20a62d1504d300f8cec7cb	30	existing-package-or-frontend
src/features/memory/reviewSourceLabelsSchema.ts	c0bf2b7f955706f55140e79e5c7f85899bbd2b1920a845ff5b08de2fc86dfd94	4	existing-package-or-frontend
src/features/memory/sourcePageSchema.ts	4c6f167329bc6bf45c7fbfe8257e397072b4eeb85305e3e267c5656c3eb64925	15	existing-package-or-frontend
src/features/providerUnitTest/ProviderUnitTestPage.tsx	920f8d13309ce490c20ab9f6b5d16a47d29ce94bcf75340c559076686812918b	296	existing-package-or-frontend
src/features/providerUnitTest/providerUnitServices.ts	bee4914972eb123087ffbbc1b2a071cd72121973c4232ebe6c909a4bed5b604a	47	existing-package-or-frontend
src/features/records/RecordsPage.tsx	aa302a94ab2f0a6d7f07c42d8ce83305481ce897452e90d42ec1fe1b6514ea65	321	existing-package-or-frontend
src/features/settings/AdaptiveImprovementSection.tsx	4df46dfe6f86291c6594289eb6096a75c0824968fc6029e2389d18991612f58e	81	existing-package-or-frontend
src/features/settings/ApiKeyControl.tsx	b97774f577e9de6b60ac113502e3176a1b3817c14f5298a192bc432c94ed24a7	161	existing-package-or-frontend
src/features/settings/ConversationTimeoutField.tsx	4a69b849216b3621213a1959d8c68d32dd66b9034528c3115563620720d1443b	77	existing-package-or-frontend
src/features/settings/EpisodeSyncSection.tsx	e304bcb85a8d00b7da4a5dda6b1fdc4c783906951fe209d00ad3a4d8d421c400	75	existing-package-or-frontend
src/features/settings/IndividualProvidersSection.tsx	97aa419d5ac8935faea31e10151c458eb23623de178ad3288baf552aeba17889	295	existing-package-or-frontend
src/features/settings/LlmRequestFields.tsx	3d2ab5db2d019ac036f710d1eb07bd2f1f8188d1329927780a73be6ad86b717a	70	existing-package-or-frontend
src/features/settings/PersonalStateSection.tsx	5fc171fa38b324a3cd674662142efdea9d7ea217837c99ea45708a1b7290255d	61	existing-package-or-frontend
src/features/settings/ProviderCard.tsx	e5ab17ad08ceaec9a7b679385f10c2e8005e30ca6ecb633b3729de28f927e571	426	existing-package-or-frontend
src/features/settings/PurposeRouteDetails.tsx	ebfea6dfcb03e8ff0565828db7c6e9df9986a8a6d15aacdc91e0871c982b7743	182	existing-package-or-frontend
src/features/settings/PurposeRoutesSection.tsx	96471a8b48803fa212bf9c64def2ecffc434e3a4ecb61b1c985cb7899856f846	390	existing-package-or-frontend
src/features/settings/RegisteredServices.tsx	5af525c4aa124164f33894db1cfa393201e545701ee7358b0ead91d2f8f9706c	106	existing-package-or-frontend
src/features/settings/RemoteCleanupStatus.tsx	adbef8b96c8ca6b40628888ed3e4164495998e128c2f0c251c13214524469bde	38	existing-package-or-frontend
src/features/settings/RoleRoutingSection.tsx	f09884645087e42c410b358adbbeaa7c9407197d22fd754cc71e05eaee072fe8	298	existing-package-or-frontend
src/features/settings/RoutePolicyFields.tsx	ee274c1773c4f734cf944ee98f3b0e8258d140131b747aee74579650050d05dd	113	existing-package-or-frontend
src/features/settings/ScheduleSection.tsx	d247c8d226e14a8ecdbc03da3cecb62128b73a5aad8d9ef0911c342d3c90a934	148	existing-package-or-frontend
src/features/settings/SecuritySection.tsx	94e11799e3d2f97028d037953981a8d08c52e0a15672dfcb2fbc01497c9b858e	64	existing-package-or-frontend
src/features/settings/ServiceConnectionsSection.tsx	fe41577ad5b7839a0554c05aab69e6ccd98a53a87692146f6f3a0c7b1625c650	443	existing-package-or-frontend
src/features/settings/ServiceResourcesEditor.tsx	a7f8f8590ecb26a7bc6890f1e80bf0192357eabb21f972c226232870021e94fa	341	existing-package-or-frontend
src/features/settings/SettingsFields.tsx	b2cbc31f47870f8e9925e7130020c7c77dd08b93ee30c285e0f8e72393b46866	19	existing-package-or-frontend
src/features/settings/SettingsGeneralSection.tsx	4fe1eba11eb7e88a1af13c32520c50eb7a727292ac440d45b0759fd527d3b846	162	existing-package-or-frontend
src/features/settings/SettingsPage.tsx	4f3cea11e8f7db0f35a4c0d9eea7ad48702cb434e138e75494d009e0eca9cc1a	339	existing-package-or-frontend
src/features/settings/TtsVoiceControls.tsx	8ce357c4cf22f1ec2ca219118dda8d5bd1fc8b7a42fb8a068e85cf9d3c17742d	162	existing-package-or-frontend
src/features/settings/VoiceProcessingSettings.tsx	abbd3fb760ad896d934a994413135372c93ec089fe5eb0d1e649e6d257d1d6e0	62	existing-package-or-frontend
src/features/settings/VoiceProfileCard.tsx	efa496bb400892c9ca9e87121f1249a4c45a1fed4ca7a19ebeb90d8ef7503248	413	existing-package-or-frontend
src/features/settings/VoiceSettingsSection.tsx	54b26e3bc50581d0a792cecda70f5b3d48edff8bbba168f58680634604facb81	220	existing-package-or-frontend
src/features/settings/VoiceTranscriptionScope.tsx	23a4bee05c510fcc4af2f056bba925a5c1cd5366d79542ef11606032accabae5	45	existing-package-or-frontend
src/features/settings/WorldProviderCapabilities.tsx	78c6afa04d9768dada8503d2fdcb83c243b4ce3fad3786f525edd85f6185be00	46	existing-package-or-frontend
src/features/settings/butlerActors.ts	bdc6be12e0b580d5a3ee65c5342ad6eaf1eec246ef927c1ebac9136532302750	21	existing-package-or-frontend
src/features/settings/pendingVoiceCapture.ts	64806c0a80aa55c398394ddbce7ed3f170f102c34a238b5b05df92a5f7a2625c	17	existing-package-or-frontend
src/features/settings/prepareRoutingActors.ts	441077ce46aaad20aa1d8e64409946a22398517a9844c4916266b23996c14b55	50	existing-package-or-frontend
src/features/settings/providerTestPresentation.ts	0e5f3cbb240bd58dd69c986a5bcd2b974e9f006d6b8c1891869d467e280dbef8	22	existing-package-or-frontend
src/features/settings/roleLearningDefaults.ts	e9314a302806689a64d5f1b83f0e2b57164251724ba88c33037e1a0080a416ed	25	existing-package-or-frontend
src/features/settings/settingsDefaults.ts	2a79214eba21f5f47e6a2bd7ef8c8df334078407f0db226ab93ecd24fd543574	101	existing-package-or-frontend
src/features/settings/settingsDraft.ts	737981e2d4eb156147c7b9ea7af8d520710a81e23396779c68326b507cdf4a9b	134	existing-package-or-frontend
src/features/settings/settingsRoleRouting.ts	ad7e1652729595c14643450f9d475ca15a4a026edc20f3c5b1a81e11d856c386	45	existing-package-or-frontend
src/features/settings/settingsRoleRoutingDefaults.ts	32c08df3eaa130d6c7933009bfdf1446d5789cdfc3a3d5de86f64ef3bf4c543d	68	existing-package-or-frontend
src/features/settings/useVoiceSamplePlayback.ts	88d2b6a24113850a5db39dfdc051eb70e593dafaa0cc9cf65647ff10c1c45a07	70	existing-package-or-frontend
src/features/settings/voiceEnrollmentPrompts.ts	1e34e9fd193d1326e3d9da00400bfbfad93b7c14675d0b055ee50f446301aba9	10	existing-package-or-frontend
src/features/ttsDictionary/TtsDictionaryPage.tsx	3b53fb2cb8326d1f67f785f5703463a9cd96b9d81cb56275f1b369dba58ccc3c	379	existing-package-or-frontend
src/features/ttsDictionary/useTtsDictionarySync.ts	3c850c6471df1cd72dbb19fdd8884e541412d2d9d6dde0bbc14e82d06c8838ef	64	existing-package-or-frontend
src/features/voice/ambientBargeIn.ts	dd025976f53a18b9cddb2c63df43dc73dcdfeaaa53b6f7ad80ad49d66d4b1cd2	39	existing-package-or-frontend
src/features/voice/ambientNativeVoiceCapture.ts	6d862563cbb1afc7c8fe07eae79533326ebb16b8835d123f93214afadfe5b560	54	existing-package-or-frontend
src/features/voice/ambientWorkletVoiceCapture.ts	851bb41e287c5153621a83c164236a323e893db8f667f4ba7b3f0a49835117bb	53	existing-package-or-frontend
src/features/voice/idleVoiceCapture.ts	0b3769a3191781ccd1a013f38edac0f0c0faaeb500fd65ef0483d82648a66690	26	existing-package-or-frontend
src/features/voice/voiceAsrPacketSender.ts	a278a7462d07525020eadf020cb131231acec60da1ec55402e7749bf87a26e7a	144	existing-package-or-frontend
src/features/voice/voiceAsrPacketizer.ts	9e536e7a3aad936806faebd32b3dac19d2271d8448e95b4cd813bd8068c62620	53	existing-package-or-frontend
src/features/voice/voiceAsrProjection.ts	0b05428a9f269177de9e62a71dd7e49102d2fa7a54acbe2a4e836640bf703304	82	existing-package-or-frontend
src/features/voice/voiceCaptureSettings.ts	f23cbcb78821a63cc78d8b45f1fc4546515ff8f7dcdd6199ea5b3534627d2900	31	existing-package-or-frontend
src/features/voice/voiceSegmentBoundary.ts	8cfebbdd5e7cce512ac56b09c88f77ae2bda79979da966ce5cd299b42f92c448	12	existing-package-or-frontend
src/features/work/WorkPage.tsx	ef82af12623737abf4ca63109a06049fd72d195ed321a0f63ae6b2624bef684c	417	existing-package-or-frontend
src/features/work/api.ts	f906843bf7371e48ccdab34c201f941ceecd1fbaf7b7f3c46631a1d3a7ef8777	19	existing-package-or-frontend
src/features/workerAgents/AgentsSection.tsx	c2b0a4d5b60e269371bbf3d46aa7115e4fc5abe7081bd74bd5df314ddd083e7c	171	existing-package-or-frontend
src/features/workerAgents/BlocklistSection.tsx	cd00ecdf1561985a0ec8f714074a5549a65134d8a63cc1e7e2cf0ec2bf71957c	52	existing-package-or-frontend
src/features/workerAgents/CreateDraftForm.tsx	9867d8908ca9b89d898b1e8b0c1b02ff51862ad68210454c521c13fd113649a8	152	existing-package-or-frontend
src/features/workerAgents/TasksSection.tsx	7e0deaf64da6d6aaee0063e28ff23c1051b719b4ae95e2266b09346041438731	60	existing-package-or-frontend
src/features/workerAgents/WorkerAgentsPage.tsx	a554a40c437ff8feb730dae06383644197f4081b3ce0c80181a574a5f16a6717	73	existing-package-or-frontend
src/features/workerAgents/api.ts	1f3e25b7d431fd6391a6ee065496f8bbc0c1fab42c355757e6f0ff8988b9e50c	56	existing-package-or-frontend
src/features/workerAgents/labels.ts	920de705fa0b2bc4e2ec767bd9dac5c6ce90e651ac46b68253e3a700534a4ef1	160	existing-package-or-frontend
src/features/workerAgents/useWorkerAgents.ts	4436d38951cadb0e662a42bf0e1d84aecc210ae1f34b4be4849c65e611b4c9e7	131	existing-package-or-frontend
src/i18n/index.ts	14ed4d34c8221509da48cd28e7e71389c8a59cdb0b200d485652a193e65741e2	84	existing-package-or-frontend
src/i18n/locales/en.ts	df3bdb5f3fa5f2e814408f33cba673b1e13b79efac5880e02b0d10a6402dba78	11	existing-package-or-frontend
src/i18n/locales/enCore.ts	cc46f563ed140f2f183a4371bce92dfc039b313ca44d29b23f2f4d247b2df108	307	existing-package-or-frontend
src/i18n/locales/enDiagnosis.ts	175866256f082968c3adf3088657883390b3c5cb21fb8ab45ab948d08f1d7e32	134	existing-package-or-frontend
src/i18n/locales/enErrors.ts	8ebc9db212b375728197c07607f05eec2391cc9eb811e26bf3d18a015ff2d1bf	62	existing-package-or-frontend
src/i18n/locales/enMemoryMessages.ts	33d63bc47bc0f7476ef05dd8f279f95d55cf50fd342b5b6fd7fffd88c5eeb450	9	existing-package-or-frontend
src/i18n/locales/enMemoryPage.ts	2a22b92bdd297d804aed8481626332eb7cc15632231588c04fae554560d001e6	37	existing-package-or-frontend
src/i18n/locales/enSettings.ts	56401e264113676c4fd48fbb073b255c2e895a56bac681261c65d6bf77b530fd	238	existing-package-or-frontend
src/i18n/locales/enVoice.ts	7d9d22d2af8f108edd1b46dd8bb6601e468ccb64e2b78626958536f14caa0e25	307	existing-package-or-frontend
src/i18n/locales/enWorldReview.ts	316bfc205bbdc93c5c0fe0a8f6f485ce850843e15a1c83cd96dc465a736b14ea	21	existing-package-or-frontend
src/i18n/locales/ja.ts	8d8d3905de0130804392c528e9bd22a63bb59789122378e0dcb9b88190627305	11	existing-package-or-frontend
src/i18n/locales/jaCore.ts	3ed89e28a78f17ce61c4382a49083cacc3af96f5cfacec6bfbaf98b712a49df8	300	existing-package-or-frontend
src/i18n/locales/jaDiagnosis.ts	5009f633423971a6e139d352adbbc49571a96368560ba4e4e0ca2eb72b60d25d	134	existing-package-or-frontend
src/i18n/locales/jaErrors.ts	d8e127c74e83a2c5bc2d463353853ce18b61754fcc2d5cee0b4686e07120fcb2	65	existing-package-or-frontend
src/i18n/locales/jaMemoryPage.ts	5369f58ece2ebe5e8c0d2aac87ecf5c6081917604411703abbc4a8bdddada448	38	existing-package-or-frontend
src/i18n/locales/jaSettings.ts	67dac6735fa8d42a4ff2b46fe80ea3713de00460728826e0866500f02f83bf56	238	existing-package-or-frontend
src/i18n/locales/jaVoice.ts	f2b90647535e140bb1381fa2aa8007c3d7fa2c51e0758ecb51de601273573107	303	existing-package-or-frontend
src/i18n/locales/jaWorldReview.ts	3fa145b02897e563862453b27950c82cd3c23da93f684da0db6b7077c27b464e	21	existing-package-or-frontend
src/i18n/presentation.ts	acd12e8a1c1a29e9470bbef074cef41e10f39cb537466099c12227145c64e985	274	existing-package-or-frontend
src/lib/appHelpers.ts	086d125dad834c2584f1d304799d1cce9cbd62133736c2dc842726b471256e77	3	existing-package-or-frontend
src/lib/appLanguage.ts	c6ceb30030433f124023d525a35d91fb9106d87b436d5a04e62037c13beea94e	11	existing-package-or-frontend
src/lib/asrLanguages.ts	a83f8e2fe8b820e87149c266f62e7d4fbc1c898bc1274b3771335bb4e7f44017	67	existing-package-or-frontend
src/lib/audioBackend.ts	c148400ffde825eb46d1d9d63e1450f05fcafbfb188817522ac28fbb918342b3	27	existing-package-or-frontend
src/lib/audioCaptureCoordinator.ts	3818bc161cc50836cae1138df093cf2e0af156268e06fee4c8abe8b5520daa36	18	existing-package-or-frontend
src/lib/audioIpc.ts	57b3ea3781c8f1ea603a0438f49504ed3285a3f4247ddad122365f8fd734b489	33	existing-package-or-frontend
src/lib/audioResampling.ts	5191fa9b728c03afa8bbd0f436bff9ec01e9558bb06fce337fbca87422590c79	44	existing-package-or-frontend
src/lib/auditEventInput.ts	1b5ecf929fec3db9653441d337be54205887d1b6ade752f8e7d611313158114b	24	existing-package-or-frontend
src/lib/auditRuntime.ts	70f1bf668129c6a7d6fe4897d0ee9303cd48f650444292220af7d480bae85f2e	18	existing-package-or-frontend
src/lib/browserVoiceCapture.ts	f45aa52d2aeedb89d335459aaa6ff3a0350ee86d269b0553242bac56cb9f986f	99	existing-package-or-frontend
src/lib/contracts.ts	39cf1bf799d438d857cbca2292e22070a1da1b742353ca92cd1bd8bd2e3ad8af	163	existing-package-or-frontend
src/lib/conversationActivity.ts	6323bad0a1adaa6c6dfe765f96381a3c58508e207660e679f7d59e8493350c29	32	existing-package-or-frontend
src/lib/conversationAsrCapture.ts	efda3751013913b646c2531257ea6bd53da8c4300996b36587852f6bfaa0ce47	678	existing-package-or-frontend
src/lib/conversationAsrDelivery.ts	b03802e20fe97e77c852abff190f23f5c4954862976c0b3e8b3b0ca04f614456	36	existing-package-or-frontend
src/lib/conversationAsrState.ts	0d47237617954ba8ad86d27b8ba3f7855dba48e3a63c0be0806b335c0d0b6a83	66	existing-package-or-frontend
src/lib/conversationCaptureAudit.ts	ca87e11a7af803e64be5e0e5ead5138d46b0f0fc1a23235b1d041cedcf013e76	48	existing-package-or-frontend
src/lib/conversationRouting.ts	3a639a462838af4aca9a707f171f2cc4c7adb798a89c960bf5a1f195931df7b3	72	existing-package-or-frontend
src/lib/conversationSession.ts	962f568647e3e85f64d723868e977b0655fdb7d848e324a87914efaf50e00422	50	existing-package-or-frontend
src/lib/conversationTimeout.ts	12b53a46c0cbef8e785c2da9ee102a95df3b413e0ed0876993ec0751860a1ac7	21	existing-package-or-frontend
src/lib/generated/artifactPreview.ts	8b3821ab7ebb0b0188bf2cd741e855fbab78a6152aaf86d4c06f308e31fdd1b0	10	existing-package-or-frontend
src/lib/generated/coding.ts	850fa8cba889450bf78699fb4c912dbe9ed740895ac513b7a4f7d1162182b56f	2	existing-package-or-frontend
src/lib/generated/diagnosis.ts	ec3fa216dc9d101b5d3ce7c522c8eb555df57d5efa45de35f5e0e4e1f3d5d89b	32	existing-package-or-frontend
src/lib/generated/generativeUi.ts	ef3583fb7e2eec4f836f9fee2a857a4ba8a052c965ce5c36007a8438f9d707fb	12	existing-package-or-frontend
src/lib/generated/runtimeEvent.ts	3b7a93b73181feeae4a8a901b1614ff00c6e44d0b380ff16720981ce126a8b05	83	existing-package-or-frontend
src/lib/generated/schedule.ts	640da95b2a0a62cd2e015e909df887c5b63e263dfcaca027a9dab6f7da2f2d05	6	existing-package-or-frontend
src/lib/generated/steward.ts	12683e33291891e2cc9b76f95bf486dcdfe0cc0b6f45b443ea5202e8d99089bb	16	existing-package-or-frontend
src/lib/generated/voiceAsr.ts	5a4200add5b8e4c23c4c282d4ce207fad0dc2f245e4a4eedcace618869258e33	14	existing-package-or-frontend
src/lib/generated/workerAgents.ts	765fe947c8532756cde386ed7f9598cce36a422d6c3b0baf48471e274c5e911f	19	existing-package-or-frontend
src/lib/harnessFailureDiagnostics.ts	b5407a9ad3f757234e6fda5b79e5709de5b5c5b39db5fabacbbd3121837e889f	23	existing-package-or-frontend
src/lib/ipcChannels.ts	3e148efe4c5b25321f5982a239ed290b352a65defa19e3488011170f3af8a931	22	existing-package-or-frontend
src/lib/ipcEventOrder.ts	a78b030c124be3dc8d11a1cc960971f59362f0dbfe975278d7712aa8e03bd6b8	54	existing-package-or-frontend
src/lib/ipcValidation.ts	5d0fb7595ec2e9925a8fd3e9008bf4c219090b5d19f32f9b21478cde4d1c6ee1	263	existing-package-or-frontend
src/lib/localProviderAddress.ts	ba24620d09ae7c1817c3ba1dc95b72d6a02681e060c4a52bb27a8d25dcb13f35	67	existing-package-or-frontend
src/lib/microphone.ts	c16d977c6c74916b139f01e69ab2ad2f8ca24f09464715243cebbe0b420a40fa	208	existing-package-or-frontend
src/lib/nativeVoiceCapture.ts	8b9aeb16bc85e414ab2d45d3e0a67256638f7fe4d013cab6da2ff163c5f1072a	111	existing-package-or-frontend
src/lib/pcm.ts	ad5fcd72226b1dafdccc6581df716b247e4daa5c65974dace5c9800599ff5a74	9	existing-package-or-frontend
src/lib/promiseTimeout.ts	0ba2f6bdb564102489a709560c6b69e095462327f64be74f16fd235db57ba218	26	existing-package-or-frontend
src/lib/providerRuntime.ts	0361d72c5ac9794e136e68ce049e1d902b531cccb83694925f1418da600f906c	25	existing-package-or-frontend
src/lib/providerSchemas.ts	fe77079e5d90dbf74cf76b2863d95a86d8d46ef6ca9abee622daf6c6ef952ece	393	existing-package-or-frontend
src/lib/qwenAsrAudioPayload.ts	f87657375af1fac211a5989f87ca5c6e0e95f68518a93836a4d2fb2ec6dafb8d	4	existing-package-or-frontend
src/lib/qwenRealtimeAsr.ts	ef6533dd6cf67697edc9daeab3195146216cbda899f13630961cb1d0bf44213c	39	existing-package-or-frontend
src/lib/regionalPreferences.ts	a7b4c884dd184178769f5f4bdf9142a583ee4eca8c219ae73cad549489383269	54	existing-package-or-frontend
src/lib/regionalSettingsTypes.ts	c370e9178983c590e3b942ce9fceede0ea0c32ea235db5f0c8b6f8aa8ad7949d	21	existing-package-or-frontend
src/lib/roleRoutingApi.ts	d7496120b52c16c7d1e6af1add0bfef7916940b259dfbf7e9c2f0e4dc7d2075b	69	existing-package-or-frontend
src/lib/roleRoutingControls.ts	8b8e740022d4a6461427a78eefcad48951860e0cc3f89a29f134101c061ab13e	9	existing-package-or-frontend
src/lib/roleRoutingSettingsParts.ts	579b1e1c02ccef2f0efe32f05d317806ee0ed7a7eba21c2a342bdd23e60f7686	97	existing-package-or-frontend
src/lib/roleRoutingTypes.ts	9eb6c4fdc23c7b51c7e72e33ef904da750be64f827ec9b6a04914b855aeb37e5	1	existing-package-or-frontend
src/lib/runtime.ts	f91427fadb3dd216aa7f6829824fd75d16a979e9fa0a70f2bce4c3b8f322832b	249	existing-package-or-frontend
src/lib/scheduleApi.ts	427bfde0c72b7ee82e82206c3bfdca9842325b090d8fd0b6abe0bf01eb0f9b99	41	existing-package-or-frontend
src/lib/schemas.ts	c5072509c573d7c4018ef5b1871926b6b11faef0ffb2849de17c9a33ff89a651	457	existing-package-or-frontend
src/lib/serviceRegistry.ts	aa5bfad4370bf0655c591be01a326e6613af7370bd96ff0dc48388a082f2cc0e	304	existing-package-or-frontend
src/lib/settingsTypes.ts	f1b083346f99f37b1a37efb2bf187e3c916f9fc2777c928464ddb08ac68fd0c3	186	existing-package-or-frontend
src/lib/voiceActivity.ts	93f77ccf8d05d422d3b1b9868814a9b18419f4c505facfaed8555f0aaf9b787d	109	existing-package-or-frontend
src/lib/voiceBehaviorRuntime.ts	7f83d11d43f4d00a018813717d53de74dfdb6c26035ba27f0a06ed84a999e06a	22	existing-package-or-frontend
src/lib/voiceSession.ts	b80d9d48e0b9060f429916a9f719d0158fd6ac5c7833bd849390793b99f15005	79	existing-package-or-frontend
src/main.tsx	9e7e99494e03d0deba01842279878889b44c10f2033e702fc4cc72d850d82482	15	existing-package-or-frontend
src/shell/AppShell.tsx	2ac6363acd951de5f8aa18d019babb8c2de886697c0421cd5279cea3ddc57dc5	21	existing-package-or-frontend
src/shell/TopNavigation.tsx	cffa38a9219fd0abff51a95b2d9d6b715b43fdba5f68b810e24fb717c5e28d3e	43	existing-package-or-frontend
src/shell/appRoute.ts	3bfa46edb278c855c7de97e3f5876716abd1665721371011ab7516bbeaa1a41a	12	existing-package-or-frontend
src/useAppErrors.ts	8da831713282877042ee73ee3bc78d588deff1e4640415a0698ef022045cb9b7	25	existing-package-or-frontend
src/useCommittedCallback.ts	b72a1b97ee1d93a6fe324deba4386ee88dfeade6b9450bb5215766b1a19743dd	12	existing-package-or-frontend
src/useIpcBoundaryError.ts	533ef04d9a11f6b821c25e94db1b342ae0ecf65d487f6e4f9c503318082228b1	11	existing-package-or-frontend
src/useOwnedSignalHeartbeat.ts	477a6f4b864b65dd456bd072f1185fd431f4ba8d4e4f620b9f9244ebae493b04	38	existing-package-or-frontend
src/useWindowShortcut.ts	60b3a352ecc04125f325013c74f81f414d77c571029c0bcbe968690d831aa09b	16	existing-package-or-frontend
src/vite-env.d.ts	65996936fbb042915f7b74a200fcdde7e410f32a669b1ab9597cfaa4b0faddb5	1	existing-package-or-frontend
tests/adaptive-improvement-section.test.tsx	5f7ef69e5a6141623090e7ad37baca89285935ef82a03139a449edc187b31c31	93	existing-package-or-frontend
tests/ambient-barge-in.test.ts	f152a3d80db41d4794305213f584a49df404bc2647e7c568901db90ea9570ca4	39	existing-package-or-frontend
tests/ambient-native-voice-capture.test.ts	f9029903a990c52a3a152e1f130c6fdabb44dfab0f14621c8a7710858f2c9cc9	98	existing-package-or-frontend
tests/ambientVoiceFixtures.ts	a601ca522b01e6541af8b84e697d86f7cfcba07b93ca186a6d77ad423225f867	78	existing-package-or-frontend
tests/ambientVoiceSessionHarness.ts	817bd2bcf14206f35cba6ef5185dd9d8636f8b7271f7896e165e9faee5f79115	47	existing-package-or-frontend
tests/answer-urls.test.ts	78f80609780cac3ce05171b0b2249f5fffc601ec1247a055318d7859ff4c4a3a	22	existing-package-or-frontend
tests/app-icon.test.tsx	3cd532b0ef6153a2868c565ddff74a5f83c65419f05fee3689c5feb4e8102718	37	existing-package-or-frontend
tests/artifact-line-diff.test.ts	0bc8f9a5bca41989f18c61657d9ff2491659f5f715e444c01c51c85283bf338f	22	existing-package-or-frontend
tests/artifact-tab.test.ts	166817819398bfa199ca373e07461b81cf1743fe68bae9df71dbb3af4e1a879b	101	existing-package-or-frontend
tests/artifact-webview-command.test.ts	c59bddfafc74218bc4330a16ecf6612e2c5750aa0160ec9ae78145af5429a613	21	existing-package-or-frontend
tests/artifact-webview-lifecycle.test.ts	71b4a8732357f72f7a3c36ca2936db5a26dca2a3b516671d4fc1ae545ac9bfb5	164	existing-package-or-frontend
tests/artifact-workspace.test.tsx	ae2ac8c560714ec533d87d2789ae0a8de43ba4272c5c57ac818800b21d8bb1d3	417	existing-package-or-frontend
tests/audio-backend.test.ts	9f7b3b15d7a4be0e1933ff40ed2a14fd4e5dc39a77b0c9769f8644514952b8d3	29	existing-package-or-frontend
tests/audio-ipc.test.ts	3caa3e2c3ae8a32e12eff3b9cadf89c14d0f17b6bbdef3d7d4517a1565dfc5a6	14	existing-package-or-frontend
tests/audio-resampling.test.ts	885b322b0966414d39f13dcb9ba65e58c9a527a22115ecf3b4e46d9efeab5f24	25	existing-package-or-frontend
tests/audit-debug-context.test.ts	8f78d334e9b406914ea422de243dc7e38a46f9e71b216d54e6115245e0031763	34	existing-package-or-frontend
tests/audit-log-ui.test.ts	b6bfc17cd9df713cd297a16978447912af0f4a1458dadb9d2711a6be3f1f76b5	55	existing-package-or-frontend
tests/audit-timestamp.test.ts	0f6a6f9a72cfd467d52037e489e868982fd2ff7347e1e8ec451ab8014fe04462	19	existing-package-or-frontend
tests/avatar-decision.test.tsx	94c4a90af536ddec42ef0605f2a2dae48e5a0885ececf913967c16270a60b3a2	70	existing-package-or-frontend
tests/browser-voice-capture.test.ts	587164eeebdc34d0d1ad2cdbeb73a64303c275fd70f41e2f51e110eb96c20159	108	existing-package-or-frontend
tests/butler-legacy-actor.test.ts	1d1efe50a7c66d2c5f52792f74ba83c9d2d0e45cc03c38ced6e1531af5c1307c	31	existing-package-or-frontend
tests/butler-role-routing.test.ts	48d6afac8d21bb3bd7e14363aa19ae371b824b92543fec4f6704361d351bbe16	61	existing-package-or-frontend
tests/chat-helpers.test.ts	24ed83b1be7e52999077f63a488c2bd8f19582333eea209d991fb45574628d17	71	existing-package-or-frontend
tests/chatVoiceSource.ts	01f34094a955cb590350ee5bd12e3742547a03bd7c3b09619e818f691e63b0e1	21	existing-package-or-frontend
tests/clippy-ratchet.test.ts	ccd4936134fc21505500b3ccb7242518bdc77d2da24a65dbed559c82e2cd9301	31	existing-package-or-frontend
tests/coding-steward.test.ts	105ae1e704b54bea4655ea79a85770b773d32f5b186f6e9345bca2956d27d26c	22	existing-package-or-frontend
tests/composer-image.test.ts	69799ad411da8cbfeb805948892756ee8b09948a1113d2405f6b59872140e6f1	25	existing-package-or-frontend
tests/conversation-asr-continuous.test.ts	505aafb36a4f48e68a10704135e758526e1ccc3d9d3390ad8418d57bcb1f70ab	547	existing-package-or-frontend
tests/conversation-asr-lifecycle.test.ts	d1984e7eed7a61aa075d2025d28f8dd869c427169e80c2212af8f15f2abc8707	107	existing-package-or-frontend
tests/conversation-audit-ipc.test.ts	a35d64aaefc60c88a522d19ad1d4198f31ddc842d17a21aea072f5a35c6ffb5c	27	existing-package-or-frontend
tests/conversation-behavior-menu.test.tsx	013dc7f5403d4d8403bb765025abb5f5a390c7efc0ecb086a61a17f7455aa163	46	existing-package-or-frontend
tests/conversation-context-report-input.test.ts	83ae03ae6a3d2396439fc244fe3f3d45789fd1d4fc68c2b862c2e29d3c190d6b	23	existing-package-or-frontend
tests/conversation-context-report.test.ts	1d22b37cffbf9bee3c2c6248b195cac6fbe4d98fc12feb724d38190feb7e510d	57	existing-package-or-frontend
tests/conversation-quality-eval.test.ts	b3a111002367bfb836c5451248bf13cf6b4896c77eff6e453e756efb883e9b7f	157	existing-package-or-frontend
tests/conversation-queue-page.test.tsx	7045a30e729fa1e8577b1928f7eea946f98a5947720034cb835720f1914fb1ad	234	existing-package-or-frontend
tests/conversation-session.test.ts	976b527f02a8a7cef9aadee5a73a3c15a3aff4cea64d5ac72deed68750b88d7a	38	existing-package-or-frontend
tests/conversation-timeout.test.ts	3e53f6c7a50a34965a361fe759508a0c47470d6d711db4c516366115abf7c57c	30	existing-package-or-frontend
tests/conversation-virtualization.test.ts	faebee7ef7431131baa3e120f8ba21185681572d6921d869f0735ee7ac8b44f3	166	existing-package-or-frontend
tests/conversation-voice-policy-hook.test.tsx	635edd6c3947febdec165473248c70e12e992c3909742dfc91ddf6c583835c19	119	existing-package-or-frontend
tests/delegated-work-cases-corpus.test.ts	99f73485103dd5b531e9e40257600cf7d887f798cc2e2f93f266e23f17349526	14	existing-package-or-frontend
tests/delegated-work-cases.test.ts	a02517250e219ecda7d1cfbae86c50313faefacfee10da1bfc7c9dc03c70c300	22	existing-package-or-frontend
tests/delegated-work-chat.test.tsx	9c92f169596b79d931ba1103e55cd513adc7734484baaef21a16988837b76cd7	34	existing-package-or-frontend
tests/delegated-work-panel.test.tsx	1ab1ee616118f8abeffc445ea324a9859c1591d8b96edacc5b6db397dfa08fb9	48	existing-package-or-frontend
tests/design-system.test.tsx	3e26943d46dce2cd65b8949dcccae965934813e8cd0b31bc32b2abb165d8742e	42	existing-package-or-frontend
tests/desktop-e2e-report.test.ts	50b69b9d8c7ab2af1c6f295c4bb342158928b44170b85a47d29f7a2bb62c1a98	40	existing-package-or-frontend
tests/desktop-smoke-descendants.test.ts	fd9dc22235eda0ddc9677c0e7c4163b327a114fd8e35d87ec5e93cf402677562	47	existing-package-or-frontend
tests/desktop-smoke.test.ts	eeb75d3716863dc8c3d7d8a2b6c8ce28f5b9ad76a858412e4699cfd5135740c8	137	existing-package-or-frontend
tests/diagnosis-api.test.ts	536c9108295b3c3e4761f942f8611370e38d4cce26a18e59ce656d2125490c71	26	existing-package-or-frontend
tests/diagnosis-hook.test.tsx	7548b050d2d9bbc0a3ea8ba648894ac4976f65c519d583fd1276e4b03a3ae9b0	153	existing-package-or-frontend
tests/diagnosis-model.test.ts	3facc8efcb9e2408ec4f111395ab496af755c5aadb8d911397193230ebebc2f9	56	existing-package-or-frontend
tests/diagnosis-nav.test.tsx	f81be488469990c77dcfd9906f1b18adddbba7364ae876a694a6d875971ccc0c	38	existing-package-or-frontend
tests/diagnosis-page.test.tsx	c2cbe9cc3a0a494fe360eaaf85e15191938d9ecfe5c8936e2ea0f062217f68af	212	existing-package-or-frontend
tests/diagnosisFixtures.ts	5ff32015e03246132001570259292ba608a9683cdaca06cae33cfc5bac2991f7	96	existing-package-or-frontend
tests/effective-route.test.ts	f34c71c1bc112d4e28ce4a7a2517b8b2d7af422572b6685dc9be74a49364456b	128	existing-package-or-frontend
tests/episode-sync-settings.test.tsx	dba120f4b634f301da434aa1ec2b74f12cdd1f3f6e8ac60f90da445e50c2799a	62	existing-package-or-frontend
tests/extended-coverage.test.ts	79e1ba1a6ee50fd62277569c0f14ae7c90cb651d0406c182633262a82791f0df	108	existing-package-or-frontend
tests/feature-lab-launcher.test.ts	cbc53dac994ea31fb6c76c5d141f180ba07daebffcd36ad2c58b912df85833eb	263	existing-package-or-frontend
tests/feature-lab-preview.test.ts	c203fd02b61e6a0ec880e38446c29c9fe22515c1608f1e8517fa6918d60724c9	19	existing-package-or-frontend
tests/feature-lab-preview.test.tsx	b6e8a91fd9eebdf6454a197529d66f44cf609018bb17c502561beb76d0322861	74	existing-package-or-frontend
tests/feature-lab-smoke.test.ts	21676bce876f5deba6b1e44cf4aa692a93973235cb6f8279529d4b1598041445	215	existing-package-or-frontend
tests/final-markdown.test.ts	748662b96a5e4980150fa7adf994af26d8b88eb1431cfca4b62e106c4af12573	36	existing-package-or-frontend
tests/generative-ui-boundary.test.tsx	18300c8d958ffe92cc3cfc5c7be095c5c8ece797eeabe0f05bfd2abd7bd0c79e	46	existing-package-or-frontend
tests/generative-ui-contracts.test.ts	b21b0958c338c951022ca5cbb37af4171072f3f64d6e17859f38978e92784711	40	existing-package-or-frontend
tests/generative-ui-lifecycle.test.ts	ce76bc7fe7a7d9393fb0dc0ea9076d4b110409517149c303780ed8b25d7b8e00	95	existing-package-or-frontend
tests/generative-ui-openui-spike.test.ts	f0c8da0c0da319c1570087ca2d08274bd282967ea9b0b05db8b7d379e6fae23b	36	existing-package-or-frontend
tests/generative-ui-state.test.ts	8fe7fc754afbb7f967c472d288ca4a9e7c37d17f3a1d34d7b759287dd5ecbd5d	135	existing-package-or-frontend
tests/generative-ui-views.test.tsx	e87933016beea3d136597409efae39f36cec5d1e99f2b40a6a252144fd10c4a5	186	existing-package-or-frontend
tests/harness-failure-diagnostics.test.ts	9d0414cbd8a9c3a759973f2de78164d6d146548b0f825929579058167da225f3	9	existing-package-or-frontend
tests/http-audio-provider-settings.test.ts	5e59cb3921cbbe11f5563cfbfb8d0b1935e1e168e73fbb6ab3a7ce7490567a86	83	existing-package-or-frontend
tests/i18n.test.ts	c31228a88fd54438e270147e2ed89aea4b0d45b0f85e186abb05830b71583057	47	existing-package-or-frontend
tests/idle-voice-capture.test.ts	20e005ecc5d37cfa047012776eeb12b7a71b49d2802924ffcb1b1010bc2642f8	19	existing-package-or-frontend
tests/interrupted-streaming-ui.test.ts	ca6a6b00ae4a8e6fa1e1993b3afd327ff49deafd0a9d8218280c3c4dc33b9128	13	existing-package-or-frontend
tests/ipc-event-order.test.ts	39b771fdd13c8b221143bc2e590dd753aabf31d5bc0df3bf378d6375db66db34	127	existing-package-or-frontend
tests/ipc-validation.test.ts	d018971c492c14f3c83f268d1e3a79ae8fea72534dec85728287960bff7533a9	68	existing-package-or-frontend
tests/jsdomGlobals.ts	ab8d2ce2c12de4371cb7ab44d88dee2e4c850c17461c8cbf919b3099966952c4	42	existing-package-or-frontend
tests/keyboard-interactions.test.tsx	96b634b22fc71e17087c0e19418dd60c1c502412b9cbd98de39ff8e15f929d9d	72	existing-package-or-frontend
tests/larm-cloud-failover-ui.test.tsx	91e1ce35d93dad9a4ab2bb658cbd0c7d31030910160309cda7ce2779e192c149	122	existing-package-or-frontend
tests/latest-message-scroll.test.tsx	95d0c3d5245f02b2cc5e265940f2d4c3de316b94e68534cb9c865add62b1c529	119	existing-package-or-frontend
tests/light-avatar-background.test.tsx	6c57b70d8d49f54d11b23244413a6cd43c19047555ac53c8e46967f258a3628d	91	existing-package-or-frontend
tests/local-provider-address.test.ts	4d9daa81f362f8261a62ec22141741fc6dd6988e67514f7de11197027f00101e	25	existing-package-or-frontend
tests/markdown-mermaid-limits.test.ts	58d8a16e8081534109abce2a7440a4ba60e445794e02d22d36bfb91331481d3e	19	existing-package-or-frontend
tests/media-generation.test.tsx	d5e72a1e908107fbb89805cd4d3e2d6c27cfea28cf4429b4adcc3275bc31532c	260	existing-package-or-frontend
tests/media-http-api.test.ts	9b627f1437b5058bd9ac7ce69df5be919c27e1f57a5e46b13388cbe1b4eb4499	115	existing-package-or-frontend
tests/media-http-stream.test.ts	9b215db1983fbbd50e8cdd44bb1ae68af09805aaba6250c2f8b67715299047cb	125	existing-package-or-frontend
tests/media-recovery.test.tsx	7830267bbd56e333e0ce09ed39d33fa169bdf71fe2076257efd47e19619d485e	104	existing-package-or-frontend
tests/mermaid-sanitizer.test.ts	3732d7988cd33270a97a3c8d2641a33a30387704c11c78fc8db7b57547ef2d93	64	existing-package-or-frontend
tests/microphone-bundle.test.ts	554502dbdcdd89b4cc36d4a3b4026eea1910b6f33c0178b1ccd2047fd5f071d6	18	existing-package-or-frontend
tests/microphone-desktop-contracts.test.ts	6613451e0d91dd09fb0f3cfe417969100f994993b24c5984a9eecf6f4ae83a92	45	existing-package-or-frontend
tests/microphone.test.ts	490615532641b4de9caea0f20c08fbc41c3ee4d571789c1c0242be64f9f906f7	265	existing-package-or-frontend
tests/module-size-command.test.ts	c8dbc352e14b291dc1a83fe8c197423dd50994147e585ac2060cf6dcdd6491e6	13	existing-package-or-frontend
tests/module-size-registration.test.ts	0b16ab36f619f0fa7e239acb278a278dbeb63b41663c68d8412db31301b1b643	73	existing-package-or-frontend
tests/module-size.test.ts	4b9a8b516c346279caefed1e68f6fa7cacd7ff00d81c2bb57843083c39aac79a	103	existing-package-or-frontend
tests/mvp-2-2.5-readiness.test.ts	c947493d44d9c45410bb76cacdabca87bb0e2d780b8e51f5d253c933f6f44dc6	403	existing-package-or-frontend
tests/mvp-ui-contracts.test.ts	152105d3022e87ad88fd6c7f709c92b533b1fa30d529b3c20d4025a211e248ce	63	existing-package-or-frontend
tests/native-voice-capture-monitor.test.ts	01e7c4b0a0f978b29cf12e7fd5e703e367346956f3d2187de7980cdeaea4c344	57	existing-package-or-frontend
tests/personal-state-eval.test.ts	65d0a8f95b44e358608da6460acff89242d3896192de1437018bbb09062547c0	44	existing-package-or-frontend
tests/personal-state-live.test.ts	dc3f012ba4b4df8144c8b59639914f804c510f8252c6295ff539261178edfc96	53	existing-package-or-frontend
tests/personal-state-performance.test.ts	bf7b88b2f544ddb2624e4c3b8d39edee5921c955ccec87f142b86e4593addc8e	52	existing-package-or-frontend
tests/pi-codex-sdk.test.ts	7c9841cb45ce005fa2b0d03d1c818f2dddbab8cd94303589b14018aef5c0688a	126	existing-package-or-frontend
tests/pi-interface.test.ts	2439d387329b0d62d797fc74daf8717270a5c07eef48d13a7ee6defbe8749f22	64	existing-package-or-frontend
tests/product-readiness.test.ts	8fcfce24e745d18129b152705b8637acc0fc488571ac8e973e0cac46b03f1e67	105	existing-package-or-frontend
tests/provider-card-async.test.tsx	7c50cab77dca970e5cb17a325b87c69fcce1759912efba153c653ff646a0c423	55	existing-package-or-frontend
tests/provider-status-ui.test.tsx	86f710c90f8d775f14872a313d563ff5ff9f3cf776678f1352aad4849574f85a	87	existing-package-or-frontend
tests/provider-test-presentation.test.ts	94c6f679a2717833a1f836799f9b2b06e997d45974c2e3b182856e454387c430	28	existing-package-or-frontend
tests/provider-unit-asr.test.tsx	8e0b7dba6aac5ab975abac925f0c909bf8ea66822383d05564a19f519da11c42	113	existing-package-or-frontend
tests/provider-unit-test-page.test.tsx	046f1d727c908e0c8922e1cc236a211b5ce90fa57fb5e2b6919ea2508ed19481	233	existing-package-or-frontend
tests/provider-unit-tts.test.tsx	aa4addc54f63c4805dc2c2e1846bee72744e7a5972a8143fdb657c97c64a1521	62	existing-package-or-frontend
tests/purpose-routes-recovery.test.tsx	61085121c3e0688a479d11d84bc0a21a4220fc2bd96f5ede236a3615dc97754a	86	existing-package-or-frontend
tests/qwen-realtime-asr-ipc.test.ts	62be0d5f435c5efb17ae3726e6d579f171461a94a4107a7278f336309232b209	9	existing-package-or-frontend
tests/records-page.test.tsx	7fa2ce8e1dd21b81a9ece5befbe4a1c5fc9f05f6a80742a206535030e7312059	74	existing-package-or-frontend
tests/regional-preferences.test.ts	2ed0c9cea56a70a96b69d07913c31f29569deaaa4f95bd5ae966ce166af37611	25	existing-package-or-frontend
tests/role-routing-codex.test.ts	1aa89264ba78d3cd4e205aac415cd7de1f6a7cfafb0b3512a902ff71efa73be1	49	existing-package-or-frontend
tests/role-routing-location.test.ts	5c35191950cf69aaa15c3a1bb89aa78ad0d8a10069e50c93878bbecbf4d4e566	7	existing-package-or-frontend
tests/role-routing-proposal.test.tsx	ac104ee082832309d4cfa001d269f0f7db43926d3d9337c0bb39e0943a51abde	125	existing-package-or-frontend
tests/role-routing-replay.test.ts	be4be67fe38a8f4d5103d2b6273ad2e30ea10a5fb98430a4a77ad1f72a2e788d	29	existing-package-or-frontend
tests/runtime-ipc.test.ts	fca9ea65b77c75bbc7c0fdb56d705503190e8a0c2c86f84082af301a9aa0ce13	259	existing-package-or-frontend
tests/runtime-supervisor-contracts.test.ts	c8fada43db427195123ee7a59d1202aa57d68f0dca9e02149cd8c378dd52d568	28	existing-package-or-frontend
tests/schedule-settings.test.ts	692491fc53d1408e17d2c06c6bb71bc14c6c7dd481755b0952b9c457d635a99c	23	existing-package-or-frontend
tests/service-connections-async.test.tsx	70509703b825a80f00215418808af31edec67839c712a26c3d28db9c632798aa	117	existing-package-or-frontend
tests/service-registry-helpers.test.ts	9cac95e47c84d7d7b9d0922be37cf750b6e85fc2fe44aa0455ab0d426f5fe1d2	107	existing-package-or-frontend
tests/settings-regressions.test.ts	996db067e46e786abc5588ab3aef19cf62687425a598b633a52dc75f5f72163d	121	existing-package-or-frontend
tests/settings-review.test.ts	e084aea23bbc313adf62d8eac2d209b6ddefa32ee6e21a6734b55bdf36b22094	102	existing-package-or-frontend
tests/settings-ui-contracts.test.ts	4cd62374e3a43a35dc21355c76659c04ab17e9538fbb658ec1d3ad121f9d57a8	77	existing-package-or-frontend
tests/settings.test.ts	ce1ecf1788f13cbdddffb0cf5eb7142400b840c8e008dc10039efb557b46c816	407	existing-package-or-frontend
tests/setup-checklist.test.tsx	f3deae646c74c28e59801f75a841ba3b1d459d48622398e82755e9d2e9c2a75b	67	existing-package-or-frontend
tests/situation.test.ts	4975e3ae71c62a7c9956993de50e05679cb38e31ae204d57852a9c57c2d93817	26	existing-package-or-frontend
tests/source-website-loading.test.tsx	494e41a2744db5cb821029155322867bff11d4a0ad4a4d0c636dd7fbd9bea877	206	existing-package-or-frontend
tests/sourceContract.ts	ad698887338fafedff498ce9c768115b0388a2c3d1d6841fbcde9a72cd9b15f9	14	existing-package-or-frontend
tests/steward-panel.test.tsx	3cc946b74044c0b070bd8fc5e89ca831d9174bbd18d29d5b7aea6dbcb44f170d	155	existing-package-or-frontend
tests/streaming-performance.test.ts	9628cf7346b652d723226708598a275350774412da60b929df479b8e7152e462	29	existing-package-or-frontend
tests/streaming-speech.test.ts	c00b26d6ffc7b9fab11db3f5a99c0a0cd4e3522abc59f2f77f7bc48f9cb106bd	54	existing-package-or-frontend
tests/streaming-text-buffer.test.ts	31ac8a57979429896f73894a9b0b02a621defcabcedefc67aa83fb6c5764c64e	42	existing-package-or-frontend
tests/streaming-text-projection-hook.test.tsx	2ec863662d0141bdc01470e7dc72bcde5dbef2f5c77aa602fe782b7e293b9e45	40	existing-package-or-frontend
tests/support/world-route-matrix-fixture.ts	25fc25f277529b8b8cec7b73b67af34f9dbaaef578c8c9cd8cccf8611f110248	51	existing-package-or-frontend
tests/system-context.test.ts	44b01a6fe6889d57730602ed8462a1612b6d043ee863d0ea2ec6056968158ab7	87	existing-package-or-frontend
tests/tauriCoreMock.ts	ba87816d40e9b3a54ecf6eca84316c11d60516951459dff2092ea03663aa9aa7	29	existing-package-or-frontend
tests/terminal-agent-ui.test.tsx	c1f4b4c95129bfe7639525e5cdb9d03aead1c0e0829b92701c031d1fc81b9b62	129	existing-package-or-frontend
tests/tts-dictionary-page.test.tsx	b5d18e9b6f888866225cd4fb5e813166e8225d58910b5f82103356aadbea2100	285	existing-package-or-frontend
tests/ui-presentation-i18n.test.ts	1a97518ba65bf8c04cdd5cd63f483d048fe7f60db612fbe7ef94c11718196090	99	existing-package-or-frontend
tests/ui-shell-redesign.test.ts	1f4bc6464ea1e994fbc2108b92b9a49e51b4bf3799ca84ad2d18b9cd7575144e	72	existing-package-or-frontend
tests/verification-lock.test.ts	5e6d6c37472107df299d368de6b4406708d96f39a4a7580ad3bbe7aaabb4ca80	370	existing-package-or-frontend
tests/verify-affected.test.ts	1c41d7cacdd9feabb1dfbb144fc573bfa8ed440ea4b0a8f6b74c23b78e88a6a3	346	existing-package-or-frontend
tests/verify-fingerprint.test.ts	7c60e1eee83d29bbe7123ab894b97a346d5d337a5cf31a81cdc4ea53343e30d4	129	existing-package-or-frontend
tests/verify-input-scan.test.ts	729dbefd31ecddf27a417b4d2c6b359ff18d6990595c246e9538af678fc41718	73	existing-package-or-frontend
tests/verify-input-watch.test.ts	33522edca6fb82ff295bef76e517b27aca9e167bd7361bffe37204c4c4730410	148	existing-package-or-frontend
tests/verify-plan-window.test.ts	45e3ee893c7b7659a10758752ddb9df920ee51bb2fecdbb3e80fec0937f5f64a	246	existing-package-or-frontend
tests/verify-selected-attempt.test.ts	a339214a93678520eb1b6b26d2b38614e14417a93a7f159ec5d4da624f4feffb	176	existing-package-or-frontend
tests/verify.test.ts	262c9ab3ff2fe0fa06dd0230fe1f1850b0a1e66d220df2d231dac2a14ada4fd9	320	existing-package-or-frontend
tests/voice-activity-offset.test.ts	956ecddca717eea98b71fb378ad206fe3fd9ff1f6e77fe8d503fbffd32517b01	14	existing-package-or-frontend
tests/voice-activity.test.ts	739fa0d255767dfdae0c858ddcf7148091b086d799b2e7634c86615701935f66	42	existing-package-or-frontend
tests/voice-asr-packet-sender.test.ts	3f30dc2aac13021b49f677f9c5142cf2dcd1282c46fc6f198eba6fc3f2dfbc4d	137	existing-package-or-frontend
tests/voice-asr-packetizer.test.ts	4eff3bd6f3e1837bc30bbe62b76333499547edddf13a6ce489c320579c7c3074	26	existing-package-or-frontend
tests/voice-asr-projection.test.ts	0fe1c70e031aa300a497ef0634d080b4c03b14691c6f40ab1d9749a42e7cab21	128	existing-package-or-frontend
tests/voice-audit.test.ts	3277307cd219d53c63eaffe460ffeb8001050bb8c76d7f2476a758d189426b62	31	existing-package-or-frontend
tests/voice-behavior.test.ts	536934633d859c430f90f01243de229f013dd7e9d8da957c7f02f2ab4597478e	74	existing-package-or-frontend
tests/voice-enrollment-prompts.test.ts	0d4a031866720bfb1bb31bb36cf59690567c6f3a14c7141fae21b12d8dcda111	20	existing-package-or-frontend
tests/voice-pipeline-asr-session.test.ts	4727229aeeb03fbc446c333721d9d122b5332a966c38baa4d07fa8abe00d68f5	68	existing-package-or-frontend
tests/voice-pipeline-lfm.test.ts	18ba763890e9e86b24164edd8b227b49cba5fd12de65833ac03262179517df00	78	existing-package-or-frontend
tests/voice-pipeline-monitor-fixture.ts	804a9439d667e44a7392aa38aa14519e5a019aac2db877a03d0b678a5b75238a	35	existing-package-or-frontend
tests/voice-pipeline-response.test.ts	9a98bea3bdf7406bae2d4b8ae83adddaf6d2f546106e63a144d25e04b3d4bbbb	161	existing-package-or-frontend
tests/voice-profile.test.ts	65887d0e121ac6b5a4ddbaaee0c33569a2564abd21d24245afc923486877216a	78	existing-package-or-frontend
tests/voice-segment-boundary.test.ts	9cae3df47bfd8d1c372204420fbef3ddc4d83c31b2717c6cca488d67a3d07cb2	16	existing-package-or-frontend
tests/voice-session.test.ts	1312f207eddb0673f59e84d05f8e4c39870533327f4b91ad09ef4d9ec84e96ad	59	existing-package-or-frontend
tests/webfetch-sidecar.test.ts	aba95c740e78ce7ba45d39d7de8015a04cec6cb6c8bc810b363a92d013bc3af0	72	existing-package-or-frontend
tests/webview-geometry.test.ts	9f8a806100e46819f6a075bf7b82a27e8233b182f65a551e23b0111b856ad99c	56	existing-package-or-frontend
tests/worker-agents-page.test.tsx	c4ccaa32c6ca500e5a60cd007502e324fa5c881e1cdd1332168e38775da5a6ba	296	existing-package-or-frontend
tests/world-evidence-identity.test.ts	803f47aa0aeddca0ce94cc481a4b1a5a55bbf510e26cc671476f596a18a0f140	31	existing-package-or-frontend
tests/world-maintenance.test.tsx	2a38c756cc776c491f2d0ed0c66a094e857d54c1c4a432c6b9b6f19a18cd7d23	113	existing-package-or-frontend
tests/world-remaining-eval.test.ts	6c6998c03846a9587fea6ea186f3d8fa5ddb99f5d7fd56c2567338847dfbd882	14	existing-package-or-frontend
tests/world-retrospective.test.tsx	ce52efbdca0362ef12f1f1c21992eda01d41337f73d73174ffe9bd9c1cf22966	91	existing-package-or-frontend
tests/world-route-matrix-requests.test.ts	677eb8729379e4758e1290b5ee2109e5984d320a7d23c163b86bcbc308bc145b	12	existing-package-or-frontend
tests/world-route-matrix.test.ts	2d0d8ed4d340be1c1cb09311d71f2f041b9e003331b3f9b2d811f922b01947a5	17	existing-package-or-frontend
